"cell","compartment_call"
"A10_P3_M11","NK"
"A11_P1_M11","T_cell"
"A11_P3_M11","T_cell"
"A11_P4_M11","T_cell"
"A12_P3_M11","T_cell"
"A12_P6_M11","T_cell"
"A2_P1_M11","T_cell"
"A2_P4_M11","T_cell"
"A3_P1_M11","NK"
"A3_P3_M11","T_cell"
"A4_P3_M11","T_cell"
"A4_P4_M11","T_cell"
"A4_P6_M11","T_cell"
"A5_P4_M11","T_cell"
"A5_P5_M11","Myeloid"
"A6_P1_M11","NK"
"A6_P4_M11","T_cell"
"A6_P6_M11","NK"
"A7_P2_M11","T_cell"
"A7_P6_M11","T_cell"
"A8_P1_M11","NK"
"A8_P6_M11","NK"
"A9_P1_M11","T_cell"
"A9_P4_M11","T_cell"
"B10_P1_M11","T_cell"
"B10_P3_M11","T_cell"
"B10_P4_M11","T_cell"
"B10_P6_M11","T_cell"
"B11_P6_M11","T_cell"
"B12_P3_M11","T_cell"
"B12_P4_M11","NK"
"B1_P2_M11","T_cell"
"B1_P4_M11","T_cell"
"B2_P1_M11","T_cell"
"B2_P5_M11","NK"
"B2_P6_M11","T_cell"
"B3_P1_M11","NK"
"B3_P5_M11","T_cell"
"B4_P1_M11","T_cell"
"B4_P4_M11","T_cell"
"B4_P6_M11","NK"
"B5_P1_M11","T_cell"
"B5_P6_M11","NK"
"B6_P1_M11","T_cell"
"B7_P4_M11","T_cell"
"B8_P6_M11","T_cell"
"B9_P2_M11","T_cell"
"C10_P4_M11","T_cell"
"C10_P6_M11","T_cell"
"C11_P4_M11","T_cell"
"C11_P6_M11","T_cell"
"C12_P4_M11","NK"
"C1_P3_M11","NK"
"C1_P4_M11","T_cell"
"C2_P6_M11","Myeloid"
"C3_P1_M11","T_cell"
"C4_P1_M11","T_cell"
"C4_P3_M11","T_cell"
"C4_P4_M11","T_cell"
"C4_P6_M11","T_cell"
"C5_P3_M11","T_cell"
"C5_P5_M11","T_cell"
"C5_P6_M11","T_cell"
"C6_P2_M11","T_cell"
"C6_P3_M11","T_cell"
"C6_P4_M11","T_cell"
"C7_P3_M11","T_cell"
"C7_P5_M11","T_cell"
"C7_P6_M11","NK"
"C8_P3_M11","Unassigned (all modules low)"
"C8_P5_M11","T_cell"
"C9_P1_M11","T_cell"
"C9_P2_M11","NK"
"C9_P4_M11","T_cell"
"D10_P1_M11","T_cell"
"D10_P6_M11","T_cell"
"D11_P6_M11","NK"
"D12_P6_M11","T_cell"
"D1_P1_M11","NK"
"D1_P4_M11","T_cell"
"D1_P6_M11","Myeloid"
"D2_P4_M11","T_cell"
"D2_P6_M11","NK"
"D3_P1_M11","T_cell"
"D3_P3_M11","NK"
"D3_P6_M11","T_cell"
"D4_P1_M11","NK"
"D4_P3_M11","T_cell"
"D4_P4_M11","T_cell"
"D4_P6_M11","T_cell"
"D5_P4_M11","NK"
"D5_P5_M11","NK"
"D5_P6_M11","T_cell"
"D6_P1_M11","T_cell"
"D6_P3_M11","T_cell"
"D6_P5_M11","NK"
"D6_P6_M11","T_cell"
"D7_P3_M11","T_cell"
"D7_P5_M11","T_cell"
"D8_P2_M11","T_cell"
"D8_P3_M11","T_cell"
"D8_P4_M11","T_cell"
"D9_P3_M11","T_cell"
"D9_P4_M11","T_cell"
"D9_P5_M11","T_cell"
"E10_P2_M11","T_cell"
"E10_P4_M11","T_cell"
"E10_P6_M11","Myeloid"
"E11_P6_M11","T_cell"
"E12_P6_M11","T_cell"
"E1_P4_M11","T_cell"
"E2_P5_M11","NK"
"E4_P1_M11","NK"
"E4_P3_M11","T_cell"
"E4_P6_M11","T_cell"
"E5_P3_M11","NK"
"E5_P5_M11","T_cell"
"E6_P1_M11","NK"
"E6_P3_M11","NK"
"E6_P4_M11","NK"
"E6_P5_M11","T_cell"
"E6_P6_M11","T_cell"
"E7_P1_M11","T_cell"
"E7_P2_M11","T_cell"
"E7_P3_M11","T_cell"
"E7_P5_M11","NK"
"E7_P6_M11","NK"
"E8_P1_M11","NK"
"E8_P2_M11","T_cell"
"E8_P5_M11","T_cell"
"E9_P1_M11","T_cell"
"E9_P3_M11","NK"
"E9_P5_M11","T_cell"
"F10_P1_M11","T_cell"
"F10_P2_M11","T_cell"
"F10_P3_M11","NK"
"F10_P4_M11","T_cell"
"F10_P5_M11","NK"
"F10_P6_M11","NK"
"F11_P3_M11","T_cell"
"F11_P6_M11","T_cell"
"F12_P6_M11","Myeloid"
"F2_P1_M11","T_cell"
"F3_P1_M11","NK"
"F3_P4_M11","T_cell"
"F3_P5_M11","NK"
"F4_P1_M11","T_cell"
"F4_P3_M11","T_cell"
"F4_P5_M11","T_cell"
"F4_P6_M11","T_cell"
"F5_P1_M11","NK"
"F5_P5_M11","NK"
"F6_P1_M11","T_cell"
"F6_P2_M11","T_cell"
"F6_P4_M11","T_cell"
"F6_P5_M11","T_cell"
"F7_P1_M11","T_cell"
"F7_P2_M11","T_cell"
"F7_P3_M11","T_cell"
"F8_P1_M11","T_cell"
"F8_P2_M11","T_cell"
"F8_P3_M11","T_cell"
"F8_P4_M11","NK"
"F8_P5_M11","NK"
"F9_P1_M11","NK"
"F9_P4_M11","T_cell"
"F9_P6_M11","NK"
"G10_P3_M11","T_cell"
"G10_P5_M11","T_cell"
"G10_P6_M11","T_cell"
"G11_P3_M11","T_cell"
"G11_P6_M11","T_cell"
"G12_P3_M11","NK"
"G12_P4_M11","T_cell"
"G12_P5_M11","T_cell"
"G12_P6_M11","T_cell"
"G1_P1_M11","T_cell"
"G1_P2_M11","T_cell"
"G1_P3_M11","T_cell"
"G1_P4_M11","NK"
"G2_P1_M11","T_cell"
"G2_P3_M11","T_cell"
"G2_P5_M11","T_cell"
"G2_P6_M11","T_cell"
"G3_P3_M11","T_cell"
"G3_P4_M11","NK"
"G3_P6_M11","NK"
"G4_P3_M11","T_cell"
"G4_P4_M11","T_cell"
"G4_P6_M11","T_cell"
"G5_P4_M11","T_cell"
"G5_P6_M11","T_cell"
"G6_P1_M11","T_cell"
"G6_P2_M11","T_cell"
"G6_P3_M11","T_cell"
"G6_P4_M11","T_cell"
"G6_P6_M11","T_cell"
"G7_P2_M11","T_cell"
"G7_P4_M11","NK"
"G7_P6_M11","T_cell"
"G8_P2_M11","NK"
"G8_P3_M11","T_cell"
"G8_P6_M11","T_cell"
"G9_P1_M11","NK"
"G9_P3_M11","NK"
"G9_P6_M11","NK"
"H12_P3_M11","NK"
"H1_P1_M11","T_cell"
"H1_P4_M11","T_cell"
"H2_P4_M11","T_cell"
"H3_P1_M11","NK"
"H3_P2_M11","NK"
"H3_P4_M11","T_cell"
"H3_P5_M11","NK"
"H3_P6_M11","T_cell"
"H4_P2_M11","NK"
"H4_P5_M11","Myeloid"
"H4_P6_M11","NK"
"H6_P3_M11","T_cell"
"H6_P4_M11","NK"
"H7_P3_M11","NK"
"H7_P4_M11","T_cell"
"H8_P1_M11","NK"
"H8_P5_M11","T_cell"
"H9_P1_M11","NK"
"H9_P3_M11","NK"
"H9_P4_M11","T_cell"
"H9_P5_M11","T_cell"
"H9_P6_M11","T_cell"
"A10_P1_M15","T_cell"
"A10_P4_M15","T_cell"
"A10_P5_M15","T_cell"
"A10_P6_M15","NK"
"A11_P1_M15","T_cell"
"A11_P2_M15","T_cell"
"A11_P5_M15","T_cell"
"A11_P6_M15","T_cell"
"A12_P1_M15","NK"
"A12_P2_M15","T_cell"
"A12_P5_M15","T_cell"
"A2_P1_M15","NK"
"A2_P2_M15","T_cell"
"A2_P3_M15","B_cell"
"A2_P6_M15","T_cell"
"A3_P2_M15","NK"
"A3_P6_M15","NK"
"A4_P1_M15","NK"
"A4_P3_M15","T_cell"
"A4_P4_M15","T_cell"
"A4_P5_M15","NK"
"A4_P6_M15","T_cell"
"A5_P1_M15","NK"
"A5_P5_M15","T_cell"
"A5_P6_M15","Myeloid"
"A6_P1_M15","T_cell"
"A6_P2_M15","T_cell"
"A7_P1_M15","T_cell"
"A7_P2_M15","Myeloid"
"A8_P1_M15","Unassigned (all modules low)"
"A8_P2_M15","T_cell"
"A9_P1_M15","T_cell"
"B10_P1_M15","NK"
"B10_P2_M15","Myeloid"
"B10_P4_M15","T_cell"
"B10_P5_M15","T_cell"
"B11_P1_M15","NK"
"B11_P2_M15","NK"
"B11_P6_M15","T_cell"
"B12_P1_M15","T_cell"
"B12_P2_M15","T_cell"
"B12_P5_M15","T_cell"
"B1_P1_M15","T_cell"
"B1_P2_M15","T_cell"
"B1_P4_M15","NK"
"B2_P1_M15","NK"
"B2_P2_M15","NK"
"B2_P6_M15","NK"
"B3_P1_M15","T_cell"
"B3_P2_M15","NK"
"B3_P3_M15","T_cell"
"B3_P5_M15","B_cell"
"B3_P6_M15","T_cell"
"B4_P2_M15","T_cell"
"B4_P3_M15","T_cell"
"B5_P1_M15","T_cell"
"B5_P5_M15","NK"
"B6_P1_M15","T_cell"
"B6_P6_M15","B_cell"
"B7_P1_M15","T_cell"
"B7_P6_M15","NK"
"B8_P2_M15","T_cell"
"B9_P2_M15","NK"
"B9_P6_M15","NK"
"C10_P2_M15","T_cell"
"C10_P4_M15","T_cell"
"C11_P1_M15","T_cell"
"C11_P2_M15","T_cell"
"C11_P3_M15","Myeloid"
"C11_P5_M15","T_cell"
"C11_P6_M15","T_cell"
"C12_P1_M15","T_cell"
"C12_P2_M15","T_cell"
"C12_P5_M15","NK"
"C12_P6_M15","T_cell"
"C1_P1_M15","T_cell"
"C1_P2_M15","NK"
"C1_P6_M15","NK"
"C2_P1_M15","NK"
"C2_P2_M15","T_cell"
"C2_P3_M15","T_cell"
"C2_P6_M15","T_cell"
"C3_P2_M15","T_cell"
"C3_P6_M15","NK"
"C4_P1_M15","T_cell"
"C4_P2_M15","T_cell"
"C4_P3_M15","Unassigned (all modules low)"
"C4_P6_M15","T_cell"
"C5_P1_M15","T_cell"
"C5_P2_M15","T_cell"
"C5_P5_M15","T_cell"
"C5_P6_M15","NK"
"C6_P1_M15","NK"
"C6_P2_M15","NK"
"C6_P5_M15","T_cell"
"C6_P6_M15","NK"
"C7_P1_M15","T_cell"
"C8_P1_M15","T_cell"
"C8_P2_M15","T_cell"
"C8_P6_M15","T_cell"
"C9_P1_M15","NK"
"C9_P5_M15","T_cell"
"D10_P1_M15","T_cell"
"D10_P2_M15","NK"
"D10_P4_M15","T_cell"
"D10_P5_M15","NK"
"D10_P6_M15","T_cell"
"D11_P1_M15","Myeloid"
"D11_P2_M15","Myeloid"
"D11_P3_M15","NK"
"D11_P5_M15","T_cell"
"D11_P6_M15","T_cell"
"D12_P1_M15","T_cell"
"D12_P2_M15","T_cell"
"D12_P5_M15","T_cell"
"D1_P1_M15","NK"
"D1_P2_M15","T_cell"
"D1_P4_M15","NK"
"D1_P6_M15","T_cell"
"D2_P2_M15","NK"
"D2_P3_M15","NK"
"D2_P5_M15","Myeloid"
"D3_P1_M15","B_cell"
"D3_P2_M15","T_cell"
"D3_P5_M15","T_cell"
"D3_P6_M15","T_cell"
"D4_P2_M15","T_cell"
"D4_P3_M15","NK"
"D4_P5_M15","T_cell"
"D4_P6_M15","T_cell"
"D5_P1_M15","T_cell"
"D5_P2_M15","B_cell"
"D5_P3_M15","T_cell"
"D5_P6_M15","T_cell"
"D6_P1_M15","T_cell"
"D6_P2_M15","T_cell"
"D6_P5_M15","T_cell"
"D6_P6_M15","T_cell"
"D7_P1_M15","T_cell"
"D7_P2_M15","T_cell"
"D7_P4_M15","B_cell"
"D7_P5_M15","NK"
"D8_P1_M15","T_cell"
"D8_P5_M15","T_cell"
"D8_P6_M15","T_cell"
"D9_P1_M15","NK"
"D9_P2_M15","NK"
"E10_P1_M15","T_cell"
"E10_P2_M15","T_cell"
"E10_P5_M15","T_cell"
"E10_P6_M15","NK"
"E11_P1_M15","T_cell"
"E11_P2_M15","T_cell"
"E11_P3_M15","T_cell"
"E11_P5_M15","T_cell"
"E11_P6_M15","T_cell"
"E12_P1_M15","T_cell"
"E12_P2_M15","T_cell"
"E12_P4_M15","T_cell"
"E12_P5_M15","T_cell"
"E12_P6_M14","T_cell"
"E1_P1_M15","T_cell"
"E1_P2_M15","T_cell"
"E1_P4_m15","NK"
"E1_P5_M15","T_cell"
"E2_P1_M15","T_cell"
"E2_P2_M15","NK"
"E2_P6_M15","NK"
"E3_P1_M15","T_cell"
"E3_P6_M15","T_cell"
"E4_P1_M15","NK"
"E4_P2_M15","T_cell"
"E4_P5_M15","NK"
"E5_P2_M15","T_cell"
"E5_P6_M15","T_cell"
"E6_P5_M15","T_cell"
"E7_P1_M15","T_cell"
"E8_P2_M15","NK"
"E8_P6_M15","T_cell"
"E9_P1_M15","T_cell"
"E9_P6_M15","Myeloid"
"F10_P1_M15","T_cell"
"F10_P2_M15","T_cell"
"F10_P5_M15","T_cell"
"F10_P6_M15","T_cell"
"F11_P1_M15","NK"
"F11_P2_M15","T_cell"
"F11_P5_M15","T_cell"
"F12_P1_M15","T_cell"
"F12_P2_M15","T_cell"
"F12_P6_M14","T_cell"
"F1_P1_M15","T_cell"
"F1_P2_M15","NK"
"F1_P4_M15","NK"
"F1_P6_M15","NK"
"F2_P1_M15","NK"
"F2_P5_M15","T_cell"
"F2_P6_M15","T_cell"
"F3_P1_M15","T_cell"
"F3_P4_M15","T_cell"
"F3_P5_M15","Unassigned (all modules low)"
"F3_P6_M15","Myeloid"
"F4_P5_M15","T_cell"
"F5_P1_M15","NK"
"F5_P5_M15","T_cell"
"F6_P2_M15","T_cell"
"F6_P3_M15","T_cell"
"F6_P5_M15","T_cell"
"F6_P6_M15","T_cell"
"F7_P1_M15","NK"
"F7_P6_M15","T_cell"
"F8_P5_M15","T_cell"
"F8_P6_M15","T_cell"
"F9_P6_M15","T_cell"
"G10_P1_M15","NK"
"G10_P6_M15","T_cell"
"G11_P1_M15","T_cell"
"G11_P5_M15","B_cell"
"G11_P6_M15","T_cell"
"G12_P1_M15","T_cell"
"G12_P2_M15","T_cell"
"G12_P6_M14","T_cell"
"G1_P1_M15","T_cell"
"G1_P2_M15","T_cell"
"G1_P4_M15","T_cell"
"G1_P5_M15","T_cell"
"G1_P6_M15","T_cell"
"G2_P1_M15","T_cell"
"G2_P2_M15","T_cell"
"G3_P1_M15","NK"
"G3_P3_M15","T_cell"
"G3_P4_M15","T_cell"
"G3_P5_M15","T_cell"
"G3_P6_M15","T_cell"
"G4_P1_M15","T_cell"
"G4_P2_M15","Myeloid"
"G4_P5_M15","NK"
"G5_P1_M15","T_cell"
"G5_P6_M15","NK"
"G6_P2_M15","T_cell"
"G6_P5_M15","T_cell"
"G6_P6_M15","T_cell"
"G7_P5_M15","T_cell"
"G7_P6_M15","T_cell"
"G8_P1_M15","T_cell"
"G8_P2_M15","T_cell"
"G8_P5_M15","T_cell"
"G8_P6_M15","T_cell"
"G9_P1_M15","Unassigned (all modules low)"
"G9_P5_M15","T_cell"
"G9_P6_M15","Myeloid"
"H10_P1_M15","T_cell"
"H10_P2_M15","T_cell"
"H10_P4_M15","T_cell"
"H10_P5_M15","T_cell"
"H10_P6_M15","Unassigned (all modules low)"
"H11_P1_M15","NK"
"H11_P2_M15","T_cell"
"H11_P3_M15","T_cell"
"H11_P6_M15","T_cell"
"H12_P1_M15","NK"
"H12_P2_M15","T_cell"
"H12_P5_M15","T_cell"
"H12_P6_M14","T_cell"
"H1_P1_M15","T_cell"
"H1_P2_M15","NK"
"H1_P4_M15","T_cell"
"H1_P6_M15","T_cell"
"H2_P1_M15","T_cell"
"H2_P2_M15","T_cell"
"H2_P3_M15","Myeloid"
"H2_P6_M15","NK"
"H3_P1_M15","T_cell"
"H3_P6_M15","T_cell"
"H4_P2_M15","T_cell"
"H4_P6_M15","T_cell"
"H5_P1_M15","T_cell"
"H5_P5_M15","NK"
"H5_P6_M15","T_cell"
"H6_P1_M15","T_cell"
"H6_P3_M15","NK"
"H6_P6_M15","T_cell"
"H7_P1_M15","T_cell"
"H7_P2_M15","T_cell"
"H7_P5_M15","NK"
"H7_P6_M15","T_cell"
"H8_P1_M15","NK"
"H8_P5_M15","T_cell"
"H9_P1_M15","NK"
"H9_P5_M15","NK"
"H9_P6_M15","T_cell"
"A10_P1_M55_L001","T_cell"
"A10_P2_M55_L001","T_cell"
"A10_P3_M55_L001","T_cell"
"A10_P4_M55_L001","T_cell"
"A11_P1_M55_L001","T_cell"
"A11_P2_M55_L001","T_cell"
"A11_P3_M55_L001","T_cell"
"A11_P4_M55_L001","T_cell"
"A12_P1_M55_L001","T_cell"
"A12_P2_M55_L001","T_cell"
"A12_P3_M55_L001","B_cell"
"A12_P4_M55_L001","B_cell"
"A2_P1_M55_L001","T_cell"
"A2_P2_M55_L001","B_cell"
"A2_P3_M55_L001","T_cell"
"A2_P4_M55_L001","T_cell"
"A3_P1_M55_L001","T_cell"
"A3_P2_M55_L001","T_cell"
"A3_P3_M55_L001","Myeloid"
"A3_P4_M55_L001","T_cell"
"A4_P1_M55_L001","T_cell"
"A4_P2_M55_L001","NK"
"A4_P3_M55_L001","T_cell"
"A4_P4_M55_L001","T_cell"
"A5_P1_M55_L001","T_cell"
"A5_P2_M55_L001","T_cell"
"A5_P3_M55_L001","T_cell"
"A5_P4_M55_L001","T_cell"
"A6_P1_M55_L001","T_cell"
"A6_P2_M55_L001","T_cell"
"A6_P3_M55_L001","T_cell"
"A6_P4_M55_L001","T_cell"
"A7_P1_M55_L001","T_cell"
"A7_P2_M55_L001","T_cell"
"A7_P3_M55_L001","NK"
"A7_P4_M55_L001","T_cell"
"A8_P1_M55_L001","T_cell"
"A8_P2_M55_L001","T_cell"
"A8_P3_M55_L001","T_cell"
"A8_P4_M55_L001","T_cell"
"A9_P1_M55_L001","T_cell"
"A9_P2_M55_L001","T_cell"
"A9_P3_M55_L001","T_cell"
"A9_P4_M55_L001","T_cell"
"B10_P1_M55_L001","T_cell"
"B10_P2_M55_L001","T_cell"
"B10_P3_M55_L001","T_cell"
"B10_P4_M55_L001","B_cell"
"B11_P1_M55_L001","T_cell"
"B11_P2_M55_L001","T_cell"
"B11_P3_M55_L001","T_cell"
"B11_P4_M55_L001","T_cell"
"B12_P1_M55_L001","T_cell"
"B12_P2_M55_L001","T_cell"
"B12_P3_M55_L001","B_cell"
"B12_P4_M55_L001","T_cell"
"B1_P1_M55_L001","T_cell"
"B1_P2_M55_L001","NK"
"B1_P4_M55_L001","T_cell"
"B2_P1_M55_L001","T_cell"
"B2_P2_M55_L001","T_cell"
"B2_P4_M55_L001","T_cell"
"B3_P1_M55_L001","T_cell"
"B3_P2_M55_L001","T_cell"
"B3_P3_M55_L001","T_cell"
"B3_P4_M55_L001","T_cell"
"B4_P1_M55_L001","T_cell"
"B4_P2_M55_L001","T_cell"
"B4_P3_M55_L001","T_cell"
"B4_P4_M55_L001","T_cell"
"B5_P1_M55_L001","B_cell"
"B5_P2_M55_L001","T_cell"
"B5_P3_M55_L001","T_cell"
"B5_P4_M55_L001","Unassigned (all modules low)"
"B6_P1_M55_L001","T_cell"
"B6_P2_M55_L001","T_cell"
"B6_P3_M55_L001","T_cell"
"B6_P4_M55_L001","T_cell"
"B7_P1_M55_L001","T_cell"
"B7_P2_M55_L001","T_cell"
"B7_P3_M55_L001","T_cell"
"B7_P4_M55_L001","T_cell"
"B8_P1_M55_L001","Unassigned (all modules low)"
"B8_P2_M55_L001","Unassigned (all modules low)"
"B8_P3_M55_L001","T_cell"
"B8_P4_M55_L001","T_cell"
"B9_P1_M55_L001","T_cell"
"B9_P2_M55_L001","T_cell"
"B9_P4_M55_L001","NK"
"C10_P1_M55_L001","T_cell"
"C10_P2_M55_L001","B_cell"
"C10_P3_M55_L001","T_cell"
"C10_P4_M55_L001","Unassigned (all modules low)"
"C11_P1_M55_L001","NK"
"C11_P2_M55_L001","B_cell"
"C11_P3_M55_L001","T_cell"
"C12_P1_M55_L001","Myeloid"
"C12_P2_M55_L001","T_cell"
"C12_P3_M55_L001","NK"
"C12_P4_M55_L001","T_cell"
"C1_P1_M55_L001","Unassigned (all modules low)"
"C1_P2_M55_L001","NK"
"C1_P3_M55_L001","T_cell"
"C1_P4_M55_L001","T_cell"
"C2_P2_M55_L001","T_cell"
"C2_P3_M55_L001","T_cell"
"C2_P4_M55_L001","T_cell"
"C3_P1_M55_L001","Myeloid"
"C3_P2_M55_L001","B_cell"
"C3_P3_M55_L001","T_cell"
"C3_P4_M55_L001","T_cell"
"C4_P1_M55_L001","T_cell"
"C4_P2_M55_L001","NK"
"C4_P3_M55_L001","NK"
"C4_P4_M55_L001","B_cell"
"C5_P1_M55_L001","T_cell"
"C5_P2_M55_L001","T_cell"
"C5_P3_M55_L001","T_cell"
"C5_P4_M55_L001","T_cell"
"C6_P1_M55_L001","T_cell"
"C6_P2_M55_L001","T_cell"
"C6_P3_M55_L001","T_cell"
"C6_P4_M55_L001","T_cell"
"C7_P1_M55_L001","NK"
"C7_P2_M55_L001","T_cell"
"C7_P3_M55_L001","T_cell"
"C7_P4_M55_L001","T_cell"
"C8_P1_M55_L001","T_cell"
"C8_P3_M55_L001","T_cell"
"C8_P4_M55_L001","T_cell"
"C9_P1_M55_L001","T_cell"
"C9_P2_M55_L001","T_cell"
"C9_P4_M55_L001","T_cell"
"D10_P1_M55_L001","T_cell"
"D10_P2_M55_L001","T_cell"
"D10_P3_M55_L001","NK"
"D10_P4_M55_L001","T_cell"
"D11_P1_M55_L001","T_cell"
"D11_P2_M55_L001","T_cell"
"D11_P3_M55_L001","T_cell"
"D11_P4_M55_L001","T_cell"
"D12_P1_M55_L001","NK"
"D12_P2_M55_L001","Myeloid"
"D12_P3_M55_L001","B_cell"
"D12_P4_M55_L001","T_cell"
"D1_P1_M55_L001","T_cell"
"D1_P2_M55_L001","T_cell"
"D1_P3_M55_L001","T_cell"
"D1_P4_M55_L001","T_cell"
"D2_P1_M55_L001","T_cell"
"D2_P2_M55_L001","T_cell"
"D2_P3_M55_L001","T_cell"
"D2_P4_M55_L001","T_cell"
"D3_P1_M55_L001","B_cell"
"D3_P2_M55_L001","T_cell"
"D3_P3_M55_L001","NK"
"D3_P4_M55_L001","NK"
"D4_P1_M55_L001","T_cell"
"D4_P2_M55_L001","T_cell"
"D4_P3_M55_L001","T_cell"
"D4_P4_M55_L001","T_cell"
"D5_P2_M55_L001","T_cell"
"D5_P3_M55_L001","NK"
"D5_P4_M55_L001","T_cell"
"D6_P2_M55_L001","B_cell"
"D6_P3_M55_L001","T_cell"
"D6_P4_M55_L001","T_cell"
"D7_P1_M55_L001","T_cell"
"D7_P2_M55_L001","B_cell"
"D7_P3_M55_L001","T_cell"
"D7_P4_M55_L001","T_cell"
"D8_P1_M55_L001","T_cell"
"D8_P2_M55_L001","B_cell"
"D8_P3_M55_L001","T_cell"
"D8_P4_M55_L001","T_cell"
"D9_P1_M55_L001","T_cell"
"D9_P2_M55_L001","T_cell"
"D9_P3_M55_L001","T_cell"
"D9_P4_M55_L001","T_cell"
"E10_P1_M55_L001","T_cell"
"E10_P2_M55_L001","Myeloid"
"E10_P3_M55_L001","T_cell"
"E10_P4_M55_L001","T_cell"
"E11_P1_M55_L001","T_cell"
"E11_P2_M55_L001","T_cell"
"E11_P3_M55_L001","T_cell"
"E11_P4_M55_L001","T_cell"
"E12_P1_M55_L001","T_cell"
"E12_P2_M55_L001","B_cell"
"E12_P3_M55_L001","T_cell"
"E12_P4_M55_L001","T_cell"
"E1_P1_M55_L001","T_cell"
"E1_P4_M55_L001","T_cell"
"E2_P1_M55_L001","T_cell"
"E2_P2_M55_L001","NK"
"E2_P3_M55_L001","T_cell"
"E2_P4_M55_L001","B_cell"
"E3_P1_M55_L001","T_cell"
"E3_P2_M55_L001","T_cell"
"E3_P3_M55_L001","B_cell"
"E3_P4_M55_L001","T_cell"
"E4_P1_M55_L001","T_cell"
"E4_P2_M55_L001","T_cell"
"E4_P3_M55_L001","T_cell"
"E4_P4_M55_L001","T_cell"
"E5_P1_M55_L001","T_cell"
"E5_P2_M55_L001","T_cell"
"E5_P3_M55_L001","T_cell"
"E5_P4_M55_L001","T_cell"
"E6_P1_M55_L001","B_cell"
"E6_P2_M55_L001","T_cell"
"E6_P3_M55_L001","T_cell"
"E6_P4_M55_L001","T_cell"
"E7_P1_M55_L001","T_cell"
"E7_P2_M55_L001","T_cell"
"E7_P3_M55_L001","T_cell"
"E8_P1_M55_L001","T_cell"
"E8_P2_M55_L001","T_cell"
"E8_P3_M55_L001","NK"
"E8_P4_M55_L001","B_cell"
"E9_P1_M55_L001","T_cell"
"E9_P3_M55_L001","T_cell"
"E9_P4_M55_L001","T_cell"
"F10_P1_M55_L001","T_cell"
"F10_P2_M55_L001","T_cell"
"F10_P4_M55_L001","T_cell"
"F11_P1_M55_L001","NK"
"F11_P2_M55_L001","T_cell"
"F12_P1_M55_L001","T_cell"
"F12_P2_M55_L001","T_cell"
"F12_P3_M55_L001","T_cell"
"F12_P4_M55_L001","T_cell"
"F1_P2_M55_L001","B_cell"
"F1_P3_M55_L001","T_cell"
"F1_P4_M55_L001","T_cell"
"F2_P2_M55_L001","T_cell"
"F2_P3_M55_L001","T_cell"
"F2_P4_M55_L001","T_cell"
"F3_P1_M55_L001","T_cell"
"F3_P2_M55_L001","T_cell"
"F3_P3_M55_L001","T_cell"
"F3_P4_M55_L001","B_cell"
"F4_P1_M55_L001","T_cell"
"F4_P2_M55_L001","B_cell"
"F4_P3_M55_L001","T_cell"
"F4_P4_M55_L001","T_cell"
"F5_P1_M55_L001","T_cell"
"F5_P2_M55_L001","T_cell"
"F5_P4_M55_L001","B_cell"
"F6_P1_M55_L001","T_cell"
"F6_P2_M55_L001","B_cell"
"F6_P3_M55_L001","T_cell"
"F7_P1_M55_L001","T_cell"
"F7_P2_M55_L001","T_cell"
"F7_P3_M55_L001","B_cell"
"F8_P1_M55_L001","T_cell"
"F8_P2_M55_L001","T_cell"
"F8_P3_M55_L001","T_cell"
"F8_P4_M55_L001","T_cell"
"F9_P1_M55_L001","T_cell"
"F9_P2_M55_L001","T_cell"
"F9_P3_M55_L001","T_cell"
"F9_P4_M55_L001","NK"
"G10_P1_M55_L001","T_cell"
"G10_P2_M55_L001","T_cell"
"G10_P3_M55_L001","T_cell"
"G10_P4_M55_L001","T_cell"
"G11_P1_M55_L001","T_cell"
"G11_P2_M55_L001","NK"
"G11_P3_M55_L001","T_cell"
"G11_P4_M55_L001","B_cell"
"G12_P1_M55_L001","T_cell"
"G12_P2_M55_L001","T_cell"
"G12_P3_M55_L001","T_cell"
"G12_P4_M55_L001","T_cell"
"G1_P1_M55_L001","T_cell"
"G1_P2_M55_L001","T_cell"
"G1_P3_M55_L001","T_cell"
"G1_P4_M55_L001","T_cell"
"G2_P1_M55_L001","T_cell"
"G2_P2_M55_L001","T_cell"
"G2_P3_M55_L001","T_cell"
"G2_P4_M55_L001","T_cell"
"G3_P1_M55_L001","T_cell"
"G3_P2_M55_L001","T_cell"
"G3_P3_M55_L001","T_cell"
"G3_P4_M55_L001","T_cell"
"G4_P1_M55_L001","NK"
"G4_P2_M55_L001","T_cell"
"G4_P3_M55_L001","T_cell"
"G4_P4_M55_L001","NK"
"G5_P1_M55_L001","B_cell"
"G5_P2_M55_L001","T_cell"
"G5_P3_M55_L001","T_cell"
"G5_P4_M55_L001","T_cell"
"G6_P1_M55_L001","T_cell"
"G6_P2_M55_L001","T_cell"
"G6_P3_M55_L001","T_cell"
"G6_P4_M55_L001","T_cell"
"G7_P1_M55_L001","T_cell"
"G7_P2_M55_L001","T_cell"
"G7_P3_M55_L001","T_cell"
"G8_P1_M55_L001","T_cell"
"G8_P2_M55_L001","T_cell"
"G8_P3_M55_L001","T_cell"
"G8_P4_M55_L001","T_cell"
"G9_P1_M55_L001","T_cell"
"G9_P2_M55_L001","NK"
"G9_P3_M55_L001","T_cell"
"G9_P4_M55_L001","T_cell"
"H10_P1_M55_L001","NK"
"H10_P2_M55_L001","T_cell"
"H10_P4_M55_L001","T_cell"
"H11_P1_M55_L001","T_cell"
"H11_P2_M55_L001","B_cell"
"H11_P3_M55_L001","T_cell"
"H12_P1_M55_L001","T_cell"
"H12_P3_M55_L001","T_cell"
"H1_P1_M55_L001","T_cell"
"H1_P2_M55_L001","NK"
"H1_P3_M55_L001","T_cell"
"H1_P4_M55_L001","T_cell"
"H2_P1_M55_L001","T_cell"
"H2_P2_M55_L001","T_cell"
"H2_P3_M55_L001","B_cell"
"H2_P4_M55_L001","T_cell"
"H3_P1_M55_L001","T_cell"
"H3_P2_M55_L001","T_cell"
"H3_P3_M55_L001","B_cell"
"H3_P4_M55_L001","T_cell"
"H4_P1_M55_L001","T_cell"
"H4_P2_M55_L001","B_cell"
"H4_P3_M55_L001","T_cell"
"H4_P4_M55_L001","Myeloid"
"H5_P1_M55_L001","T_cell"
"H5_P2_M55_L001","T_cell"
"H5_P3_M55_L001","T_cell"
"H5_P4_M55_L001","T_cell"
"H6_P1_M55_L001","T_cell"
"H6_P2_M55_L001","T_cell"
"H6_P3_M55_L001","T_cell"
"H6_P4_M55_L001","T_cell"
"H7_P1_M55_L001","T_cell"
"H7_P2_M55_L001","T_cell"
"H7_P4_M55_L001","T_cell"
"H8_P1_M55_L001","T_cell"
"H8_P2_M55_L001","T_cell"
"H8_P3_M55_L001","T_cell"
"H8_P4_M55_L001","T_cell"
"H9_P1_M55_L001","T_cell"
"H9_P2_M55_L001","T_cell"
"H9_P3_M55_L001","T_cell"
"H9_P4_M55_L001","T_cell"
"A10_P1_M34","NK"
"A10_P2_M34","T_cell"
"A10_P3_M34","T_cell"
"A10_P4_M34","T_cell"
"A11_P1_M34","Myeloid"
"A11_P2_M34","T_cell"
"A11_P3_M34","Myeloid"
"A11_P4_M34","T_cell"
"A12_P1_M34","Myeloid"
"A12_P2_M34","T_cell"
"A12_P3_M34","T_cell"
"A12_P4_M34","T_cell"
"A2_P2_M34","T_cell"
"A2_P3_M34","Myeloid"
"A2_P4_M34","T_cell"
"A3_P1_M34","T_cell"
"A3_P2_M34","T_cell"
"A3_P4_M34","NK"
"A4_P1_M34","T_cell"
"A4_P2_M34","T_cell"
"A4_P3_M34","T_cell"
"A4_P4_M34","T_cell"
"A5_P1_M34","T_cell"
"A5_P2_M34","Myeloid"
"A5_P3_M34","T_cell"
"A5_P4_M34","NK"
"A6_P1_M34","T_cell"
"A6_P2_M34","T_cell"
"A6_P3_M34","T_cell"
"A6_P4_M34","T_cell"
"A7_P1_M34","NK"
"A7_P2_M34","T_cell"
"A7_P3_M34","T_cell"
"A7_P4_M34","T_cell"
"A8_P1_M34","T_cell"
"A8_P2_M34","NK"
"A8_P3_M34","Myeloid"
"A8_P4_M34","T_cell"
"A9_P1_M34","Myeloid"
"A9_P2_M34","Myeloid"
"A9_P3_M34","NK"
"A9_P4_M34","T_cell"
"B10_P1_M34","T_cell"
"B10_P3_M34","T_cell"
"B10_P4_M34","NK"
"B11_P1_M34","T_cell"
"B11_P2_M34","T_cell"
"B11_P4_M15","T_cell"
"B12_P1_M34","T_cell"
"B12_P2_M34","T_cell"
"B12_P4_M34","T_cell"
"B1_P1_M34","T_cell"
"B1_P2_M34","T_cell"
"B1_P3_M34","T_cell"
"B1_P4_M34","NK"
"B2_P1_M34","T_cell"
"B2_P2_M34","NK"
"B2_P3_M34","T_cell"
"B2_P4_M34","T_cell"
"B3_P1_M34","T_cell"
"B3_P2_M34","NK"
"B3_P3_M34","T_cell"
"B3_P4_M34","T_cell"
"B4_P1_M34","T_cell"
"B4_P2_M34","T_cell"
"B4_P3_M34","T_cell"
"B4_P4_M34","NK"
"B5_P1_M34","T_cell"
"B5_P2_M34","T_cell"
"B5_P3_M34","T_cell"
"B5_P4_M34","T_cell"
"B6_P1_M34","B_cell"
"B6_P2_M34","T_cell"
"B6_P3_M34","T_cell"
"B6_P4_M34","T_cell"
"B7_P1_M34","T_cell"
"B7_P2_M34","T_cell"
"B7_P3_M34","T_cell"
"B7_P4_M34","Myeloid"
"B8_P1_M34","T_cell"
"B8_P2_M34","T_cell"
"B8_P3_M34","T_cell"
"B8_P4_M34","T_cell"
"B9_P1_M34","T_cell"
"B9_P2_M34","T_cell"
"B9_P3_M34","NK"
"B9_P4_M34","T_cell"
"C10_P1_M34","T_cell"
"C10_P2_M34","T_cell"
"C10_P3_M34","T_cell"
"C10_P4_M34","NK"
"C11_P1_M34","T_cell"
"C11_P2_M34","NK"
"C11_P3_M34","T_cell"
"C11_P4_M34","Myeloid"
"C12_P1_M34","T_cell"
"C12_P2_M34","T_cell"
"C12_P3_M34","T_cell"
"C12_P4_M34","T_cell"
"C1_P1_M34","NK"
"C1_P2_M34","NK"
"C1_P3_M34","NK"
"C1_P4_M34","T_cell"
"C2_P1_M34","T_cell"
"C2_P2_M34","T_cell"
"C2_P3_M34","NK"
"C3_P1_M34","T_cell"
"C3_P2_M34","Myeloid"
"C3_P3_M34","T_cell"
"C3_P4_M34","T_cell"
"C4_P3_M34","T_cell"
"C4_P4_M34","T_cell"
"C5_P2_M34","T_cell"
"C5_P3_M34","T_cell"
"C5_P4_M34","NK"
"C6_P1_M34","T_cell"
"C6_P2_M34","T_cell"
"C6_P3_M34","Myeloid"
"C6_P4_M34","T_cell"
"C7_P1_M34","Myeloid"
"C7_P2_M34","T_cell"
"C7_P3_M34","T_cell"
"C7_P4_M34","T_cell"
"C8_P1_M34","T_cell"
"C8_P2_M34","NK"
"C8_P3_M34","T_cell"
"C8_P4_M34","NK"
"C9_P1_M34","T_cell"
"C9_P2_M34","T_cell"
"C9_P3_M34","T_cell"
"C9_P4_M34","T_cell"
"D10_P1_M34","T_cell"
"D10_P2_M34","T_cell"
"D10_P3_M34","T_cell"
"D10_P4_M34","T_cell"
"D11_P1_M34","NK"
"D11_P2_M34","T_cell"
"D11_P4_M34","T_cell"
"D12_P1_M34","Myeloid"
"D12_P2_M34","T_cell"
"D1_P1_M34","T_cell"
"D1_P2_M34","NK"
"D1_P3_M34","NK"
"D2_P2_M34","Myeloid"
"D2_P3_M34","T_cell"
"D2_P4_M34","T_cell"
"D3_P2_M34","T_cell"
"D3_P3_M34","T_cell"
"D3_P4_M34","NK"
"D4_P2_M34","T_cell"
"D4_P3_M34","T_cell"
"D4_P4_M34","NK"
"D5_P1_M34","T_cell"
"D5_P2_M34","T_cell"
"D5_P3_M34","Myeloid"
"D5_P4_M34","T_cell"
"D6_P1_M34","T_cell"
"D6_P2_M34","T_cell"
"D6_P3_M34","T_cell"
"D6_P4_M34","B_cell"
"D7_P1_M34","NK"
"D7_P2_M34","T_cell"
"D7_P3_M34","T_cell"
"D7_P4_M34","T_cell"
"D8_P1_M34","Myeloid"
"D8_P2_M34","Myeloid"
"D8_P3_M34","NK"
"D8_P4_M34","T_cell"
"D9_P2_M34","T_cell"
"D9_P3_M34","T_cell"
"D9_P4_M34","T_cell"
"E10_P1_M34","T_cell"
"E10_P2_M34","T_cell"
"E10_P3_M34","NK"
"E10_P4_M34","NK"
"E11_P1_M34","Myeloid"
"E11_P2_M34","T_cell"
"E11_P3_M34","T_cell"
"E11_P4_M34","NK"
"E12_P1_M34","T_cell"
"E12_P2_M34","T_cell"
"E12_P3_M34","T_cell"
"E12_P4_M34","T_cell"
"E1_P1_M34","T_cell"
"E1_P2_M34","T_cell"
"E1_P3_M34","T_cell"
"E1_P4_M34","T_cell"
"E2_P1_M34","T_cell"
"E2_P2_M34","T_cell"
"E2_P4_M34","T_cell"
"E3_P1_M34","T_cell"
"E3_P2_M34","T_cell"
"E3_P3_M24","Myeloid"
"E4_P1_M34","T_cell"
"E4_P2_M34","B_cell"
"E4_P4_M34","T_cell"
"E5_P1_M34","NK"
"E5_P2_M34","T_cell"
"E6_P2_M34","NK"
"E6_P3_M34","T_cell"
"E7_P2_M37","B_cell"
"E7_P3_M34","NK"
"E7_P4_M34","T_cell"
"E8_P1_M34","NK"
"E8_P2_M34","T_cell"
"E8_P3_M34","T_cell"
"E8_P4_M34","T_cell"
"E9_P1_M34","NK"
"E9_P2_M34","T_cell"
"E9_P3_M34","T_cell"
"F10_P1_M34","T_cell"
"F10_P2_M34","Myeloid"
"F10_P3_M34","T_cell"
"F10_P4_M34","T_cell"
"F11_P2_M34","T_cell"
"F11_P3_M34","T_cell"
"F11_P4_M34","T_cell"
"F12_P2_M34","Myeloid"
"F12_P3_M34","T_cell"
"F12_P4_M34","T_cell"
"F1_P1_M34","T_cell"
"F1_P2_M34","T_cell"
"F1_P3_M34","T_cell"
"F1_P4_M34","Myeloid"
"F2_P1_M34","NK"
"F2_P2_M34","T_cell"
"F2_P3_M34","NK"
"F2_P4_M34","T_cell"
"F3_P1_M34","T_cell"
"F3_P2_M34","Myeloid"
"F3_P3_M34","T_cell"
"F3_P4_M34","T_cell"
"F4_P1_M34","T_cell"
"F4_P3_M34","NK"
"F5_P1_M34","T_cell"
"F5_P2_M34","T_cell"
"F5_P3_M34","T_cell"
"F6_P1_M34","T_cell"
"F6_P2_M34","T_cell"
"F6_P3_M34","T_cell"
"F6_P4_M34","T_cell"
"F7_P1_M34","T_cell"
"F7_P2_M34","NK"
"F7_P3_M34","Myeloid"
"F7_P4_M34","T_cell"
"F8_P1_M34","T_cell"
"F8_P2_M34","NK"
"F8_P4_M34","Myeloid"
"F9_P1_M34","T_cell"
"F9_P2_M34","T_cell"
"F9_P3_M34","T_cell"
"G10_P1_M34","Myeloid"
"G10_P2_M34","NK"
"G10_P3_M34","T_cell"
"G10_P4_M34","NK"
"G11_P1_M34","NK"
"G11_P3_M34","T_cell"
"G11_P4_M34","T_cell"
"G12_P1_M34","T_cell"
"G12_P2_M34","T_cell"
"G12_P3_M34","T_cell"
"G12_P4_M34","T_cell"
"G1_P1_M34","T_cell"
"G1_P2_M34","T_cell"
"G1_P3_M34","Myeloid"
"G1_P4_M34","B_cell"
"G2_P1_M34","T_cell"
"G2_P2_M34","B_cell"
"G2_P3_M34","T_cell"
"G2_P4_M34","T_cell"
"G3_P1_M34","T_cell"
"G3_P2_M34","Myeloid"
"G3_P3_M34","Myeloid"
"G3_P4_M34","T_cell"
"G4_P1_M34","T_cell"
"G4_P3_M34","T_cell"
"G4_P4_M34","NK"
"G5_P1_M34","Myeloid"
"G5_P3_M34","T_cell"
"G5_P4_M34","T_cell"
"G6_P1_M34","T_cell"
"G6_P3_M34","T_cell"
"G6_P4_M34","Myeloid"
"G7_P1_M34","T_cell"
"G7_P2_M34","Myeloid"
"G7_P3_M34","Myeloid"
"G7_P4_M34","T_cell"
"G8_P1_M34","T_cell"
"G8_P2_M34","T_cell"
"G8_P3_M34","T_cell"
"G8_P4_M34","NK"
"G9_P1_M34","B_cell"
"G9_P2_M34","Myeloid"
"G9_P3_M34","T_cell"
"H10_P1_M34","T_cell"
"H10_P2_M34","T_cell"
"H10_P3_M34","T_cell"
"H10_P4_M34","T_cell"
"H11_P2_M34","T_cell"
"H11_P3_M34","T_cell"
"H11_P4_M34","T_cell"
"H12_P2_M34","T_cell"
"H12_P3_M34","NK"
"H12_P4_M34","T_cell"
"H1_P1_M34","Myeloid"
"H1_P3_M34","T_cell"
"H1_P4_M34","Myeloid"
"H2_P1_M34","T_cell"
"H2_P4_M34","T_cell"
"H3_P1_M34","T_cell"
"H3_P2_M34","T_cell"
"H3_P3_M34","Myeloid"
"H3_P4_M34","T_cell"
"H4_P1_M34","T_cell"
"H4_P2_M34","T_cell"
"H4_P3_M34","NK"
"H4_P4_M34","T_cell"
"H5_P1_M34","T_cell"
"H5_P2_M34","T_cell"
"H5_P3_M34","T_cell"
"H5_P4_M34","T_cell"
"H6_P1_M34","T_cell"
"H6_P2_M34","T_cell"
"H6_P3_M34","Myeloid"
"H6_P4_M34","T_cell"
"H7_P1_M34","B_cell"
"H7_P2_M34","T_cell"
"H7_P3_M34","T_cell"
"H7_P4_M34","T_cell"
"H8_P1_M34","T_cell"
"H8_P2_M34","T_cell"
"H8_P3_M34","T_cell"
"H8_P4_M34","T_cell"
"H9_P1_M34","T_cell"
"H9_P2_M34","T_cell"
"H9_P3_M34","T_cell"
"H9_P4_M34","T_cell"
"A10_P1_M39","T_cell"
"A10_P2_M39","T_cell"
"A10_P4_M39","T_cell"
"A11_P1_M39","T_cell"
"A11_P2_M39","T_cell"
"A11_P3_M39","T_cell"
"A11_P4_M39","NK"
"A12_P1_M39","T_cell"
"A12_P3_M39","T_cell"
"A12_P4_M39","T_cell"
"A2_P1_M39","T_cell"
"A2_P2_M39","T_cell"
"A2_P3_M39","T_cell"
"A3_P1_M39","T_cell"
"A3_P2_M39","T_cell"
"A3_P3_M39","B_cell"
"A3_P4_M39","T_cell"
"A4_P2_M39","T_cell"
"A4_P4_M39","T_cell"
"A5_P3_M39","T_cell"
"A5_P4_M39","T_cell"
"A6_P1_M39","T_cell"
"A6_P4_M39","Unassigned (all modules low)"
"A7_P1_M39","T_cell"
"A7_P2_M39","T_cell"
"A7_P3_M39","T_cell"
"A7_P4_M39","T_cell"
"A8_P1_M39","B_cell"
"A8_P2_M39","T_cell"
"A8_P3_M39","T_cell"
"A8_P4_M39","T_cell"
"A9_P2_M39","T_cell"
"A9_P3_M39","T_cell"
"A9_P4_M39","T_cell"
"B10_P4_M39","T_cell"
"B11_P1_M39","T_cell"
"B12_P1_M39","T_cell"
"B12_P2_M39","T_cell"
"B1_P1_M39","T_cell"
"B1_P2_M39","T_cell"
"B1_P3_M39","T_cell"
"B1_P4_M39","NK"
"B2_P1_M39","T_cell"
"B2_P2_M39","T_cell"
"B2_P3_M39","T_cell"
"B2_P4_M39","T_cell"
"B3_P2_M39","T_cell"
"B3_P3_M39","T_cell"
"B3_P4_M39","T_cell"
"B4_P1_M39","T_cell"
"B4_P3_M39","B_cell"
"B5_P1_M39","T_cell"
"B5_P3_M39","T_cell"
"B5_P4_M39","T_cell"
"B6_P1_M39","T_cell"
"B6_P3_M39","T_cell"
"B6_P4_M39","T_cell"
"B7_P1_M39","T_cell"
"B7_P2_M39","T_cell"
"B7_P3_M39","T_cell"
"B7_P4_M39","Unassigned (all modules low)"
"B8_P2_M39","T_cell"
"B8_P3_M39","T_cell"
"B9_P3_M39","T_cell"
"B9_P4_M39","T_cell"
"C10_P4_M39","NK"
"C11_P3_M39","T_cell"
"C11_P4_M39","T_cell"
"C12_P1_M39","Myeloid"
"C12_P2_M39","NK"
"C12_P3_M39","T_cell"
"C12_P4_M39","T_cell"
"C1_P1_M39","T_cell"
"C1_P2_M39","T_cell"
"C1_P3_M39","T_cell"
"C1_P4_M39","T_cell"
"C2_P1_M39","T_cell"
"C2_P3_M39","T_cell"
"C2_P4_M39","T_cell"
"C3_P1_M39","T_cell"
"C3_P2_M39","T_cell"
"C3_P4_M39","T_cell"
"C4_P1_M39","B_cell"
"C4_P2_M39","T_cell"
"C4_P4_M39","T_cell"
"C5_P1_M39","T_cell"
"C5_P4_M39","T_cell"
"C6_P1_M39","T_cell"
"C7_P1_M39","T_cell"
"C7_P2_M39","Myeloid"
"C8_P1_M39","T_cell"
"C8_P2_M39","T_cell"
"C8_P4_M39","T_cell"
"C9_P1_M39","T_cell"
"C9_P2_M39","T_cell"
"C9_P4_M39","T_cell"
"D10_P1_M39","T_cell"
"D10_P2_M39","T_cell"
"D10_P4_M39","T_cell"
"D11_P1_M39","T_cell"
"D11_P2_M39","T_cell"
"D11_P3_M39","T_cell"
"D11_P4_M39","T_cell"
"D12_P1_M39","T_cell"
"D12_P2_M39","T_cell"
"D12_P3_M39","T_cell"
"D12_P4_M39","T_cell"
"D1_P1_M39","T_cell"
"D1_P2_M39","T_cell"
"D1_P4_M39","T_cell"
"D2_P1_M39","T_cell"
"D2_P2_M39","T_cell"
"D3_P1_M39","T_cell"
"D3_P2_M39","Myeloid"
"D3_P3_M39","B_cell"
"D4_P2_M39","T_cell"
"D4_P4_M39","T_cell"
"D5_P1_M39","T_cell"
"D5_P2_M39","T_cell"
"D5_P3_M39","T_cell"
"D6_P1_M39","T_cell"
"D6_P2_M39","T_cell"
"D6_P3_M39","Unassigned (all modules low)"
"D7_P1_M39","T_cell"
"D7_P2_M39","T_cell"
"D7_P4_M39","T_cell"
"D8_P1_M39","T_cell"
"D8_P3_M39","T_cell"
"D9_P1_M39","T_cell"
"D9_P2_M39","T_cell"
"D9_P4_M39","T_cell"
"E10_P1_M39","T_cell"
"E10_P2_M39","T_cell"
"E10_P3_M39","T_cell"
"E10_P4_M39","T_cell"
"E11_P1_M39","T_cell"
"E11_P2_M39","T_cell"
"E11_P3_M39","T_cell"
"E11_P4_M39","T_cell"
"E12_P2_M39","B_cell"
"E12_P3_M39","T_cell"
"E12_P4_M39","T_cell"
"E1_P1_M39","T_cell"
"E1_P3_M39","T_cell"
"E1_P4_M39","T_cell"
"E2_P1_M39","T_cell"
"E2_P3_M39","T_cell"
"E2_P4_M39","T_cell"
"E3_P1_M39","T_cell"
"E3_P2_M39","B_cell"
"E3_P3_M39","T_cell"
"E3_P4_M39","T_cell"
"E4_P1_M39","T_cell"
"E4_P2_M39","T_cell"
"E4_P3_M39","Malignant"
"E4_P4_M39","B_cell"
"E5_P1_M39","T_cell"
"E5_P2_M39","T_cell"
"E5_P4_M39","T_cell"
"E6_P1_M39","T_cell"
"E6_P2_M39","T_cell"
"E6_P3_M39","B_cell"
"E7_P1_M39","T_cell"
"E7_P2_M39","T_cell"
"E7_P3_M39","T_cell"
"E7_P4_M39","B_cell"
"E8_P1_M39","T_cell"
"E8_P2_M39","T_cell"
"E8_P3_M39","T_cell"
"E9_P2_M39","T_cell"
"E9_P3_M39","T_cell"
"E9_P4_M39","T_cell"
"F10_P1_M39","T_cell"
"F10_P2_M39","NK"
"F10_P3_M39","T_cell"
"F10_P4_M39","Myeloid"
"F11_P1_M39","T_cell"
"F11_P2_M39","Myeloid"
"F11_P3_M39","NK"
"F11_P4_M39","NK"
"F12_P1_M39","T_cell"
"F12_P2_M39","T_cell"
"F12_P3_M39","T_cell"
"F12_P4_M39","T_cell"
"F1_P1_M39","T_cell"
"F1_P2_M39","T_cell"
"F1_P3_M39","T_cell"
"F1_P4_M39","T_cell"
"F2_P2_M39","T_cell"
"F2_P3_M39","T_cell"
"F2_P4_M39","T_cell"
"F3_P1_M39","T_cell"
"F3_P2_M39","T_cell"
"F3_P4_M39","T_cell"
"F4_P1_M39","T_cell"
"F4_P2_M39","T_cell"
"F4_P3_M39","T_cell"
"F4_P4_M39","T_cell"
"F5_P1_M39","T_cell"
"F5_P2_M39","T_cell"
"F5_P3_M39","T_cell"
"F5_P4_M39","T_cell"
"F6_P1_M39","T_cell"
"F6_P3_M39","Unassigned (all modules low)"
"F6_P4_M39","T_cell"
"F7_P1_M39","T_cell"
"F7_P2_M39","T_cell"
"F7_P4_M39","T_cell"
"F8_P1_M39","T_cell"
"F8_P2_M39","T_cell"
"F9_P1_M39","T_cell"
"F9_P2_M39","T_cell"
"F9_P3_M39","T_cell"
"G10_P1_M39","T_cell"
"G10_P2_M39","T_cell"
"G10_P3_M39","T_cell"
"G10_P4_M39","T_cell"
"G11_P1_M39","T_cell"
"G11_P2_M39","T_cell"
"G11_P3_M39","T_cell"
"G11_P4_M39","T_cell"
"G12_P1_M39","T_cell"
"G12_P2_M39","T_cell"
"G12_P3_M39","T_cell"
"G1_P1_M39","T_cell"
"G1_P2_M39","T_cell"
"G1_P3_M39","T_cell"
"G1_P4_M39","T_cell"
"G2_P1_M39","T_cell"
"G2_P2_M39","T_cell"
"G2_P3_M39","NK"
"G2_P4_M39","T_cell"
"G3_P1_M39","T_cell"
"G3_P2_M39","B_cell"
"G3_P3_M39","T_cell"
"G3_P4_M39","B_cell"
"G4_P1_M39","T_cell"
"G4_P2_M39","T_cell"
"G4_P3_M39","T_cell"
"G5_P1_M39","T_cell"
"G5_P2_M39","T_cell"
"G5_P3_M39","T_cell"
"G5_P4_M39","B_cell"
"G6_P1_M39","T_cell"
"G6_P2_M39","T_cell"
"G7_P1_M39","T_cell"
"G7_P2_M39","T_cell"
"G7_P3_M39","T_cell"
"G8_P1_M39","T_cell"
"G8_P2_M39","T_cell"
"G8_P3_M39","T_cell"
"G9_P1_M39","NK"
"G9_P2_M39","T_cell"
"G9_P3_M39","T_cell"
"G9_P4_M39","T_cell"
"H10_P1_M39","T_cell"
"H10_P2_M39","T_cell"
"H10_P3_M39","T_cell"
"H10_P4_M39","T_cell"
"H11_P1_M39","T_cell"
"H11_P2_M39","T_cell"
"H11_P3_M39","T_cell"
"H11_P4_M39","T_cell"
"H12_P1_M39","T_cell"
"H12_P2_M39","T_cell"
"H12_P3_M39","T_cell"
"H12_P4_M39","T_cell"
"H1_P2_M39","T_cell"
"H1_P3_M39","T_cell"
"H1_P4_M39","T_cell"
"H2_P2_M39","T_cell"
"H2_P3_M39","T_cell"
"H2_P4_M39","NK"
"H3_P1_M39","T_cell"
"H3_P2_M39","T_cell"
"H3_P3_M39","T_cell"
"H3_P4_M39","T_cell"
"H4_P1_M39","Myeloid"
"H4_P2_M39","T_cell"
"H4_P3_M39","T_cell"
"H4_P4_M39","T_cell"
"H5_P1_M39","T_cell"
"H5_P2_M39","T_cell"
"H5_P3_M39","NK"
"H5_P4_M39","T_cell"
"H6_P1_M39","T_cell"
"H6_P2_M39","T_cell"
"H6_P3_M39","T_cell"
"H6_P4_M39","NK"
"H7_P1_M39","T_cell"
"H7_P2_M39","T_cell"
"H7_P3_M39","T_cell"
"H7_P4_M39","T_cell"
"H8_P1_M39","T_cell"
"H8_P2_M39","T_cell"
"H8_P3_M39","T_cell"
"H8_P4_M39","T_cell"
"H9_P1_M39","T_cell"
"H9_P2_M39","T_cell"
"H9_P3_M39","T_cell"
"H9_P4_M39","T_cell"
"A10_P1_M17","NK"
"A10_P2_M17","T_cell"
"A10_P5_M17","T_cell"
"A10_P6_M17","T_cell"
"A11_P2_M17","T_cell"
"A11_P5_M17","NK"
"A11_P6_M17","T_cell"
"A12_P1_M17","NK"
"A12_P5_M17","T_cell"
"A12_P6_M17","T_cell"
"A2_P2_M17","T_cell"
"A2_P5_M17","T_cell"
"A2_P6_M17","NK"
"A3_P1_M17","Myeloid"
"A3_P5_M17","T_cell"
"A3_P6_M17","T_cell"
"A4_P1_M17","NK"
"A4_P2_M17","B_cell"
"A4_P5_M17","NK"
"A5_P1_M17","Myeloid"
"A5_P2_M17","Myeloid"
"A5_P5_M17","NK"
"A5_P6_M17","NK"
"A6_P1_M17","NK"
"A6_P2_M17","T_cell"
"A6_P6_M17","NK"
"A7_P2_M17","T_cell"
"A7_P6_M17","T_cell"
"A8_P1_M17","NK"
"A8_P5_M17","T_cell"
"A8_P6_M17","T_cell"
"B10_P1_M17","T_cell"
"B10_P2_M17","T_cell"
"B10_P5_M17","T_cell"
"B10_P6_M17","T_cell"
"B11_P2_M17","NK"
"B11_P5_M17","Myeloid"
"B11_P6_M17","T_cell"
"B12_P1_M17","T_cell"
"B12_P5_M17","T_cell"
"B12_P6_M17","T_cell"
"B1_P1_M17","B_cell"
"B1_P5_M17","T_cell"
"B1_P6_M17","T_cell"
"B2_P5_M17","T_cell"
"B2_P6_M17","T_cell"
"B3_P1_M17","T_cell"
"B3_P6_M17","T_cell"
"B4_P1_M17","NK"
"B4_P2_M17","NK"
"B4_P6_M17","T_cell"
"B5_P1_M17","Myeloid"
"B5_P2_M17","T_cell"
"B5_P6_M17","T_cell"
"B6_P1_M17","B_cell"
"B6_P2_M17","T_cell"
"B7_P2_M17","B_cell"
"B8_P5_M17","T_cell"
"B8_P6_M17","Unassigned (all modules low)"
"B9_P1_M17","NK"
"B9_P2_M17","T_cell"
"B9_P5_M17","NK"
"B9_P6_M17","T_cell"
"C10_P1_M17","T_cell"
"C10_P2_M17","B_cell"
"C10_P5_M17","T_cell"
"C10_P6_M17","T_cell"
"C11_P1_M17","NK"
"C11_P2_M17","T_cell"
"C11_P5_M17","T_cell"
"C12_P2_M17","NK"
"C12_P6_M17","T_cell"
"C1_P2_M17","T_cell"
"C1_P6_M17","T_cell"
"C2_P1_M17","T_cell"
"C2_P2_M17","T_cell"
"C2_P5_M17","NK"
"C3_P1_M17","B_cell"
"C3_P2_M17","T_cell"
"C3_P5_M17","NK"
"C3_P6_M17","T_cell"
"C4_P1_M17","Myeloid"
"C4_P2_M17","T_cell"
"C4_P5_M17","T_cell"
"C5_P1_M17","T_cell"
"C5_P2_M17","T_cell"
"C5_P5_M17","T_cell"
"C5_P6_M17","T_cell"
"C6_P2_M17","T_cell"
"C6_P5_M17","T_cell"
"C7_P1_M17","B_cell"
"C7_P2_M17","T_cell"
"C7_P5_M17","T_cell"
"C8_P5_M17","T_cell"
"C9_P2_M17","NK"
"C9_P6_M17","T_cell"
"D10_P1_M17","T_cell"
"D10_P2_M17","B_cell"
"D10_P6_M17","NK"
"D11_P2_M17","T_cell"
"D11_P5_M17","T_cell"
"D12_P1_M17","NK"
"D12_P2_M17","B_cell"
"D12_P5_M17","T_cell"
"D12_P6_M17","T_cell"
"D1_P2_M17","T_cell"
"D1_P5_M17","T_cell"
"D1_P6_M17","Unassigned (all modules low)"
"D2_P2_M17","Myeloid"
"D2_P5_M17","NK"
"D2_P6_M17","T_cell"
"D3_P1_M17","T_cell"
"D3_P6_M17","T_cell"
"D4_P1_M17","T_cell"
"D5_P1_M17","NK"
"D5_P6_M17","T_cell"
"D6_P2_M17","NK"
"D6_P6_M17","Myeloid"
"D7_P5_M17","B_cell"
"D8_P1_M17","T_cell"
"D8_P2_M17","T_cell"
"D8_P5_M17","NK"
"D8_P6_M17","T_cell"
"D9_P1_M17","NK"
"D9_P2_M17","T_cell"
"D9_P5_M17","T_cell"
"D9_P6_M17","T_cell"
"E10_P1_M17","NK"
"E10_P2_M17","T_cell"
"E10_P5_M17","T_cell"
"E10_P6_M17","NK"
"E11_P2_M17","Myeloid"
"E11_P6_M17","T_cell"
"E12_P2_M17","Myeloid"
"E12_P5_M17","NK"
"E12_P6_M17","NK"
"E1_P1_M17","T_cell"
"E1_P2_M17","NK"
"E1_P5_M17","T_cell"
"E1_P6_M17","T_cell"
"E2_P2_M17","T_cell"
"E2_P5_M17","T_cell"
"E2_P6_M17","T_cell"
"E3_P5_M17","NK"
"E4_P1_M17","NK"
"E4_P6_M17","NK"
"E5_P2_M17","NK"
"E5_P5_M17","T_cell"
"E6_P2_M17","T_cell"
"E6_P5_M17","T_cell"
"E7_P2_M17","Myeloid"
"E7_P5_M17","NK"
"E7_P6_M17","T_cell"
"E8_P1_M17","Myeloid"
"E8_P6_M17","Myeloid"
"E9_P2_M17","NK"
"F10_P2_M17","T_cell"
"F10_P5_M17","T_cell"
"F11_P1_M17","NK"
"F11_P5_M17","T_cell"
"F11_P6_M17","T_cell"
"F12_P2_M17","Myeloid"
"F12_P6_M17","T_cell"
"F1_P5_M17","T_cell"
"F2_P5_M17","T_cell"
"F2_P6_M17","T_cell"
"F3_P2_M17","B_cell"
"F3_P6_M17","T_cell"
"F4_P2_M17","NK"
"F4_P5_M17","T_cell"
"F5_P5_M17","NK"
"F5_P6_M17","T_cell"
"F6_P1_M17","NK"
"F6_P6_M17","NK"
"F7_P1_M17","T_cell"
"F7_P2_M17","T_cell"
"F7_P5_M17","T_cell"
"F8_P5_M17","NK"
"G10_P6_M17","T_cell"
"G11_P1_M17","T_cell"
"G11_P5_M17","T_cell"
"G12_P1_M17","T_cell"
"G12_P2_M17","NK"
"G12_P5_M17","T_cell"
"G12_P6_M17","T_cell"
"G1_P2_M17","T_cell"
"G1_P5_M17","T_cell"
"G1_P6_M17","T_cell"
"G2_P1_M17","T_cell"
"G2_P2_M17","T_cell"
"G2_P5_M17","T_cell"
"G2_P6_M17","T_cell"
"G3_P1_M17","T_cell"
"G3_P2_M17","T_cell"
"G3_P5_M17","T_cell"
"G4_P1_M17","T_cell"
"G4_P2_M17","T_cell"
"G4_P5_M17","NK"
"G5_P2_M17","B_cell"
"G5_P5_M17","T_cell"
"G5_P6_M17","T_cell"
"G6_P5_M17","T_cell"
"G6_P6_M17","T_cell"
"G7_P1_M17","Myeloid"
"G7_P2_M17","T_cell"
"G7_P6_M17","NK"
"G8_P1_M17","T_cell"
"G8_P2_M17","T_cell"
"G8_P5_M17","T_cell"
"G8_P6_M17","T_cell"
"G9_P1_M17","NK"
"G9_P2_M17","T_cell"
"G9_P6_M17","T_cell"
"H10_P1_M17","T_cell"
"H10_P2_M17","T_cell"
"H10_P6_M17","T_cell"
"H11_P1_M17","T_cell"
"H11_P2_M17","T_cell"
"H11_P5_M17","T_cell"
"H11_P6_M17","T_cell"
"H12_P1_M17","T_cell"
"H12_P2_M17","T_cell"
"H12_P5_M17","T_cell"
"H12_P6_M17","Myeloid"
"H1_P2_M17","Myeloid"
"H2_P6_M17","T_cell"
"H3_P1_M17","Myeloid"
"H3_P5_M17","NK"
"H3_P6_M17","Myeloid"
"H4_P1_M17","NK"
"H4_P2_M17","Myeloid"
"H4_P5_M17","NK"
"H5_P1_M17","T_cell"
"H5_P5_M17","NK"
"H5_P6_M17","T_cell"
"H6_P2_M17","T_cell"
"H6_P5_M17","T_cell"
"H6_P6_M17","NK"
"H7_P5_M17","T_cell"
"H7_P6_M17","Myeloid"
"H8_P5_M17","T_cell"
"H8_P6_M17","T_cell"
"H9_P1_M17","T_cell"
"H9_P5_M17","T_cell"
"H9_P6_M17","Myeloid"
"A10_P1_M23","T_cell"
"A10_P2_M23","T_cell"
"A10_P3_M23","T_cell"
"A10_P4_M23","T_cell"
"A11_P1_M23","T_cell"
"A11_P2_M23","T_cell"
"A11_P3_M23","Myeloid"
"A11_P4_M23","NK"
"A12_P1_M23","T_cell"
"A12_P2_M23","T_cell"
"A12_P3_M23","Myeloid"
"A12_P4_M23","T_cell"
"A2_P1_M23","T_cell"
"A2_P2_M23","NK"
"A2_P3_M23","T_cell"
"A2_P4_M23","T_cell"
"A3_P1_M23","Myeloid"
"A3_P2_M23","NK"
"A3_P3_M23","T_cell"
"A3_P4_M23","T_cell"
"A4_P1_M23","T_cell"
"A4_P2_M23","T_cell"
"A4_P3_M23","T_cell"
"A4_P4_M23","T_cell"
"A5_P1_M23","T_cell"
"A5_P2_M23","T_cell"
"A5_P3_M23","T_cell"
"A6_P1_M23","T_cell"
"A6_P2_M23","T_cell"
"A6_P3_M23","T_cell"
"A6_P4_M23","NK"
"A7_P1_M23","T_cell"
"A7_P2_M23","T_cell"
"A7_P3_M23","T_cell"
"A7_P4_M23","T_cell"
"A8_P1_M23","T_cell"
"A8_P2_M23","T_cell"
"A8_P3_M23","T_cell"
"A8_P4_M23","T_cell"
"A9_P1_M23","Myeloid"
"A9_P2_M23","T_cell"
"A9_P3_M23","T_cell"
"A9_P4_M23","T_cell"
"B10_P1_M23","T_cell"
"B10_P2_M23","T_cell"
"B10_P3_M23","T_cell"
"B10_P4_M23","T_cell"
"B11_P1_M23","T_cell"
"B11_P2_M23","T_cell"
"B11_P3_M23","T_cell"
"B11_P4_M23","T_cell"
"B12_P1_M23","T_cell"
"B12_P2_M23","T_cell"
"B12_P3_M23","T_cell"
"B12_P4_M23","T_cell"
"B1_P1_M23","NK"
"B1_P2_M23","T_cell"
"B1_P3_M23","Myeloid"
"B1_P4_M23","T_cell"
"B2_P1_M23","T_cell"
"B2_P2_M23","T_cell"
"B2_P3_M23","T_cell"
"B2_P4_M23","Myeloid"
"B3_P1_M23","NK"
"B3_P2_M23","T_cell"
"B3_P3_M23","T_cell"
"B3_P4_M23","T_cell"
"B4_P1_M23","T_cell"
"B4_P2_M23","T_cell"
"B4_P3_M23","T_cell"
"B4_P4_M23","T_cell"
"B5_P1_M23","T_cell"
"B5_P2_M23","T_cell"
"B5_P3_M23","T_cell"
"B5_P4_M23","T_cell"
"B6_P1_M23","Myeloid"
"B6_P2_M23","T_cell"
"B6_P3_M23","T_cell"
"B6_P4_M23","T_cell"
"B7_P2_M23","T_cell"
"B7_P3_M23","T_cell"
"B7_P4_M23","T_cell"
"B8_P1_M23","T_cell"
"B8_P2_M23","T_cell"
"B8_P3_M23","T_cell"
"B8_P4_M23","T_cell"
"B9_P1_M23","T_cell"
"B9_P2_M23","T_cell"
"B9_P3_M23","T_cell"
"B9_P4_M23","T_cell"
"C10_P1_M23","T_cell"
"C10_P2_M23","T_cell"
"C10_P3_M23","T_cell"
"C10_P4_M23","T_cell"
"C11_P1_M23","T_cell"
"C11_P2_M23","NK"
"C11_P3_M23","Myeloid"
"C11_P4_M23","T_cell"
"C12_P1_M23","T_cell"
"C12_P2_M23","T_cell"
"C12_P3_M23","Myeloid"
"C12_P4_M23","T_cell"
"C1_P1_M23","T_cell"
"C1_P2_M23","T_cell"
"C1_P3_M23","T_cell"
"C1_P4_M23","T_cell"
"C2_P1_M23","T_cell"
"C2_P2_M23","T_cell"
"C2_P3_M23","Myeloid"
"C2_P4_M23","T_cell"
"C3_P1_M23","T_cell"
"C3_P2_M23","NK"
"C3_P3_M23","T_cell"
"C4_P1_M23","Myeloid"
"C4_P2_M23","Myeloid"
"C4_P3_M23","T_cell"
"C4_P4_M23","NK"
"C5_P3_M23","NK"
"C5_P4_M23","T_cell"
"C6_P2_M23","T_cell"
"C6_P3_M23","Myeloid"
"C6_P4_M23","T_cell"
"C7_P2_M23","T_cell"
"C7_P3_M23","T_cell"
"C7_P4_M23","T_cell"
"C8_P1_M23","T_cell"
"C8_P2_M23","T_cell"
"C8_P3_M23","T_cell"
"C8_P4_M23","NK"
"C9_P1_M23","T_cell"
"C9_P2_M23","T_cell"
"C9_P3_M23","T_cell"
"C9_P4_M23","Myeloid"
"D10_P1_M23","T_cell"
"D10_P2_M23","T_cell"
"D10_P3_M23","T_cell"
"D10_P4_M23","T_cell"
"D11_P1_M23","T_cell"
"D11_P2_M23","Myeloid"
"D11_P3_M23","T_cell"
"D11_P4_M23","T_cell"
"D12_P1_M23","T_cell"
"D12_P2_M23","T_cell"
"D12_P3_M23","T_cell"
"D12_P4_M23","NK"
"D1_P1_M23","T_cell"
"D1_P2_M23","T_cell"
"D1_P3_M23","T_cell"
"D1_P4_M23","T_cell"
"D2_P1_M23","T_cell"
"D2_P2_M23","T_cell"
"D2_P3_M23","T_cell"
"D2_P4_M23","T_cell"
"D3_P1_M23","T_cell"
"D3_P2_M23","T_cell"
"D3_P3_M23","T_cell"
"D3_P4_M23","T_cell"
"D4_P1_M23","T_cell"
"D4_P2_M23","T_cell"
"D4_P4_M23","T_cell"
"D5_P1_M23","T_cell"
"D5_P2_M23","T_cell"
"D5_P3_M23","T_cell"
"D5_P4_M23","T_cell"
"D6_P1_M23","T_cell"
"D6_P2_M23","T_cell"
"D6_P3_M23","T_cell"
"D6_P4_M23","T_cell"
"D7_P1_M23","T_cell"
"D7_P2_M23","T_cell"
"D7_P3_M23","Myeloid"
"D7_P4_M23","T_cell"
"D8_P1_M23","T_cell"
"D8_P2_M23","T_cell"
"D8_P3_M23","NK"
"D8_P4_M23","T_cell"
"D9_P1_M23","T_cell"
"D9_P2_M23","T_cell"
"D9_P3_M23","T_cell"
"D9_P4_M23","T_cell"
"E10_P1_M23","T_cell"
"E10_P2_M23","T_cell"
"E10_P3_M23","T_cell"
"E10_P4_M23","T_cell"
"E11_P1_M23","T_cell"
"E11_P2_M23","T_cell"
"E11_P3_M23","T_cell"
"E11_P4_M23","T_cell"
"E12_P1_M23","T_cell"
"E12_P2_M23","T_cell"
"E12_P3_M23","NK"
"E12_P4_M23","T_cell"
"E1_P1_M23","Myeloid"
"E1_P2_M23","Unassigned (all modules low)"
"E1_P3_M23","T_cell"
"E1_P4_M23","T_cell"
"E2_P1_M23","Myeloid"
"E2_P2_M23","T_cell"
"E2_P3_M23","T_cell"
"E2_P4_M23","Myeloid"
"E3_P1_M23","Myeloid"
"E3_P2_M23","T_cell"
"E3_P3_M23","T_cell"
"E3_P4_M23","NK"
"E4_P1_M23","T_cell"
"E4_P2_M23","T_cell"
"E4_P3_M23","T_cell"
"E4_P4_M23","T_cell"
"E5_P1_M23","T_cell"
"E5_P2_M23","T_cell"
"E5_P3_M23","T_cell"
"E5_P4_M23","T_cell"
"E6_P1_M23","T_cell"
"E6_P2_M23","T_cell"
"E6_P3_M23","T_cell"
"E6_P4_M23","T_cell"
"E7_P1_M23","T_cell"
"E7_P2_M23","T_cell"
"E7_P3_M23","T_cell"
"E7_P4_M23","T_cell"
"E8_P1_M23","T_cell"
"E8_P2_M23","NK"
"E8_P4_M23","T_cell"
"E9_P1_M23","T_cell"
"E9_P2_M23","T_cell"
"E9_P3_M23","T_cell"
"F10_P1_M23","T_cell"
"F10_P2_M23","T_cell"
"F10_P3_M23","T_cell"
"F10_P4_M23","T_cell"
"F11_P1_M23","T_cell"
"F11_P2_M23","T_cell"
"F11_P3_M23","T_cell"
"F11_P4_M23","T_cell"
"F12_P1_M23","T_cell"
"F12_P2_M23","T_cell"
"F12_P3_M23","NK"
"F12_P4_M23","T_cell"
"F1_P1_M23","T_cell"
"F1_P2_M23","T_cell"
"F1_P3_M23","T_cell"
"F1_P4_M23","T_cell"
"F2_P1_M23","T_cell"
"F2_P3_M23","T_cell"
"F2_P4_M23","T_cell"
"F3_P1_M23","T_cell"
"F3_P2_M23","T_cell"
"F3_P4_M23","T_cell"
"F4_P1_M23","T_cell"
"F4_P2_M23","T_cell"
"F4_P4_M23","T_cell"
"F5_P1_M23","T_cell"
"F5_P2_M23","T_cell"
"F5_P3_M23","T_cell"
"F5_P4_M23","T_cell"
"F6_P1_M23","T_cell"
"F6_P2_M23","T_cell"
"F6_P3_M23","T_cell"
"F6_P4_M23","T_cell"
"F7_P1_M23","Myeloid"
"F7_P2_M23","T_cell"
"F7_P3_M23","T_cell"
"F7_P4_M23","T_cell"
"F8_P1_M23","T_cell"
"F8_P2_M23","NK"
"F8_P3_M23","T_cell"
"F8_P4_M23","T_cell"
"F9_P1_M23","T_cell"
"F9_P2_M23","T_cell"
"F9_P3_M23","T_cell"
"F9_P4_M23","NK"
"G10_P2_M23","T_cell"
"G10_P3_M23","T_cell"
"G10_P4_M23","T_cell"
"G11_P2_M23","Myeloid"
"G11_P3_M23","T_cell"
"G11_P4_M23","T_cell"
"G12_P1_M23","T_cell"
"G12_P2_M23","T_cell"
"G12_P3_M23","Myeloid"
"G12_P4_M23","T_cell"
"G1_P1_M23","Myeloid"
"G1_P2_M23","T_cell"
"G1_P3_M23","T_cell"
"G1_P4_M23","T_cell"
"G2_P1_M23","NK"
"G2_P2_M23","NK"
"G2_P3_M23","T_cell"
"G2_P4_M23","NK"
"G3_P1_M23","NK"
"G3_P2_M23","T_cell"
"G3_P3_M23","T_cell"
"G3_P4_M23","T_cell"
"G4_P1_M23","T_cell"
"G4_P2_M23","T_cell"
"G4_P4_M23","NK"
"G5_P1_M23","T_cell"
"G5_P2_M23","T_cell"
"G5_P3_M23","T_cell"
"G6_P1_M23","T_cell"
"G6_P2_M23","NK"
"G6_P3_M23","T_cell"
"G6_P4_M23","T_cell"
"G7_P1_M23","T_cell"
"G7_P2_M23","T_cell"
"G7_P3_M23","T_cell"
"G7_P4_M23","T_cell"
"G8_P1_M23","T_cell"
"G8_P2_M23","Myeloid"
"G8_P3_M23","Myeloid"
"G8_P4_M23","T_cell"
"G9_P1_M23","Myeloid"
"G9_P2_M23","T_cell"
"G9_P3_M23","T_cell"
"G9_P4_M23","T_cell"
"H10_P1_M23","T_cell"
"H10_P2_M23","T_cell"
"H10_P3_M23","T_cell"
"H10_P4_M23","T_cell"
"H11_P1_M23","T_cell"
"H11_P2_M23","T_cell"
"H11_P3_M23","T_cell"
"H11_P4_M23","T_cell"
"H12_P1_M23","T_cell"
"H12_P2_M23","Myeloid"
"H12_P3_M23","T_cell"
"H12_P4_M23","T_cell"
"H1_P1_M23","T_cell"
"H1_P2_M23","T_cell"
"H1_P3_M23","T_cell"
"H1_P4_M23","T_cell"
"H2_P1_M23","T_cell"
"H2_P2_M23","T_cell"
"H2_P3_M23","T_cell"
"H2_P4_M23","NK"
"H3_P1_M23","T_cell"
"H3_P2_M23","Mast"
"H3_P3_M23","T_cell"
"H3_P4_M23","T_cell"
"H4_P1_M23","T_cell"
"H4_P4_M23","NK"
"H5_P1_M23","Myeloid"
"H5_P2_M23","T_cell"
"H5_P3_M23","T_cell"
"H6_P1_M23","T_cell"
"H6_P2_M23","T_cell"
"H6_P3_M23","Myeloid"
"H7_P1_M23","T_cell"
"H7_P2_M23","T_cell"
"H7_P3_M23","T_cell"
"H7_P4_M23","T_cell"
"H8_P1_M23","T_cell"
"H8_P2_M23","T_cell"
"H8_P3_M23","T_cell"
"H8_P4_M23","T_cell"
"H9_P1_M23","T_cell"
"H9_P2_M23","T_cell"
"H9_P3_M23","T_cell"
"H9_P4_M23","T_cell"
"A10_P6_M36_L001","T_cell"
"A10_P7_M36_L001","T_cell"
"A10_P8_M36_L001","T_cell"
"A10_P9_M36_L001","T_cell"
"A11_P6_M36_L001","T_cell"
"A11_P7_M36_L001","T_cell"
"A11_P8_M36_L001","T_cell"
"A11_P9_M36_L001","T_cell"
"A12_P6_M36_L001","T_cell"
"A12_P7_M36_L001","NK"
"A12_P8_M36_L001","T_cell"
"A12_P9_M36_L001","T_cell"
"A2_P7_M36_L001","T_cell"
"A3_P6_M36_L001","T_cell"
"A3_P7_M36_L001","T_cell"
"A3_P8_M36_L001","T_cell"
"A3_P9_M36_L001","T_cell"
"A4_P6_M36_L001","T_cell"
"A4_P7_M36_L001","T_cell"
"A4_P8_M36_L001","T_cell"
"A4_P9_M36_L001","T_cell"
"A5_P6_M36_L001","T_cell"
"A5_P7_M36_L001","Myeloid"
"A5_P8_M36_L001","T_cell"
"A5_P9_M36_L001","T_cell"
"A6_P6_M36_L001","T_cell"
"A6_P7_M36_L001","Myeloid"
"A6_P8_M36_L001","T_cell"
"A6_P9_M36_L001","T_cell"
"A7_P6_M36_L001","T_cell"
"A7_P7_M36_L001","T_cell"
"A7_P8_M36_L001","T_cell"
"A7_P9_M36_L001","T_cell"
"A8_P6_M36_L001","T_cell"
"A8_P7_M36_L001","T_cell"
"A8_P8_M36_L001","T_cell"
"A8_P9_M36_L001","T_cell"
"A9_P6_M36_L001","T_cell"
"A9_P7_M36_L001","T_cell"
"A9_P8_M36_L001","T_cell"
"A9_P9_M36_L001","T_cell"
"B10_P6_M36_L001","T_cell"
"B10_P7_M36_L001","T_cell"
"B10_P8_M36_L001","T_cell"
"B10_P9_M36_L001","Myeloid"
"B11_P7_M36_L001","T_cell"
"B11_P8_M36_L001","T_cell"
"B11_P9_M36_L001","T_cell"
"B12_P6_M36_L001","T_cell"
"B12_P7_M36_L001","T_cell"
"B12_P8_M36_L001","T_cell"
"B12_P9_M36_L001","T_cell"
"B1_P6_M36_L001","NK"
"B1_P7_M36_L001","T_cell"
"B1_P8_M36_L001","NK"
"B1_P9_M36_L001","NK"
"B2_P6_M36_L001","T_cell"
"B2_P7_M36_L001","T_cell"
"B2_P8_M36_L001","T_cell"
"B2_P9_M36_L001","T_cell"
"B3_P6_M36_L001","T_cell"
"B3_P7_M36_L001","NK"
"B3_P9_M36_L001","T_cell"
"B4_P6_M36_L001","Myeloid"
"B4_P7_M36_L001","T_cell"
"B4_P8_M36_L001","T_cell"
"B4_P9_M36_L001","T_cell"
"B5_P6_M36_L001","T_cell"
"B5_P7_M36_L001","T_cell"
"B5_P8_M36_L001","T_cell"
"B5_P9_M36_L001","T_cell"
"B6_P6_M36_L001","T_cell"
"B6_P7_M36_L001","T_cell"
"B6_P8_M36_L001","T_cell"
"B6_P9_M36_L001","T_cell"
"B7_P6_M36_L001","T_cell"
"B7_P7_M36_L001","T_cell"
"B7_P8_M36_L001","T_cell"
"B7_P9_M36_L001","T_cell"
"B8_P6_M36_L001","T_cell"
"B8_P7_M36_L001","T_cell"
"B8_P8_M36_L001","T_cell"
"B8_P9_M36_L001","T_cell"
"B9_P6_M36_L001","Myeloid"
"B9_P7_M36_L001","T_cell"
"B9_P8_M36_L001","NK"
"B9_P9_M36_L001","T_cell"
"C10_P6_M36_L001","T_cell"
"C10_P7_M36_L001","Myeloid"
"C10_P8_M36_L001","T_cell"
"C10_P9_M36_L001","T_cell"
"C11_P6_M36_L001","T_cell"
"C11_P7_M36_L001","T_cell"
"C11_P8_M36_L001","T_cell"
"C11_P9_M36_L001","T_cell"
"C12_P6_M36_L001","T_cell"
"C12_P7_M36_L001","T_cell"
"C12_P8_M36_L001","T_cell"
"C1_P6_M36_L001","T_cell"
"C1_P7_M36_L001","T_cell"
"C1_P8_M36_L001","T_cell"
"C1_P9_M36_L001","T_cell"
"C2_P6_M36_L001","NK"
"C2_P7_M36_L001","Myeloid"
"C2_P8_M36_L001","T_cell"
"C2_P9_M36_L001","T_cell"
"C3_P6_M36_L001","T_cell"
"C3_P7_M36_L001","T_cell"
"C3_P8_M36_L001","T_cell"
"C3_P9_M36_L001","T_cell"
"C4_P6_M36_L001","T_cell"
"C4_P7_M36_L001","T_cell"
"C4_P8_M36_L001","T_cell"
"C4_P9_M36_L001","T_cell"
"C5_P6_M36_L001","T_cell"
"C5_P7_M36_L001","T_cell"
"C5_P9_M36_L001","T_cell"
"C6_P6_M36_L001","Unassigned (all modules low)"
"C6_P7_M36_L001","T_cell"
"C6_P8_M36_L001","T_cell"
"C6_P9_M36_L001","NK"
"C7_P6_M36_L001","T_cell"
"C7_P7_M36_L001","Myeloid"
"C7_P8_M36_L001","T_cell"
"C7_P9_M36_L001","T_cell"
"C8_P6_M36_L001","T_cell"
"C8_P7_M36_L001","T_cell"
"C8_P9_M36_L001","T_cell"
"C9_P6_M36_L001","NK"
"C9_P7_M36_L001","T_cell"
"C9_P9_M36_L001","T_cell"
"D10_P6_M36_L001","T_cell"
"D10_P7_M36_L001","T_cell"
"D10_P8_M36_L001","T_cell"
"D10_P9_M36_L001","Unassigned (all modules low)"
"D11_P6_M36_L001","T_cell"
"D11_P7_M36_L001","T_cell"
"D11_P8_M36_L001","T_cell"
"D11_P9_M36_L001","T_cell"
"D12_P6_M36_L001","T_cell"
"D12_P7_M36_L001","B_cell"
"D12_P8_M36_L001","B_cell"
"D12_P9_M36_L001","T_cell"
"D1_P6_M36_L001","NK"
"D1_P7_M36_L001","T_cell"
"D1_P8_M36_L001","T_cell"
"D1_P9_M36_L001","T_cell"
"D2_P6_M36_L001","Myeloid"
"D2_P7_M36_L001","T_cell"
"D2_P8_M36_L001","T_cell"
"D2_P9_M36_L001","T_cell"
"D3_P6_M36_L001","NK"
"D3_P7_M36_L001","T_cell"
"D3_P8_M36_L001","T_cell"
"D3_P9_M36_L001","T_cell"
"D4_P6_M36_L001","T_cell"
"D4_P7_M36_L001","Myeloid"
"D4_P8_M36_L001","Myeloid"
"D4_P9_M36_L001","T_cell"
"D5_P6_M36_L001","T_cell"
"D5_P7_M36_L001","T_cell"
"D5_P8_M36_L001","T_cell"
"D5_P9_M36_L001","NK"
"D6_P7_M36_L001","T_cell"
"D6_P8_M36_L001","T_cell"
"D6_P9_M36_L001","T_cell"
"D7_P6_M36_L001","T_cell"
"D7_P7_M36_L001","T_cell"
"D7_P8_M36_L001","T_cell"
"D7_P9_M36_L001","T_cell"
"D8_P6_M36_L001","T_cell"
"D8_P7_M36_L001","T_cell"
"D8_P8_M36_L001","T_cell"
"D8_P9_M36_L001","NK"
"D9_P6_M36_L001","T_cell"
"D9_P7_M36_L001","T_cell"
"D9_P8_M36_L001","T_cell"
"D9_P9_M36_L001","T_cell"
"E10_P6_M36_L001","T_cell"
"E10_P7_M36_L001","T_cell"
"E10_P8_M36_L001","T_cell"
"E10_P9_M36_L001","T_cell"
"E11_P6_M36_L001","T_cell"
"E11_P7_M36_L001","T_cell"
"E11_P8_M36_L001","T_cell"
"E11_P9_M36_L001","T_cell"
"E12_P6_M36_L001","T_cell"
"E12_P7_M36_L001","T_cell"
"E12_P8_M36_L001","Unassigned (all modules low)"
"E12_P9_M36_L001","T_cell"
"E1_P6_M36_L001","T_cell"
"E1_P7_M36_L001","T_cell"
"E1_P8_M36_L001","T_cell"
"E1_P9_M36_L001","NK"
"E2_P6_M36_L001","Myeloid"
"E2_P7_M36_L001","T_cell"
"E2_P8_M36_L001","T_cell"
"E2_P9_M36_L001","T_cell"
"E3_P6_M36_L001","T_cell"
"E3_P7_M36_L001","T_cell"
"E3_P8_M36_L001","T_cell"
"E4_P6_M36_L001","T_cell"
"E4_P7_M36_L001","T_cell"
"E4_P8_M36_L001","T_cell"
"E4_P9_M36_L001","T_cell"
"E5_P7_M36_L001","Myeloid"
"E5_P8_M36_L001","T_cell"
"E5_P9_M36_L001","T_cell"
"E6_P7_M36_L001","T_cell"
"E6_P9_M36_L001","T_cell"
"E7_P6_M36_L001","T_cell"
"E7_P7_M36_L001","NK"
"E7_P8_M36_L001","NK"
"E7_P9_M36_L001","T_cell"
"E8_P6_M36_L001","T_cell"
"E8_P7_M36_L001","T_cell"
"E8_P8_M36_L001","T_cell"
"E8_P9_M36_L001","T_cell"
"E9_P6_M36_L001","NK"
"E9_P7_M36_L001","NK"
"E9_P8_M36_L001","T_cell"
"E9_P9_M36_L001","NK"
"F10_P6_M36_L001","NK"
"F10_P7_M36_L001","NK"
"F10_P8_M36_L001","NK"
"F11_P6_M36_L001","T_cell"
"F11_P7_M36_L001","T_cell"
"F11_P8_M36_L001","Myeloid"
"F11_P9_M36_L001","T_cell"
"F12_P6_M36_L001","T_cell"
"F12_P7_M36_L001","T_cell"
"F12_P8_M36_L001","T_cell"
"F12_P9_M36_L001","T_cell"
"F1_P6_M36_L001","T_cell"
"F1_P7_M36_L001","T_cell"
"F1_P8_M36_L001","T_cell"
"F1_P9_M36_L001","T_cell"
"F2_P6_M36_L001","T_cell"
"F2_P7_M36_L001","T_cell"
"F2_P8_M36_L001","Unassigned (all modules low)"
"F2_P9_M36_L001","T_cell"
"F3_P6_M36_L001","T_cell"
"F3_P7_M36_L001","T_cell"
"F3_P8_M36_L001","T_cell"
"F3_P9_M36_L001","T_cell"
"F4_P6_M36_L001","T_cell"
"F4_P7_M36_L001","T_cell"
"F4_P9_M36_L001","Unassigned (all modules low)"
"F5_P7_M36_L001","Myeloid"
"F5_P8_M36_L001","T_cell"
"F5_P9_M36_L001","T_cell"
"F6_P6_M36_L001","T_cell"
"F6_P7_M36_L001","T_cell"
"F6_P8_M36_L001","T_cell"
"F6_P9_M36_L001","T_cell"
"F7_P6_M36_L001","T_cell"
"F7_P7_M36_L001","T_cell"
"F7_P8_M36_L001","T_cell"
"F7_P9_M36_L001","T_cell"
"F8_P6_M36_L001","T_cell"
"F8_P7_M36_L001","T_cell"
"F8_P8_M36_L001","T_cell"
"F8_P9_M36_L001","NK"
"F9_P7_M36_L001","T_cell"
"F9_P8_M36_L001","T_cell"
"F9_P9_M36_L001","T_cell"
"G10_P6_M36_L001","T_cell"
"G10_P7_M36_L001","T_cell"
"G10_P8_M36_L001","T_cell"
"G10_P9_M36_L001","T_cell"
"G11_P6_M36_L001","T_cell"
"G11_P7_M36_L001","T_cell"
"G11_P8_M36_L001","T_cell"
"G11_P9_M36_L001","T_cell"
"G12_P6_M36_L001","NK"
"G12_P7_M36_L001","Unassigned (all modules low)"
"G12_P8_M36_L001","T_cell"
"G12_P9_M36_L001","T_cell"
"G1_P6_M36_L001","T_cell"
"G1_P7_M36_L001","T_cell"
"G1_P8_M36_L001","T_cell"
"G1_P9_M36_L001","T_cell"
"G2_P6_M36_L001","T_cell"
"G2_P7_M36_L001","T_cell"
"G2_P8_M36_L001","NK"
"G2_P9_M36_L001","NK"
"G3_P6_M36_L001","T_cell"
"G3_P7_M36_L001","T_cell"
"G3_P8_M36_L001","T_cell"
"G3_P9_M36_L001","T_cell"
"G4_P6_M36_L001","T_cell"
"G4_P7_M36_L001","T_cell"
"G4_P8_M36_L001","T_cell"
"G4_P9_M36_L001","T_cell"
"G5_P7_M36_L001","T_cell"
"G5_P8_M36_L001","T_cell"
"G5_P9_M36_L001","T_cell"
"G6_P6_M36_L001","Myeloid"
"G6_P7_M36_L001","T_cell"
"G6_P8_M36_L001","Unassigned (all modules low)"
"G6_P9_M36_L001","T_cell"
"G7_P6_M36_L001","T_cell"
"G7_P7_M36_L001","NK"
"G7_P8_M36_L001","T_cell"
"G7_P9_M36_L001","T_cell"
"G8_P6_M36_L001","NK"
"G8_P7_M36_L001","T_cell"
"G8_P8_M36_L001","T_cell"
"G8_P9_M36_L001","T_cell"
"G9_P6_M36_L001","T_cell"
"G9_P7_M36_L001","T_cell"
"G9_P8_M36_L001","NK"
"G9_P9_M36_L001","Myeloid"
"H10_P6_M36_L001","NK"
"H10_P7_M36_L001","NK"
"H10_P8_M36_L001","T_cell"
"H10_P9_M36_L001","T_cell"
"H11_P6_M36_L001","Myeloid"
"H11_P7_M36_L001","T_cell"
"H11_P8_M36_L001","T_cell"
"H11_P9_M36_L001","Unassigned (all modules low)"
"H12_P6_M36_L001","T_cell"
"H12_P7_M36_L001","T_cell"
"H12_P9_M36_L001","T_cell"
"H1_P6_M36_L001","T_cell"
"H1_P7_M36_L001","T_cell"
"H1_P8_M36_L001","T_cell"
"H1_P9_M36_L001","NK"
"H2_P6_M36_L001","Mast"
"H2_P7_M36_L001","T_cell"
"H2_P8_M36_L001","T_cell"
"H2_P9_M36_L001","T_cell"
"H3_P6_M36_L001","NK"
"H3_P7_M36_L001","T_cell"
"H3_P8_M36_L001","T_cell"
"H3_P9_M36_L001","T_cell"
"H4_P7_M36_L001","T_cell"
"H4_P8_M36_L001","T_cell"
"H4_P9_M36_L001","T_cell"
"H5_P6_M36_L001","T_cell"
"H5_P7_M36_L001","NK"
"H5_P8_M36_L001","T_cell"
"H5_P9_M36_L001","T_cell"
"H6_P6_M36_L001","T_cell"
"H6_P7_M36_L001","T_cell"
"H6_P9_M36_L001","NK"
"H7_P6_M36_L001","T_cell"
"H7_P7_M36_L001","T_cell"
"H7_P8_M36_L001","T_cell"
"H7_P9_M36_L001","T_cell"
"H8_P6_M36_L001","T_cell"
"H8_P7_M36_L001","T_cell"
"H8_P8_M36_L001","T_cell"
"H8_P9_M36_L001","T_cell"
"H9_P6_M36_L001","T_cell"
"H9_P7_M36_L001","T_cell"
"H9_P8_M36_L001","T_cell"
"H9_P9_M36_L001","T_cell"
"A10_P1_M42","Myeloid"
"A10_P2_M42","T_cell"
"A10_P3_M42","B_cell"
"A10_P4_M42","Myeloid"
"A11_P1_M42","T_cell"
"A11_P2_M42","T_cell"
"A11_P3_M42","T_cell"
"A11_P4_M42","Myeloid"
"A12_P1_M42","T_cell"
"A12_P2_M42","T_cell"
"A12_P3_M42","Myeloid"
"A12_P4_M42","T_cell"
"A2_P1_M42","Myeloid"
"A2_P2_M42","Myeloid"
"A2_P3_M42","NK"
"A2_P4_M42","Myeloid"
"A3_P1_M42","T_cell"
"A3_P2_M42","T_cell"
"A3_P3_M42","T_cell"
"A4_P1_M42","Myeloid"
"A4_P2_M42","Myeloid"
"A4_P3_M42","T_cell"
"A4_P4_M42","T_cell"
"A5_P2_M42","T_cell"
"A5_P3_M42","T_cell"
"A5_P4_M42","T_cell"
"A6_P2_M42","T_cell"
"A6_P3_M42","T_cell"
"A6_P4_M42","Myeloid"
"A7_P2_M42","Myeloid"
"A7_P3_M42","Myeloid"
"A7_P4_M42","T_cell"
"A8_P1_M42","T_cell"
"A8_P2_M42","Myeloid"
"A8_P3_M42","B_cell"
"A8_P4_M42","Myeloid"
"A9_P1_M42","T_cell"
"A9_P2_M42","Myeloid"
"A9_P3_M42","Myeloid"
"A9_P4_M42","T_cell"
"B10_P1_M42","Myeloid"
"B10_P2_M42","T_cell"
"B10_P3_M42","Myeloid"
"B10_P4_M42","T_cell"
"B11_P1_M42","T_cell"
"B11_P2_M42","T_cell"
"B11_P3_M42","T_cell"
"B11_P4_M42","T_cell"
"B12_P1_M42","Myeloid"
"B12_P3_M42","Myeloid"
"B12_P4_M42","Myeloid"
"B1_P1_M42","T_cell"
"B1_P2_M42","NK"
"B1_P4_M42","NK"
"B2_P1_M42","Myeloid"
"B2_P4_M42","NK"
"B3_P1_M42","NK"
"B3_P2_M42","T_cell"
"B3_P4_M42","T_cell"
"B4_P1_M42","T_cell"
"B4_P2_M42","NK"
"B4_P4_M42","T_cell"
"B5_P1_M42","T_cell"
"B5_P2_M42","T_cell"
"B5_P3_M42","NK"
"B5_P4_M42","T_cell"
"B6_P1_M42","T_cell"
"B6_P2_M42","T_cell"
"B6_P3_M42","NK"
"B6_P4_M42","Myeloid"
"B7_P1_M42","Myeloid"
"B7_P2_M42","T_cell"
"B7_P3_M42","Myeloid"
"B8_P2_M42","T_cell"
"B8_P3_M42","T_cell"
"B8_P4_M42","T_cell"
"B9_P1_M42","Myeloid"
"B9_P2_M42","T_cell"
"B9_P3_M42","Myeloid"
"B9_P4_M42","Myeloid"
"C10_P1_M42","Myeloid"
"C10_P2_M42","Myeloid"
"C10_P3_M42","T_cell"
"C10_P4_M42","Myeloid"
"C11_P1_M42","Myeloid"
"C11_P2_M42","T_cell"
"C11_P3_M42","NK"
"C11_P4_M42","Myeloid"
"C12_P1_M42","Myeloid"
"C12_P2_M42","T_cell"
"C12_P3_M42","T_cell"
"C12_P4_M42","Myeloid"
"C1_P1_M42","T_cell"
"C1_P2_M42","T_cell"
"C1_P3_M42","T_cell"
"C1_P4_M42","Myeloid"
"C2_P1_M42","Myeloid"
"C2_P3_M42","Myeloid"
"C2_P4_M42","Myeloid"
"C3_P1_M42","T_cell"
"C3_P2_M42","T_cell"
"C3_P4_M42","Myeloid"
"C4_P1_M42","T_cell"
"C4_P2_M42","NK"
"C4_P3_M42","B_cell"
"C4_P4_M42","NK"
"C5_P1_M42","Myeloid"
"C5_P2_M42","T_cell"
"C5_P3_M42","B_cell"
"C5_P4_M42","B_cell"
"C6_P2_M42","B_cell"
"C6_P3_M42","T_cell"
"C7_P1_M42","NK"
"C7_P3_M42","T_cell"
"C8_P3_M42","T_cell"
"C9_P2_M42","Myeloid"
"C9_P3_M42","B_cell"
"C9_P4_M42","Myeloid"
"D10_P1_M42","Myeloid"
"D10_P2_M42","T_cell"
"D10_P3_M42","T_cell"
"D10_P4_M42","Myeloid"
"D11_P1_M42","NK"
"D11_P2_M42","T_cell"
"D11_P3_M42","NK"
"D12_P1_M42","Myeloid"
"D12_P2_M42","Myeloid"
"D12_P3_M42","Myeloid"
"D1_P1_M42","T_cell"
"D1_P2_M42","Myeloid"
"D1_P3_M42","T_cell"
"D1_P4_M42","T_cell"
"D2_P1_M42","Myeloid"
"D2_P2_M42","Myeloid"
"D2_P3_M42","Myeloid"
"D2_P4_M42","T_cell"
"D3_P1_M42","Myeloid"
"D3_P2_M42","T_cell"
"D3_P4_M42","Myeloid"
"D4_P1_M42","T_cell"
"D4_P2_M42","T_cell"
"D4_P3_M42","T_cell"
"D5_P1_M42","T_cell"
"D5_P2_M42","Myeloid"
"D5_P3_M42","T_cell"
"D6_P2_M42","Myeloid"
"D6_P3_M42","T_cell"
"D6_P4_M42","Myeloid"
"D7_P2_M42","T_cell"
"D7_P3_M42","T_cell"
"D7_P4_M42","T_cell"
"D8_P1_M42","B_cell"
"D8_P2_M42","T_cell"
"D8_P3_M42","B_cell"
"D8_P4_M42","T_cell"
"D9_P1_M42","Myeloid"
"D9_P3_M42","T_cell"
"D9_P4_M42","Myeloid"
"E10_P1_M42","T_cell"
"E10_P2_M42","T_cell"
"E10_P4_M42","T_cell"
"E11_P2_M42","T_cell"
"E11_P4_M42","B_cell"
"E12_P1_M42","Myeloid"
"E12_P3_M42","NK"
"E12_P4_M42","T_cell"
"E1_P1_M42","T_cell"
"E1_P2_M42","Myeloid"
"E1_P3_M42","NK"
"E1_P4_M42","T_cell"
"E2_P1_M42","T_cell"
"E2_P2_M42","Myeloid"
"E2_P3_M42","Myeloid"
"E2_P4_M42","Myeloid"
"E3_P1_M42","T_cell"
"E3_P2_M42","T_cell"
"E3_P3_M42","T_cell"
"E3_P4_M42","Myeloid"
"E4_P1_M42","Myeloid"
"E4_P2_M42","T_cell"
"E4_P3_M42","T_cell"
"E5_P1_M42","Myeloid"
"E5_P2_M42","T_cell"
"E5_P3_M42","T_cell"
"E5_P4_M42","T_cell"
"E6_P1_M42","NK"
"E6_P2_M42","T_cell"
"E6_P3_M42","T_cell"
"E6_P4_M42","T_cell"
"E7_P1_M42","T_cell"
"E7_P2_M42","T_cell"
"E7_P3_M42","T_cell"
"E7_P4_M42","Myeloid"
"E8_P1_M42","T_cell"
"E8_P2_M42","Myeloid"
"E8_P3_M42","Myeloid"
"E8_P4_M42","Myeloid"
"E9_P1_M42","NK"
"E9_P2_M42","Myeloid"
"E9_P4_M42","T_cell"
"F10_P1_M42","T_cell"
"F10_P2_M42","Myeloid"
"F10_P3_M42","Myeloid"
"F10_P4_M42","Myeloid"
"F11_P1_M42","Myeloid"
"F11_P2_M42","T_cell"
"F12_P1_M42","Myeloid"
"F12_P2_M42","Myeloid"
"F12_P3_M42","T_cell"
"F12_P4_M42","T_cell"
"F1_P1_M42","T_cell"
"F1_P3_M42","T_cell"
"F1_P4_M42","T_cell"
"F2_P1_M42","T_cell"
"F2_P2_M42","Myeloid"
"F3_P1_M42","Myeloid"
"F3_P2_M42","T_cell"
"F4_P2_M42","B_cell"
"F4_P3_M42","Myeloid"
"F5_P1_M42","Myeloid"
"F5_P2_M42","T_cell"
"F5_P3_M42","T_cell"
"F5_P4_M42","T_cell"
"F6_P3_M42","T_cell"
"F6_P4_M42","T_cell"
"F7_P1_M42","T_cell"
"F7_P4_M42","Unassigned (all modules low)"
"F8_P1_M42","NK"
"F8_P3_M42","NK"
"F8_P4_M42","NK"
"F9_P1_M42","T_cell"
"F9_P3_M42","T_cell"
"F9_P4_M42","T_cell"
"G10_P1_M42","NK"
"G10_P2_M42","T_cell"
"G10_P4_M42","T_cell"
"G11_P1_M42","T_cell"
"G11_P2_M42","T_cell"
"G12_P1_M42","Myeloid"
"G12_P2_M42","B_cell"
"G12_P3_M42","T_cell"
"G12_P4_M42","Myeloid"
"G1_P1_M42","T_cell"
"G1_P2_M42","T_cell"
"G1_P3_M42","T_cell"
"G1_P4_M42","NK"
"G2_P2_M42","T_cell"
"G2_P3_M42","Myeloid"
"G2_P4_M42","T_cell"
"G3_P1_M42","T_cell"
"G3_P3_M42","T_cell"
"G3_P4_M42","Myeloid"
"G4_P1_M42","Myeloid"
"G4_P3_M42","B_cell"
"G4_P4_M42","T_cell"
"G5_P1_M42","Myeloid"
"G5_P2_M42","T_cell"
"G5_P4_M42","T_cell"
"G6_P2_M42","T_cell"
"G6_P3_M42","T_cell"
"G7_P1_M42","T_cell"
"G7_P2_M42","Myeloid"
"G7_P3_M42","T_cell"
"G8_P2_M42","Myeloid"
"G8_P3_M42","T_cell"
"G8_P4_M42","Myeloid"
"G9_P1_M42","T_cell"
"G9_P2_M42","Myeloid"
"G9_P3_M42","B_cell"
"G9_P4_M42","Myeloid"
"H10_P1_M42","Myeloid"
"H10_P2_M42","T_cell"
"H10_P3_M42","Myeloid"
"H10_P4_M42","T_cell"
"H11_P1_M42","Myeloid"
"H11_P2_M42","T_cell"
"H11_P3_M42","T_cell"
"H11_P4_M42","T_cell"
"H12_P1_M42","Myeloid"
"H12_P2_M42","NK"
"H12_P3_M42","T_cell"
"H12_P4_M42","T_cell"
"H1_P1_M42","Myeloid"
"H1_P2_M42","T_cell"
"H1_P3_M42","NK"
"H1_P4_M42","T_cell"
"H2_P1_M42","Myeloid"
"H2_P2_M42","T_cell"
"H2_P3_M42","T_cell"
"H2_P4_M42","Myeloid"
"H3_P1_M42","NK"
"H3_P2_M42","T_cell"
"H3_P3_M42","T_cell"
"H3_P4_M42","T_cell"
"H4_P1_M42","NK"
"H4_P2_M42","T_cell"
"H4_P4_M42","T_cell"
"H5_P1_M42","Myeloid"
"H5_P2_M42","T_cell"
"H5_P3_M42","T_cell"
"H6_P2_M42","Myeloid"
"H6_P3_M42","T_cell"
"H7_P1_M42","T_cell"
"H7_P2_M42","T_cell"
"H7_P3_M42","T_cell"
"H7_P4_M42","Myeloid"
"H8_P2_M42","B_cell"
"H8_P3_M42","Myeloid"
"H8_P4_M42","T_cell"
"H9_P2_M42","Myeloid"
"H9_P4_M42","T_cell"
"A10_P1_M47","B_cell"
"A10_P2_M47","B_cell"
"A10_P3_M47","T_cell"
"A10_P4_M47","T_cell"
"A11_P2_M47","T_cell"
"A11_P3_M47","T_cell"
"A11_P4_M47","Myeloid"
"A12_P1_M47","B_cell"
"A12_P2_M47","B_cell"
"A12_P3_M47","B_cell"
"A2_P1_M47","T_cell"
"A2_P2_M47","B_cell"
"A2_P3_M47","B_cell"
"A2_P4_M47","T_cell"
"A3_P1_M47","B_cell"
"A3_P2_M47","B_cell"
"A3_P3_M47","B_cell"
"A3_P4_M47","T_cell"
"A4_P1_M47","T_cell"
"A4_P2_M47","T_cell"
"A4_P3_M47","B_cell"
"A4_P4_M47","B_cell"
"A5_P1_M47","B_cell"
"A5_P2_M47","T_cell"
"A5_P3_M47","B_cell"
"A5_P4_M47","T_cell"
"A6_P1_M47","B_cell"
"A6_P2_M47","B_cell"
"A6_P3_M47","B_cell"
"A6_P4_M47","B_cell"
"A7_P1_M47","B_cell"
"A7_P2_M47","B_cell"
"A7_P3_M47","T_cell"
"A7_P4_M47","B_cell"
"A8_P1_M47","B_cell"
"A8_P2_M47","T_cell"
"A8_P3_M47","T_cell"
"A8_P4_M47","B_cell"
"A9_P1_M47","Myeloid"
"A9_P2_M47","T_cell"
"A9_P3_M47","B_cell"
"A9_P4_M47","B_cell"
"B10_P1_M47","B_cell"
"B10_P2_M47","B_cell"
"B10_P3_M47","Myeloid"
"B10_P4_M47","B_cell"
"B11_P1_M47","T_cell"
"B11_P3_M47","B_cell"
"B11_P4_M47","Myeloid"
"B12_P1_M47","B_cell"
"B12_P2_M47","B_cell"
"B12_P4_M47","T_cell"
"B1_P1_M47","T_cell"
"B1_P2_M47","B_cell"
"B1_P4_M47","T_cell"
"B2_P1_M47","T_cell"
"B2_P2_M47","B_cell"
"B2_P3_M47","B_cell"
"B2_P4_M47","T_cell"
"B3_P1_M47","T_cell"
"B3_P2_M47","B_cell"
"B3_P3_M47","B_cell"
"B3_P4_M47","B_cell"
"B4_P1_M47","B_cell"
"B4_P2_M47","B_cell"
"B4_P3_M47","Myeloid"
"B4_P4_M47","B_cell"
"B5_P1_M47","B_cell"
"B5_P2_M47","B_cell"
"B5_P3_M47","B_cell"
"B5_P4_M47","B_cell"
"B6_P1_M47","T_cell"
"B6_P2_M47","T_cell"
"B6_P3_M47","B_cell"
"B6_P4_M47","B_cell"
"B7_P1_M47","B_cell"
"B7_P2_M47","B_cell"
"B7_P3_M47","B_cell"
"B7_P4_M47","Myeloid"
"B8_P1_M47","Myeloid"
"B8_P2_M47","T_cell"
"B8_P3_M47","B_cell"
"B8_P4_M47","B_cell"
"B9_P1_M47","B_cell"
"B9_P2_M47","B_cell"
"B9_P3_M47","T_cell"
"B9_P4_M47","B_cell"
"C10_P1_M47","T_cell"
"C10_P2_M47","T_cell"
"C10_P3_M47","B_cell"
"C10_P4_M47","B_cell"
"C11_P1_M47","T_cell"
"C11_P2_M47","T_cell"
"C11_P3_M47","T_cell"
"C11_P4_M47","B_cell"
"C12_P1_M47","B_cell"
"C12_P2_M47","B_cell"
"C12_P3_M47","B_cell"
"C12_P4_M47","T_cell"
"C1_P1_M47","T_cell"
"C1_P2_M47","B_cell"
"C1_P3_M47","B_cell"
"C1_P4_M47","B_cell"
"C2_P1_M47","B_cell"
"C2_P2_M47","B_cell"
"C2_P3_M47","B_cell"
"C2_P4_M47","T_cell"
"C3_P1_M47","T_cell"
"C3_P2_M47","T_cell"
"C3_P3_M47","B_cell"
"C3_P4_M47","T_cell"
"C4_P1_M47","B_cell"
"C4_P2_M47","T_cell"
"C4_P4_M47","B_cell"
"C5_P1_M47","B_cell"
"C5_P2_M47","T_cell"
"C5_P3_M47","B_cell"
"C5_P4_M47","B_cell"
"C6_P1_M47","T_cell"
"C6_P2_M47","T_cell"
"C6_P3_M47","B_cell"
"C6_P4_M47","B_cell"
"C7_P1_M47","B_cell"
"C7_P2_M47","T_cell"
"C7_P3_M47","T_cell"
"C7_P4_M47","B_cell"
"C8_P1_M47","T_cell"
"C8_P2_M47","B_cell"
"C8_P3_M47","B_cell"
"C8_P4_M47","B_cell"
"C9_P1_M47","B_cell"
"C9_P2_M47","B_cell"
"C9_P3_M47","B_cell"
"C9_P4_M47","B_cell"
"D10_P1_M47","B_cell"
"D10_P2_M47","T_cell"
"D10_P3_M47","B_cell"
"D10_P4_M47","T_cell"
"D11_P1_M47","T_cell"
"D11_P2_M47","T_cell"
"D11_P3_M47","B_cell"
"D11_P4_M47","B_cell"
"D12_P1_M47","B_cell"
"D12_P2_M47","B_cell"
"D12_P3_M47","B_cell"
"D12_P4_M47","B_cell"
"D1_P1_M47","B_cell"
"D1_P2_M47","T_cell"
"D1_P3_M47","T_cell"
"D1_P4_M47","B_cell"
"D2_P1_M47","B_cell"
"D2_P2_M47","Myeloid"
"D2_P3_M47","B_cell"
"D2_P4_M47","B_cell"
"D3_P1_M47","T_cell"
"D3_P2_M47","B_cell"
"D3_P3_M47","T_cell"
"D3_P4_M47","B_cell"
"D4_P1_M47","B_cell"
"D4_P2_M47","T_cell"
"D4_P3_M47","B_cell"
"D4_P4_M47","T_cell"
"D5_P1_M47","B_cell"
"D5_P2_M47","B_cell"
"D5_P3_M47","T_cell"
"D5_P4_M47","B_cell"
"D6_P1_M47","T_cell"
"D6_P2_M47","B_cell"
"D6_P3_M47","B_cell"
"D6_P4_M47","B_cell"
"D7_P1_M47","B_cell"
"D7_P2_M47","B_cell"
"D7_P3_M47","Myeloid"
"D7_P4_M47","B_cell"
"D8_P1_M47","T_cell"
"D8_P2_M47","T_cell"
"D8_P3_M47","T_cell"
"D8_P4_M47","B_cell"
"D9_P1_M47","T_cell"
"D9_P2_M47","B_cell"
"D9_P3_M47","T_cell"
"D9_P4_M47","NK"
"E10_P1_M47","T_cell"
"E10_P2_M47","T_cell"
"E10_P3_M47","B_cell"
"E10_P4_M47","B_cell"
"E11_P1_M47","T_cell"
"E11_P2_M47","B_cell"
"E11_P3_M47","T_cell"
"E11_P4_M47","B_cell"
"E12_P1_M47","B_cell"
"E12_P2_M47","B_cell"
"E12_P3_M47","B_cell"
"E12_P4_M47","T_cell"
"E1_P1_M47","B_cell"
"E1_P2_M47","T_cell"
"E1_P3_M47","T_cell"
"E1_P4_M47","B_cell"
"E2_P1_M47","B_cell"
"E2_P2_M47","T_cell"
"E2_P3_M47","B_cell"
"E2_P4_M47","T_cell"
"E3_P1_M47","T_cell"
"E3_P2_M47","B_cell"
"E3_P3_M47","B_cell"
"E3_P4_M47","B_cell"
"E4_P1_M47","T_cell"
"E4_P2_M47","B_cell"
"E4_P3_M47","T_cell"
"E4_P4_M47","B_cell"
"E5_P1_M47","B_cell"
"E5_P2_M47","T_cell"
"E5_P3_M47","B_cell"
"E5_P4_M47","B_cell"
"E6_P1_M47","Myeloid"
"E6_P2_M47","B_cell"
"E6_P3_M47","B_cell"
"E6_P4_M47","T_cell"
"E7_P1_M47","NK"
"E7_P2_M47","T_cell"
"E7_P3_M47","T_cell"
"E7_P4_M47","B_cell"
"E8_P1_M47","B_cell"
"E8_P2_M47","B_cell"
"E8_P3_M47","B_cell"
"E8_P4_M47","T_cell"
"E9_P1_M47","B_cell"
"E9_P2_M47","B_cell"
"E9_P3_M47","T_cell"
"E9_P4_M47","T_cell"
"F10_P1_M47","NK"
"F10_P2_M47","B_cell"
"F10_P3_M47","T_cell"
"F10_P4_M47","T_cell"
"F11_P1_M47","B_cell"
"F11_P2_M47","B_cell"
"F11_P3_M47","B_cell"
"F11_P4_M47","B_cell"
"F12_P1_M47","B_cell"
"F12_P2_M47","B_cell"
"F12_P3_M47","T_cell"
"F12_P4_M47","B_cell"
"F1_P1_M47","B_cell"
"F1_P2_M47","T_cell"
"F1_P3_M47","T_cell"
"F1_P4_M47","B_cell"
"F2_P1_M47","B_cell"
"F2_P2_M47","B_cell"
"F2_P3_M47","T_cell"
"F2_P4_M47","NK"
"F3_P1_M47","B_cell"
"F3_P2_M47","B_cell"
"F3_P3_M47","B_cell"
"F3_P4_M47","B_cell"
"F4_P1_M47","B_cell"
"F4_P2_M47","B_cell"
"F4_P3_M47","T_cell"
"F4_P4_M47","B_cell"
"F5_P1_M47","T_cell"
"F5_P2_M47","T_cell"
"F5_P3_M47","B_cell"
"F5_P4_M47","T_cell"
"F6_P1_M47","B_cell"
"F6_P2_M47","B_cell"
"F6_P3_M47","T_cell"
"F6_P4_M47","T_cell"
"F7_P1_M47","T_cell"
"F7_P2_M47","B_cell"
"F7_P3_M47","B_cell"
"F7_P4_M47","T_cell"
"F8_P1_M47","T_cell"
"F8_P2_M47","T_cell"
"F8_P3_M47","Myeloid"
"F8_P4_M47","B_cell"
"F9_P1_M47","T_cell"
"F9_P2_M47","T_cell"
"G10_P1_M47","T_cell"
"G10_P2_M47","B_cell"
"G11_P1_M47","B_cell"
"G11_P2_M47","B_cell"
"G12_P1_M47","B_cell"
"G12_P2_M47","T_cell"
"G1_P1_M47","B_cell"
"G1_P2_M47","B_cell"
"G2_P1_M47","T_cell"
"G2_P2_M47","B_cell"
"G3_P1_M47","T_cell"
"G3_P2_M47","B_cell"
"G4_P1_M47","T_cell"
"G4_P2_M47","T_cell"
"G5_P1_M47","B_cell"
"G5_P2_M47","B_cell"
"G6_P1_M47","T_cell"
"G7_P1_M47","T_cell"
"G8_P1_M47","B_cell"
"G8_P2_M47","T_cell"
"G9_P1_M47","T_cell"
"G9_P2_M47","B_cell"
"G9_P3_M47","B_cell"
"H10_P1_M47","T_cell"
"H10_P2_M47","B_cell"
"H10_P3_M47","B_cell"
"H11_P1_M47","T_cell"
"H11_P2_M47","T_cell"
"H11_P3_M47","T_cell"
"H11_P4_M47","T_cell"
"H12_P1_M47","B_cell"
"H12_P2_M47","T_cell"
"H12_P3_M47","B_cell"
"H12_P4_M47","B_cell"
"H1_P1_M47","T_cell"
"H1_P2_M47","T_cell"
"H1_P3_M47","T_cell"
"H1_P4_M47","T_cell"
"H2_P1_M47","T_cell"
"H2_P2_M47","B_cell"
"H2_P3_M47","B_cell"
"H2_P4_M47","B_cell"
"H3_P1_M47","T_cell"
"H3_P2_M47","T_cell"
"H3_P3_M47","T_cell"
"H3_P4_M47","B_cell"
"H4_P1_M47","T_cell"
"H4_P2_M47","B_cell"
"H4_P3_M47","T_cell"
"H4_P4_M47","B_cell"
"H5_P1_M47","Myeloid"
"H5_P2_M47","B_cell"
"H5_P3_M47","T_cell"
"H6_P1_M47","B_cell"
"H6_P2_M47","B_cell"
"H6_P3_M47","B_cell"
"H6_P4_M47","Myeloid"
"H7_P1_M47","B_cell"
"H7_P2_M47","T_cell"
"H7_P3_M47","T_cell"
"H8_P1_M47","B_cell"
"H8_P2_M47","B_cell"
"H8_P3_M47","T_cell"
"H8_P4_M47","B_cell"
"H9_P1_M47","B_cell"
"H9_P2_M47","Myeloid"
"H9_P3_M47","B_cell"
"H9_P4_M47","B_cell"
"A10_P5_M47_L001","B_cell"
"A11_P5_M47_L001","B_cell"
"A12_P5_M47_L001","B_cell"
"A4_P5_M47_L001","B_cell"
"A5_P5_M47_L001","B_cell"
"A6_P5_M47_L001","B_cell"
"A7_P5_M47_L001","B_cell"
"A8_P5_M47_L001","T_cell"
"A9_P5_M47_L001","B_cell"
"B10_P5_M47_L001","B_cell"
"B11_P5_M47_L001","B_cell"
"B12_P5_M47_L001","B_cell"
"B1_P5_M47_L001","T_cell"
"B2_P5_M47_L001","T_cell"
"B3_P5_M47_L001","T_cell"
"B4_P5_M47_L001","T_cell"
"B5_P5_M47_L001","B_cell"
"B6_P5_M47_L001","T_cell"
"B7_P5_M47_L001","B_cell"
"B8_P5_M47_L001","B_cell"
"B9_P5_M47_L001","T_cell"
"C10_P5_M47_L001","B_cell"
"C11_P5_M47_L001","B_cell"
"C1_P5_M47_L001","T_cell"
"C2_P5_M47_L001","B_cell"
"C3_P5_M47_L001","T_cell"
"C4_P5_M47_L001","B_cell"
"C6_P5_M47_L001","B_cell"
"C7_P5_M47_L001","B_cell"
"C8_P5_M47_L001","T_cell"
"C9_P5_M47_L001","B_cell"
"D10_P5_M47_L001","T_cell"
"D11_P5_M47_L001","T_cell"
"D12_P5_M47_L001","T_cell"
"D1_P5_M47_L001","B_cell"
"D2_P5_M47_L001","B_cell"
"D3_P5_M47_L001","B_cell"
"D4_P5_M47_L001","B_cell"
"D6_P5_M47_L001","B_cell"
"D8_P5_M47_L001","B_cell"
"D9_P5_M47_L001","B_cell"
"E10_P5_M47_L001","T_cell"
"E11_P5_M47_L001","B_cell"
"E12_P5_M47_L001","T_cell"
"E1_P5_M47_L001","B_cell"
"E3_P5_M47_L001","T_cell"
"E4_P5_M47_L001","T_cell"
"E5_P5_M47_L001","B_cell"
"E6_P5_M47_L001","B_cell"
"E8_P5_M47_L001","B_cell"
"F11_P5_M47_L001","B_cell"
"F12_P5_M47_L001","T_cell"
"F1_P5_M47_L001","T_cell"
"F3_P5_M47_L001","T_cell"
"F4_P5_M47_L001","NK"
"F5_P5_M47_L001","T_cell"
"F6_P5_M47_L001","T_cell"
"F8_P5_M47_L001","T_cell"
"F9_P5_M47_L001","T_cell"
"G11_P5_M47_L001","T_cell"
"G12_P5_M47_L001","B_cell"
"G2_P5_M47_L001","T_cell"
"G3_P5_M47_L001","T_cell"
"G4_P5_M47_L001","B_cell"
"G5_P5_M47_L001","T_cell"
"G7_P5_M47_L001","B_cell"
"H10_P5_M47_L001","B_cell"
"H11_P5_M47_L001","T_cell"
"H12_P5_M47_L001","T_cell"
"H1_P5_M47_L001","B_cell"
"H2_P5_M47_L001","T_cell"
"H3_P5_M47_L001","T_cell"
"H4_P5_M47_L001","B_cell"
"H5_P5_M47_L001","NK"
"H7_P5_M47_L001","B_cell"
"H8_P5_M47_L001","B_cell"
"H9_P5_M47_L001","T_cell"
"A10_P1_MMD1-84A_L001","T_cell"
"A10_P3_MMD1-84A_L001","T_cell"
"A11_P1_MMD1-84A_L001","Myeloid"
"A11_P2_MMD1-84A_L001","NK"
"A11_P3_MMD1-84A_L001","T_cell"
"A12_P1_MMD1-84A_L001","Myeloid"
"A12_P2_MMD1-84A_L001","Myeloid"
"A12_P3_MMD1-84A_L001","T_cell"
"A12_P4_MMD1-84A_L001","T_cell"
"A1_P2_MMD1-84A_L001","Myeloid"
"A1_P3_MMD1-84A_L001","T_cell"
"A1_P4_MMD1-84A_L001","T_cell"
"A2_P1_MMD1-84A_L001","T_cell"
"A2_P2_MMD1-84A_L001","NK"
"A2_P3_MMD1-84A_L001","T_cell"
"A2_P4_MMD1-84A_L001","T_cell"
"A3_P1_MMD1-84A_L001","T_cell"
"A3_P2_MMD1-84A_L001","T_cell"
"A3_P3_MMD1-84A_L001","T_cell"
"A3_P4_MMD1-84A_L001","T_cell"
"A4_P1_MMD1-84A_L001","T_cell"
"A4_P2_MMD1-84A_L001","T_cell"
"A4_P3_MMD1-84A_L001","T_cell"
"A4_P4_MMD1-84A_L001","T_cell"
"A5_P1_MMD1-84A_L001","T_cell"
"A5_P2_MMD1-84A_L001","NK"
"A5_P3_MMD1-84A_L001","T_cell"
"A6_P1_MMD1-84A_L001","Myeloid"
"A6_P2_MMD1-84A_L001","T_cell"
"A6_P3_MMD1-84A_L001","Myeloid"
"A6_P4_MMD1-84A_L001","T_cell"
"A7_P2_MMD1-84A_L001","T_cell"
"A7_P4_MMD1-84A_L001","T_cell"
"A8_P1_MMD1-84A_L001","T_cell"
"A9_P1_MMD1-84A_L001","T_cell"
"A9_P2_MMD1-84A_L001","T_cell"
"A9_P3_MMD1-84A_L001","T_cell"
"A9_P4_MMD1-84A_L001","T_cell"
"B10_P1_MMD1-84A_L001","T_cell"
"B10_P2_MMD1-84A_L001","T_cell"
"B10_P3_MMD1-84A_L001","NK"
"B10_P4_MMD1-84A_L001","T_cell"
"B11_P1_MMD1-84A_L001","Myeloid"
"B11_P2_MMD1-84A_L001","T_cell"
"B11_P3_MMD1-84A_L001","T_cell"
"B11_P4_MMD1-84A_L001","B_cell"
"B12_P1_MMD1-84A_L001","T_cell"
"B12_P4_MMD1-84A_L001","NK"
"B1_P2_MMD1-84A_L001","T_cell"
"B2_P1_MMD1-84A_L001","NK"
"B2_P2_MMD1-84A_L001","T_cell"
"B2_P3_MMD1-84A_L001","T_cell"
"B2_P4_MMD1-84A_L001","NK"
"B3_P1_MMD1-84A_L001","Mast"
"B3_P2_MMD1-84A_L001","T_cell"
"B3_P4_MMD1-84A_L001","T_cell"
"B4_P1_MMD1-84A_L001","T_cell"
"B4_P2_MMD1-84A_L001","T_cell"
"B4_P3_MMD1-84A_L001","T_cell"
"B5_P2_MMD1-84A_L001","T_cell"
"B5_P3_MMD1-84A_L001","T_cell"
"B5_P4_MMD1-84A_L001","T_cell"
"B6_P1_MMD1-84A_L001","Myeloid"
"B6_P3_MMD1-84A_L001","T_cell"
"B6_P4_MMD1-84A_L001","T_cell"
"B7_P1_MMD1-84A_L001","Myeloid"
"B7_P2_MMD1-84A_L001","T_cell"
"B7_P3_MMD1-84A_L001","T_cell"
"B7_P4_MMD1-84A_L001","T_cell"
"B8_P1_MMD1-84A_L001","Myeloid"
"B8_P3_MMD1-84A_L001","NK"
"B8_P4_MMD1-84A_L001","T_cell"
"B9_P4_MMD1-84A_L001","T_cell"
"C10_P1_MMD1-84A_L001","T_cell"
"C10_P2_MMD1-84A_L001","T_cell"
"C10_P3_MMD1-84A_L001","Myeloid"
"C10_P4_MMD1-84A_L001","T_cell"
"C11_P1_MMD1-84A_L001","B_cell"
"C11_P2_MMD1-84A_L001","T_cell"
"C11_P3_MMD1-84A_L001","T_cell"
"C11_P4_MMD1-84A_L001","T_cell"
"C12_P1_MMD1-84A_L001","Myeloid"
"C12_P2_MMD1-84A_L001","Myeloid"
"C12_P4_MMD1-84A_L001","T_cell"
"C1_P1_MMD1-84A_L001","B_cell"
"C1_P2_MMD1-84A_L001","Myeloid"
"C1_P3_MMD1-84A_L001","T_cell"
"C2_P1_MMD1-84A_L001","T_cell"
"C2_P2_MMD1-84A_L001","T_cell"
"C2_P3_MMD1-84A_L001","NK"
"C2_P4_MMD1-84A_L001","T_cell"
"C3_P1_MMD1-84A_L001","T_cell"
"C3_P2_MMD1-84A_L001","T_cell"
"C3_P4_MMD1-84A_L001","T_cell"
"C4_P1_MMD1-84A_L001","T_cell"
"C4_P3_MMD1-84A_L001","T_cell"
"C5_P1_MMD1-84A_L001","T_cell"
"C5_P3_MMD1-84A_L001","T_cell"
"C5_P4_MMD1-84A_L001","T_cell"
"C6_P2_MMD1-84A_L001","Mast"
"C6_P4_MMD1-84A_L001","T_cell"
"C7_P1_MMD1-84A_L001","T_cell"
"C7_P3_MMD1-84A_L001","T_cell"
"C7_P4_MMD1-84A_L001","NK"
"C8_P1_MMD1-84A_L001","T_cell"
"C8_P2_MMD1-84A_L001","T_cell"
"C8_P3_MMD1-84A_L001","T_cell"
"C9_P1_MMD1-84A_L001","Myeloid"
"C9_P3_MMD1-84A_L001","T_cell"
"C9_P4_MMD1-84A_L001","T_cell"
"D10_P1_MMD1-84A_L001","Myeloid"
"D10_P3_MMD1-84A_L001","T_cell"
"D10_P4_MMD1-84A_L001","Myeloid"
"D11_P1_MMD1-84A_L001","NK"
"D11_P2_MMD1-84A_L001","T_cell"
"D11_P3_MMD1-84A_L001","Myeloid"
"D11_P4_MMD1-84A_L001","T_cell"
"D12_P1_MMD1-84A_L001","Myeloid"
"D12_P2_MMD1-84A_L001","T_cell"
"D12_P3_MMD1-84A_L001","NK"
"D12_P4_MMD1-84A_L001","T_cell"
"D1_P1_MMD1-84A_L001","T_cell"
"D1_P2_MMD1-84A_L001","T_cell"
"D1_P3_MMD1-84A_L001","T_cell"
"D1_P4_MMD1-84A_L001","T_cell"
"D2_P1_MMD1-84A_L001","T_cell"
"D2_P4_MMD1-84A_L001","Myeloid"
"D3_P1_MMD1-84A_L001","T_cell"
"D3_P2_MMD1-84A_L001","T_cell"
"D4_P1_MMD1-84A_L001","T_cell"
"D4_P2_MMD1-84A_L001","Myeloid"
"D4_P4_MMD1-84A_L001","T_cell"
"D5_P1_MMD1-84A_L001","T_cell"
"D5_P2_MMD1-84A_L001","T_cell"
"D5_P3_MMD1-84A_L001","NK"
"D6_P1_MMD1-84A_L001","Myeloid"
"D6_P2_MMD1-84A_L001","T_cell"
"D6_P3_MMD1-84A_L001","T_cell"
"D6_P4_MMD1-84A_L001","Myeloid"
"D7_P1_MMD1-84A_L001","T_cell"
"D7_P2_MMD1-84A_L001","T_cell"
"D7_P3_MMD1-84A_L001","Myeloid"
"D7_P4_MMD1-84A_L001","T_cell"
"D8_P1_MMD1-84A_L001","T_cell"
"D8_P2_MMD1-84A_L001","Myeloid"
"D8_P3_MMD1-84A_L001","Myeloid"
"D8_P4_MMD1-84A_L001","Myeloid"
"D9_P1_MMD1-84A_L001","T_cell"
"D9_P2_MMD1-84A_L001","T_cell"
"D9_P4_MMD1-84A_L001","T_cell"
"E10_P1_MMD1-84A_L001","T_cell"
"E10_P2_MMD1-84A_L001","T_cell"
"E10_P4_MMD1-84A_L001","T_cell"
"E11_P1_MMD1-84A_L001","Myeloid"
"E11_P2_MMD1-84A_L001","Myeloid"
"E11_P3_MMD1-84A_L001","NK"
"E12_P1_MMD1-84A_L001","NK"
"E12_P2_MMD1-84A_L001","T_cell"
"E12_P4_MMD1-84A_L001","T_cell"
"E1_P1_MMD1-84A_L001","B_cell"
"E1_P2_MMD1-84A_L001","T_cell"
"E2_P1_MMD1-84A_L001","Myeloid"
"E2_P2_MMD1-84A_L001","Myeloid"
"E2_P3_MMD1-84A_L001","T_cell"
"E3_P1_MMD1-84A_L001","T_cell"
"E3_P2_MMD1-84A_L001","T_cell"
"E3_P4_MMD1-84A_L001","T_cell"
"E4_P2_MMD1-84A_L001","Myeloid"
"E4_P3_MMD1-84A_L001","T_cell"
"E5_P1_MMD1-84A_L001","T_cell"
"E5_P2_MMD1-84A_L001","T_cell"
"E6_P2_MMD1-84A_L001","T_cell"
"E6_P4_MMD1-84A_L001","T_cell"
"E7_P2_MMD1-84A_L001","NK"
"E7_P4_MMD1-84A_L001","Myeloid"
"E8_P1_MMD1-84A_L001","T_cell"
"E9_P1_MMD1-84A_L001","T_cell"
"E9_P2_MMD1-84A_L001","T_cell"
"E9_P3_MMD1-84A_L001","T_cell"
"F10_P1_MMD1-84A_L001","T_cell"
"F10_P2_MMD1-84A_L001","T_cell"
"F10_P3_MMD1-84A_L001","T_cell"
"F10_P4_MMD1-84A_L001","T_cell"
"F11_P2_MMD1-84A_L001","T_cell"
"F11_P3_MMD1-84A_L001","NK"
"F11_P4_MMD1-84A_L001","NK"
"F12_P1_MMD1-84A_L001","T_cell"
"F12_P4_MMD1-84A_L001","NK"
"F1_P1_MMD1-84A_L001","T_cell"
"F1_P2_MMD1-84A_L001","T_cell"
"F2_P1_MMD1-84A_L001","T_cell"
"F2_P3_MMD1-84A_L001","T_cell"
"F2_P4_MMD1-84A_L001","T_cell"
"F3_P1_MMD1-84A_L001","T_cell"
"F3_P2_MMD1-84A_L001","T_cell"
"F3_P4_MMD1-84A_L001","NK"
"F4_P2_MMD1-84A_L001","T_cell"
"F4_P3_MMD1-84A_L001","T_cell"
"F4_P4_MMD1-84A_L001","Myeloid"
"F5_P1_MMD1-84A_L001","T_cell"
"F5_P2_MMD1-84A_L001","T_cell"
"F5_P4_MMD1-84A_L001","T_cell"
"F6_P1_MMD1-84A_L001","T_cell"
"F6_P2_MMD1-84A_L001","NK"
"F6_P3_MMD1-84A_L001","T_cell"
"F7_P1_MMD1-84A_L001","Myeloid"
"F7_P2_MMD1-84A_L001","NK"
"F7_P3_MMD1-84A_L001","Unassigned (all modules low)"
"F7_P4_MMD1-84A_L001","T_cell"
"F8_P1_MMD1-84A_L001","T_cell"
"F8_P2_MMD1-84A_L001","Myeloid"
"F8_P3_MMD1-84A_L001","T_cell"
"F8_P4_MMD1-84A_L001","T_cell"
"F9_P1_MMD1-84A_L001","Myeloid"
"F9_P2_MMD1-84A_L001","NK"
"F9_P3_MMD1-84A_L001","NK"
"F9_P4_MMD1-84A_L001","T_cell"
"G10_P3_MMD1-84A_L001","Myeloid"
"G10_P4_MMD1-84A_L001","Myeloid"
"G11_P1_MMD1-84A_L001","T_cell"
"G11_P2_MMD1-84A_L001","T_cell"
"G11_P3_MMD1-84A_L001","T_cell"
"G11_P4_MMD1-84A_L001","T_cell"
"G12_P1_MMD1-84A_L001","T_cell"
"G12_P2_MMD1-84A_L001","T_cell"
"G12_P3_MMD1-84A_L001","T_cell"
"G12_P4_MMD1-84A_L001","T_cell"
"G1_P1_MMD1-84A_L001","T_cell"
"G1_P2_MMD1-84A_L001","NK"
"G1_P3_MMD1-84A_L001","T_cell"
"G1_P4_MMD1-84A_L001","T_cell"
"G2_P2_MMD1-84A_L001","T_cell"
"G2_P3_MMD1-84A_L001","T_cell"
"G2_P4_MMD1-84A_L001","T_cell"
"G3_P1_MMD1-84A_L001","T_cell"
"G3_P3_MMD1-84A_L001","T_cell"
"G4_P2_MMD1-84A_L001","T_cell"
"G4_P4_MMD1-84A_L001","T_cell"
"G5_P2_MMD1-84A_L001","T_cell"
"G6_P1_MMD1-84A_L001","T_cell"
"G6_P3_MMD1-84A_L001","T_cell"
"G6_P4_MMD1-84A_L001","T_cell"
"G7_P1_MMD1-84A_L001","Unassigned (all modules low)"
"G7_P2_MMD1-84A_L001","T_cell"
"G7_P4_MMD1-84A_L001","T_cell"
"G8_P1_MMD1-84A_L001","T_cell"
"G8_P2_MMD1-84A_L001","Myeloid"
"G8_P3_MMD1-84A_L001","T_cell"
"G9_P1_MMD1-84A_L001","T_cell"
"G9_P2_MMD1-84A_L001","T_cell"
"G9_P3_MMD1-84A_L001","T_cell"
"G9_P4_MMD1-84A_L001","T_cell"
"H10_P1_MMD1-84A_L001","Myeloid"
"H10_P2_MMD1-84A_L001","T_cell"
"H10_P3_MMD1-84A_L001","T_cell"
"H10_P4_MMD1-84A_L001","T_cell"
"H11_P1_MMD1-84A_L001","T_cell"
"H11_P2_MMD1-84A_L001","T_cell"
"H11_P3_MMD1-84A_L001","T_cell"
"H11_P4_MMD1-84A_L001","T_cell"
"H12_P1_MMD1-84A_L001","T_cell"
"H12_P2_MMD1-84A_L001","T_cell"
"H12_P4_MMD1-84A_L001","T_cell"
"H1_P1_MMD1-84A_L001","B_cell"
"H1_P2_MMD1-84A_L001","NK"
"H1_P3_MMD1-84A_L001","T_cell"
"H2_P1_MMD1-84A_L001","T_cell"
"H2_P2_MMD1-84A_L001","T_cell"
"H2_P3_MMD1-84A_L001","NK"
"H2_P4_MMD1-84A_L001","T_cell"
"H3_P1_MMD1-84A_L001","T_cell"
"H3_P2_MMD1-84A_L001","Myeloid"
"H3_P3_MMD1-84A_L001","T_cell"
"H3_P4_MMD1-84A_L001","T_cell"
"H4_P1_MMD1-84A_L001","NK"
"H4_P2_MMD1-84A_L001","T_cell"
"H4_P4_MMD1-84A_L001","T_cell"
"H5_P1_MMD1-84A_L001","T_cell"
"H5_P2_MMD1-84A_L001","T_cell"
"H5_P3_MMD1-84A_L001","T_cell"
"H6_P1_MMD1-84A_L001","T_cell"
"H6_P2_MMD1-84A_L001","T_cell"
"H6_P3_MMD1-84A_L001","T_cell"
"H6_P4_MMD1-84A_L001","T_cell"
"H7_P1_MMD1-84A_L001","T_cell"
"H7_P2_MMD1-84A_L001","T_cell"
"H7_P4_MMD1-84A_L001","T_cell"
"H8_P1_MMD1-84A_L001","T_cell"
"H8_P2_MMD1-84A_L001","Myeloid"
"H9_P1_MMD1-84A_L001","T_cell"
"H9_P2_MMD1-84A_L001","NK"
"H9_P3_MMD1-84A_L001","T_cell"
"A10_P1_MMD1-84B_L001","NK"
"A10_P2_MMD1-84B_L001","T_cell"
"A10_P3_MMD1-84B_L001","T_cell"
"A10_P4_MMD1-84B_L001","T_cell"
"A11_P1_MMD1-84B_L001","T_cell"
"A11_P2_MMD1-84B_L001","T_cell"
"A11_P3_MMD1-84B_L001","T_cell"
"A11_P4_MMD1-84B_L001","T_cell"
"A12_P1_MMD1-84B_L001","T_cell"
"A12_P2_MMD1-84B_L001","T_cell"
"A12_P3_MMD1-84B_L001","T_cell"
"A12_P4_MMD1-84B_L001","NK"
"A1_P1_MMD1-84B_L001","NK"
"A1_P2_MMD1-84B_L001","Myeloid"
"A1_P4_MMD1-84B_L001","T_cell"
"A2_P1_MMD1-84B_L001","T_cell"
"A2_P2_MMD1-84B_L001","T_cell"
"A2_P4_MMD1-84B_L001","T_cell"
"A3_P1_MMD1-84B_L001","T_cell"
"A3_P2_MMD1-84B_L001","T_cell"
"A3_P3_MMD1-84B_L001","T_cell"
"A4_P1_MMD1-84B_L001","T_cell"
"A4_P2_MMD1-84B_L001","T_cell"
"A4_P4_MMD1-84B_L001","T_cell"
"A5_P1_MMD1-84B_L001","T_cell"
"A5_P2_MMD1-84B_L001","T_cell"
"A5_P3_MMD1-84B_L001","T_cell"
"A6_P1_MMD1-84B_L001","T_cell"
"A6_P2_MMD1-84B_L001","T_cell"
"A6_P3_MMD1-84B_L001","T_cell"
"A6_P4_MMD1-84B_L001","T_cell"
"A7_P1_MMD1-84B_L001","T_cell"
"A7_P2_MMD1-84B_L001","T_cell"
"A7_P3_MMD1-84B_L001","T_cell"
"A7_P4_MMD1-84B_L001","T_cell"
"A8_P1_MMD1-84B_L001","T_cell"
"A8_P2_MMD1-84B_L001","T_cell"
"A8_P4_MMD1-84B_L001","NK"
"A9_P1_MMD1-84B_L001","T_cell"
"A9_P2_MMD1-84B_L001","NK"
"A9_P3_MMD1-84B_L001","T_cell"
"A9_P4_MMD1-84B_L001","T_cell"
"B10_P1_MMD1-84B_L001","T_cell"
"B10_P2_MMD1-84B_L001","T_cell"
"B10_P3_MMD1-84B_L001","T_cell"
"B10_P4_MMD1-84B_L001","NK"
"B11_P1_MMD1-84B_L001","T_cell"
"B11_P2_MMD1-84B_L001","T_cell"
"B11_P3_MMD1-84B_L001","T_cell"
"B12_P1_MMD1-84B_L001","T_cell"
"B12_P3_MMD1-84B_L001","T_cell"
"B12_P4_MMD1-84B_L001","T_cell"
"B1_P1_MMD1-84B_L001","NK"
"B1_P2_MMD1-84B_L001","T_cell"
"B1_P4_MMD1-84B_L001","T_cell"
"B2_P1_MMD1-84B_L001","T_cell"
"B2_P2_MMD1-84B_L001","T_cell"
"B2_P4_MMD1-84B_L001","T_cell"
"B3_P1_MMD1-84B_L001","T_cell"
"B3_P2_MMD1-84B_L001","T_cell"
"B3_P3_MMD1-84B_L001","T_cell"
"B4_P1_MMD1-84B_L001","T_cell"
"B4_P2_MMD1-84B_L001","T_cell"
"B4_P3_MMD1-84B_L001","Myeloid"
"B4_P4_MMD1-84B_L001","T_cell"
"B5_P1_MMD1-84B_L001","T_cell"
"B5_P2_MMD1-84B_L001","T_cell"
"B5_P3_MMD1-84B_L001","T_cell"
"B5_P4_MMD1-84B_L001","T_cell"
"B6_P2_MMD1-84B_L001","T_cell"
"B6_P3_MMD1-84B_L001","T_cell"
"B6_P4_MMD1-84B_L001","T_cell"
"B7_P1_MMD1-84B_L001","T_cell"
"B7_P2_MMD1-84B_L001","NK"
"B7_P4_MMD1-84B_L001","T_cell"
"B8_P1_MMD1-84B_L001","T_cell"
"B8_P2_MMD1-84B_L001","T_cell"
"B8_P3_MMD1-84B_L001","T_cell"
"B8_P4_MMD1-84B_L001","T_cell"
"B9_P1_MMD1-84B_L001","T_cell"
"B9_P3_MMD1-84B_L001","T_cell"
"B9_P4_MMD1-84B_L001","T_cell"
"C10_P2_MMD1-84B_L001","T_cell"
"C10_P4_MMD1-84B_L001","T_cell"
"C11_P3_MMD1-84B_L001","T_cell"
"C11_P4_MMD1-84B_L001","T_cell"
"C12_P2_MMD1-84B_L001","T_cell"
"C12_P3_MMD1-84B_L001","T_cell"
"C12_P4_MMD1-84B_L001","NK"
"C1_P1_MMD1-84B_L001","T_cell"
"C1_P3_MMD1-84B_L001","T_cell"
"C1_P4_MMD1-84B_L001","T_cell"
"C2_P1_MMD1-84B_L001","T_cell"
"C2_P2_MMD1-84B_L001","T_cell"
"C2_P3_MMD1-84B_L001","T_cell"
"C2_P4_MMD1-84B_L001","T_cell"
"C3_P1_MMD1-84B_L001","T_cell"
"C3_P2_MMD1-84B_L001","T_cell"
"C3_P3_MMD1-84B_L001","NK"
"C3_P4_MMD1-84B_L001","Myeloid"
"C4_P1_MMD1-84B_L001","T_cell"
"C4_P2_MMD1-84B_L001","T_cell"
"C4_P3_MMD1-84B_L001","B_cell"
"C4_P4_MMD1-84B_L001","T_cell"
"C5_P1_MMD1-84B_L001","T_cell"
"C5_P2_MMD1-84B_L001","T_cell"
"C5_P3_MMD1-84B_L001","T_cell"
"C5_P4_MMD1-84B_L001","T_cell"
"C6_P1_MMD1-84B_L001","T_cell"
"C6_P2_MMD1-84B_L001","NK"
"C6_P3_MMD1-84B_L001","T_cell"
"C6_P4_MMD1-84B_L001","T_cell"
"C7_P1_MMD1-84B_L001","T_cell"
"C7_P2_MMD1-84B_L001","T_cell"
"C7_P3_MMD1-84B_L001","T_cell"
"C7_P4_MMD1-84B_L001","T_cell"
"C8_P1_MMD1-84B_L001","T_cell"
"C8_P2_MMD1-84B_L001","T_cell"
"C8_P3_MMD1-84B_L001","T_cell"
"C8_P4_MMD1-84B_L001","T_cell"
"C9_P1_MMD1-84B_L001","T_cell"
"C9_P2_MMD1-84B_L001","T_cell"
"C9_P3_MMD1-84B_L001","T_cell"
"C9_P4_MMD1-84B_L001","T_cell"
"D10_P1_MMD1-84B_L001","T_cell"
"D10_P2_MMD1-84B_L001","T_cell"
"D10_P3_MMD1-84B_L001","T_cell"
"D10_P4_MMD1-84B_L001","T_cell"
"D11_P1_MMD1-84B_L001","T_cell"
"D11_P2_MMD1-84B_L001","T_cell"
"D11_P3_MMD1-84B_L001","T_cell"
"D11_P4_MMD1-84B_L001","T_cell"
"D12_P1_MMD1-84B_L001","T_cell"
"D12_P2_MMD1-84B_L001","T_cell"
"D12_P3_MMD1-84B_L001","T_cell"
"D12_P4_MMD1-84B_L001","T_cell"
"D1_P1_MMD1-84B_L001","NK"
"D1_P2_MMD1-84B_L001","T_cell"
"D1_P3_MMD1-84B_L001","T_cell"
"D1_P4_MMD1-84B_L001","T_cell"
"D2_P1_MMD1-84B_L001","T_cell"
"D2_P2_MMD1-84B_L001","T_cell"
"D2_P3_MMD1-84B_L001","T_cell"
"D2_P4_MMD1-84B_L001","T_cell"
"D3_P1_MMD1-84B_L001","T_cell"
"D3_P4_MMD1-84B_L001","T_cell"
"D4_P1_MMD1-84B_L001","T_cell"
"D4_P2_MMD1-84B_L001","NK"
"D4_P3_MMD1-84B_L001","T_cell"
"D4_P4_MMD1-84B_L001","T_cell"
"D5_P2_MMD1-84B_L001","T_cell"
"D5_P3_MMD1-84B_L001","T_cell"
"D5_P4_MMD1-84B_L001","T_cell"
"D6_P1_MMD1-84B_L001","T_cell"
"D6_P2_MMD1-84B_L001","T_cell"
"D6_P3_MMD1-84B_L001","T_cell"
"D6_P4_MMD1-84B_L001","T_cell"
"D7_P1_MMD1-84B_L001","T_cell"
"D7_P2_MMD1-84B_L001","T_cell"
"D7_P3_MMD1-84B_L001","T_cell"
"D7_P4_MMD1-84B_L001","T_cell"
"D8_P1_MMD1-84B_L001","T_cell"
"D8_P2_MMD1-84B_L001","T_cell"
"D8_P3_MMD1-84B_L001","T_cell"
"D8_P4_MMD1-84B_L001","T_cell"
"D9_P1_MMD1-84B_L001","T_cell"
"D9_P2_MMD1-84B_L001","NK"
"D9_P3_MMD1-84B_L001","T_cell"
"D9_P4_MMD1-84B_L001","T_cell"
"E10_P1_MMD1-84B_L001","T_cell"
"E10_P3_MMD1-84B_L001","T_cell"
"E10_P4_MMD1-84B_L001","T_cell"
"E11_P1_MMD1-84B_L001","T_cell"
"E11_P2_MMD1-84B_L001","T_cell"
"E11_P3_MMD1-84B_L001","T_cell"
"E11_P4_MMD1-84B_L001","T_cell"
"E12_P1_MMD1-84B_L001","T_cell"
"E12_P2_MMD1-84B_L001","T_cell"
"E12_P3_MMD1-84B_L001","T_cell"
"E12_P4_MMD1-84B_L001","T_cell"
"E1_P1_MMD1-84B_L001","T_cell"
"E1_P2_MMD1-84B_L001","T_cell"
"E1_P3_MMD1-84B_L001","T_cell"
"E1_P4_MMD1-84B_L001","T_cell"
"E2_P3_MMD1-84B_L001","T_cell"
"E2_P4_MMD1-84B_L001","Myeloid"
"E3_P1_MMD1-84B_L001","T_cell"
"E3_P2_MMD1-84B_L001","T_cell"
"E3_P3_MMD1-84B_L001","Unassigned (all modules low)"
"E3_P4_MMD1-84B_L001","T_cell"
"E4_P1_MMD1-84B_L001","T_cell"
"E4_P2_MMD1-84B_L001","T_cell"
"E4_P3_MMD1-84B_L001","T_cell"
"E4_P4_MMD1-84B_L001","T_cell"
"E5_P1_MMD1-84B_L001","T_cell"
"E5_P2_MMD1-84B_L001","NK"
"E5_P3_MMD1-84B_L001","T_cell"
"E5_P4_MMD1-84B_L001","T_cell"
"E6_P1_MMD1-84B_L001","T_cell"
"E6_P3_MMD1-84B_L001","T_cell"
"E6_P4_MMD1-84B_L001","T_cell"
"E7_P1_MMD1-84B_L001","T_cell"
"E7_P2_MMD1-84B_L001","T_cell"
"E7_P3_MMD1-84B_L001","T_cell"
"E7_P4_MMD1-84B_L001","T_cell"
"E8_P1_MMD1-84B_L001","T_cell"
"E8_P2_MMD1-84B_L001","T_cell"
"E8_P3_MMD1-84B_L001","NK"
"E8_P4_MMD1-84B_L001","T_cell"
"E9_P1_MMD1-84B_L001","T_cell"
"E9_P2_MMD1-84B_L001","T_cell"
"E9_P3_MMD1-84B_L001","T_cell"
"E9_P4_MMD1-84B_L001","T_cell"
"F10_P1_MMD1-84B_L001","T_cell"
"F10_P3_MMD1-84B_L001","T_cell"
"F10_P4_MMD1-84B_L001","T_cell"
"F11_P1_MMD1-84B_L001","T_cell"
"F11_P2_MMD1-84B_L001","T_cell"
"F12_P1_MMD1-84B_L001","T_cell"
"F12_P3_MMD1-84B_L001","T_cell"
"F12_P4_MMD1-84B_L001","T_cell"
"F1_P1_MMD1-84B_L001","T_cell"
"F1_P2_MMD1-84B_L001","T_cell"
"F1_P4_MMD1-84B_L001","T_cell"
"F2_P3_MMD1-84B_L001","T_cell"
"F2_P4_MMD1-84B_L001","T_cell"
"F3_P1_MMD1-84B_L001","T_cell"
"F3_P2_MMD1-84B_L001","T_cell"
"F3_P3_MMD1-84B_L001","T_cell"
"F3_P4_MMD1-84B_L001","T_cell"
"F4_P2_MMD1-84B_L001","T_cell"
"F4_P3_MMD1-84B_L001","T_cell"
"F4_P4_MMD1-84B_L001","T_cell"
"F5_P1_MMD1-84B_L001","T_cell"
"F5_P2_MMD1-84B_L001","T_cell"
"F5_P3_MMD1-84B_L001","T_cell"
"F5_P4_MMD1-84B_L001","T_cell"
"F6_P1_MMD1-84B_L001","T_cell"
"F6_P2_MMD1-84B_L001","Myeloid"
"F7_P1_MMD1-84B_L001","T_cell"
"F7_P2_MMD1-84B_L001","T_cell"
"F7_P3_MMD1-84B_L001","T_cell"
"F7_P4_MMD1-84B_L001","T_cell"
"F8_P1_MMD1-84B_L001","T_cell"
"F8_P2_MMD1-84B_L001","T_cell"
"F8_P3_MMD1-84B_L001","T_cell"
"F8_P4_MMD1-84B_L001","T_cell"
"F9_P1_MMD1-84B_L001","T_cell"
"F9_P2_MMD1-84B_L001","T_cell"
"F9_P3_MMD1-84B_L001","T_cell"
"F9_P4_MMD1-84B_L001","Myeloid"
"G10_P1_MMD1-84B_L001","T_cell"
"G10_P2_MMD1-84B_L001","T_cell"
"G10_P4_MMD1-84B_L001","T_cell"
"G11_P1_MMD1-84B_L001","Unassigned (all modules low)"
"G11_P2_MMD1-84B_L001","T_cell"
"G11_P3_MMD1-84B_L001","T_cell"
"G12_P1_MMD1-84B_L001","T_cell"
"G12_P3_MMD1-84B_L001","T_cell"
"G12_P4_MMD1-84B_L001","T_cell"
"G1_P1_MMD1-84B_L001","T_cell"
"G1_P2_MMD1-84B_L001","T_cell"
"G1_P4_MMD1-84B_L001","T_cell"
"G2_P1_MMD1-84B_L001","T_cell"
"G2_P2_MMD1-84B_L001","T_cell"
"G2_P3_MMD1-84B_L001","T_cell"
"G2_P4_MMD1-84B_L001","T_cell"
"G3_P2_MMD1-84B_L001","T_cell"
"G3_P3_MMD1-84B_L001","T_cell"
"G3_P4_MMD1-84B_L001","T_cell"
"G4_P1_MMD1-84B_L001","T_cell"
"G4_P2_MMD1-84B_L001","T_cell"
"G4_P3_MMD1-84B_L001","T_cell"
"G5_P1_MMD1-84B_L001","T_cell"
"G5_P2_MMD1-84B_L001","T_cell"
"G5_P3_MMD1-84B_L001","T_cell"
"G5_P4_MMD1-84B_L001","T_cell"
"G6_P2_MMD1-84B_L001","T_cell"
"G6_P3_MMD1-84B_L001","T_cell"
"G6_P4_MMD1-84B_L001","T_cell"
"G7_P2_MMD1-84B_L001","T_cell"
"G7_P3_MMD1-84B_L001","T_cell"
"G7_P4_MMD1-84B_L001","T_cell"
"G8_P2_MMD1-84B_L001","T_cell"
"G8_P3_MMD1-84B_L001","T_cell"
"G8_P4_MMD1-84B_L001","T_cell"
"G9_P1_MMD1-84B_L001","T_cell"
"G9_P2_MMD1-84B_L001","T_cell"
"G9_P3_MMD1-84B_L001","T_cell"
"G9_P4_MMD1-84B_L001","T_cell"
"H10_P1_MMD1-84B_L001","T_cell"
"H10_P2_MMD1-84B_L001","T_cell"
"H10_P3_MMD1-84B_L001","T_cell"
"H10_P4_MMD1-84B_L001","T_cell"
"H11_P1_MMD1-84B_L001","T_cell"
"H11_P2_MMD1-84B_L001","T_cell"
"H11_P3_MMD1-84B_L001","T_cell"
"H11_P4_MMD1-84B_L001","T_cell"
"H12_P1_MMD1-84B_L001","T_cell"
"H12_P2_MMD1-84B_L001","T_cell"
"H12_P3_MMD1-84B_L001","T_cell"
"H12_P4_MMD1-84B_L001","T_cell"
"H1_P1_MMD1-84B_L001","T_cell"
"H1_P2_MMD1-84B_L001","T_cell"
"H1_P3_MMD1-84B_L001","T_cell"
"H1_P4_MMD1-84B_L001","B_cell"
"H2_P2_MMD1-84B_L001","T_cell"
"H2_P3_MMD1-84B_L001","T_cell"
"H2_P4_MMD1-84B_L001","T_cell"
"H3_P1_MMD1-84B_L001","T_cell"
"H3_P2_MMD1-84B_L001","T_cell"
"H3_P3_MMD1-84B_L001","T_cell"
"H4_P1_MMD1-84B_L001","T_cell"
"H4_P2_MMD1-84B_L001","NK"
"H4_P3_MMD1-84B_L001","T_cell"
"H4_P4_MMD1-84B_L001","T_cell"
"H5_P1_MMD1-84B_L001","NK"
"H5_P2_MMD1-84B_L001","T_cell"
"H5_P3_MMD1-84B_L001","T_cell"
"H5_P4_MMD1-84B_L001","T_cell"
"H6_P1_MMD1-84B_L001","NK"
"H6_P2_MMD1-84B_L001","T_cell"
"H6_P3_MMD1-84B_L001","T_cell"
"H6_P4_MMD1-84B_L001","T_cell"
"H7_P1_MMD1-84B_L001","T_cell"
"H7_P2_MMD1-84B_L001","NK"
"H7_P3_MMD1-84B_L001","T_cell"
"H7_P4_MMD1-84B_L001","T_cell"
"H8_P1_MMD1-84B_L001","T_cell"
"H8_P2_MMD1-84B_L001","T_cell"
"H8_P3_MMD1-84B_L001","T_cell"
"H8_P4_MMD1-84B_L001","T_cell"
"H9_P1_MMD1-84B_L001","NK"
"H9_P2_MMD1-84B_L001","T_cell"
"H9_P3_MMD1-84B_L001","T_cell"
"H9_P4_MMD1-84B_L001","T_cell"
"A10_P1_M8_L001","T_cell"
"A10_P2_M8_L001","Myeloid"
"A10_P4_M8_L001","Myeloid"
"A11_P1_M8_L001","T_cell"
"A11_P4_M8_L001","B_cell"
"A12_P1_M8_L001","T_cell"
"A12_P2_M8_L001","B_cell"
"A12_P3_M8_L001","Myeloid"
"A12_P4_M8_L001","T_cell"
"A2_P1_M8_L001","B_cell"
"A2_P2_M8_L001","T_cell"
"A2_P3_M8_L001","Myeloid"
"A2_P4_M8_L001","B_cell"
"A3_P2_M8_L001","B_cell"
"A3_P3_M8_L001","Myeloid"
"A3_P4_M8_L001","Myeloid"
"A4_P1_M8_L001","B_cell"
"A4_P2_M8_L001","T_cell"
"A4_P3_M8_L001","Myeloid"
"A4_P4_M8_L001","T_cell"
"A5_P1_M8_L001","B_cell"
"A5_P2_M8_L001","NK"
"A5_P3_M8_L001","T_cell"
"A5_P4_M8_L001","T_cell"
"A6_P1_M8_L001","T_cell"
"A6_P2_M8_L001","Myeloid"
"A6_P3_M8_L001","Myeloid"
"A6_P4_M8_L001","T_cell"
"A7_P1_M8_L001","T_cell"
"A7_P2_M8_L001","B_cell"
"A7_P3_M8_L001","Myeloid"
"A7_P4_M8_L001","Myeloid"
"A8_P1_M8_L001","T_cell"
"A8_P2_M8_L001","T_cell"
"A8_P3_M8_L001","B_cell"
"A8_P4_M8_L001","T_cell"
"A9_P1_M8_L001","B_cell"
"A9_P2_M8_L001","B_cell"
"A9_P3_M8_L001","Myeloid"
"A9_P4_M8_L001","T_cell"
"B10_P1_M8_L001","Myeloid"
"B10_P2_M8_L001","T_cell"
"B10_P3_M8_L001","T_cell"
"B10_P4_M8_L001","Myeloid"
"B11_P1_M8_L001","Myeloid"
"B11_P2_M8_L001","NK"
"B11_P3_M8_L001","T_cell"
"B11_P4_M8_L001","B_cell"
"B12_P1_M8_L001","B_cell"
"B12_P2_M8_L001","Myeloid"
"B12_P3_M8_L001","T_cell"
"B12_P4_M8_L001","T_cell"
"B1_P2_M8_L001","B_cell"
"B1_P3_M8_L001","T_cell"
"B1_P4_M8_L001","Myeloid"
"B2_P1_M8_L001","T_cell"
"B2_P4_M8_L001","NK"
"B3_P1_M8_L001","T_cell"
"B3_P3_M8_L001","T_cell"
"B3_P4_M8_L001","Myeloid"
"B4_P1_M8_L001","T_cell"
"B4_P2_M8_L001","Unassigned (all modules low)"
"B4_P4_M8_L001","B_cell"
"B5_P1_M8_L001","NK"
"B5_P4_M8_L001","B_cell"
"B6_P2_M8_L001","B_cell"
"B6_P3_M8_L001","T_cell"
"B6_P4_M8_L001","B_cell"
"B7_P1_M8_L001","B_cell"
"B7_P3_M8_L001","Myeloid"
"B7_P4_M8_L001","Myeloid"
"B8_P1_M8_L001","B_cell"
"B8_P3_M8_L001","B_cell"
"B8_P4_M8_L001","B_cell"
"B9_P2_M8_L001","B_cell"
"B9_P4_M8_L001","Myeloid"
"C10_P2_M8_L001","Myeloid"
"C10_P3_M8_L001","B_cell"
"C10_P4_M8_L001","B_cell"
"C11_P1_M8_L001","B_cell"
"C11_P3_M8_L001","Myeloid"
"C12_P2_M8_L001","B_cell"
"C12_P3_M8_L001","T_cell"
"C12_P4_M8_L001","B_cell"
"C1_P1_M8_L001","Myeloid"
"C1_P3_M8_L001","NK"
"C1_P4_M8_L001","Myeloid"
"C2_P1_M8_L001","B_cell"
"C2_P3_M8_L001","T_cell"
"C2_P4_M8_L001","Myeloid"
"C3_P2_M8_L001","T_cell"
"C3_P3_M8_L001","Myeloid"
"C3_P4_M8_L001","T_cell"
"C4_P1_M8_L001","Myeloid"
"C4_P2_M8_L001","Myeloid"
"C4_P3_M8_L001","NK"
"C4_P4_M8_L001","Myeloid"
"C5_P1_M8_L001","B_cell"
"C5_P2_M8_L001","Myeloid"
"C5_P3_M8_L001","T_cell"
"C5_P4_M8_L001","T_cell"
"C6_P2_M8_L001","T_cell"
"C6_P3_M8_L001","T_cell"
"C6_P4_M8_L001","T_cell"
"C7_P1_M8_L001","B_cell"
"C7_P2_M8_L001","B_cell"
"C7_P3_M8_L001","Myeloid"
"C7_P4_M8_L001","B_cell"
"C8_P1_M8_L001","B_cell"
"C8_P2_M8_L001","B_cell"
"C8_P3_M8_L001","B_cell"
"C8_P4_M8_L001","Myeloid"
"C9_P3_M8_L001","T_cell"
"C9_P4_M8_L001","B_cell"
"D10_P1_M8_L001","NK"
"D10_P2_M8_L001","T_cell"
"D10_P3_M8_L001","Myeloid"
"D10_P4_M8_L001","B_cell"
"D11_P1_M8_L001","T_cell"
"D11_P2_M8_L001","B_cell"
"D11_P3_M8_L001","B_cell"
"D12_P4_M8_L001","T_cell"
"D1_P1_M8_L001","B_cell"
"D1_P3_M8_L001","T_cell"
"D1_P4_M8_L001","B_cell"
"D2_P3_M8_L001","Myeloid"
"D2_P4_M8_L001","B_cell"
"D3_P2_M8_L001","B_cell"
"D3_P3_M8_L001","T_cell"
"D4_P1_M8_L001","T_cell"
"D4_P3_M8_L001","Myeloid"
"D4_P4_M8_L001","T_cell"
"D5_P1_M8_L001","Myeloid"
"D5_P3_M8_L001","B_cell"
"D5_P4_M8_L001","B_cell"
"D6_P1_M8_L001","Myeloid"
"D6_P2_M8_L001","B_cell"
"D7_P1_M8_L001","B_cell"
"D7_P2_M8_L001","T_cell"
"D7_P3_M8_L001","T_cell"
"D7_P4_M8_L001","Myeloid"
"D8_P1_M8_L001","T_cell"
"D8_P2_M8_L001","B_cell"
"D8_P3_M8_L001","B_cell"
"D8_P4_M8_L001","B_cell"
"D9_P1_M8_L001","B_cell"
"D9_P3_M8_L001","Myeloid"
"E10_P1_M8_L001","Myeloid"
"E10_P2_M8_L001","B_cell"
"E10_P3_M8_L001","Myeloid"
"E10_P4_M8_L001","B_cell"
"E11_P1_M8_L001","T_cell"
"E11_P2_M8_L001","Myeloid"
"E11_P3_M8_L001","Myeloid"
"E12_P1_M8_L001","B_cell"
"E12_P2_M8_L001","T_cell"
"E12_P3_M8_L001","B_cell"
"E12_P4_M8_L001","B_cell"
"E1_P2_M8_L001","T_cell"
"E1_P3_M8_L001","B_cell"
"E1_P4_M8_L001","Myeloid"
"E2_P1_M8_L001","B_cell"
"E2_P2_M8_L001","B_cell"
"E2_P3_M8_L001","T_cell"
"E2_P4_M8_L001","B_cell"
"E3_P3_M8_L001","B_cell"
"E3_P4_M8_L001","T_cell"
"E4_P1_M8_L001","Myeloid"
"E4_P4_M8_L001","NK"
"E5_P1_M8_L001","T_cell"
"E5_P4_M8_L001","T_cell"
"E6_P2_M8_L001","T_cell"
"E6_P3_M8_L001","B_cell"
"E6_P4_M8_L001","Myeloid"
"E7_P1_M8_L001","T_cell"
"E7_P3_M8_L001","B_cell"
"E7_P4_M8_L001","Myeloid"
"E8_P1_M8_L001","B_cell"
"E8_P3_M8_L001","B_cell"
"E8_P4_M8_L001","B_cell"
"E9_P1_M8_L001","B_cell"
"E9_P2_M8_L001","B_cell"
"E9_P4_M8_L001","Myeloid"
"F10_P3_M8_L001","B_cell"
"F10_P4_M8_L001","B_cell"
"F11_P1_M8_L001","B_cell"
"F11_P3_M8_L001","Myeloid"
"F11_P4_M8_L001","Myeloid"
"F12_P2_M8_L001","B_cell"
"F12_P4_M8_L001","B_cell"
"F1_P1_M8_L001","B_cell"
"F1_P2_M8_L001","Myeloid"
"F1_P4_M8_L001","Myeloid"
"F2_P2_M8_L001","T_cell"
"F2_P3_M8_L001","B_cell"
"F3_P2_M8_L001","Myeloid"
"F3_P3_M8_L001","Myeloid"
"F3_P4_M8_L001","T_cell"
"F4_P3_M8_L001","Myeloid"
"F4_P4_M8_L001","T_cell"
"F5_P2_M8_L001","B_cell"
"F5_P4_M8_L001","T_cell"
"F6_P1_M8_L001","B_cell"
"F6_P3_M8_L001","B_cell"
"F6_P4_M8_L001","Unassigned (all modules low)"
"F7_P1_M8_L001","B_cell"
"F7_P2_M8_L001","T_cell"
"F7_P3_M8_L001","Myeloid"
"F8_P1_M8_L001","T_cell"
"F8_P2_M8_L001","B_cell"
"F8_P3_M8_L001","Myeloid"
"F8_P4_M8_L001","Myeloid"
"F9_P1_M8_L001","Myeloid"
"F9_P2_M8_L001","B_cell"
"F9_P3_M8_L001","B_cell"
"F9_P4_M8_L001","B_cell"
"G10_P1_M8_L001","Myeloid"
"G10_P2_M8_L001","NK"
"G10_P4_M8_L001","B_cell"
"G11_P1_M8_L001","Myeloid"
"G11_P2_M8_L001","T_cell"
"G12_P1_M8_L001","B_cell"
"G12_P2_M8_L001","T_cell"
"G12_P3_M8_L001","B_cell"
"G12_P4_M8_L001","T_cell"
"G1_P2_M8_L001","T_cell"
"G1_P4_M8_L001","Myeloid"
"G2_P4_M8_L001","Myeloid"
"G3_P1_M8_L001","Myeloid"
"G3_P2_M8_L001","T_cell"
"G3_P4_M8_L001","Myeloid"
"G4_P2_M8_L001","T_cell"
"G5_P1_M8_L001","T_cell"
"G5_P2_M8_L001","B_cell"
"G5_P3_M8_L001","B_cell"
"G6_P1_M8_L001","T_cell"
"G6_P3_M8_L001","T_cell"
"G7_P1_M8_L001","T_cell"
"G7_P2_M8_L001","T_cell"
"G7_P3_M8_L001","B_cell"
"G7_P4_M8_L001","B_cell"
"G8_P1_M8_L001","B_cell"
"G8_P2_M8_L001","T_cell"
"G8_P4_M8_L001","T_cell"
"G9_P1_M8_L001","B_cell"
"G9_P2_M8_L001","B_cell"
"G9_P3_M8_L001","Myeloid"
"G9_P4_M8_L001","B_cell"
"H10_P2_M8_L001","Myeloid"
"H10_P3_M8_L001","T_cell"
"H10_P4_M8_L001","B_cell"
"H11_P1_M8_L001","NK"
"H11_P2_M8_L001","Myeloid"
"H11_P3_M8_L001","B_cell"
"H11_P4_M8_L001","Myeloid"
"H12_P1_M8_L001","T_cell"
"H12_P2_M8_L001","B_cell"
"H12_P3_M8_L001","T_cell"
"H12_P4_M8_L001","B_cell"
"H1_P1_M8_L001","B_cell"
"H1_P2_M8_L001","T_cell"
"H1_P3_M8_L001","T_cell"
"H1_P4_M8_L001","B_cell"
"H2_P2_M8_L001","B_cell"
"H2_P3_M8_L001","T_cell"
"H3_P1_M8_L001","Myeloid"
"H3_P3_M8_L001","B_cell"
"H3_P4_M8_L001","T_cell"
"H4_P2_M8_L001","B_cell"
"H4_P4_M8_L001","T_cell"
"H5_P1_M8_L001","B_cell"
"H5_P2_M8_L001","Myeloid"
"H5_P3_M8_L001","B_cell"
"H5_P4_M8_L001","T_cell"
"H6_P2_M8_L001","T_cell"
"H6_P3_M8_L001","NK"
"H6_P4_M8_L001","B_cell"
"H7_P1_M8_L001","Myeloid"
"H7_P2_M8_L001","T_cell"
"H7_P3_M8_L001","Myeloid"
"H8_P1_M8_L001","T_cell"
"H8_P2_M8_L001","T_cell"
"H8_P3_M8_L001","Myeloid"
"H8_P4_M8_L001","T_cell"
"H9_P1_M8_L001","Myeloid"
"H9_P2_M8_L001","B_cell"
"H9_P3_M8_L001","Myeloid"
"H9_P4_M8_L001","T_cell"
"A10_P1_M67_L001","T_cell"
"A10_P2_M67_L001","T_cell"
"A10_P3_M67_L001","T_cell"
"A11_P1_M67_L001","NK"
"A11_P2_M67_L001","Myeloid"
"A11_P3_M67_L001","T_cell"
"A11_P4_M67_L001","Myeloid"
"A12_P1_M67_L001","T_cell"
"A12_P2_M67_L001","T_cell"
"A12_P3_M67_L001","Myeloid"
"A12_P4_M67_L001","Myeloid"
"A2_P1_M67_L001","T_cell"
"A2_P3_M67_L001","T_cell"
"A2_P4_M67_L001","Myeloid"
"A3_P1_M67_L001","Myeloid"
"A3_P2_M67_L001","B_cell"
"A3_P4_M67_L001","T_cell"
"A4_P1_M67_L001","T_cell"
"A4_P2_M67_L001","T_cell"
"A4_P3_M67_L001","B_cell"
"A5_P1_M67_L001","T_cell"
"A5_P2_M67_L001","T_cell"
"A5_P3_M67_L001","NK"
"A5_P4_M67_L001","T_cell"
"A6_P2_M67_L001","T_cell"
"A6_P3_M67_L001","T_cell"
"A6_P4_M67_L001","Myeloid"
"A7_P1_M67_L001","T_cell"
"A7_P2_M67_L001","T_cell"
"A7_P3_M67_L001","Myeloid"
"A7_P4_M67_L001","T_cell"
"A8_P1_M67_L001","Myeloid"
"A8_P2_M67_L001","T_cell"
"A8_P3_M67_L001","T_cell"
"A9_P2_M67_L001","T_cell"
"A9_P3_M67_L001","Myeloid"
"A9_P4_M67_L001","Myeloid"
"B10_P3_M67_L001","Myeloid"
"B10_P4_M67_L001","T_cell"
"B11_P1_M67_L001","T_cell"
"B11_P2_M67_L001","T_cell"
"B11_P3_M67_L001","B_cell"
"B11_P4_M67_L001","T_cell"
"B12_P1_M67_L001","T_cell"
"B12_P2_M67_L001","Myeloid"
"B12_P3_M67_L001","T_cell"
"B12_P4_M67_L001","T_cell"
"B1_P1_M67_L001","T_cell"
"B1_P3_M67_L001","T_cell"
"B1_P4_M67_L001","T_cell"
"B2_P1_M67_L001","T_cell"
"B2_P2_M67_L001","T_cell"
"B2_P4_M67_L001","Myeloid"
"B3_P1_M67_L001","Myeloid"
"B3_P2_M67_L001","Myeloid"
"B3_P3_M67_L001","Myeloid"
"B3_P4_M67_L001","B_cell"
"B4_P1_M67_L001","T_cell"
"B4_P2_M67_L001","T_cell"
"B4_P3_M67_L001","Myeloid"
"B4_P4_M67_L001","T_cell"
"B5_P1_M67_L001","T_cell"
"B5_P2_M67_L001","B_cell"
"B5_P3_M67_L001","T_cell"
"B6_P1_M67_L001","T_cell"
"B6_P2_M67_L001","Myeloid"
"B6_P3_M67_L001","T_cell"
"B6_P4_M67_L001","Myeloid"
"B7_P2_M67_L001","T_cell"
"B7_P3_M67_L001","T_cell"
"B7_P4_M67_L001","Myeloid"
"B8_P1_M67_L001","Myeloid"
"B8_P2_M67_L001","T_cell"
"B8_P3_M67_L001","T_cell"
"B8_P4_M67_L001","Myeloid"
"B9_P1_M67_L001","Myeloid"
"B9_P2_M67_L001","T_cell"
"B9_P4_M67_L001","Myeloid"
"C10_P1_M67_L001","T_cell"
"C10_P2_M67_L001","T_cell"
"C10_P3_M67_L001","T_cell"
"C11_P1_M67_L001","NK"
"C11_P2_M67_L001","T_cell"
"C11_P3_M67_L001","T_cell"
"C11_P4_M67_L001","Myeloid"
"C12_P2_M67_L001","T_cell"
"C12_P3_M67_L001","Myeloid"
"C12_P4_M67_L001","T_cell"
"C1_P1_M67_L001","B_cell"
"C1_P2_M67_L001","Myeloid"
"C1_P3_M67_L001","T_cell"
"C1_P4_M67_L001","T_cell"
"C2_P1_M67_L001","T_cell"
"C2_P2_M67_L001","Myeloid"
"C3_P1_M67_L001","Myeloid"
"C3_P2_M67_L001","T_cell"
"C3_P3_M67_L001","T_cell"
"C3_P4_M67_L001","Myeloid"
"C4_P1_M67_L001","T_cell"
"C4_P2_M67_L001","Myeloid"
"C4_P3_M67_L001","B_cell"
"C4_P4_M67_L001","T_cell"
"C5_P1_M67_L001","T_cell"
"C5_P2_M67_L001","T_cell"
"C5_P3_M67_L001","Myeloid"
"C5_P4_M67_L001","T_cell"
"C6_P2_M67_L001","T_cell"
"C6_P3_M67_L001","T_cell"
"C6_P4_M67_L001","T_cell"
"C7_P1_M67_L001","Myeloid"
"C7_P2_M67_L001","B_cell"
"C7_P3_M67_L001","NK"
"C7_P4_M67_L001","NK"
"C8_P1_M67_L001","T_cell"
"C8_P2_M67_L001","T_cell"
"C8_P3_M67_L001","Myeloid"
"C8_P4_M67_L001","T_cell"
"C9_P1_M67_L001","NK"
"C9_P2_M67_L001","B_cell"
"C9_P3_M67_L001","T_cell"
"C9_P4_M67_L001","T_cell"
"D10_P1_M67_L001","T_cell"
"D10_P2_M67_L001","T_cell"
"D10_P3_M67_L001","T_cell"
"D10_P4_M67_L001","Myeloid"
"D11_P1_M67_L001","T_cell"
"D11_P2_M67_L001","Myeloid"
"D11_P3_M67_L001","Unassigned (all modules low)"
"D11_P4_M67_L001","Myeloid"
"D12_P2_M67_L001","NK"
"D12_P3_M67_L001","T_cell"
"D12_P4_M67_L001","Myeloid"
"D1_P1_M67_L001","T_cell"
"D1_P3_M67_L001","T_cell"
"D1_P4_M67_L001","Myeloid"
"D2_P1_M67_L001","T_cell"
"D2_P2_M67_L001","NK"
"D2_P3_M67_L001","Myeloid"
"D2_P4_M67_L001","Myeloid"
"D3_P1_M67_L001","T_cell"
"D3_P2_M67_L001","Myeloid"
"D3_P3_M67_L001","T_cell"
"D4_P1_M67_L001","T_cell"
"D4_P3_M67_L001","Myeloid"
"D4_P4_M67_L001","Myeloid"
"D5_P2_M67_L001","NK"
"D5_P4_M67_L001","T_cell"
"D6_P1_M67_L001","Myeloid"
"D6_P2_M67_L001","NK"
"D6_P3_M67_L001","T_cell"
"D6_P4_M67_L001","T_cell"
"D7_P1_M67_L001","T_cell"
"D7_P2_M67_L001","T_cell"
"D7_P3_M67_L001","T_cell"
"D7_P4_M67_L001","T_cell"
"D8_P1_M67_L001","T_cell"
"D8_P3_M67_L001","T_cell"
"D8_P4_M67_L001","NK"
"D9_P1_M67_L001","T_cell"
"D9_P2_M67_L001","T_cell"
"D9_P3_M67_L001","T_cell"
"D9_P4_M67_L001","Myeloid"
"E10_P2_M67_L001","T_cell"
"E10_P3_M67_L001","T_cell"
"E10_P4_M67_L001","T_cell"
"E11_P1_M67_L001","T_cell"
"E11_P2_M67_L001","T_cell"
"E11_P3_M67_L001","T_cell"
"E11_P4_M67_L001","Myeloid"
"E12_P1_M67_L001","T_cell"
"E12_P2_M67_L001","T_cell"
"E12_P3_M67_L001","Myeloid"
"E12_P4_M67_L001","Myeloid"
"E1_P1_M67_L001","Myeloid"
"E1_P3_M67_L001","T_cell"
"E1_P4_M67_L001","NK"
"E2_P1_M67_L001","T_cell"
"E2_P2_M67_L001","T_cell"
"E2_P3_M67_L001","Myeloid"
"E2_P4_M67_L001","T_cell"
"E3_P1_M67_L001","T_cell"
"E3_P2_M67_L001","T_cell"
"E3_P3_M67_L001","Myeloid"
"E3_P4_M67_L001","Myeloid"
"E4_P1_M67_L001","T_cell"
"E4_P2_M67_L001","T_cell"
"E4_P3_M67_L001","NK"
"E5_P1_M67_L001","T_cell"
"E5_P2_M67_L001","B_cell"
"E5_P3_M67_L001","Myeloid"
"E5_P4_M67_L001","T_cell"
"E6_P1_M67_L001","T_cell"
"E6_P2_M67_L001","T_cell"
"E6_P3_M67_L001","Myeloid"
"E6_P4_M67_L001","T_cell"
"E7_P1_M67_L001","Myeloid"
"E7_P2_M67_L001","Myeloid"
"E7_P3_M67_L001","T_cell"
"E7_P4_M67_L001","Myeloid"
"E8_P1_M67_L001","T_cell"
"E8_P2_M67_L001","T_cell"
"E8_P3_M67_L001","T_cell"
"E8_P4_M67_L001","T_cell"
"E9_P1_M67_L001","T_cell"
"E9_P3_M67_L001","T_cell"
"E9_P4_M67_L001","B_cell"
"F10_P1_M67_L001","T_cell"
"F10_P2_M67_L001","T_cell"
"F10_P3_M67_L001","Myeloid"
"F10_P4_M67_L001","T_cell"
"F11_P1_M67_L001","T_cell"
"F11_P2_M67_L001","T_cell"
"F11_P3_M67_L001","T_cell"
"F11_P4_M67_L001","Myeloid"
"F12_P1_M67_L001","T_cell"
"F12_P2_M67_L001","T_cell"
"F12_P4_M67_L001","T_cell"
"F1_P1_M67_L001","T_cell"
"F1_P2_M67_L001","T_cell"
"F1_P3_M67_L001","Myeloid"
"F1_P4_M67_L001","T_cell"
"F2_P1_M67_L001","T_cell"
"F2_P2_M67_L001","T_cell"
"F2_P3_M67_L001","T_cell"
"F3_P1_M67_L001","T_cell"
"F3_P2_M67_L001","T_cell"
"F3_P3_M67_L001","T_cell"
"F4_P1_M67_L001","NK"
"F4_P2_M67_L001","B_cell"
"F4_P3_M67_L001","T_cell"
"F4_P4_M67_L001","T_cell"
"F5_P2_M67_L001","Myeloid"
"F5_P3_M67_L001","T_cell"
"F5_P4_M67_L001","B_cell"
"F6_P1_M67_L001","T_cell"
"F6_P2_M67_L001","NK"
"F6_P3_M67_L001","T_cell"
"F6_P4_M67_L001","T_cell"
"F7_P1_M67_L001","Myeloid"
"F7_P2_M67_L001","B_cell"
"F7_P3_M67_L001","Myeloid"
"F7_P4_M67_L001","T_cell"
"F8_P2_M67_L001","Myeloid"
"F8_P4_M67_L001","T_cell"
"F9_P1_M67_L001","NK"
"F9_P3_M67_L001","Myeloid"
"G10_P1_M67_L001","T_cell"
"G10_P2_M67_L001","T_cell"
"G10_P3_M67_L001","T_cell"
"G10_P4_M67_L001","T_cell"
"G11_P1_M67_L001","T_cell"
"G11_P2_M67_L001","T_cell"
"G11_P3_M67_L001","Myeloid"
"G11_P4_M67_L001","T_cell"
"G12_P2_M67_L001","B_cell"
"G12_P3_M67_L001","T_cell"
"G12_P4_M67_L001","Myeloid"
"G1_P1_M67_L001","T_cell"
"G1_P3_M67_L001","T_cell"
"G1_P4_M67_L001","T_cell"
"G2_P1_M67_L001","T_cell"
"G2_P2_M67_L001","T_cell"
"G2_P3_M67_L001","T_cell"
"G2_P4_M67_L001","Myeloid"
"G3_P2_M67_L001","Myeloid"
"G3_P3_M67_L001","NK"
"G3_P4_M67_L001","T_cell"
"G4_P1_M67_L001","T_cell"
"G4_P2_M67_L001","Myeloid"
"G4_P3_M67_L001","Myeloid"
"G4_P4_M67_L001","T_cell"
"G5_P2_M67_L001","T_cell"
"G5_P3_M67_L001","T_cell"
"G5_P4_M67_L001","T_cell"
"G6_P1_M67_L001","T_cell"
"G6_P3_M67_L001","T_cell"
"G6_P4_M67_L001","T_cell"
"G7_P1_M67_L001","T_cell"
"G7_P2_M67_L001","Myeloid"
"G7_P3_M67_L001","T_cell"
"G7_P4_M67_L001","Myeloid"
"G8_P1_M67_L001","T_cell"
"G8_P2_M67_L001","Myeloid"
"G8_P3_M67_L001","T_cell"
"G8_P4_M67_L001","T_cell"
"G9_P1_M67_L001","Myeloid"
"G9_P3_M67_L001","NK"
"G9_P4_M67_L001","NK"
"H10_P1_M67_L001","T_cell"
"H11_P1_M67_L001","Myeloid"
"H11_P4_M67_L001","T_cell"
"H12_P1_M67_L001","T_cell"
"H12_P2_M67_L001","T_cell"
"H12_P4_M67_L001","Myeloid"
"H1_P1_M67_L001","T_cell"
"H1_P4_M67_L001","T_cell"
"H3_P1_M67_L001","Myeloid"
"H3_P4_M67_L001","Myeloid"
"H4_P1_M67_L001","NK"
"H5_P1_M67_L001","T_cell"
"H5_P4_M67_L001","T_cell"
"H6_P4_M67_L001","Myeloid"
"H7_P1_M67_L001","T_cell"
"H7_P4_M67_L001","NK"
"H8_P4_M67_L001","T_cell"
"H9_P1_M67_L001","T_cell"
"H9_P2_M67_L001","T_cell"
"H9_P4_M67_L001","Myeloid"
"A10_P6_M60-B1_L001","T_cell"
"A10_P7_M60-B1_L001","T_cell"
"A10_P8_M60-B1_L001","T_cell"
"A10_P9_M60-B1_L001","B_cell"
"A11_P6_M60-B1_L001","T_cell"
"A11_P7_M60-B1_L001","T_cell"
"A11_P8_M60-B1_L001","T_cell"
"A11_P9_M60-B1_L001","T_cell"
"A12_P6_M60-B1_L001","T_cell"
"A12_P7_M60-B1_L001","T_cell"
"A12_P8_M60-B1_L001","B_cell"
"A12_P9_M60-B1_L001","T_cell"
"A2_P6_M60-B1_L001","T_cell"
"A2_P7_M60-B1_L001","T_cell"
"A2_P8_M60-B1_L001","T_cell"
"A2_P9_M60-B1_L001","T_cell"
"A3_P6_M60-B1_L001","T_cell"
"A3_P7_M60-B1_L001","T_cell"
"A3_P9_M60-B1_L001","T_cell"
"A4_P6_M60-B1_L001","T_cell"
"A4_P7_M60-B1_L001","B_cell"
"A4_P8_M60-B1_L001","NK"
"A4_P9_M60-B1_L001","T_cell"
"A5_P6_M60-B1_L001","T_cell"
"A5_P7_M60-B1_L001","T_cell"
"A5_P8_M60-B1_L001","T_cell"
"A5_P9_M60-B1_L001","B_cell"
"A6_P6_M60-B1_L001","T_cell"
"A6_P7_M60-B1_L001","T_cell"
"A6_P8_M60-B1_L001","T_cell"
"A6_P9_M60-B1_L001","T_cell"
"A7_P6_M60-B1_L001","T_cell"
"A7_P8_M60-B1_L001","T_cell"
"A7_P9_M60-B1_L001","B_cell"
"A8_P6_M60-B1_L001","T_cell"
"A8_P7_M60-B1_L001","T_cell"
"A8_P9_M60-B1_L001","T_cell"
"A9_P6_M60-B1_L001","T_cell"
"A9_P7_M60-B1_L001","T_cell"
"A9_P8_M60-B1_L001","T_cell"
"A9_P9_M60-B1_L001","T_cell"
"B10_P6_M60-B1_L001","T_cell"
"B10_P7_M60-B1_L001","T_cell"
"B10_P8_M60-B1_L001","T_cell"
"B10_P9_M60-B1_L001","T_cell"
"B11_P6_M60-B1_L001","T_cell"
"B11_P7_M60-B1_L001","T_cell"
"B11_P8_M60-B1_L001","T_cell"
"B11_P9_M60-B1_L001","T_cell"
"B12_P6_M60-B1_L001","T_cell"
"B12_P7_M60-B1_L001","T_cell"
"B12_P8_M60-B1_L001","T_cell"
"B12_P9_M60-B1_L001","T_cell"
"B1_P6_M60-B1_L001","T_cell"
"B1_P7_M60-B1_L001","T_cell"
"B1_P8_M60-B1_L001","T_cell"
"B1_P9_M60-B1_L001","B_cell"
"B2_P6_M60-B1_L001","T_cell"
"B2_P7_M60-B1_L001","B_cell"
"B2_P8_M60-B1_L001","B_cell"
"B2_P9_M60-B1_L001","T_cell"
"B3_P6_M60-B1_L001","T_cell"
"B3_P7_M60-B1_L001","B_cell"
"B3_P8_M60-B1_L001","B_cell"
"B3_P9_M60-B1_L001","B_cell"
"B4_P6_M60-B1_L001","T_cell"
"B4_P7_M60-B1_L001","T_cell"
"B4_P8_M60-B1_L001","T_cell"
"B4_P9_M60-B1_L001","T_cell"
"B5_P6_M60-B1_L001","B_cell"
"B5_P7_M60-B1_L001","T_cell"
"B5_P8_M60-B1_L001","T_cell"
"B5_P9_M60-B1_L001","T_cell"
"B6_P6_M60-B1_L001","B_cell"
"B6_P7_M60-B1_L001","T_cell"
"B6_P9_M60-B1_L001","T_cell"
"B7_P6_M60-B1_L001","T_cell"
"B7_P7_M60-B1_L001","NK"
"B7_P8_M60-B1_L001","T_cell"
"B7_P9_M60-B1_L001","T_cell"
"B8_P6_M60-B1_L001","T_cell"
"B8_P7_M60-B1_L001","T_cell"
"B8_P8_M60-B1_L001","T_cell"
"B8_P9_M60-B1_L001","B_cell"
"B9_P6_M60-B1_L001","B_cell"
"B9_P7_M60-B1_L001","B_cell"
"B9_P8_M60-B1_L001","T_cell"
"B9_P9_M60-B1_L001","T_cell"
"C10_P6_M60-B1_L001","T_cell"
"C10_P7_M60-B1_L001","T_cell"
"C10_P8_M60-B1_L001","T_cell"
"C10_P9_M60-B1_L001","T_cell"
"C11_P6_M60-B1_L001","T_cell"
"C11_P7_M60-B1_L001","T_cell"
"C11_P8_M60-B1_L001","B_cell"
"C11_P9_M60-B1_L001","T_cell"
"C12_P6_M60-B1_L001","B_cell"
"C12_P7_M60-B1_L001","T_cell"
"C12_P8_M60-B1_L001","T_cell"
"C12_P9_M60-B1_L001","T_cell"
"C1_P6_M60-B1_L001","B_cell"
"C1_P7_M60-B1_L001","T_cell"
"C1_P8_M60-B1_L001","T_cell"
"C1_P9_M60-B1_L001","T_cell"
"C2_P6_M60-B1_L001","T_cell"
"C2_P7_M60-B1_L001","T_cell"
"C2_P8_M60-B1_L001","T_cell"
"C2_P9_M60-B1_L001","T_cell"
"C3_P6_M60-B1_L001","T_cell"
"C3_P7_M60-B1_L001","B_cell"
"C3_P8_M60-B1_L001","T_cell"
"C3_P9_M60-B1_L001","T_cell"
"C4_P6_M60-B1_L001","B_cell"
"C4_P7_M60-B1_L001","T_cell"
"C4_P9_M60-B1_L001","B_cell"
"C5_P6_M60-B1_L001","T_cell"
"C5_P7_M60-B1_L001","T_cell"
"C5_P8_M60-B1_L001","T_cell"
"C6_P6_M60-B1_L001","NK"
"C6_P7_M60-B1_L001","B_cell"
"C6_P8_M60-B1_L001","T_cell"
"C6_P9_M60-B1_L001","B_cell"
"C7_P6_M60-B1_L001","T_cell"
"C7_P7_M60-B1_L001","T_cell"
"C7_P8_M60-B1_L001","T_cell"
"C8_P6_M60-B1_L001","B_cell"
"C8_P7_M60-B1_L001","B_cell"
"C8_P8_M60-B1_L001","T_cell"
"C8_P9_M60-B1_L001","T_cell"
"C9_P7_M60-B1_L001","T_cell"
"C9_P8_M60-B1_L001","T_cell"
"C9_P9_M60-B1_L001","T_cell"
"D10_P6_M60-B1_L001","T_cell"
"D10_P7_M60-B1_L001","B_cell"
"D10_P8_M60-B1_L001","NK"
"D10_P9_M60-B1_L001","T_cell"
"D11_P6_M60-B1_L001","T_cell"
"D11_P7_M60-B1_L001","T_cell"
"D11_P8_M60-B1_L001","T_cell"
"D11_P9_M60-B1_L001","NK"
"D12_P6_M60-B1_L001","T_cell"
"D12_P7_M60-B1_L001","T_cell"
"D12_P8_M60-B1_L001","T_cell"
"D12_P9_M60-B1_L001","T_cell"
"D1_P6_M60-B1_L001","T_cell"
"D1_P7_M60-B1_L001","T_cell"
"D1_P8_M60-B1_L001","B_cell"
"D1_P9_M60-B1_L001","NK"
"D2_P6_M60-B1_L001","T_cell"
"D2_P7_M60-B1_L001","T_cell"
"D2_P8_M60-B1_L001","T_cell"
"D2_P9_M60-B1_L001","T_cell"
"D3_P6_M60-B1_L001","T_cell"
"D3_P7_M60-B1_L001","T_cell"
"D3_P8_M60-B1_L001","T_cell"
"D3_P9_M60-B1_L001","NK"
"D4_P6_M60-B1_L001","T_cell"
"D4_P7_M60-B1_L001","T_cell"
"D4_P8_M60-B1_L001","T_cell"
"D4_P9_M60-B1_L001","B_cell"
"D5_P6_M60-B1_L001","B_cell"
"D5_P7_M60-B1_L001","T_cell"
"D5_P8_M60-B1_L001","T_cell"
"D5_P9_M60-B1_L001","T_cell"
"D6_P6_M60-B1_L001","T_cell"
"D6_P7_M60-B1_L001","T_cell"
"D6_P8_M60-B1_L001","T_cell"
"D6_P9_M60-B1_L001","T_cell"
"D7_P6_M60-B1_L001","T_cell"
"D7_P7_M60-B1_L001","T_cell"
"D7_P8_M60-B1_L001","T_cell"
"D7_P9_M60-B1_L001","T_cell"
"D8_P6_M60-B1_L001","T_cell"
"D8_P7_M60-B1_L001","T_cell"
"D8_P8_M60-B1_L001","T_cell"
"D8_P9_M60-B1_L001","T_cell"
"D9_P7_M60-B1_L001","T_cell"
"D9_P8_M60-B1_L001","T_cell"
"D9_P9_M60-B1_L001","T_cell"
"E10_P6_M60-B1_L001","T_cell"
"E10_P8_M60-B1_L001","T_cell"
"E10_P9_M60-B1_L001","T_cell"
"E11_P6_M60-B1_L001","T_cell"
"E11_P7_M60-B1_L001","T_cell"
"E11_P8_M60-B1_L001","T_cell"
"E11_P9_M60-B1_L001","T_cell"
"E12_P6_M60-B1_L001","T_cell"
"E12_P7_M60-B1_L001","B_cell"
"E12_P8_M60-B1_L001","T_cell"
"E12_P9_M60-B1_L001","T_cell"
"E1_P6_M60-B1_L001","NK"
"E1_P7_M60-B1_L001","T_cell"
"E1_P8_M60-B1_L001","T_cell"
"E1_P9_M60-B1_L001","T_cell"
"E2_P6_M60-B1_L001","T_cell"
"E2_P7_M60-B1_L001","B_cell"
"E2_P8_M60-B1_L001","NK"
"E2_P9_M60-B1_L001","NK"
"E3_P6_M60-B1_L001","T_cell"
"E3_P7_M60-B1_L001","T_cell"
"E3_P8_M60-B1_L001","T_cell"
"E3_P9_M60-B1_L001","T_cell"
"E4_P6_M60-B1_L001","T_cell"
"E4_P7_M60-B1_L001","T_cell"
"E4_P8_M60-B1_L001","T_cell"
"E4_P9_M60-B1_L001","T_cell"
"E5_P6_M60-B1_L001","T_cell"
"E5_P7_M60-B1_L001","T_cell"
"E5_P8_M60-B1_L001","T_cell"
"E5_P9_M60-B1_L001","NK"
"E6_P6_M60-B1_L001","T_cell"
"E6_P7_M60-B1_L001","T_cell"
"E6_P8_M60-B1_L001","T_cell"
"E6_P9_M60-B1_L001","B_cell"
"E7_P6_M60-B1_L001","T_cell"
"E7_P7_M60-B1_L001","T_cell"
"E7_P8_M60-B1_L001","B_cell"
"E7_P9_M60-B1_L001","T_cell"
"E8_P6_M60-B1_L001","T_cell"
"E8_P7_M60-B1_L001","T_cell"
"E8_P8_M60-B1_L001","NK"
"E8_P9_M60-B1_L001","T_cell"
"E9_P6_M60-B1_L001","T_cell"
"E9_P7_M60-B1_L001","B_cell"
"E9_P8_M60-B1_L001","T_cell"
"E9_P9_M60-B1_L001","T_cell"
"F10_P6_M60-B1_L001","T_cell"
"F10_P7_M60-B1_L001","T_cell"
"F10_P8_M60-B1_L001","T_cell"
"F10_P9_M60-B1_L001","T_cell"
"F11_P6_M60-B1_L001","T_cell"
"F11_P7_M60-B1_L001","T_cell"
"F11_P8_M60-B1_L001","T_cell"
"F11_P9_M60-B1_L001","T_cell"
"F12_P6_M60-B1_L001","T_cell"
"F12_P7_M60-B1_L001","T_cell"
"F12_P8_M60-B1_L001","NK"
"F12_P9_M60-B1_L001","T_cell"
"F1_P6_M60-B1_L001","T_cell"
"F1_P7_M60-B1_L001","T_cell"
"F1_P8_M60-B1_L001","T_cell"
"F1_P9_M60-B1_L001","T_cell"
"F2_P6_M60-B1_L001","T_cell"
"F2_P7_M60-B1_L001","T_cell"
"F2_P8_M60-B1_L001","T_cell"
"F2_P9_M60-B1_L001","B_cell"
"F3_P6_M60-B1_L001","T_cell"
"F3_P7_M60-B1_L001","T_cell"
"F3_P8_M60-B1_L001","T_cell"
"F3_P9_M60-B1_L001","T_cell"
"F4_P6_M60-B1_L001","NK"
"F4_P7_M60-B1_L001","T_cell"
"F4_P8_M60-B1_L001","B_cell"
"F4_P9_M60-B1_L001","T_cell"
"F5_P6_M60-B1_L001","T_cell"
"F5_P7_M60-B1_L001","T_cell"
"F5_P8_M60-B1_L001","T_cell"
"F5_P9_M60-B1_L001","T_cell"
"F6_P6_M60-B1_L001","T_cell"
"F6_P7_M60-B1_L001","T_cell"
"F6_P8_M60-B1_L001","T_cell"
"F6_P9_M60-B1_L001","B_cell"
"F7_P6_M60-B1_L001","T_cell"
"F7_P7_M60-B1_L001","T_cell"
"F7_P8_M60-B1_L001","T_cell"
"F7_P9_M60-B1_L001","T_cell"
"F8_P6_M60-B1_L001","T_cell"
"F8_P7_M60-B1_L001","T_cell"
"F8_P8_M60-B1_L001","T_cell"
"F8_P9_M60-B1_L001","T_cell"
"F9_P6_M60-B1_L001","B_cell"
"F9_P7_M60-B1_L001","T_cell"
"F9_P8_M60-B1_L001","T_cell"
"F9_P9_M60-B1_L001","T_cell"
"G10_P6_M60-B1_L001","T_cell"
"G10_P7_M60-B1_L001","T_cell"
"G10_P8_M60-B1_L001","T_cell"
"G10_P9_M60-B1_L001","T_cell"
"G11_P6_M60-B1_L001","T_cell"
"G11_P7_M60-B1_L001","T_cell"
"G11_P8_M60-B1_L001","T_cell"
"G11_P9_M60-B1_L001","B_cell"
"G12_P6_M60-B1_L001","T_cell"
"G12_P7_M60-B1_L001","T_cell"
"G12_P8_M60-B1_L001","NK"
"G12_P9_M60-B1_L001","B_cell"
"G1_P6_M60-B1_L001","T_cell"
"G1_P7_M60-B1_L001","T_cell"
"G1_P8_M60-B1_L001","T_cell"
"G1_P9_M60-B1_L001","T_cell"
"G2_P6_M60-B1_L001","T_cell"
"G2_P7_M60-B1_L001","T_cell"
"G2_P8_M60-B1_L001","NK"
"G2_P9_M60-B1_L001","B_cell"
"G3_P6_M60-B1_L001","T_cell"
"G3_P7_M60-B1_L001","T_cell"
"G3_P8_M60-B1_L001","NK"
"G3_P9_M60-B1_L001","T_cell"
"G4_P6_M60-B1_L001","T_cell"
"G4_P7_M60-B1_L001","T_cell"
"G4_P8_M60-B1_L001","T_cell"
"G4_P9_M60-B1_L001","T_cell"
"G5_P6_M60-B1_L001","T_cell"
"G5_P7_M60-B1_L001","T_cell"
"G5_P8_M60-B1_L001","B_cell"
"G5_P9_M60-B1_L001","T_cell"
"G6_P6_M60-B1_L001","T_cell"
"G6_P7_M60-B1_L001","B_cell"
"G6_P8_M60-B1_L001","B_cell"
"G6_P9_M60-B1_L001","T_cell"
"G7_P6_M60-B1_L001","T_cell"
"G7_P7_M60-B1_L001","T_cell"
"G7_P8_M60-B1_L001","T_cell"
"G7_P9_M60-B1_L001","T_cell"
"G8_P6_M60-B1_L001","T_cell"
"G8_P7_M60-B1_L001","T_cell"
"G8_P8_M60-B1_L001","T_cell"
"G8_P9_M60-B1_L001","T_cell"
"G9_P6_M60-B1_L001","T_cell"
"G9_P7_M60-B1_L001","T_cell"
"G9_P8_M60-B1_L001","T_cell"
"G9_P9_M60-B1_L001","T_cell"
"H10_P6_M60-B1_L001","T_cell"
"H10_P8_M60-B1_L001","T_cell"
"H10_P9_M60-B1_L001","NK"
"H11_P6_M60-B1_L001","T_cell"
"H11_P7_M60-B1_L001","T_cell"
"H11_P8_M60-B1_L001","T_cell"
"H11_P9_M60-B1_L001","T_cell"
"H12_P6_M60-B1_L001","T_cell"
"H12_P7_M60-B1_L001","T_cell"
"H12_P8_M60-B1_L001","T_cell"
"H12_P9_M60-B1_L001","T_cell"
"H1_P6_M60-B1_L001","T_cell"
"H1_P7_M60-B1_L001","T_cell"
"H1_P8_M60-B1_L001","T_cell"
"H1_P9_M60-B1_L001","T_cell"
"H2_P6_M60-B1_L001","T_cell"
"H2_P7_M60-B1_L001","T_cell"
"H2_P8_M60-B1_L001","T_cell"
"H2_P9_M60-B1_L001","T_cell"
"H3_P6_M60-B1_L001","T_cell"
"H3_P7_M60-B1_L001","B_cell"
"H3_P8_M60-B1_L001","T_cell"
"H3_P9_M60-B1_L001","T_cell"
"H4_P6_M60-B1_L001","T_cell"
"H4_P7_M60-B1_L001","T_cell"
"H4_P8_M60-B1_L001","T_cell"
"H4_P9_M60-B1_L001","B_cell"
"H5_P6_M60-B1_L001","T_cell"
"H5_P7_M60-B1_L001","T_cell"
"H5_P8_M60-B1_L001","T_cell"
"H5_P9_M60-B1_L001","T_cell"
"H6_P6_M60-B1_L001","B_cell"
"H6_P7_M60-B1_L001","T_cell"
"H6_P8_M60-B1_L001","T_cell"
"H6_P9_M60-B1_L001","T_cell"
"H7_P6_M60-B1_L001","T_cell"
"H7_P7_M60-B1_L001","T_cell"
"H7_P8_M60-B1_L001","T_cell"
"H7_P9_M60-B1_L001","T_cell"
"H8_P6_M60-B1_L001","T_cell"
"H8_P7_M60-B1_L001","T_cell"
"H8_P8_M60-B1_L001","T_cell"
"H9_P6_M60-B1_L001","T_cell"
"H9_P7_M60-B1_L001","T_cell"
"H9_P8_M60-B1_L001","B_cell"
"H9_P9_M60-B1_L001","T_cell"
"A10_P6_M63-B1","T_cell"
"A10_P7_M63-B1","T_cell"
"A10_P8_M63-B1","T_cell"
"A10_P9_M63-B1","T_cell"
"A11_P6_M63-B1","T_cell"
"A11_P7_M63-B1","T_cell"
"A11_P8_M63-B1","T_cell"
"A11_P9_M63-B1","T_cell"
"A12_P7_M63-B1","T_cell"
"A12_P8_M63-B1","T_cell"
"A2_P6_M63-B1","T_cell"
"A2_P8_M63-B1","T_cell"
"A2_P9_M63-B1","T_cell"
"A3_P7_M63-B1","T_cell"
"A3_P8_M63-B1","T_cell"
"A3_P9_M63-B1","Myeloid"
"A4_P6_M63-B1","T_cell"
"A4_P7_M63-B1","T_cell"
"A4_P8_M63-B1","T_cell"
"A5_P6_M63-B1","T_cell"
"A5_P8_M63-B1","T_cell"
"A5_P9_M63-B1","T_cell"
"A6_P7_M63-B1","T_cell"
"A6_P9_M63-B1","T_cell"
"A7_P6_M63-B1","NK"
"A7_P8_M63-B1","T_cell"
"A7_P9_M63-B1","T_cell"
"A8_P7_M63-B1","Myeloid"
"A8_P9_M63-B1","T_cell"
"A9_P6_M63-B1","T_cell"
"A9_P7_M63-B1","Myeloid"
"A9_P9_M63-B1","T_cell"
"B10_P6_M63-B1","Myeloid"
"B10_P7_M63-B1","Myeloid"
"B11_P6_M63-B1","T_cell"
"B11_P7_M63-B1","T_cell"
"B11_P8_M63-B1","NK"
"B12_P6_M63-B1","T_cell"
"B12_P8_M63-B1","T_cell"
"B12_P9_M63-B1","T_cell"
"B1_P7_M63-B1","T_cell"
"B1_P9_M63-B1","T_cell"
"B2_P8_M63-B1","T_cell"
"B3_P6_M63-B1","T_cell"
"B3_P9_M63-B1","T_cell"
"B4_P6_M63-B1","T_cell"
"B4_P7_M63-B1","Myeloid"
"B4_P8_M63-B1","T_cell"
"B4_P9_M63-B1","T_cell"
"B5_P6_M63-B1","T_cell"
"B5_P7_M63-B1","NK"
"B5_P8_M63-B1","NK"
"B5_P9_M63-B1","NK"
"B6_P6_M63-B1","T_cell"
"B6_P8_M63-B1","T_cell"
"B6_P9_M63-B1","T_cell"
"B7_P7_M63-B1","T_cell"
"B7_P9_M63-B1","T_cell"
"B8_P6_M63-B1","T_cell"
"B8_P7_M63-B1","B_cell"
"B8_P8_M63-B1","T_cell"
"B9_P6_M63-B1","T_cell"
"B9_P7_M63-B1","T_cell"
"B9_P8_M63-B1","NK"
"B9_P9_M63-B1","T_cell"
"C10_P7_M63-B1","T_cell"
"C10_P8_M63-B1","T_cell"
"C11_P6_M63-B1","NK"
"C11_P7_M63-B1","T_cell"
"C11_P9_M63-B1","T_cell"
"C12_P7_M63-B1","T_cell"
"C12_P9_M63-B1","T_cell"
"C1_P7_M63-B1","Myeloid"
"C2_P8_M63-B1","NK"
"C3_P9_M63-B1","T_cell"
"C5_P6_M63-B1","T_cell"
"C5_P7_M63-B1","T_cell"
"C5_P9_M63-B1","T_cell"
"C6_P6_M63-B1","T_cell"
"C6_P7_M63-B1","T_cell"
"C6_P8_M63-B1","T_cell"
"C6_P9_M63-B1","T_cell"
"C7_P7_M63-B1","Myeloid"
"C7_P8_M63-B1","T_cell"
"C7_P9_M63-B1","T_cell"
"C8_P7_M63-B1","T_cell"
"C8_P8_M63-B1","T_cell"
"C8_P9_M63-B1","T_cell"
"C9_P6_M63-B1","NK"
"C9_P8_M63-B1","T_cell"
"C9_P9_M63-B1","T_cell"
"D10_P7_M63-B1","T_cell"
"D10_P9_M63-B1","T_cell"
"D11_P6_M63-B1","T_cell"
"D11_P8_M63-B1","T_cell"
"D11_P9_M63-B1","T_cell"
"D12_P6_M63-B1","T_cell"
"D12_P7_M63-B1","Myeloid"
"D12_P8_M63-B1","T_cell"
"D12_P9_M63-B1","T_cell"
"D1_P6_M63-B1","Myeloid"
"D1_P8_M63-B1","T_cell"
"D1_P9_M63-B1","T_cell"
"D2_P6_M63-B1","T_cell"
"D2_P9_M63-B1","T_cell"
"D3_P6_M63-B1","T_cell"
"D3_P7_M63-B1","T_cell"
"D3_P9_M63-B1","T_cell"
"D4_P6_M63-B1","T_cell"
"D4_P7_M63-B1","NK"
"D5_P6_M63-B1","Myeloid"
"D5_P7_M63-B1","Myeloid"
"D5_P8_M63-B1","T_cell"
"D5_P9_M63-B1","T_cell"
"D6_P6_M63-B1","T_cell"
"D6_P8_M63-B1","T_cell"
"D6_P9_M63-B1","NK"
"D7_P6_M63-B1","NK"
"D7_P7_M63-B1","Myeloid"
"D8_P7_M63-B1","NK"
"D8_P8_M63-B1","T_cell"
"D8_P9_M63-B1","T_cell"
"D9_P6_M63-B1","T_cell"
"D9_P8_M63-B1","T_cell"
"E10_P6_M63-B1","T_cell"
"E10_P7_M63-B1","T_cell"
"E10_P8_M63-B1","T_cell"
"E10_P9_M63-B1","T_cell"
"E11_P7_M63-B1","B_cell"
"E12_P6_M63-B1","T_cell"
"E12_P7_M63-B1","Myeloid"
"E12_P8_M63-B1","T_cell"
"E1_P7_M63-B1","T_cell"
"E1_P8_M63-B1","T_cell"
"E1_P9_M63-B1","T_cell"
"E2_P6_M63-B1","T_cell"
"E2_P7_M63-B1","T_cell"
"E2_P9_M63-B1","T_cell"
"E4_P6_M63-B1","T_cell"
"E4_P7_M63-B1","NK"
"E5_P7_M63-B1","T_cell"
"E5_P8_M63-B1","T_cell"
"E5_P9_M63-B1","T_cell"
"E6_P7_M63-B1","T_cell"
"E6_P9_M63-B1","T_cell"
"E7_P6_M63-B1","T_cell"
"E7_P7_M63-B1","T_cell"
"E7_P8_M63-B1","T_cell"
"E8_P7_M63-B1","T_cell"
"E8_P9_M63-B1","T_cell"
"E9_P7_M63-B1","T_cell"
"E9_P8_M63-B1","T_cell"
"F10_P7_M63-B1","Myeloid"
"F10_P8_M63-B1","T_cell"
"F10_P9_M63-B1","T_cell"
"F11_P6_M63-B1","NK"
"F11_P7_M63-B1","B_cell"
"F11_P8_M63-B1","T_cell"
"F11_P9_M63-B1","T_cell"
"F12_P6_M63-B1","T_cell"
"F12_P7_M63-B1","Myeloid"
"F12_P8_M63-B1","Myeloid"
"F12_P9_M63-B1","NK"
"F1_P6_M63-B1","T_cell"
"F1_P7_M63-B1","Myeloid"
"F1_P8_M63-B1","T_cell"
"F2_P6_M63-B1","T_cell"
"F2_P7_M63-B1","T_cell"
"F2_P8_M63-B1","T_cell"
"F3_P7_M63-B1","Myeloid"
"F3_P9_M63-B1","T_cell"
"F4_P6_M63-B1","T_cell"
"F4_P7_M63-B1","T_cell"
"F4_P9_M63-B1","T_cell"
"F5_P6_M63-B1","T_cell"
"F5_P7_M63-B1","T_cell"
"F6_P6_M63-B1","T_cell"
"F6_P8_M63-B1","T_cell"
"F7_P6_M63-B1","NK"
"F7_P7_M63-B1","Myeloid"
"F7_P9_M63-B1","T_cell"
"F8_P6_M63-B1","T_cell"
"F8_P7_M63-B1","NK"
"F8_P8_M63-B1","Myeloid"
"F9_P7_M63-B1","NK"
"F9_P8_M63-B1","T_cell"
"G10_P8_M63-B1","NK"
"G10_P9_M63-B1","T_cell"
"G11_P9_M63-B1","T_cell"
"G12_P6_M63-B1","T_cell"
"G12_P9_M63-B1","T_cell"
"G1_P6_M63-B1","T_cell"
"G1_P8_M63-B1","T_cell"
"G2_P7_M63-B1","NK"
"G3_P9_M63-B1","T_cell"
"G4_P6_M63-B1","T_cell"
"G5_P6_M63-B1","T_cell"
"G8_P7_M63-B1","NK"
"G8_P8_M63-B1","T_cell"
"G8_P9_M63-B1","T_cell"
"G9_P6_M63-B1","T_cell"
"H10_P6_M63-B1","T_cell"
"H10_P7_M63-B1","T_cell"
"H10_P9_M63-B1","T_cell"
"H11_P6_M63-B1","NK"
"H11_P7_M63-B1","T_cell"
"H11_P8_M63-B1","T_cell"
"H12_P6_M63-B1","T_cell"
"H12_P9_M63-B1","T_cell"
"H1_P7_M63-B1","T_cell"
"H1_P9_M63-B1","T_cell"
"H2_P6_M63-B1","T_cell"
"H2_P8_M63-B1","T_cell"
"H3_P7_M63-B1","Myeloid"
"H3_P9_M63-B1","NK"
"H4_P8_M63-B1","T_cell"
"H4_P9_M63-B1","NK"
"H5_P6_M63-B1","T_cell"
"H5_P7_M63-B1","T_cell"
"H5_P9_M63-B1","Myeloid"
"H6_P6_M63-B1","T_cell"
"H6_P9_M63-B1","T_cell"
"H7_P6_M63-B1","T_cell"
"H7_P7_M63-B1","T_cell"
"H7_P9_M63-B1","T_cell"
"H8_P6_M63-B1","T_cell"
"H8_P7_M63-B1","T_cell"
"H8_P9_M63-B1","T_cell"
"H9_P6_M63-B1","T_cell"
"H9_P7_M63-B1","T_cell"
"H9_P8_M63-B1","Myeloid"
"A10_P5_MMD4_L001","T_cell"
"A11_P2_MMD4_L001","NK"
"A11_P3_MMD4_L001","T_cell"
"A12_P2_MMD4_L001","Myeloid"
"A12_P4_MMD4_L001","T_cell"
"A3_P4_MMD4_L001","Myeloid"
"A3_P5_MMD4_L001","T_cell"
"A4_P4_MMD4_L001","NK"
"A5_P2_MMD4_L001","NK"
"A5_P3_MMD4_L001","NK"
"A5_P4_MMD4_L001","B_cell"
"A5_P5_MMD4_L001","NK"
"A6_P3_MMD4_L001","T_cell"
"A6_P4_MMD4_L001","B_cell"
"A6_P5_MMD4_L001","NK"
"A7_P2_MMD4_L001","Myeloid"
"A7_P4_MMD4_L001","T_cell"
"A7_P5_MMD4_L001","B_cell"
"A8_P2_MMD4_L001","T_cell"
"A8_P3_MMD4_L001","T_cell"
"A8_P5_MMD4_L001","T_cell"
"A9_P3_MMD4_L001","T_cell"
"A9_P5_MMD4_L001","T_cell"
"B10_P2_MMD4_L001","T_cell"
"B10_P4_MMD4_L001","T_cell"
"B11_P3_MMD4_L001","Myeloid"
"B11_P4_MMD4_L001","T_cell"
"B11_P5_MMD4_L001","T_cell"
"B12_P5_MMD4_L001","T_cell"
"B1_P2_MMD4_L001","NK"
"B1_P4_MMD4_L001","T_cell"
"B2_P5_MMD4_L001","T_cell"
"B3_P3_MMD4_L001","T_cell"
"B3_P4_MMD4_L001","B_cell"
"B4_P2_MMD4_L001","T_cell"
"B4_P4_MMD4_L001","NK"
"B4_P5_MMD4_L001","Myeloid"
"B5_P4_MMD4_L001","T_cell"
"B5_P5_MMD4_L001","T_cell"
"B6_P2_MMD4_L001","NK"
"B6_P4_MMD4_L001","B_cell"
"B6_P5_MMD4_L001","Myeloid"
"B7_P2_MMD4_L001","Myeloid"
"B7_P4_MMD4_L001","NK"
"B7_P5_MMD4_L001","NK"
"B8_P2_MMD4_L001","NK"
"B8_P3_MMD4_L001","T_cell"
"B8_P5_MMD4_L001","NK"
"B9_P2_MMD4_L001","T_cell"
"B9_P4_MMD4_L001","NK"
"C10_P2_MMD4_L001","Myeloid"
"C10_P3_MMD4_L001","T_cell"
"C10_P5_MMD4_L001","T_cell"
"C11_P3_MMD4_L001","T_cell"
"C11_P4_MMD4_L001","Myeloid"
"C11_P5_MMD4_L001","T_cell"
"C12_P2_MMD4_L001","NK"
"C12_P4_MMD4_L001","Myeloid"
"C12_P5_MMD4_L001","T_cell"
"C1_P2_MMD4_L001","NK"
"C1_P3_MMD4_L001","T_cell"
"C1_P4_MMD4_L001","NK"
"C1_P5_MMD4_L001","T_cell"
"C2_P2_MMD4_L001","Myeloid"
"C2_P4_MMD4_L001","NK"
"C2_P5_MMD4_L001","T_cell"
"C3_P2_MMD4_L001","NK"
"C3_P5_MMD4_L001","T_cell"
"C4_P2_MMD4_L001","NK"
"C4_P3_MMD4_L001","NK"
"C6_P4_MMD4_L001","T_cell"
"C7_P2_MMD4_L001","T_cell"
"C7_P3_MMD4_L001","T_cell"
"C7_P4_MMD4_L001","NK"
"C7_P5_MMD4_L001","T_cell"
"C8_P3_MMD4_L001","NK"
"C8_P4_MMD4_L001","NK"
"C8_P5_MMD4_L001","T_cell"
"C9_P3_MMD4_L001","T_cell"
"C9_P4_MMD4_L001","T_cell"
"C9_P5_MMD4_L001","T_cell"
"D10_P2_MMD4_L001","NK"
"D10_P3_MMD4_L001","NK"
"D11_P2_MMD4_L001","T_cell"
"D11_P4_MMD4_L001","T_cell"
"D12_P2_MMD4_L001","Myeloid"
"D12_P3_MMD4_L001","Myeloid"
"D12_P4_MMD4_L001","NK"
"D12_P5_MMD4_L001","T_cell"
"D1_P3_MMD4_L001","Myeloid"
"D1_P4_MMD4_L001","NK"
"D2_P2_MMD4_L001","NK"
"D2_P5_MMD4_L001","B_cell"
"D3_P2_MMD4_L001","Myeloid"
"D3_P3_MMD4_L001","NK"
"D3_P4_MMD4_L001","NK"
"D4_P2_MMD4_L001","Myeloid"
"D4_P3_MMD4_L001","NK"
"D4_P5_MMD4_L001","B_cell"
"D5_P3_MMD4_L001","NK"
"D6_P4_MMD4_L001","T_cell"
"D7_P3_MMD4_L001","NK"
"D8_P2_MMD4_L001","T_cell"
"D8_P3_MMD4_L001","NK"
"D9_P4_MMD4_L001","NK"
"E10_P3_MMD4_L001","T_cell"
"E10_P4_MMD4_L001","T_cell"
"E10_P5_MMD4_L001","B_cell"
"E11_P3_MMD4_L001","T_cell"
"E11_P4_MMD4_L001","NK"
"E11_P5_MMD4_L001","T_cell"
"E12_P3_MMD4_L001","Myeloid"
"E12_P4_MMD4_L001","NK"
"E1_P2_MMD4_L001","Myeloid"
"E1_P4_MMD4_L001","T_cell"
"E1_P5_MMD4_L001","T_cell"
"E2_P3_MMD4_L001","T_cell"
"E2_P4_MMD4_L001","NK"
"E2_P5_MMD4_L001","B_cell"
"E3_P2_MMD4_L001","Myeloid"
"E3_P3_MMD4_L001","T_cell"
"E3_P4_MMD4_L001","B_cell"
"E4_P3_MMD4_L001","Myeloid"
"E4_P4_MMD4_L001","T_cell"
"E4_P5_MMD4_L001","T_cell"
"E5_P3_MMD4_L001","Unassigned (all modules low)"
"E5_P4_MMD4_L001","B_cell"
"E5_P5_MMD4_L001","NK"
"E6_P2_MMD4_L001","T_cell"
"E6_P3_MMD4_L001","T_cell"
"E7_P3_MMD4_L001","T_cell"
"E7_P4_MMD4_L001","NK"
"E8_P4_MMD4_L001","NK"
"E9_P3_MMD4_L001","NK"
"F10_P4_MMD4_L001","NK"
"F10_P5_MMD4_L001","B_cell"
"F11_P2_MMD4_L001","Myeloid"
"F11_P3_MMD4_L001","NK"
"F12_P2_MMD4_L001","T_cell"
"F12_P3_MMD4_L001","NK"
"F12_P4_MMD4_L001","NK"
"F12_P5_MMD4_L001","Myeloid"
"F1_P4_MMD4_L001","NK"
"F2_P2_MMD4_L001","Myeloid"
"F2_P3_MMD4_L001","Myeloid"
"F2_P5_MMD4_L001","T_cell"
"F3_P3_MMD4_L001","T_cell"
"F3_P4_MMD4_L001","NK"
"F4_P4_MMD4_L001","NK"
"F5_P2_MMD4_L001","Myeloid"
"F5_P3_MMD4_L001","NK"
"F5_P4_MMD4_L001","B_cell"
"F5_P5_MMD4_L001","T_cell"
"F6_P3_MMD4_L001","T_cell"
"F6_P5_MMD4_L001","NK"
"F7_P3_MMD4_L001","T_cell"
"F7_P4_MMD4_L001","NK"
"F8_P4_MMD4_L001","T_cell"
"F8_P5_MMD4_L001","T_cell"
"F9_P2_MMD4_L001","NK"
"F9_P5_MMD4_L001","T_cell"
"G10_P2_MMD4_L001","T_cell"
"G10_P3_MMD4_L001","NK"
"G10_P4_MMD4_L001","NK"
"G10_P5_MMD4_L001","NK"
"G11_P2_MMD4_L001","T_cell"
"G11_P3_MMD4_L001","T_cell"
"G11_P4_MMD4_L001","T_cell"
"G12_P2_MMD4_L001","T_cell"
"G12_P4_MMD4_L001","T_cell"
"G12_P5_MMD4_L001","T_cell"
"G1_P2_MMD4_L001","T_cell"
"G1_P3_MMD4_L001","T_cell"
"G1_P4_MMD4_L001","T_cell"
"G1_P5_MMD4_L001","B_cell"
"G2_P2_MMD4_L001","T_cell"
"G2_P3_MMD4_L001","Unassigned (all modules low)"
"G2_P4_MMD4_L001","NK"
"G3_P2_MMD4_L001","T_cell"
"G3_P3_MMD4_L001","T_cell"
"G3_P4_MMD4_L001","NK"
"G3_P5_MMD4_L001","T_cell"
"G4_P2_MMD4_L001","Myeloid"
"G4_P3_MMD4_L001","NK"
"G4_P5_MMD4_L001","B_cell"
"G5_P3_MMD4_L001","T_cell"
"G5_P4_MMD4_L001","B_cell"
"G5_P5_MMD4_L001","T_cell"
"G6_P2_MMD4_L001","T_cell"
"G6_P4_MMD4_L001","NK"
"G6_P5_MMD4_L001","T_cell"
"G7_P2_MMD4_L001","T_cell"
"G7_P3_MMD4_L001","NK"
"G7_P4_MMD4_L001","T_cell"
"G7_P5_MMD4_L001","T_cell"
"G8_P2_MMD4_L001","T_cell"
"G8_P3_MMD4_L001","T_cell"
"G9_P2_MMD4_L001","T_cell"
"G9_P3_MMD4_L001","T_cell"
"H10_P3_MMD4_L001","NK"
"H10_P4_MMD4_L001","NK"
"H10_P5_MMD4_L001","NK"
"H11_P2_MMD4_L001","T_cell"
"H11_P3_MMD4_L001","B_cell"
"H12_P2_MMD4_L001","NK"
"H12_P3_MMD4_L001","NK"
"H12_P4_MMD4_L001","T_cell"
"H12_P5_MMD4_L001","T_cell"
"H1_P4_MMD4_L001","T_cell"
"H1_P5_MMD4_L001","T_cell"
"H2_P2_MMD4_L001","Myeloid"
"H2_P3_MMD4_L001","NK"
"H2_P5_MMD4_L001","B_cell"
"H3_P3_MMD4_L001","B_cell"
"H3_P4_MMD4_L001","Myeloid"
"H3_P5_MMD4_L001","B_cell"
"H4_P3_MMD4_L001","NK"
"H4_P5_MMD4_L001","B_cell"
"H5_P4_MMD4_L001","T_cell"
"H7_P5_MMD4_L001","T_cell"
"H8_P5_MMD4_L001","B_cell"
"H9_P2_MMD4_L001","T_cell"
"H9_P3_MMD4_L001","B_cell"
"H9_P4_MMD4_L001","Myeloid"
"A10_P6_MMD4_L001","T_cell"
"A3_P6_MMD4_L001","Myeloid"
"A4_P6_MMD4_L001","Myeloid"
"A9_P6_MMD4_L001","T_cell"
"B1_P6_MMD4_L001","B_cell"
"B4_P6_MMD4_L001","T_cell"
"C3_P6_MMD4_L001","Myeloid"
"C4_P6_MMD4_L001","T_cell"
"C5_P6_MMD4_L001","Myeloid"
"C8_P6_MMD4_L001","T_cell"
"C9_P6_MMD4_L001","NK"
"D10_P6_MMD4_L001","NK"
"D9_P6_MMD4_L001","NK"
"E1_P6_MMD4_L001","NK"
"E4_P6_MMD4_L001","Myeloid"
"E6_P6_MMD4_L001","Myeloid"
"E9_P6_MMD4_L001","Myeloid"
"F10_P6_MMD4_L001","T_cell"
"F11_P6_MMD4_L001","T_cell"
"F12_P6_MMD4_L001","Myeloid"
"F3_P6_MMD4_L001","NK"
"F4_P6_MMD4_L001","T_cell"
"F5_P6_MMD4_L001","T_cell"
"F6_P6_MMD4_L001","NK"
"F7_P6_MMD4_L001","B_cell"
"F9_P6_MMD4_L001","Myeloid"
"G12_P6_MMD4_L001","T_cell"
"G2_P6_MMD4_L001","Myeloid"
"G5_P6_MMD4_L001","T_cell"
"G6_P6_MMD4_L001","Myeloid"
"G7_P6_MMD4_L001","Myeloid"
"H10_P6_MMD4_L001","T_cell"
"H11_P6_MMD4_L001","T_cell"
"H12_P6_MMD4_L001","T_cell"
"H1_P6_MMD4_L001","T_cell"
"H2_P6_MMD4_L001","T_cell"
"H3_P6_MMD4_L001","T_cell"
"H4_P6_MMD4_L001","NK"
"H5_P6_MMD4_L001","T_cell"
"H6_P6_MMD4_L001","Myeloid"
"H7_P6_MMD4_L001","NK"
"H8_P6_MMD4_L001","Myeloid"
"H9_P6_MMD4_L001","T_cell"
"A10_P10_MMD5_L001","T_cell"
"A10_P11_MMD5_L001","B_cell"
"A10_P3_MMD5_L001","T_cell"
"A10_P9_MMD5_L001","B_cell"
"A11_P10_MMD5_L001","B_cell"
"A11_P11_MMD5_L001","T_cell"
"A11_P3_MMD5_L001","B_cell"
"A12_P10_MMD5_L001","B_cell"
"A12_P11_MMD5_L001","B_cell"
"A12_P3_MMD5_L001","NK"
"A2_P10_MMD5_L001","B_cell"
"A2_P11_MMD5_L001","T_cell"
"A2_P3_MMD5_L001","B_cell"
"A2_P9_MMD5_L001","B_cell"
"A3_P11_MMD5_L001","T_cell"
"A3_P3_MMD5_L001","B_cell"
"A3_P9_MMD5_L001","B_cell"
"A4_P10_MMD5_L001","T_cell"
"A4_P3_MMD5_L001","B_cell"
"A4_P9_MMD5_L001","NK"
"A5_P10_MMD5_L001","T_cell"
"A5_P11_MMD5_L001","T_cell"
"A6_P10_MMD5_L001","B_cell"
"A6_P11_MMD5_L001","B_cell"
"A6_P3_MMD5_L001","T_cell"
"A6_P9_MMD5_L001","T_cell"
"A7_P10_MMD5_L001","T_cell"
"A7_P11_MMD5_L001","NK"
"A7_P3_MMD5_L001","B_cell"
"A7_P9_MMD5_L001","NK"
"A8_P10_MMD5_L001","B_cell"
"A8_P11_MMD5_L001","B_cell"
"A8_P3_MMD5_L001","T_cell"
"A8_P9_MMD5_L001","B_cell"
"A9_P10_MMD5_L001","T_cell"
"A9_P11_MMD5_L001","NK"
"A9_P3_MMD5_L001","B_cell"
"A9_P9_MMD5_L001","T_cell"
"B10_P10_MMD5_L001","B_cell"
"B10_P11_MMD5_L001","T_cell"
"B10_P3_MMD5_L001","T_cell"
"B10_P9_MMD5_L001","T_cell"
"B11_P10_MMD5_L001","B_cell"
"B11_P11_MMD5_L001","B_cell"
"B11_P3_MMD5_L001","NK"
"B11_P9_MMD5_L001","B_cell"
"B12_P11_MMD5_L001","T_cell"
"B12_P3_MMD5_L001","Myeloid"
"B12_P9_MMD5_L001","T_cell"
"B1_P10_MMD5_L001","T_cell"
"B1_P11_MMD5_L001","B_cell"
"B1_P3_MMD5_L001","B_cell"
"B2_P10_MMD5_L001","B_cell"
"B2_P3_MMD5_L001","Myeloid"
"B2_P9_MMD5_L001","T_cell"
"B3_P10_MMD5_L001","T_cell"
"B3_P11_MMD5_L001","NK"
"B3_P3_MMD5_L001","T_cell"
"B3_P9_MMD5_L001","T_cell"
"B4_P10_MMD5_L001","T_cell"
"B4_P11_MMD5_L001","B_cell"
"B4_P3_MMD5_L001","NK"
"B4_P9_MMD5_L001","B_cell"
"B5_P10_MMD5_L001","B_cell"
"B5_P11_MMD5_L001","B_cell"
"B5_P3_MMD5_L001","T_cell"
"B6_P10_MMD5_L001","T_cell"
"B6_P11_MMD5_L001","T_cell"
"B6_P3_MMD5_L001","B_cell"
"B6_P9_MMD5_L001","T_cell"
"B7_P10_MMD5_L001","B_cell"
"B7_P11_MMD5_L001","T_cell"
"B7_P3_MMD5_L001","T_cell"
"B8_P10_MMD5_L001","T_cell"
"B8_P11_MMD5_L001","B_cell"
"B8_P3_MMD5_L001","T_cell"
"B8_P9_MMD5_L001","B_cell"
"B9_P11_MMD5_L001","B_cell"
"B9_P3_MMD5_L001","T_cell"
"B9_P9_MMD5_L001","B_cell"
"C10_P3_MMD5_L001","B_cell"
"C10_P9_MMD5_L001","T_cell"
"C11_P10_MMD5_L001","T_cell"
"C11_P11_MMD5_L001","T_cell"
"C11_P3_MMD5_L001","T_cell"
"C11_P9_MMD5_L001","B_cell"
"C12_P11_MMD5_L001","B_cell"
"C12_P3_MMD5_L001","T_cell"
"C1_P10_MMD5_L001","T_cell"
"C1_P3_MMD5_L001","NK"
"C1_P9_MMD5_L001","B_cell"
"C2_P10_MMD5_L001","T_cell"
"C2_P11_MMD5_L001","B_cell"
"C2_P9_MMD5_L001","T_cell"
"C3_P10_MMD5_L001","T_cell"
"C3_P11_MMD5_L001","B_cell"
"C3_P9_MMD5_L001","B_cell"
"C4_P10_MMD5_L001","B_cell"
"C4_P11_MMD5_L001","T_cell"
"C4_P3_MMD5_L001","Myeloid"
"C5_P10_MMD5_L001","Unassigned (all modules low)"
"C5_P11_MMD5_L001","T_cell"
"C5_P3_MMD5_L001","B_cell"
"C5_P9_MMD5_L001","T_cell"
"C6_P10_MMD5_L001","B_cell"
"C6_P11_MMD5_L001","B_cell"
"C6_P3_MMD5_L001","T_cell"
"C6_P9_MMD5_L001","T_cell"
"C7_P10_MMD5_L001","T_cell"
"C7_P11_MMD5_L001","NK"
"C7_P3_MMD5_L001","NK"
"C7_P9_MMD5_L001","T_cell"
"C8_P10_MMD5_L001","T_cell"
"C8_P3_MMD5_L001","T_cell"
"C8_P9_MMD5_L001","T_cell"
"C9_P10_MMD5_L001","T_cell"
"C9_P11_MMD5_L001","B_cell"
"C9_P3_MMD5_L001","B_cell"
"C9_P9_MMD5_L001","B_cell"
"D10_P10_MMD5_L001","T_cell"
"D10_P11_MMD5_L001","T_cell"
"D10_P3_MMD5_L001","B_cell"
"D10_P9_MMD5_L001","NK"
"D11_P10_MMD5_L001","T_cell"
"D11_P11_MMD5_L001","T_cell"
"D11_P3_MMD5_L001","T_cell"
"D11_P9_MMD5_L001","B_cell"
"D12_P10_MMD5_L001","B_cell"
"D12_P11_MMD5_L001","T_cell"
"D12_P3_MMD5_L001","B_cell"
"D12_P9_MMD5_L001","B_cell"
"D1_P10_MMD5_L001","B_cell"
"D1_P11_MMD5_L001","B_cell"
"D1_P3_MMD5_L001","T_cell"
"D1_P9_MMD5_L001","B_cell"
"D2_P10_MMD5_L001","B_cell"
"D2_P11_MMD5_L001","B_cell"
"D2_P3_MMD5_L001","T_cell"
"D2_P9_MMD5_L001","B_cell"
"D3_P10_MMD5_L001","B_cell"
"D3_P11_MMD5_L001","B_cell"
"D3_P3_MMD5_L001","T_cell"
"D3_P9_MMD5_L001","B_cell"
"D4_P10_MMD5_L001","B_cell"
"D4_P3_MMD5_L001","T_cell"
"D4_P9_MMD5_L001","B_cell"
"D5_P10_MMD5_L001","B_cell"
"D5_P11_MMD5_L001","T_cell"
"D5_P9_MMD5_L001","T_cell"
"D6_P11_MMD5_L001","T_cell"
"D6_P3_MMD5_L001","T_cell"
"D6_P9_MMD5_L001","T_cell"
"D7_P11_MMD5_L001","B_cell"
"D7_P3_MMD5_L001","T_cell"
"D7_P9_MMD5_L001","B_cell"
"D8_P10_MMD5_L001","B_cell"
"D8_P11_MMD5_L001","T_cell"
"D8_P3_MMD5_L001","B_cell"
"D8_P9_MMD5_L001","B_cell"
"D9_P10_MMD5_L001","T_cell"
"D9_P3_MMD5_L001","T_cell"
"D9_P9_MMD5_L001","B_cell"
"E10_P10_MMD5_L001","NK"
"E10_P11_MMD5_L001","B_cell"
"E10_P9_MMD5_L001","T_cell"
"E11_P11_MMD5_L001","B_cell"
"E11_P3_MMD5_L001","B_cell"
"E11_P9_MMD5_L001","T_cell"
"E12_P10_MMD5_L001","T_cell"
"E12_P11_MMD5_L001","B_cell"
"E12_P3_MMD5_L001","T_cell"
"E12_P9_MMD5_L001","T_cell"
"E1_P10_MMD5_L001","B_cell"
"E1_P11_MMD5_L001","B_cell"
"E1_P3_MMD5_L001","T_cell"
"E1_P9_MMD5_L001","T_cell"
"E2_P10_MMD5_L001","B_cell"
"E2_P11_MMD5_L001","B_cell"
"E2_P3_MMD5_L001","B_cell"
"E2_P9_MMD5_L001","B_cell"
"E3_P11_MMD5_L001","T_cell"
"E3_P3_MMD5_L001","T_cell"
"E3_P9_MMD5_L001","B_cell"
"E4_P10_MMD5_L001","B_cell"
"E4_P11_MMD5_L001","B_cell"
"E4_P3_MMD5_L001","B_cell"
"E4_P9_MMD5_L001","T_cell"
"E5_P10_MMD5_L001","B_cell"
"E5_P3_MMD5_L001","B_cell"
"E5_P9_MMD5_L001","T_cell"
"E6_P11_MMD5_L001","B_cell"
"E6_P3_MMD5_L001","T_cell"
"E6_P9_MMD5_L001","T_cell"
"E7_P10_MMD5_L001","NK"
"E7_P11_MMD5_L001","T_cell"
"E7_P3_MMD5_L001","T_cell"
"E7_P9_MMD5_L001","B_cell"
"E8_P11_MMD5_L001","B_cell"
"E8_P3_MMD5_L001","T_cell"
"E8_P9_MMD5_L001","B_cell"
"E9_P10_MMD5_L001","T_cell"
"E9_P11_MMD5_L001","T_cell"
"E9_P3_MMD5_L001","T_cell"
"E9_P9_MMD5_L001","B_cell"
"F10_P11_MMD5_L001","T_cell"
"F10_P3_MMD5_L001","B_cell"
"F10_P9_MMD5_L001","T_cell"
"F11_P10_MMD5_L001","T_cell"
"F11_P3_MMD5_L001","B_cell"
"F11_P9_MMD5_L001","T_cell"
"F12_P10_MMD5_L001","T_cell"
"F12_P11_MMD5_L001","T_cell"
"F12_P3_MMD5_L001","T_cell"
"F12_P9_MMD5_L001","B_cell"
"F1_P10_MMD5_L001","T_cell"
"F1_P11_MMD5_L001","T_cell"
"F1_P3_MMD5_L001","B_cell"
"F1_P9_MMD5_L001","B_cell"
"F2_P10_MMD5_L001","B_cell"
"F2_P11_MMD5_L001","B_cell"
"F2_P3_MMD5_L001","T_cell"
"F2_P9_MMD5_L001","NK"
"F3_P10_MMD5_L001","T_cell"
"F3_P11_MMD5_L001","T_cell"
"F3_P3_MMD5_L001","B_cell"
"F4_P10_MMD5_L001","B_cell"
"F4_P3_MMD5_L001","T_cell"
"F4_P9_MMD5_L001","T_cell"
"F5_P10_MMD5_L001","T_cell"
"F5_P11_MMD5_L001","B_cell"
"F5_P3_MMD5_L001","T_cell"
"F5_P9_MMD5_L001","T_cell"
"F6_P10_MMD5_L001","B_cell"
"F6_P11_MMD5_L001","B_cell"
"F6_P9_MMD5_L001","T_cell"
"F7_P10_MMD5_L001","B_cell"
"F7_P11_MMD5_L001","T_cell"
"F7_P3_MMD5_L001","B_cell"
"F7_P9_MMD5_L001","T_cell"
"F8_P10_MMD5_L001","B_cell"
"F8_P11_MMD5_L001","B_cell"
"F8_P3_MMD5_L001","T_cell"
"F8_P9_MMD5_L001","B_cell"
"F9_P10_MMD5_L001","B_cell"
"F9_P3_MMD5_L001","B_cell"
"F9_P9_MMD5_L001","T_cell"
"G10_P10_MMD5_L001","B_cell"
"G10_P11_MMD5_L001","T_cell"
"G10_P3_MMD5_L001","B_cell"
"G11_P10_MMD5_L001","T_cell"
"G11_P11_MMD5_L001","B_cell"
"G11_P3_MMD5_L001","T_cell"
"G11_P9_MMD5_L001","T_cell"
"G12_P10_MMD5_L001","B_cell"
"G12_P11_MMD5_L001","B_cell"
"G12_P3_MMD5_L001","B_cell"
"G12_P9_MMD5_L001","NK"
"G1_P10_MMD5_L001","T_cell"
"G1_P11_MMD5_L001","T_cell"
"G1_P3_MMD5_L001","B_cell"
"G1_P9_MMD5_L001","T_cell"
"G2_P11_MMD5_L001","B_cell"
"G2_P3_MMD5_L001","T_cell"
"G2_P9_MMD5_L001","B_cell"
"G3_P10_MMD5_L001","T_cell"
"G3_P11_MMD5_L001","T_cell"
"G3_P3_MMD5_L001","T_cell"
"G4_P10_MMD5_L001","NK"
"G4_P11_MMD5_L001","T_cell"
"G4_P3_MMD5_L001","T_cell"
"G4_P9_MMD5_L001","T_cell"
"G5_P11_MMD5_L001","B_cell"
"G5_P3_MMD5_L001","B_cell"
"G6_P10_MMD5_L001","B_cell"
"G6_P11_MMD5_L001","T_cell"
"G6_P3_MMD5_L001","T_cell"
"G6_P9_MMD5_L001","T_cell"
"G7_P10_MMD5_L001","B_cell"
"G7_P11_MMD5_L001","T_cell"
"G7_P3_MMD5_L001","T_cell"
"G7_P9_MMD5_L001","T_cell"
"G8_P11_MMD5_L001","B_cell"
"G8_P3_MMD5_L001","B_cell"
"G8_P9_MMD5_L001","B_cell"
"G9_P10_MMD5_L001","B_cell"
"G9_P3_MMD5_L001","T_cell"
"G9_P9_MMD5_L001","B_cell"
"H10_P10_MMD5_L001","T_cell"
"H10_P11_MMD5_L001","T_cell"
"H10_P3_MMD5_L001","T_cell"
"H10_P9_MMD5_L001","T_cell"
"H11_P10_MMD5_L001","T_cell"
"H11_P11_MMD5_L001","T_cell"
"H11_P3_MMD5_L001","B_cell"
"H11_P9_MMD5_L001","T_cell"
"H12_P10_MMD5_L001","T_cell"
"H12_P11_MMD5_L001","T_cell"
"H12_P3_MMD5_L001","Myeloid"
"H1_P10_MMD5_L001","T_cell"
"H1_P11_MMD5_L001","T_cell"
"H1_P3_MMD5_L001","Myeloid"
"H1_P9_MMD5_L001","B_cell"
"H2_P11_MMD5_L001","T_cell"
"H2_P9_MMD5_L001","T_cell"
"H3_P10_MMD5_L001","T_cell"
"H3_P3_MMD5_L001","T_cell"
"H3_P9_MMD5_L001","T_cell"
"H4_P10_MMD5_L001","B_cell"
"H4_P11_MMD5_L001","T_cell"
"H4_P3_MMD5_L001","T_cell"
"H5_P11_MMD5_L001","T_cell"
"H5_P9_MMD5_L001","T_cell"
"H6_P10_MMD5_L001","B_cell"
"H6_P3_MMD5_L001","B_cell"
"H6_P9_MMD5_L001","NK"
"H7_P10_MMD5_L001","B_cell"
"H7_P11_MMD5_L001","T_cell"
"H7_P3_MMD5_L001","T_cell"
"H7_P9_MMD5_L001","T_cell"
"H8_P10_MMD5_L001","B_cell"
"H8_P11_MMD5_L001","T_cell"
"H8_P3_MMD5_L001","T_cell"
"H8_P9_MMD5_L001","T_cell"
"H9_P10_MMD5_L001","Unassigned (all modules low)"
"H9_P11_MMD5_L001","T_cell"
"H9_P3_MMD5_L001","T_cell"
"H9_P9_MMD5_L001","T_cell"
"A10_P10_MMD2-36B_L001","T_cell"
"A10_P6_MMD2-36B_L001","T_cell"
"A10_P8_MMD2-36B_L001","T_cell"
"A10_P9_MMD2-36B_L001","T_cell"
"A11_P10_MMD2-36B_L001","T_cell"
"A11_P9_MMD2-36B_L001","T_cell"
"A12_P10_MMD2-36B_L001","T_cell"
"A12_P6_MMD2-36B_L001","T_cell"
"A12_P8_MMD2-36B_L001","T_cell"
"A2_P10_MMD2-36B_L001","T_cell"
"A2_P6_MMD2-36B_L001","Myeloid"
"A2_P8_MMD2-36B_L001","T_cell"
"A2_P9_MMD2-36B_L001","T_cell"
"A3_P10_MMD2-36B_L001","T_cell"
"A3_P6_MMD2-36B_L001","T_cell"
"A3_P9_MMD2-36B_L001","NK"
"A4_P10_MMD2-36B_L001","T_cell"
"A4_P8_MMD2-36B_L001","T_cell"
"A4_P9_MMD2-36B_L001","T_cell"
"A5_P10_MMD2-36B_L001","B_cell"
"A5_P6_MMD2-36B_L001","Myeloid"
"A5_P9_MMD2-36B_L001","Myeloid"
"A6_P10_MMD2-36B_L001","T_cell"
"A6_P6_MMD2-36B_L001","T_cell"
"A6_P8_MMD2-36B_L001","NK"
"A6_P9_MMD2-36B_L001","T_cell"
"A7_P10_MMD2-36B_L001","T_cell"
"A7_P6_MMD2-36B_L001","T_cell"
"A7_P8_MMD2-36B_L001","T_cell"
"A7_P9_MMD2-36B_L001","T_cell"
"A8_P10_MMD2-36B_L001","Myeloid"
"A8_P6_MMD2-36B_L001","T_cell"
"A8_P9_MMD2-36B_L001","T_cell"
"A9_P10_MMD2-36B_L001","NK"
"A9_P6_MMD2-36B_L001","T_cell"
"B10_P10_MMD2-36B_L001","T_cell"
"B10_P8_MMD2-36B_L001","T_cell"
"B10_P9_MMD2-36B_L001","NK"
"B11_P10_MMD2-36B_L001","T_cell"
"B11_P8_MMD2-36B_L001","T_cell"
"B11_P9_MMD2-36B_L001","T_cell"
"B12_P10_MMD2-36B_L001","T_cell"
"B12_P6_MMD2-36B_L001","T_cell"
"B12_P8_MMD2-36B_L001","T_cell"
"B12_P9_MMD2-36B_L001","T_cell"
"B1_P10_MMD2-36B_L001","B_cell"
"B1_P6_MMD2-36B_L001","T_cell"
"B1_P9_MMD2-36B_L001","NK"
"B2_P10_MMD2-36B_L001","Myeloid"
"B2_P6_MMD2-36B_L001","T_cell"
"B2_P8_MMD2-36B_L001","T_cell"
"B3_P10_MMD2-36B_L001","T_cell"
"B3_P6_MMD2-36B_L001","T_cell"
"B3_P8_MMD2-36B_L001","T_cell"
"B3_P9_MMD2-36B_L001","NK"
"B4_P9_MMD2-36B_L001","T_cell"
"B5_P10_MMD2-36B_L001","T_cell"
"B5_P6_MMD2-36B_L001","B_cell"
"B5_P8_MMD2-36B_L001","Myeloid"
"B5_P9_MMD2-36B_L001","Myeloid"
"B6_P10_MMD2-36B_L001","T_cell"
"B6_P6_MMD2-36B_L001","T_cell"
"B6_P8_MMD2-36B_L001","T_cell"
"B6_P9_MMD2-36B_L001","B_cell"
"B7_P6_MMD2-36B_L001","NK"
"B7_P8_MMD2-36B_L001","T_cell"
"B7_P9_MMD2-36B_L001","T_cell"
"B8_P6_MMD2-36B_L001","T_cell"
"B8_P8_MMD2-36B_L001","T_cell"
"B8_P9_MMD2-36B_L001","T_cell"
"B9_P10_MMD2-36B_L001","T_cell"
"B9_P6_MMD2-36B_L001","T_cell"
"B9_P8_MMD2-36B_L001","T_cell"
"B9_P9_MMD2-36B_L001","B_cell"
"C10_P10_MMD2-36B_L001","T_cell"
"C10_P6_MMD2-36B_L001","T_cell"
"C10_P8_MMD2-36B_L001","T_cell"
"C10_P9_MMD2-36B_L001","T_cell"
"C11_P10_MMD2-36B_L001","T_cell"
"C11_P6_MMD2-36B_L001","T_cell"
"C11_P8_MMD2-36B_L001","T_cell"
"C12_P10_MMD2-36B_L001","Myeloid"
"C12_P6_MMD2-36B_L001","T_cell"
"C12_P8_MMD2-36B_L001","T_cell"
"C1_P10_MMD2-36B_L001","T_cell"
"C1_P6_MMD2-36B_L001","T_cell"
"C1_P8_MMD2-36B_L001","T_cell"
"C1_P9_MMD2-36B_L001","T_cell"
"C2_P6_MMD2-36B_L001","T_cell"
"C2_P8_MMD2-36B_L001","T_cell"
"C2_P9_MMD2-36B_L001","T_cell"
"C3_P8_MMD2-36B_L001","T_cell"
"C3_P9_MMD2-36B_L001","T_cell"
"C4_P10_MMD2-36B_L001","B_cell"
"C4_P6_MMD2-36B_L001","Myeloid"
"C4_P9_MMD2-36B_L001","T_cell"
"C5_P10_MMD2-36B_L001","T_cell"
"C5_P6_MMD2-36B_L001","T_cell"
"C5_P9_MMD2-36B_L001","Myeloid"
"C6_P10_MMD2-36B_L001","T_cell"
"C6_P6_MMD2-36B_L001","T_cell"
"C6_P8_MMD2-36B_L001","T_cell"
"C6_P9_MMD2-36B_L001","T_cell"
"C7_P10_MMD2-36B_L001","Unassigned (all modules low)"
"C7_P8_MMD2-36B_L001","NK"
"C8_P10_MMD2-36B_L001","B_cell"
"C8_P8_MMD2-36B_L001","T_cell"
"C8_P9_MMD2-36B_L001","T_cell"
"C9_P10_MMD2-36B_L001","T_cell"
"C9_P6_MMD2-36B_L001","T_cell"
"C9_P9_MMD2-36B_L001","NK"
"D10_P6_MMD2-36B_L001","T_cell"
"D10_P8_MMD2-36B_L001","T_cell"
"D10_P9_MMD2-36B_L001","B_cell"
"D11_P10_MMD2-36B_L001","T_cell"
"D11_P6_MMD2-36B_L001","B_cell"
"D11_P9_MMD2-36B_L001","T_cell"
"D12_P10_MMD2-36B_L001","NK"
"D12_P8_MMD2-36B_L001","T_cell"
"D12_P9_MMD2-36B_L001","T_cell"
"D1_P10_MMD2-36B_L001","T_cell"
"D1_P6_MMD2-36B_L001","T_cell"
"D1_P8_MMD2-36B_L001","T_cell"
"D2_P10_MMD2-36B_L001","T_cell"
"D2_P6_MMD2-36B_L001","T_cell"
"D2_P8_MMD2-36B_L001","T_cell"
"D2_P9_MMD2-36B_L001","T_cell"
"D3_P10_MMD2-36B_L001","T_cell"
"D3_P6_MMD2-36B_L001","Myeloid"
"D3_P8_MMD2-36B_L001","T_cell"
"D3_P9_MMD2-36B_L001","T_cell"
"D4_P10_MMD2-36B_L001","Myeloid"
"D4_P8_MMD2-36B_L001","NK"
"D4_P9_MMD2-36B_L001","T_cell"
"D5_P6_MMD2-36B_L001","B_cell"
"D5_P8_MMD2-36B_L001","T_cell"
"D5_P9_MMD2-36B_L001","B_cell"
"D6_P10_MMD2-36B_L001","B_cell"
"D6_P6_MMD2-36B_L001","Myeloid"
"D6_P8_MMD2-36B_L001","T_cell"
"D6_P9_MMD2-36B_L001","T_cell"
"D7_P10_MMD2-36B_L001","T_cell"
"D7_P6_MMD2-36B_L001","T_cell"
"D7_P8_MMD2-36B_L001","T_cell"
"D8_P10_MMD2-36B_L001","T_cell"
"D8_P8_MMD2-36B_L001","T_cell"
"D8_P9_MMD2-36B_L001","NK"
"D9_P10_MMD2-36B_L001","T_cell"
"D9_P8_MMD2-36B_L001","T_cell"
"D9_P9_MMD2-36B_L001","T_cell"
"E10_P10_MMD2-36B_L001","T_cell"
"E10_P6_MMD2-36B_L001","T_cell"
"E10_P8_MMD2-36B_L001","Unassigned (all modules low)"
"E10_P9_MMD2-36B_L001","T_cell"
"E11_P10_MMD2-36B_L001","T_cell"
"E11_P6_MMD2-36B_L001","T_cell"
"E11_P8_MMD2-36B_L001","Myeloid"
"E12_P10_MMD2-36B_L001","T_cell"
"E12_P6_MMD2-36B_L001","B_cell"
"E12_P8_MMD2-36B_L001","T_cell"
"E12_P9_MMD2-36B_L001","T_cell"
"E1_P6_MMD2-36B_L001","T_cell"
"E1_P8_MMD2-36B_L001","B_cell"
"E1_P9_MMD2-36B_L001","T_cell"
"E2_P10_MMD2-36B_L001","T_cell"
"E2_P6_MMD2-36B_L001","T_cell"
"E2_P9_MMD2-36B_L001","T_cell"
"E3_P10_MMD2-36B_L001","T_cell"
"E3_P6_MMD2-36B_L001","T_cell"
"E3_P8_MMD2-36B_L001","B_cell"
"E3_P9_MMD2-36B_L001","NK"
"E4_P10_MMD2-36B_L001","T_cell"
"E4_P6_MMD2-36B_L001","T_cell"
"E4_P8_MMD2-36B_L001","T_cell"
"E4_P9_MMD2-36B_L001","T_cell"
"E5_P6_MMD2-36B_L001","Myeloid"
"E5_P8_MMD2-36B_L001","T_cell"
"E5_P9_MMD2-36B_L001","T_cell"
"E6_P10_MMD2-36B_L001","T_cell"
"E6_P6_MMD2-36B_L001","T_cell"
"E6_P8_MMD2-36B_L001","T_cell"
"E6_P9_MMD2-36B_L001","Myeloid"
"E7_P10_MMD2-36B_L001","T_cell"
"E7_P6_MMD2-36B_L001","T_cell"
"E7_P8_MMD2-36B_L001","Myeloid"
"E7_P9_MMD2-36B_L001","T_cell"
"E8_P10_MMD2-36B_L001","Myeloid"
"E8_P6_MMD2-36B_L001","T_cell"
"E8_P8_MMD2-36B_L001","B_cell"
"E8_P9_MMD2-36B_L001","T_cell"
"E9_P10_MMD2-36B_L001","T_cell"
"E9_P6_MMD2-36B_L001","T_cell"
"E9_P8_MMD2-36B_L001","T_cell"
"E9_P9_MMD2-36B_L001","T_cell"
"F10_P6_MMD2-36B_L001","T_cell"
"F10_P8_MMD2-36B_L001","T_cell"
"F10_P9_MMD2-36B_L001","T_cell"
"F11_P10_MMD2-36B_L001","Myeloid"
"F11_P6_MMD2-36B_L001","NK"
"F11_P8_MMD2-36B_L001","T_cell"
"F11_P9_MMD2-36B_L001","T_cell"
"F12_P10_MMD2-36B_L001","B_cell"
"F12_P8_MMD2-36B_L001","T_cell"
"F12_P9_MMD2-36B_L001","Myeloid"
"F1_P10_MMD2-36B_L001","T_cell"
"F1_P6_MMD2-36B_L001","B_cell"
"F1_P8_MMD2-36B_L001","T_cell"
"F2_P10_MMD2-36B_L001","T_cell"
"F2_P6_MMD2-36B_L001","B_cell"
"F2_P8_MMD2-36B_L001","NK"
"F3_P6_MMD2-36B_L001","NK"
"F3_P8_MMD2-36B_L001","T_cell"
"F3_P9_MMD2-36B_L001","T_cell"
"F4_P10_MMD2-36B_L001","T_cell"
"F4_P6_MMD2-36B_L001","T_cell"
"F4_P8_MMD2-36B_L001","T_cell"
"F4_P9_MMD2-36B_L001","T_cell"
"F5_P10_MMD2-36B_L001","B_cell"
"F5_P6_MMD2-36B_L001","B_cell"
"F5_P8_MMD2-36B_L001","T_cell"
"F5_P9_MMD2-36B_L001","Myeloid"
"F6_P10_MMD2-36B_L001","T_cell"
"F6_P6_MMD2-36B_L001","B_cell"
"F6_P8_MMD2-36B_L001","T_cell"
"F6_P9_MMD2-36B_L001","T_cell"
"F7_P6_MMD2-36B_L001","T_cell"
"F7_P8_MMD2-36B_L001","NK"
"F7_P9_MMD2-36B_L001","NK"
"F8_P10_MMD2-36B_L001","T_cell"
"F8_P6_MMD2-36B_L001","Myeloid"
"F8_P8_MMD2-36B_L001","Myeloid"
"F8_P9_MMD2-36B_L001","T_cell"
"F9_P10_MMD2-36B_L001","T_cell"
"F9_P6_MMD2-36B_L001","T_cell"
"G10_P10_MMD2-36B_L001","T_cell"
"G10_P6_MMD2-36B_L001","Myeloid"
"G10_P8_MMD2-36B_L001","T_cell"
"G11_P6_MMD2-36B_L001","T_cell"
"G11_P8_MMD2-36B_L001","T_cell"
"G11_P9_MMD2-36B_L001","T_cell"
"G12_P10_MMD2-36B_L001","T_cell"
"G12_P6_MMD2-36B_L001","NK"
"G12_P8_MMD2-36B_L001","T_cell"
"G12_P9_MMD2-36B_L001","T_cell"
"G1_P10_MMD2-36B_L001","T_cell"
"G1_P6_MMD2-36B_L001","T_cell"
"G1_P9_MMD2-36B_L001","NK"
"G2_P10_MMD2-36B_L001","T_cell"
"G2_P6_MMD2-36B_L001","NK"
"G3_P10_MMD2-36B_L001","T_cell"
"G3_P6_MMD2-36B_L001","T_cell"
"G3_P8_MMD2-36B_L001","T_cell"
"G3_P9_MMD2-36B_L001","T_cell"
"G4_P10_MMD2-36B_L001","T_cell"
"G4_P6_MMD2-36B_L001","T_cell"
"G4_P8_MMD2-36B_L001","T_cell"
"G4_P9_MMD2-36B_L001","T_cell"
"G5_P10_MMD2-36B_L001","T_cell"
"G5_P6_MMD2-36B_L001","T_cell"
"G5_P8_MMD2-36B_L001","T_cell"
"G5_P9_MMD2-36B_L001","Myeloid"
"G6_P10_MMD2-36B_L001","Unassigned (all modules low)"
"G6_P6_MMD2-36B_L001","T_cell"
"G6_P8_MMD2-36B_L001","B_cell"
"G6_P9_MMD2-36B_L001","T_cell"
"G7_P10_MMD2-36B_L001","T_cell"
"G7_P6_MMD2-36B_L001","T_cell"
"G7_P8_MMD2-36B_L001","T_cell"
"G7_P9_MMD2-36B_L001","NK"
"G8_P10_MMD2-36B_L001","T_cell"
"G8_P8_MMD2-36B_L001","NK"
"G8_P9_MMD2-36B_L001","T_cell"
"G9_P10_MMD2-36B_L001","Unassigned (all modules low)"
"G9_P9_MMD2-36B_L001","T_cell"
"H10_P10_MMD2-36B_L001","T_cell"
"H10_P6_MMD2-36B_L001","T_cell"
"H11_P10_MMD2-36B_L001","T_cell"
"H11_P6_MMD2-36B_L001","B_cell"
"H11_P8_MMD2-36B_L001","T_cell"
"H12_P10_MMD2-36B_L001","T_cell"
"H12_P6_MMD2-36B_L001","T_cell"
"H12_P8_MMD2-36B_L001","T_cell"
"H1_P10_MMD2-36B_L001","T_cell"
"H1_P6_MMD2-36B_L001","T_cell"
"H1_P8_MMD2-36B_L001","T_cell"
"H1_P9_MMD2-36B_L001","T_cell"
"H2_P6_MMD2-36B_L001","T_cell"
"H2_P8_MMD2-36B_L001","T_cell"
"H2_P9_MMD2-36B_L001","T_cell"
"H3_P10_MMD2-36B_L001","Unassigned (all modules low)"
"H3_P9_MMD2-36B_L001","T_cell"
"H4_P10_MMD2-36B_L001","T_cell"
"H4_P8_MMD2-36B_L001","T_cell"
"H5_P10_MMD2-36B_L001","T_cell"
"H5_P6_MMD2-36B_L001","T_cell"
"H5_P8_MMD2-36B_L001","T_cell"
"H5_P9_MMD2-36B_L001","T_cell"
"H6_P6_MMD2-36B_L001","NK"
"H6_P8_MMD2-36B_L001","T_cell"
"H6_P9_MMD2-36B_L001","B_cell"
"H7_P6_MMD2-36B_L001","T_cell"
"H7_P8_MMD2-36B_L001","T_cell"
"H8_P10_MMD2-36B_L001","T_cell"
"H8_P8_MMD2-36B_L001","T_cell"
"H8_P9_MMD2-36B_L001","NK"
"H9_P10_MMD2-36B_L001","T_cell"
"H9_P6_MMD2-36B_L001","T_cell"
"H9_P9_MMD2-36B_L001","T_cell"
"A10_P4_M44_L001","NK"
"A10_P5_M44_L001","T_cell"
"A11_P4_M44_L001","Myeloid"
"A11_P5_M44_L001","T_cell"
"A12_P4_M44_L001","T_cell"
"A12_P5_M44_L001","T_cell"
"A2_P4_M44_L001","T_cell"
"A2_P5_M44_L001","Myeloid"
"A3_P4_M44_L001","NK"
"A3_P5_M44_L001","T_cell"
"A4_P5_M44_L001","Myeloid"
"A6_P4_M44_L001","T_cell"
"A7_P4_M44_L001","T_cell"
"A7_P5_M44_L001","T_cell"
"A8_P4_M44_L001","Myeloid"
"A8_P5_M44_L001","NK"
"A9_P1_M44_L001","Myeloid"
"A9_P4_M44_L001","T_cell"
"A9_P5_M44_L001","T_cell"
"B10_P1_M44_L001","T_cell"
"B10_P3_M44_L001","T_cell"
"B10_P5_M44_L001","NK"
"B11_P1_M44_L001","NK"
"B11_P3_M44_L001","T_cell"
"B11_P4_M44_L001","T_cell"
"B11_P5_M44_L001","T_cell"
"B12_P1_M44_L001","T_cell"
"B12_P3_M44_L001","T_cell"
"B12_P4_M44_L001","T_cell"
"B12_P5_M44_L001","T_cell"
"B1_P1_M44_L001","T_cell"
"B1_P3_M44_L001","Myeloid"
"B1_P4_M44_L001","T_cell"
"B1_P5_M44_L001","NK"
"B2_P1_M44_L001","T_cell"
"B2_P3_M44_L001","T_cell"
"B2_P4_M44_L001","T_cell"
"B2_P5_M44_L001","Myeloid"
"B3_P1_M44_L001","T_cell"
"B3_P3_M44_L001","T_cell"
"B3_P4_M44_L001","NK"
"B3_P5_M44_L001","NK"
"B4_P1_M44_L001","T_cell"
"B4_P3_M44_L001","T_cell"
"B4_P4_M44_L001","T_cell"
"B4_P5_M44_L001","NK"
"B5_P1_M44_L001","NK"
"B5_P3_M44_L001","T_cell"
"B5_P4_M44_L001","T_cell"
"B5_P5_M44_L001","T_cell"
"B6_P1_M44_L001","T_cell"
"B6_P3_M44_L001","T_cell"
"B7_P1_M44_L001","Myeloid"
"B7_P3_M44_L001","NK"
"B7_P4_M44_L001","Myeloid"
"B7_P5_M44_L001","NK"
"B8_P3_M44_L001","T_cell"
"B8_P4_M44_L001","T_cell"
"B8_P5_M44_L001","T_cell"
"B9_P1_M44_L001","T_cell"
"B9_P3_M44_L001","T_cell"
"B9_P4_M44_L001","T_cell"
"B9_P5_M44_L001","T_cell"
"C10_P1_M44_L001","T_cell"
"C10_P3_M44_L001","T_cell"
"C10_P4_M44_L001","T_cell"
"C10_P5_M44_L001","Myeloid"
"C11_P1_M44_L001","T_cell"
"C11_P3_M44_L001","T_cell"
"C11_P4_M44_L001","T_cell"
"C11_P5_M44_L001","T_cell"
"C12_P1_M44_L001","T_cell"
"C12_P3_M44_L001","NK"
"C12_P4_M44_L001","T_cell"
"C12_P5_M44_L001","T_cell"
"C1_P1_M44_L001","T_cell"
"C1_P3_M44_L001","T_cell"
"C1_P4_M44_L001","NK"
"C1_P5_M44_L001","T_cell"
"C2_P1_M44_L001","T_cell"
"C2_P3_M44_L001","NK"
"C2_P4_M44_L001","T_cell"
"C2_P5_M44_L001","T_cell"
"C3_P1_M44_L001","T_cell"
"C3_P3_M44_L001","T_cell"
"C3_P5_M44_L001","T_cell"
"C4_P1_M44_L001","T_cell"
"C4_P3_M44_L001","T_cell"
"C5_P1_M44_L001","T_cell"
"C5_P3_M44_L001","Myeloid"
"C6_P1_M44_L001","NK"
"C6_P3_M44_L001","T_cell"
"C6_P4_M44_L001","T_cell"
"C7_P1_M44_L001","T_cell"
"C7_P3_M44_L001","T_cell"
"C7_P4_M44_L001","Myeloid"
"C8_P1_M44_L001","T_cell"
"C8_P3_M44_L001","NK"
"C8_P4_M44_L001","NK"
"C8_P5_M44_L001","T_cell"
"C9_P1_M44_L001","T_cell"
"C9_P3_M44_L001","T_cell"
"C9_P5_M44_L001","T_cell"
"D10_P1_M44_L001","T_cell"
"D10_P3_M44_L001","T_cell"
"D10_P4_M44_L001","T_cell"
"D10_P5_M44_L001","T_cell"
"D11_P1_M44_L001","T_cell"
"D11_P3_M44_L001","T_cell"
"D11_P4_M44_L001","Myeloid"
"D11_P5_M44_L001","T_cell"
"D12_P1_M44_L001","T_cell"
"D12_P3_M44_L001","T_cell"
"D12_P4_M44_L001","T_cell"
"D12_P5_M44_L001","NK"
"D1_P1_M44_L001","T_cell"
"D1_P3_M44_L001","T_cell"
"D1_P4_M44_L001","T_cell"
"D1_P5_M44_L001","NK"
"D2_P1_M44_L001","T_cell"
"D2_P3_M44_L001","T_cell"
"D2_P4_M44_L001","Myeloid"
"D2_P5_M44_L001","NK"
"D3_P1_M44_L001","T_cell"
"D3_P4_M44_L001","T_cell"
"D4_P1_M44_L001","B_cell"
"D4_P3_M44_L001","T_cell"
"D4_P5_M44_L001","T_cell"
"D5_P3_M44_L001","T_cell"
"D5_P5_M44_L001","T_cell"
"D6_P1_M44_L001","T_cell"
"D6_P3_M44_L001","Myeloid"
"D6_P4_M44_L001","T_cell"
"D7_P1_M44_L001","T_cell"
"D7_P3_M44_L001","T_cell"
"D7_P4_M44_L001","T_cell"
"D7_P5_M44_L001","NK"
"D8_P1_M44_L001","T_cell"
"D8_P4_M44_L001","T_cell"
"D8_P5_M44_L001","T_cell"
"D9_P1_M44_L001","Myeloid"
"D9_P3_M44_L001","T_cell"
"D9_P4_M44_L001","T_cell"
"D9_P5_M44_L001","NK"
"E10_P1_M44_L001","T_cell"
"E10_P3_M44_L001","T_cell"
"E10_P4_M44_L001","T_cell"
"E10_P5_M44_L001","T_cell"
"E11_P1_M44_L001","T_cell"
"E11_P3_M44_L001","T_cell"
"E11_P4_M44_L001","NK"
"E11_P5_M44_L001","T_cell"
"E12_P3_M44_L001","T_cell"
"E12_P4_M44_L001","T_cell"
"E12_P5_M44_L001","T_cell"
"E1_P1_M44_L001","T_cell"
"E1_P3_M44_L001","T_cell"
"E1_P4_M44_L001","NK"
"E1_P5_M44_L001","NK"
"E2_P3_M44_L001","T_cell"
"E2_P4_M44_L001","T_cell"
"E2_P5_M44_L001","T_cell"
"E3_P3_M44_L001","Mast"
"E3_P4_M44_L001","T_cell"
"E3_P5_M44_L001","T_cell"
"E4_P1_M44_L001","T_cell"
"E4_P4_M44_L001","Myeloid"
"E4_P5_M44_L001","T_cell"
"E5_P1_M44_L001","T_cell"
"E5_P3_M44_L001","Myeloid"
"E5_P4_M44_L001","Myeloid"
"E5_P5_M44_L001","T_cell"
"E6_P1_M44_L001","T_cell"
"E6_P3_M44_L001","NK"
"E6_P4_M44_L001","T_cell"
"E6_P5_M44_L001","T_cell"
"E7_P1_M44_L001","T_cell"
"E7_P3_M44_L001","NK"
"E7_P4_M44_L001","T_cell"
"E7_P5_M44_L001","T_cell"
"E8_P1_M44_L001","T_cell"
"E8_P4_M44_L001","T_cell"
"E8_P5_M44_L001","NK"
"E9_P1_M44_L001","T_cell"
"E9_P3_M44_L001","T_cell"
"E9_P4_M44_L001","T_cell"
"E9_P5_M44_L001","T_cell"
"F10_P1_M44_L001","T_cell"
"F10_P3_M44_L001","T_cell"
"F10_P4_M44_L001","Myeloid"
"F10_P5_M44_L001","T_cell"
"F11_P1_M44_L001","Myeloid"
"F11_P3_M44_L001","NK"
"F11_P4_M44_L001","Myeloid"
"F11_P5_M44_L001","NK"
"F12_P1_M44_L001","T_cell"
"F12_P3_M44_L001","NK"
"F12_P4_M44_L001","T_cell"
"F12_P5_M44_L001","T_cell"
"F1_P1_M44_L001","T_cell"
"F1_P4_M44_L001","T_cell"
"F1_P5_M44_L001","NK"
"F2_P1_M44_L001","T_cell"
"F2_P3_M44_L001","T_cell"
"F2_P5_M44_L001","T_cell"
"F3_P1_M44_L001","T_cell"
"F3_P3_M44_L001","T_cell"
"F3_P5_M44_L001","T_cell"
"F4_P1_M44_L001","T_cell"
"F4_P3_M44_L001","T_cell"
"F4_P4_M44_L001","T_cell"
"F4_P5_M44_L001","T_cell"
"F5_P1_M44_L001","T_cell"
"F5_P3_M44_L001","NK"
"F5_P4_M44_L001","T_cell"
"F5_P5_M44_L001","T_cell"
"F6_P3_M44_L001","T_cell"
"F6_P4_M44_L001","Myeloid"
"F6_P5_M44_L001","NK"
"F7_P1_M44_L001","T_cell"
"F7_P3_M44_L001","T_cell"
"F7_P5_M44_L001","T_cell"
"F8_P3_M44_L001","T_cell"
"F8_P4_M44_L001","Unassigned (all modules low)"
"F9_P1_M44_L001","T_cell"
"F9_P4_M44_L001","T_cell"
"F9_P5_M44_L001","T_cell"
"G10_P1_M44_L001","NK"
"G10_P3_M44_L001","Myeloid"
"G10_P4_M44_L001","T_cell"
"G10_P5_M44_L001","T_cell"
"G11_P1_M44_L001","Myeloid"
"G11_P3_M44_L001","T_cell"
"G11_P5_M44_L001","T_cell"
"G12_P1_M44_L001","Myeloid"
"G12_P3_M44_L001","T_cell"
"G12_P4_M44_L001","T_cell"
"G1_P1_M44_L001","T_cell"
"G1_P3_M44_L001","T_cell"
"G1_P4_M44_L001","T_cell"
"G1_P5_M44_L001","NK"
"G2_P1_M44_L001","T_cell"
"G2_P3_M44_L001","NK"
"G2_P4_M44_L001","T_cell"
"G2_P5_M44_L001","T_cell"
"G3_P1_M44_L001","T_cell"
"G3_P3_M44_L001","T_cell"
"G3_P4_M44_L001","NK"
"G3_P5_M44_L001","T_cell"
"G4_P1_M44_L001","T_cell"
"G4_P3_M44_L001","T_cell"
"G4_P5_M44_L001","T_cell"
"G5_P1_M44_L001","T_cell"
"G5_P3_M44_L001","T_cell"
"G5_P4_M44_L001","Myeloid"
"G6_P1_M44_L001","NK"
"G6_P3_M44_L001","T_cell"
"G6_P4_M44_L001","T_cell"
"G6_P5_M44_L001","NK"
"G7_P1_M44_L001","T_cell"
"G7_P3_M44_L001","T_cell"
"G7_P5_M44_L001","T_cell"
"G8_P1_M44_L001","T_cell"
"G8_P3_M44_L001","T_cell"
"G8_P4_M44_L001","T_cell"
"G9_P1_M44_L001","T_cell"
"G9_P3_M44_L001","T_cell"
"G9_P4_M44_L001","T_cell"
"H10_P1_M44_L001","Myeloid"
"H10_P3_M44_L001","NK"
"H10_P4_M44_L001","Myeloid"
"H10_P5_M44_L001","T_cell"
"H11_P1_M44_L001","T_cell"
"H11_P3_M44_L001","T_cell"
"H11_P4_M44_L001","T_cell"
"H11_P5_M44_L001","T_cell"
"H12_P1_M44_L001","T_cell"
"H12_P3_M44_L001","T_cell"
"H12_P4_M44_L001","T_cell"
"H12_P5_M44_L001","T_cell"
"H1_P1_M44_L001","Myeloid"
"H1_P3_M44_L001","T_cell"
"H1_P4_M44_L001","T_cell"
"H1_P5_M44_L001","T_cell"
"H2_P1_M44_L001","T_cell"
"H2_P3_M44_L001","T_cell"
"H2_P4_M44_L001","T_cell"
"H2_P5_M44_L001","T_cell"
"H3_P1_M44_L001","T_cell"
"H3_P3_M44_L001","T_cell"
"H3_P4_M44_L001","T_cell"
"H3_P5_M44_L001","T_cell"
"H4_P1_M44_L001","T_cell"
"H4_P3_M44_L001","T_cell"
"H4_P4_M44_L001","T_cell"
"H4_P5_M44_L001","Myeloid"
"H5_P3_M44_L001","T_cell"
"H5_P4_M44_L001","T_cell"
"H5_P5_M44_L001","NK"
"H6_P1_M44_L001","NK"
"H6_P3_M44_L001","T_cell"
"H6_P5_M44_L001","T_cell"
"H7_P1_M44_L001","Myeloid"
"H7_P3_M44_L001","T_cell"
"H7_P4_M44_L001","T_cell"
"H7_P5_M44_L001","B_cell"
"H8_P1_M44_L001","T_cell"
"H8_P4_M44_L001","NK"
"H8_P5_M44_L001","T_cell"
"H9_P1_M44_L001","T_cell"
"H9_P3_M44_L001","T_cell"
"H9_P4_M44_L001","T_cell"
"H9_P5_M44_L001","T_cell"
"A10_P1_M66_L001","T_cell"
"A10_P2_M66_L001","Myeloid"
"A10_P4_M66_L001","T_cell"
"A10_P5_M66_L001","Unassigned (all modules low)"
"A11_P1_M66_L001","T_cell"
"A11_P2_M66_L001","Myeloid"
"A11_P4_M66_L001","Myeloid"
"A11_P5_M66_L001","Myeloid"
"A12_P1_M66_L001","T_cell"
"A12_P2_M66_L001","Myeloid"
"A12_P4_M66_L001","T_cell"
"A12_P5_M66_L001","T_cell"
"A2_P1_M66_L001","T_cell"
"A2_P2_M66_L001","Myeloid"
"A2_P4_M66_L001","T_cell"
"A2_P5_M66_L001","T_cell"
"A3_P1_M66_L001","T_cell"
"A3_P2_M66_L001","Myeloid"
"A3_P4_M66_L001","T_cell"
"A3_P5_M66_L001","T_cell"
"A4_P1_M66_L001","Myeloid"
"A4_P2_M66_L001","T_cell"
"A4_P4_M66_L001","T_cell"
"A4_P5_M66_L001","T_cell"
"A5_P1_M66_L001","T_cell"
"A5_P2_M66_L001","T_cell"
"A5_P4_M66_L001","T_cell"
"A5_P5_M66_L001","T_cell"
"A6_P1_M66_L001","Myeloid"
"A6_P2_M66_L001","T_cell"
"A6_P4_M66_L001","Myeloid"
"A6_P5_M66_L001","T_cell"
"A7_P1_M66_L001","T_cell"
"A7_P2_M66_L001","T_cell"
"A7_P4_M66_L001","NK"
"A7_P5_M66_L001","T_cell"
"A8_P1_M66_L001","Myeloid"
"A8_P2_M66_L001","T_cell"
"A8_P4_M66_L001","T_cell"
"A9_P1_M66_L001","T_cell"
"A9_P4_M66_L001","T_cell"
"A9_P5_M66_L001","T_cell"
"B10_P2_M66_L001","T_cell"
"B10_P5_M66_L001","T_cell"
"B11_P1_M66_L001","T_cell"
"B11_P2_M66_L001","T_cell"
"B11_P4_M66_L001","T_cell"
"B11_P5_M66_L001","T_cell"
"B12_P1_M66_L001","T_cell"
"B12_P2_M66_L001","NK"
"B12_P4_M66_L001","T_cell"
"B12_P5_M66_L001","T_cell"
"B1_P1_M66_L001","T_cell"
"B1_P2_M66_L001","Myeloid"
"B1_P4_M66_L001","T_cell"
"B1_P5_M66_L001","T_cell"
"B2_P1_M66_L001","T_cell"
"B2_P2_M66_L001","NK"
"B2_P4_M66_L001","T_cell"
"B2_P5_M66_L001","NK"
"B3_P1_M66_L001","T_cell"
"B3_P2_M66_L001","T_cell"
"B3_P4_M66_L001","T_cell"
"B3_P5_M66_L001","NK"
"B4_P1_M66_L001","T_cell"
"B4_P2_M66_L001","T_cell"
"B4_P4_M66_L001","T_cell"
"B4_P5_M66_L001","T_cell"
"B5_P1_M66_L001","T_cell"
"B5_P2_M66_L001","T_cell"
"B5_P4_M66_L001","T_cell"
"B5_P5_M66_L001","NK"
"B6_P1_M66_L001","T_cell"
"B6_P2_M66_L001","NK"
"B6_P4_M66_L001","T_cell"
"B6_P5_M66_L001","NK"
"B7_P1_M66_L001","T_cell"
"B7_P2_M66_L001","T_cell"
"B7_P5_M66_L001","NK"
"B8_P1_M66_L001","Myeloid"
"B8_P2_M66_L001","Myeloid"
"B8_P4_M66_L001","T_cell"
"B9_P1_M66_L001","NK"
"B9_P2_M66_L001","Myeloid"
"B9_P4_M66_L001","T_cell"
"B9_P5_M66_L001","T_cell"
"C10_P1_M66_L001","T_cell"
"C10_P2_M66_L001","T_cell"
"C10_P4_M66_L001","NK"
"C10_P5_M66_L001","T_cell"
"C11_P1_M66_L001","T_cell"
"C11_P2_M66_L001","T_cell"
"C11_P4_M66_L001","NK"
"C11_P5_M66_L001","T_cell"
"C12_P1_M66_L001","Myeloid"
"C12_P2_M66_L001","Myeloid"
"C12_P4_M66_L001","T_cell"
"C12_P5_M66_L001","NK"
"C1_P1_M66_L001","NK"
"C1_P2_M66_L001","Myeloid"
"C1_P5_M66_L001","NK"
"C2_P1_M66_L001","T_cell"
"C2_P2_M66_L001","T_cell"
"C2_P4_M66_L001","Mast"
"C3_P1_M66_L001","NK"
"C3_P2_M66_L001","T_cell"
"C3_P4_M66_L001","T_cell"
"C3_P5_M66_L001","T_cell"
"C4_P1_M66_L001","T_cell"
"C4_P2_M66_L001","T_cell"
"C4_P4_M66_L001","Myeloid"
"C4_P5_M66_L001","T_cell"
"C5_P1_M66_L001","Myeloid"
"C5_P2_M66_L001","T_cell"
"C5_P5_M66_L001","T_cell"
"C6_P1_M66_L001","Myeloid"
"C6_P4_M66_L001","T_cell"
"C7_P2_M66_L001","T_cell"
"C7_P5_M66_L001","NK"
"C8_P1_M66_L001","T_cell"
"C8_P5_M66_L001","T_cell"
"C9_P1_M66_L001","T_cell"
"C9_P2_M66_L001","T_cell"
"C9_P4_M66_L001","T_cell"
"D10_P1_M66_L001","T_cell"
"D10_P2_M66_L001","T_cell"
"D10_P4_M66_L001","NK"
"D10_P5_M66_L001","Myeloid"
"D11_P1_M66_L001","T_cell"
"D11_P2_M66_L001","Myeloid"
"D11_P4_M66_L001","T_cell"
"D11_P5_M66_L001","T_cell"
"D12_P1_M66_L001","T_cell"
"D12_P2_M66_L001","T_cell"
"D12_P5_M66_L001","T_cell"
"D1_P1_M66_L001","Myeloid"
"D1_P2_M66_L001","T_cell"
"D1_P4_M66_L001","T_cell"
"D1_P5_M66_L001","T_cell"
"D2_P1_M66_L001","T_cell"
"D2_P2_M66_L001","Myeloid"
"D2_P4_M66_L001","T_cell"
"D2_P5_M66_L001","T_cell"
"D3_P1_M66_L001","Myeloid"
"D3_P2_M66_L001","T_cell"
"D3_P4_M66_L001","T_cell"
"D4_P1_M66_L001","T_cell"
"D4_P2_M66_L001","T_cell"
"D4_P4_M66_L001","T_cell"
"D4_P5_M66_L001","T_cell"
"D5_P2_M66_L001","NK"
"D5_P4_M66_L001","T_cell"
"D5_P5_M66_L001","NK"
"D6_P1_M66_L001","T_cell"
"D6_P2_M66_L001","T_cell"
"D6_P4_M66_L001","T_cell"
"D6_P5_M66_L001","T_cell"
"D7_P1_M66_L001","T_cell"
"D7_P2_M66_L001","NK"
"D7_P4_M66_L001","Myeloid"
"D7_P5_M66_L001","T_cell"
"D8_P1_M66_L001","T_cell"
"D8_P2_M66_L001","T_cell"
"D8_P4_M66_L001","T_cell"
"D8_P5_M66_L001","Myeloid"
"D9_P1_M66_L001","T_cell"
"D9_P2_M66_L001","T_cell"
"D9_P4_M66_L001","T_cell"
"D9_P5_M66_L001","T_cell"
"E10_P1_M66_L001","T_cell"
"E10_P2_M66_L001","T_cell"
"E10_P4_M66_L001","T_cell"
"E10_P5_M66_L001","Myeloid"
"E11_P1_M66_L001","Myeloid"
"E11_P2_M66_L001","T_cell"
"E11_P5_M66_L001","T_cell"
"E12_P1_M66_L001","NK"
"E12_P2_M66_L001","Mast"
"E12_P4_M66_L001","T_cell"
"E12_P5_M66_L001","T_cell"
"E1_P1_M66_L001","NK"
"E1_P2_M66_L001","Myeloid"
"E1_P4_M66_L001","T_cell"
"E1_P5_M66_L001","T_cell"
"E2_P1_M66_L001","T_cell"
"E2_P2_M66_L001","Mast"
"E2_P4_M66_L001","T_cell"
"E2_P5_M66_L001","B_cell"
"E3_P1_M66_L001","T_cell"
"E3_P2_M66_L001","T_cell"
"E3_P4_M66_L001","Myeloid"
"E4_P1_M66_L001","T_cell"
"E4_P2_M66_L001","T_cell"
"E4_P4_M66_L001","Myeloid"
"E4_P5_M66_L001","NK"
"E5_P2_M66_L001","T_cell"
"E5_P4_M66_L001","NK"
"E5_P5_M66_L001","NK"
"E6_P1_M66_L001","T_cell"
"E6_P2_M66_L001","NK"
"E6_P4_M66_L001","NK"
"E6_P5_M66_L001","Unassigned (all modules low)"
"E7_P1_M66_L001","Myeloid"
"E7_P2_M66_L001","NK"
"E7_P4_M66_L001","T_cell"
"E8_P1_M66_L001","T_cell"
"E8_P2_M66_L001","T_cell"
"E8_P4_M66_L001","T_cell"
"E8_P5_M66_L001","NK"
"E9_P2_M66_L001","T_cell"
"E9_P4_M66_L001","T_cell"
"E9_P5_M66_L001","NK"
"F10_P1_M66_L001","T_cell"
"F10_P4_M66_L001","T_cell"
"F10_P5_M66_L001","T_cell"
"F11_P1_M66_L001","T_cell"
"F11_P2_M66_L001","NK"
"F11_P4_M66_L001","T_cell"
"F12_P1_M66_L001","Myeloid"
"F12_P2_M66_L001","Myeloid"
"F12_P5_M66_L001","NK"
"F1_P1_M66_L001","NK"
"F1_P2_M66_L001","NK"
"F1_P4_M66_L001","T_cell"
"F1_P5_M66_L001","T_cell"
"F2_P2_M66_L001","NK"
"F2_P5_M66_L001","NK"
"F3_P1_M66_L001","T_cell"
"F3_P4_M66_L001","T_cell"
"F3_P5_M66_L001","T_cell"
"F4_P1_M66_L001","T_cell"
"F4_P2_M66_L001","T_cell"
"F4_P4_M66_L001","T_cell"
"F5_P1_M66_L001","Myeloid"
"F5_P2_M66_L001","T_cell"
"F5_P4_M66_L001","NK"
"F5_P5_M66_L001","T_cell"
"F6_P1_M66_L001","T_cell"
"F6_P2_M66_L001","Myeloid"
"F6_P4_M66_L001","Myeloid"
"F6_P5_M66_L001","T_cell"
"F7_P1_M66_L001","Myeloid"
"F7_P2_M66_L001","T_cell"
"F7_P4_M66_L001","Myeloid"
"F7_P5_M66_L001","B_cell"
"F8_P1_M66_L001","T_cell"
"F8_P2_M66_L001","T_cell"
"F8_P4_M66_L001","T_cell"
"F8_P5_M66_L001","T_cell"
"F9_P1_M66_L001","Myeloid"
"F9_P2_M66_L001","B_cell"
"F9_P4_M66_L001","T_cell"
"F9_P5_M66_L001","T_cell"
"G10_P1_M66_L001","Myeloid"
"G10_P2_M66_L001","Myeloid"
"G10_P4_M66_L001","T_cell"
"G10_P5_M66_L001","T_cell"
"G11_P1_M66_L001","Myeloid"
"G11_P2_M66_L001","T_cell"
"G11_P4_M66_L001","T_cell"
"G12_P1_M66_L001","T_cell"
"G12_P2_M66_L001","Myeloid"
"G12_P4_M66_L001","T_cell"
"G12_P5_M66_L001","T_cell"
"G1_P1_M66_L001","T_cell"
"G1_P2_M66_L001","T_cell"
"G1_P4_M66_L001","T_cell"
"G1_P5_M66_L001","T_cell"
"G2_P1_M66_L001","T_cell"
"G2_P2_M66_L001","T_cell"
"G2_P5_M66_L001","Myeloid"
"G3_P1_M66_L001","T_cell"
"G3_P2_M66_L001","T_cell"
"G3_P4_M66_L001","Myeloid"
"G4_P1_M66_L001","T_cell"
"G4_P2_M66_L001","T_cell"
"G4_P4_M66_L001","T_cell"
"G4_P5_M66_L001","T_cell"
"G5_P1_M66_L001","T_cell"
"G5_P2_M66_L001","T_cell"
"G5_P4_M66_L001","Myeloid"
"G5_P5_M66_L001","NK"
"G6_P1_M66_L001","T_cell"
"G6_P5_M66_L001","T_cell"
"G7_P1_M66_L001","B_cell"
"G7_P2_M66_L001","T_cell"
"G7_P4_M66_L001","T_cell"
"G7_P5_M66_L001","T_cell"
"G8_P1_M66_L001","NK"
"G8_P2_M66_L001","T_cell"
"G8_P5_M66_L001","T_cell"
"G9_P2_M66_L001","T_cell"
"G9_P4_M66_L001","T_cell"
"G9_P5_M66_L001","T_cell"
"H10_P1_M66_L001","Myeloid"
"H10_P4_M66_L001","Myeloid"
"H10_P5_M66_L001","T_cell"
"H11_P1_M66_L001","NK"
"H11_P2_M66_L001","Myeloid"
"H11_P4_M66_L001","NK"
"H12_P1_M66_L001","T_cell"
"H12_P2_M66_L001","NK"
"H12_P4_M66_L001","NK"
"H1_P2_M66_L001","Myeloid"
"H1_P4_M66_L001","T_cell"
"H1_P5_M66_L001","Myeloid"
"H2_P2_M66_L001","T_cell"
"H2_P4_M66_L001","T_cell"
"H3_P1_M66_L001","T_cell"
"H3_P2_M66_L001","T_cell"
"H3_P4_M66_L001","Myeloid"
"H3_P5_M66_L001","Myeloid"
"H4_P2_M66_L001","Myeloid"
"H4_P4_M66_L001","Myeloid"
"H5_P1_M66_L001","T_cell"
"H5_P2_M66_L001","T_cell"
"H5_P4_M66_L001","Myeloid"
"H5_P5_M66_L001","Myeloid"
"H6_P2_M66_L001","Myeloid"
"H6_P4_M66_L001","T_cell"
"H6_P5_M66_L001","T_cell"
"H7_P1_M66_L001","T_cell"
"H7_P2_M66_L001","NK"
"H7_P4_M66_L001","T_cell"
"H7_P5_M66_L001","NK"
"H8_P1_M66_L001","T_cell"
"H8_P2_M66_L001","T_cell"
"H9_P1_M66_L001","Myeloid"
"H9_P2_M66_L001","T_cell"
"H9_P4_M66_L001","T_cell"
"A10_P1_M71_L001","T_cell"
"A10_P2_M71_L001","T_cell"
"A10_P3_M71_L001","T_cell"
"A10_P4_M71_L001","T_cell"
"A11_P2_M71_L001","NK"
"A11_P3_M71_L001","T_cell"
"A12_P1_M71_L001","T_cell"
"A12_P2_M71_L001","T_cell"
"A12_P3_M71_L001","T_cell"
"A12_P4_M71_L001","T_cell"
"A2_P1_M71_L001","T_cell"
"A2_P2_M71_L001","T_cell"
"A2_P3_M71_L001","T_cell"
"A3_P1_M71_L001","T_cell"
"A3_P2_M71_L001","T_cell"
"A4_P1_M71_L001","T_cell"
"A4_P2_M71_L001","T_cell"
"A4_P3_M71_L001","T_cell"
"A4_P4_M71_L001","T_cell"
"A5_P2_M71_L001","T_cell"
"A5_P3_M71_L001","T_cell"
"A5_P4_M71_L001","T_cell"
"A6_P1_M71_L001","T_cell"
"A6_P2_M71_L001","T_cell"
"A6_P3_M71_L001","T_cell"
"A7_P1_M71_L001","T_cell"
"A7_P2_M71_L001","NK"
"A7_P3_M71_L001","T_cell"
"A7_P4_M71_L001","T_cell"
"A8_P1_M71_L001","T_cell"
"A8_P2_M71_L001","T_cell"
"A8_P3_M71_L001","T_cell"
"A9_P1_M71_L001","T_cell"
"A9_P2_M71_L001","T_cell"
"A9_P3_M71_L001","T_cell"
"A9_P4_M71_L001","T_cell"
"B10_P1_M71_L001","NK"
"B10_P2_M71_L001","T_cell"
"B10_P3_M71_L001","T_cell"
"B10_P4_M71_L001","Myeloid"
"B11_P1_M71_L001","T_cell"
"B11_P2_M71_L001","T_cell"
"B11_P3_M71_L001","T_cell"
"B11_P4_M71_L001","T_cell"
"B12_P1_M71_L001","T_cell"
"B12_P3_M71_L001","T_cell"
"B12_P4_M71_L001","T_cell"
"B1_P1_M71_L001","T_cell"
"B1_P2_M71_L001","T_cell"
"B1_P4_M71_L001","Myeloid"
"B2_P1_M71_L001","T_cell"
"B2_P2_M71_L001","T_cell"
"B2_P3_M71_L001","T_cell"
"B2_P4_M71_L001","T_cell"
"B3_P1_M71_L001","T_cell"
"B3_P2_M71_L001","T_cell"
"B3_P4_M71_L001","T_cell"
"B4_P1_M71_L001","T_cell"
"B4_P2_M71_L001","T_cell"
"B4_P3_M71_L001","T_cell"
"B5_P2_M71_L001","T_cell"
"B5_P3_M71_L001","T_cell"
"B5_P4_M71_L001","T_cell"
"B5_P6_M71_L001","Malignant"
"B6_P2_M71_L001","T_cell"
"B6_P3_M71_L001","T_cell"
"B6_P4_M71_L001","T_cell"
"B7_P1_M71_L001","T_cell"
"B7_P2_M71_L001","T_cell"
"B7_P3_M71_L001","T_cell"
"B7_P4_M71_L001","T_cell"
"B8_P1_M71_L001","T_cell"
"B8_P2_M71_L001","T_cell"
"B8_P3_M71_L001","T_cell"
"B8_P4_M71_L001","T_cell"
"B9_P1_M71_L001","T_cell"
"B9_P2_M71_L001","T_cell"
"B9_P4_M71_L001","T_cell"
"C10_P1_M71_L001","T_cell"
"C10_P2_M71_L001","T_cell"
"C10_P3_M71_L001","Myeloid"
"C11_P1_M71_L001","T_cell"
"C11_P2_M71_L001","T_cell"
"C11_P4_M71_L001","Myeloid"
"C12_P1_M71_L001","T_cell"
"C12_P2_M71_L001","T_cell"
"C12_P3_M71_L001","T_cell"
"C12_P4_M71_L001","T_cell"
"C1_P1_M71_L001","T_cell"
"C1_P2_M71_L001","T_cell"
"C1_P3_M71_L001","T_cell"
"C1_P4_M71_L001","T_cell"
"C2_P1_M71_L001","T_cell"
"C2_P2_M71_L001","T_cell"
"C2_P3_M71_L001","T_cell"
"C2_P4_M71_L001","T_cell"
"C3_P1_M71_L001","T_cell"
"C3_P2_M71_L001","T_cell"
"C3_P3_M71_L001","T_cell"
"C3_P4_M71_L001","T_cell"
"C4_P1_M71_L001","T_cell"
"C4_P2_M71_L001","T_cell"
"C4_P3_M71_L001","T_cell"
"C4_P4_M71_L001","T_cell"
"C5_P1_M71_L001","T_cell"
"C5_P2_M71_L001","T_cell"
"C5_P3_M71_L001","T_cell"
"C5_P4_M71_L001","NK"
"C6_P1_M71_L001","T_cell"
"C6_P2_M71_L001","T_cell"
"C6_P3_M71_L001","T_cell"
"C7_P1_M71_L001","T_cell"
"C7_P2_M71_L001","T_cell"
"C7_P3_M71_L001","NK"
"C8_P1_M71_L001","T_cell"
"C8_P2_M71_L001","T_cell"
"C8_P3_M71_L001","T_cell"
"C8_P4_M71_L001","T_cell"
"C9_P1_M71_L001","T_cell"
"C9_P2_M71_L001","T_cell"
"C9_P3_M71_L001","T_cell"
"D10_P1_M71_L001","T_cell"
"D10_P2_M71_L001","T_cell"
"D10_P3_M71_L001","T_cell"
"D10_P4_M71_L001","T_cell"
"D11_P1_M71_L001","Myeloid"
"D11_P2_M71_L001","T_cell"
"D11_P3_M71_L001","T_cell"
"D11_P4_M71_L001","T_cell"
"D12_P1_M71_L001","T_cell"
"D12_P2_M71_L001","T_cell"
"D12_P3_M71_L001","T_cell"
"D12_P4_M71_L001","T_cell"
"D1_P1_M71_L001","T_cell"
"D1_P2_M71_L001","T_cell"
"D1_P3_M71_L001","T_cell"
"D1_P4_M71_L001","T_cell"
"D2_P1_M71_L001","T_cell"
"D2_P2_M71_L001","T_cell"
"D2_P3_M71_L001","T_cell"
"D2_P4_M71_L001","NK"
"D3_P1_M71_L001","T_cell"
"D3_P2_M71_L001","T_cell"
"D3_P3_M71_L001","T_cell"
"D4_P1_M71_L001","T_cell"
"D4_P2_M71_L001","NK"
"D4_P3_M71_L001","T_cell"
"D4_P4_M71_L001","T_cell"
"D5_P1_M71_L001","T_cell"
"D5_P2_M71_L001","T_cell"
"D5_P3_M71_L001","T_cell"
"D5_P4_M71_L001","T_cell"
"D6_P1_M71_L001","T_cell"
"D6_P2_M71_L001","T_cell"
"D6_P3_M71_L001","T_cell"
"D6_P4_M71_L001","T_cell"
"D7_P1_M71_L001","T_cell"
"D7_P2_M71_L001","T_cell"
"D7_P3_M71_L001","T_cell"
"D7_P4_M71_L001","T_cell"
"D8_P1_M71_L001","T_cell"
"D8_P2_M71_L001","T_cell"
"D8_P3_M71_L001","T_cell"
"D8_P4_M71_L001","T_cell"
"D9_P1_M71_L001","T_cell"
"D9_P2_M71_L001","T_cell"
"D9_P4_M71_L001","T_cell"
"E10_P1_M71_L001","T_cell"
"E10_P2_M71_L001","T_cell"
"E10_P3_M71_L001","T_cell"
"E10_P4_M71_L001","T_cell"
"E11_P1_M71_L001","T_cell"
"E11_P2_M71_L001","T_cell"
"E11_P3_M71_L001","T_cell"
"E11_P4_M71_L001","T_cell"
"E12_P1_M71_L001","T_cell"
"E12_P2_M71_L001","T_cell"
"E12_P3_M71_L001","T_cell"
"E12_P4_M71_L001","T_cell"
"E1_P1_M71_L001","T_cell"
"E1_P2_M71_L001","T_cell"
"E1_P3_M71_L001","T_cell"
"E1_P4_M71_L001","T_cell"
"E2_P1_M71_L001","T_cell"
"E2_P2_M71_L001","T_cell"
"E2_P3_M71_L001","T_cell"
"E2_P4_M71_L001","T_cell"
"E3_P1_M71_L001","T_cell"
"E3_P2_M71_L001","T_cell"
"E3_P3_M71_L001","T_cell"
"E3_P4_M71_L001","T_cell"
"E4_P2_M71_L001","T_cell"
"E4_P3_M71_L001","T_cell"
"E4_P4_M71_L001","T_cell"
"E5_P1_M71_L001","T_cell"
"E5_P2_M71_L001","T_cell"
"E5_P4_M71_L001","T_cell"
"E6_P1_M71_L001","Myeloid"
"E6_P2_M71_L001","T_cell"
"E6_P3_M71_L001","T_cell"
"E7_P1_M71_L001","T_cell"
"E7_P2_M71_L001","T_cell"
"E7_P3_M71_L001","T_cell"
"E7_P4_M71_L001","T_cell"
"E8_P1_M71_L001","T_cell"
"E8_P2_M71_L001","T_cell"
"E8_P3_M71_L001","NK"
"E8_P4_M71_L001","T_cell"
"E9_P1_M71_L001","T_cell"
"E9_P2_M71_L001","NK"
"E9_P3_M71_L001","T_cell"
"E9_P4_M71_L001","T_cell"
"F10_P1_M71_L001","T_cell"
"F10_P2_M71_L001","T_cell"
"F10_P3_M71_L001","T_cell"
"F10_P4_M71_L001","NK"
"F11_P1_M71_L001","Myeloid"
"F11_P3_M71_L001","NK"
"F11_P4_M71_L001","Myeloid"
"F1_P1_M71_L001","T_cell"
"F1_P2_M71_L001","T_cell"
"F1_P3_M71_L001","T_cell"
"F1_P4_M71_L001","T_cell"
"F2_P3_M71_L001","Malignant"
"F2_P4_M71_L001","T_cell"
"F3_P1_M71_L001","T_cell"
"F3_P2_M71_L001","T_cell"
"F3_P4_M71_L001","T_cell"
"F4_P1_M71_L001","T_cell"
"F4_P2_M71_L001","T_cell"
"F4_P3_M71_L001","T_cell"
"F4_P4_M71_L001","T_cell"
"F5_P1_M71_L001","T_cell"
"F5_P2_M71_L001","T_cell"
"F5_P3_M71_L001","T_cell"
"F5_P4_M71_L001","T_cell"
"F6_P1_M71_L001","T_cell"
"F6_P2_M71_L001","NK"
"F6_P3_M71_L001","NK"
"F6_P4_M71_L001","T_cell"
"F7_P1_M71_L001","T_cell"
"F7_P2_M71_L001","T_cell"
"F7_P3_M71_L001","T_cell"
"F7_P4_M71_L001","T_cell"
"F8_P1_M71_L001","T_cell"
"F8_P2_M71_L001","T_cell"
"F8_P3_M71_L001","T_cell"
"F8_P4_M71_L001","T_cell"
"F9_P1_M71_L001","T_cell"
"F9_P2_M71_L001","T_cell"
"F9_P3_M71_L001","T_cell"
"F9_P4_M71_L001","T_cell"
"G10_P3_M71_L001","T_cell"
"G11_P1_M71_L001","T_cell"
"G11_P2_M71_L001","T_cell"
"G12_P1_M71_L001","T_cell"
"G12_P2_M71_L001","NK"
"G12_P3_M71_L001","T_cell"
"G12_P4_M71_L001","T_cell"
"G1_P1_M71_L001","T_cell"
"G1_P2_M71_L001","T_cell"
"G1_P3_M71_L001","T_cell"
"G2_P1_M71_L001","T_cell"
"G2_P2_M71_L001","T_cell"
"G2_P3_M71_L001","T_cell"
"G3_P1_M71_L001","T_cell"
"G3_P3_M71_L001","T_cell"
"G4_P2_M71_L001","T_cell"
"G4_P3_M71_L001","T_cell"
"G4_P4_M71_L001","T_cell"
"G5_P1_M71_L001","T_cell"
"G5_P2_M71_L001","T_cell"
"G5_P3_M71_L001","T_cell"
"G6_P1_M71_L001","NK"
"G6_P2_M71_L001","T_cell"
"G6_P3_M71_L001","NK"
"G6_P4_M71_L001","T_cell"
"G7_P1_M71_L001","T_cell"
"G7_P2_M71_L001","T_cell"
"G7_P3_M71_L001","NK"
"G7_P4_M71_L001","T_cell"
"G8_P1_M71_L001","T_cell"
"G8_P2_M71_L001","T_cell"
"G8_P3_M71_L001","T_cell"
"G8_P4_M71_L001","T_cell"
"G9_P1_M71_L001","T_cell"
"G9_P3_M71_L001","NK"
"G9_P4_M71_L001","T_cell"
"H10_P2_M71_L001","T_cell"
"H10_P3_M71_L001","T_cell"
"H10_P4_M71_L001","T_cell"
"H11_P1_M71_L001","T_cell"
"H11_P2_M71_L001","T_cell"
"H12_P1_M71_L001","T_cell"
"H12_P2_M71_L001","T_cell"
"H12_P3_M71_L001","T_cell"
"H1_P2_M71_L001","T_cell"
"H1_P3_M71_L001","T_cell"
"H1_P4_M71_L001","T_cell"
"H2_P1_M71_L001","T_cell"
"H2_P3_M71_L001","T_cell"
"H2_P4_M71_L001","T_cell"
"H3_P1_M71_L001","NK"
"H3_P2_M71_L001","T_cell"
"H3_P3_M71_L001","T_cell"
"H3_P4_M71_L001","T_cell"
"H4_P1_M71_L001","T_cell"
"H4_P2_M71_L001","T_cell"
"H4_P3_M71_L001","T_cell"
"H5_P2_M71_L001","T_cell"
"H5_P3_M71_L001","T_cell"
"H6_P1_M71_L001","T_cell"
"H6_P2_M71_L001","T_cell"
"H7_P1_M71_L001","T_cell"
"H7_P2_M71_L001","T_cell"
"H7_P3_M71_L001","T_cell"
"H7_P4_M71_L001","T_cell"
"H8_P1_M71_L001","T_cell"
"H8_P2_M71_L001","T_cell"
"H8_P3_M71_L001","T_cell"
"H8_P4_M71_L001","T_cell"
"H9_P1_M71_L001","T_cell"
"H9_P4_M71_L001","T_cell"
"A10_P1_M74_L001","B_cell"
"A10_P4_M74_L001","B_cell"
"A11_P1_M74_L001","T_cell"
"A11_P3_M74_L001","B_cell"
"A11_P4_M74_L001","T_cell"
"A11_P5_M74_L001","T_cell"
"A12_P1_M74_L001","T_cell"
"A12_P3_M74_L001","T_cell"
"A12_P4_M74_L001","NK"
"A12_P5_M74_L001","T_cell"
"A2_P1_M74_L001","T_cell"
"A2_P3_M74_L001","B_cell"
"A2_P5_M74_L001","T_cell"
"A3_P1_M74_L001","B_cell"
"A3_P3_M74_L001","T_cell"
"A3_P4_M74_L001","NK"
"A4_P1_M74_L001","T_cell"
"A4_P3_M74_L001","B_cell"
"A4_P4_M74_L001","B_cell"
"A4_P5_M74_L001","B_cell"
"A5_P1_M74_L001","B_cell"
"A5_P3_M74_L001","B_cell"
"A5_P4_M74_L001","T_cell"
"A5_P5_M74_L001","B_cell"
"A6_P1_M74_L001","NK"
"A6_P3_M74_L001","B_cell"
"A6_P4_M74_L001","B_cell"
"A6_P5_M74_L001","T_cell"
"A7_P1_M74_L001","T_cell"
"A7_P4_M74_L001","T_cell"
"A7_P5_M74_L001","T_cell"
"A8_P1_M74_L001","T_cell"
"A8_P3_M74_L001","B_cell"
"A8_P4_M74_L001","Myeloid"
"A8_P5_M74_L001","B_cell"
"A9_P1_M74_L001","B_cell"
"A9_P3_M74_L001","B_cell"
"A9_P4_M74_L001","T_cell"
"A9_P5_M74_L001","T_cell"
"B10_P1_M74_L001","B_cell"
"B10_P4_M74_L001","T_cell"
"B11_P1_M74_L001","B_cell"
"B11_P4_M74_L001","T_cell"
"B11_P5_M74_L001","T_cell"
"B12_P1_M74_L001","T_cell"
"B12_P3_M74_L001","NK"
"B12_P4_M74_L001","B_cell"
"B1_P1_M74_L001","T_cell"
"B1_P3_M74_L001","T_cell"
"B1_P4_M74_L001","B_cell"
"B1_P5_M74_L001","T_cell"
"B2_P1_M74_L001","B_cell"
"B2_P3_M74_L001","T_cell"
"B2_P5_M74_L001","B_cell"
"B3_P1_M74_L001","T_cell"
"B4_P1_M74_L001","NK"
"B4_P3_M74_L001","T_cell"
"B4_P4_M74_L001","T_cell"
"B5_P1_M74_L001","T_cell"
"B5_P3_M74_L001","B_cell"
"B5_P4_M74_L001","T_cell"
"B6_P1_M74_L001","B_cell"
"B6_P3_M74_L001","B_cell"
"B6_P4_M74_L001","T_cell"
"B6_P5_M74_L001","T_cell"
"B7_P3_M74_L001","B_cell"
"B7_P4_M74_L001","T_cell"
"B7_P5_M74_L001","B_cell"
"B8_P1_M74_L001","T_cell"
"B9_P1_M74_L001","B_cell"
"C10_P1_M74_L001","T_cell"
"C10_P3_M74_L001","B_cell"
"C11_P1_M74_L001","B_cell"
"C11_P3_M74_L001","B_cell"
"C12_P1_M74_L001","B_cell"
"C12_P3_M74_L001","T_cell"
"C1_P1_M74_L001","B_cell"
"C1_P3_M74_L001","T_cell"
"C2_P1_M74_L001","T_cell"
"C2_P3_M74_L001","T_cell"
"C3_P1_M74_L001","T_cell"
"C3_P3_M74_L001","T_cell"
"C4_P1_M74_L001","Myeloid"
"C4_P3_M74_L001","B_cell"
"C5_P1_M74_L001","B_cell"
"C6_P1_M74_L001","B_cell"
"C6_P3_M74_L001","B_cell"
"C7_P1_M74_L001","B_cell"
"C7_P3_M74_L001","T_cell"
"C8_P1_M74_L001","B_cell"
"C8_P3_M74_L001","B_cell"
"C9_P3_M74_L001","T_cell"
"D10_P1_M74_L001","B_cell"
"D10_P3_M74_L001","T_cell"
"D11_P1_M74_L001","B_cell"
"D11_P3_M74_L001","T_cell"
"D12_P1_M74_L001","B_cell"
"D12_P3_M74_L001","B_cell"
"D12_P4_M74_L001","T_cell"
"D1_P1_M74_L001","T_cell"
"D1_P3_M74_L001","B_cell"
"D2_P1_M74_L001","B_cell"
"D2_P3_M74_L001","B_cell"
"D3_P1_M74_L001","T_cell"
"D3_P3_M74_L001","B_cell"
"D4_P1_M74_L001","T_cell"
"D4_P3_M74_L001","B_cell"
"D5_P3_M74_L001","B_cell"
"D7_P3_M74_L001","T_cell"
"D8_P1_M74_L001","T_cell"
"D8_P3_M74_L001","B_cell"
"D9_P3_M74_L001","B_cell"
"E10_P1_M74_L001","B_cell"
"E10_P3_M74_L001","B_cell"
"E10_P4_M74_L001","B_cell"
"E11_P1_M74_L001","B_cell"
"E11_P3_M74_L001","B_cell"
"E11_P5_M74_L001","B_cell"
"E12_P3_M74_L001","Myeloid"
"E12_P4_M74_L001","B_cell"
"E1_P1_M74_L001","T_cell"
"E1_P3_M74_L001","B_cell"
"E1_P4_M74_L001","Myeloid"
"E2_P1_M74_L001","T_cell"
"E2_P3_M74_L001","T_cell"
"E2_P4_M74_L001","T_cell"
"E2_P5_M74_L001","B_cell"
"E3_P1_M74_L001","T_cell"
"E3_P3_M74_L001","B_cell"
"E4_P1_M74_L001","B_cell"
"E5_P3_M74_L001","T_cell"
"E5_P4_M74_L001","B_cell"
"E5_P5_M74_L001","T_cell"
"E6_P1_M74_L001","B_cell"
"E6_P3_M74_L001","T_cell"
"E7_P1_M74_L001","T_cell"
"E7_P4_M74_L001","T_cell"
"E8_P1_M74_L001","B_cell"
"E8_P3_M74_L001","NK"
"E8_P4_M74_L001","B_cell"
"E8_P5_M74_L001","B_cell"
"E9_P1_M74_L001","B_cell"
"E9_P3_M74_L001","B_cell"
"E9_P4_M74_L001","T_cell"
"E9_P5_M74_L001","B_cell"
"F10_P1_M74_L001","T_cell"
"F10_P3_M74_L001","B_cell"
"F10_P4_M74_L001","T_cell"
"F10_P5_M74_L001","T_cell"
"F11_P3_M74_L001","B_cell"
"F11_P4_M74_L001","T_cell"
"F11_P5_M74_L001","T_cell"
"F12_P1_M74_L001","Myeloid"
"F12_P3_M74_L001","NK"
"F12_P4_M74_L001","T_cell"
"F12_P5_M74_L001","T_cell"
"F1_P1_M74_L001","T_cell"
"F1_P3_M74_L001","B_cell"
"F1_P4_M74_L001","B_cell"
"F1_P5_M74_L001","T_cell"
"F2_P1_M74_L001","B_cell"
"F2_P3_M74_L001","B_cell"
"F2_P4_M74_L001","T_cell"
"F2_P5_M74_L001","T_cell"
"F3_P1_M74_L001","B_cell"
"F3_P3_M74_L001","B_cell"
"F3_P4_M74_L001","T_cell"
"F3_P5_M74_L001","B_cell"
"F4_P1_M74_L001","NK"
"F4_P3_M74_L001","B_cell"
"F4_P4_M74_L001","T_cell"
"F4_P5_M74_L001","T_cell"
"F5_P1_M74_L001","T_cell"
"F5_P4_M74_L001","T_cell"
"F5_P5_M74_L001","B_cell"
"F6_P1_M74_L001","B_cell"
"F6_P3_M74_L001","T_cell"
"F6_P4_M74_L001","T_cell"
"F6_P5_M74_L001","B_cell"
"F7_P1_M74_L001","T_cell"
"F7_P5_M74_L001","B_cell"
"F8_P1_M74_L001","T_cell"
"F8_P3_M74_L001","T_cell"
"F9_P1_M74_L001","T_cell"
"F9_P3_M74_L001","T_cell"
"F9_P4_M74_L001","B_cell"
"G10_P1_M74_L001","T_cell"
"G10_P3_M74_L001","T_cell"
"G10_P4_M74_L001","B_cell"
"G10_P5_M74_L001","B_cell"
"G11_P1_M74_L001","B_cell"
"G11_P3_M74_L001","T_cell"
"G11_P4_M74_L001","T_cell"
"G11_P5_M74_L001","B_cell"
"G12_P1_M74_L001","T_cell"
"G12_P3_M74_L001","NK"
"G12_P4_M74_L001","B_cell"
"G12_P5_M74_L001","T_cell"
"G1_P1_M74_L001","Myeloid"
"G1_P3_M74_L001","NK"
"G1_P4_M74_L001","B_cell"
"G1_P5_M74_L001","T_cell"
"G2_P1_M74_L001","B_cell"
"G2_P3_M74_L001","B_cell"
"G2_P4_M74_L001","T_cell"
"G2_P5_M74_L001","B_cell"
"G3_P1_M74_L001","B_cell"
"G3_P3_M74_L001","B_cell"
"G3_P5_M74_L001","NK"
"G4_P3_M74_L001","T_cell"
"G4_P4_M74_L001","B_cell"
"G5_P1_M74_L001","B_cell"
"G5_P3_M74_L001","B_cell"
"G5_P4_M74_L001","T_cell"
"G5_P5_M74_L001","T_cell"
"G6_P1_M74_L001","B_cell"
"G6_P3_M74_L001","T_cell"
"G6_P4_M74_L001","B_cell"
"G6_P5_M74_L001","B_cell"
"G7_P3_M74_L001","B_cell"
"G7_P4_M74_L001","B_cell"
"G7_P5_M74_L001","B_cell"
"G8_P3_M74_L001","NK"
"G8_P5_M74_L001","B_cell"
"G9_P1_M74_L001","NK"
"G9_P3_M74_L001","Myeloid"
"G9_P5_M74_L001","B_cell"
"H10_P1_M74_L001","NK"
"H10_P3_M74_L001","T_cell"
"H10_P4_M74_L001","T_cell"
"H11_P1_M74_L001","T_cell"
"H11_P3_M74_L001","T_cell"
"H11_P4_M74_L001","B_cell"
"H11_P5_M74_L001","B_cell"
"H12_P3_M74_L001","T_cell"
"H12_P4_M74_L001","B_cell"
"H1_P1_M74_L001","B_cell"
"H1_P3_M74_L001","B_cell"
"H1_P4_M74_L001","B_cell"
"H1_P5_M74_L001","B_cell"
"H2_P1_M74_L001","NK"
"H2_P3_M74_L001","T_cell"
"H2_P4_M74_L001","B_cell"
"H2_P5_M74_L001","T_cell"
"H3_P1_M74_L001","T_cell"
"H3_P3_M74_L001","T_cell"
"H3_P5_M74_L001","B_cell"
"H4_P1_M74_L001","T_cell"
"H4_P3_M74_L001","T_cell"
"H4_P4_M74_L001","B_cell"
"H5_P3_M74_L001","NK"
"H5_P4_M74_L001","T_cell"
"H5_P5_M74_L001","T_cell"
"H6_P1_M74_L001","T_cell"
"H6_P3_M74_L001","T_cell"
"H6_P4_M74_L001","B_cell"
"H6_P5_M74_L001","T_cell"
"H7_P1_M74_L001","B_cell"
"H7_P3_M74_L001","T_cell"
"H7_P5_M74_L001","Myeloid"
"H8_P1_M74_L001","B_cell"
"H8_P3_M74_L001","B_cell"
"H9_P1_M74_L001","NK"
"H9_P3_M74_L001","T_cell"
"H9_P4_M74_L001","T_cell"
"A10_P1_M43_L001","T_cell"
"A10_P2_M43_L001","Myeloid"
"A10_P3_M43_L001","T_cell"
"A10_P4_M43_L001","Myeloid"
"A11_P1_M43_L001","Myeloid"
"A11_P2_M43_L001","Myeloid"
"A11_P3_M43_L001","T_cell"
"A11_P4_M43_L001","T_cell"
"A12_P1_M43_L001","T_cell"
"A12_P2_M43_L001","B_cell"
"A12_P3_M43_L001","T_cell"
"A12_P4_M43_L001","Myeloid"
"A2_P1_M43_L001","NK"
"A2_P2_M43_L001","B_cell"
"A2_P3_M43_L001","T_cell"
"A2_P4_M43_L001","T_cell"
"A3_P1_M43_L001","Myeloid"
"A3_P3_M43_L001","T_cell"
"A3_P4_M43_L001","Myeloid"
"A4_P1_M43_L001","T_cell"
"A4_P2_M43_L001","Myeloid"
"A4_P4_M43_L001","T_cell"
"A5_P1_M43_L001","T_cell"
"A5_P2_M43_L001","T_cell"
"A5_P3_M43_L001","T_cell"
"A5_P4_M43_L001","NK"
"A6_P1_M43_L001","T_cell"
"A6_P2_M43_L001","T_cell"
"A6_P3_M43_L001","T_cell"
"A6_P4_M43_L001","T_cell"
"A7_P1_M43_L001","T_cell"
"A7_P2_M43_L001","T_cell"
"A7_P3_M43_L001","NK"
"A7_P4_M43_L001","T_cell"
"A8_P1_M43_L001","T_cell"
"A8_P2_M43_L001","NK"
"A8_P3_M43_L001","NK"
"A8_P4_M43_L001","T_cell"
"A9_P1_M43_L001","T_cell"
"A9_P2_M43_L001","NK"
"A9_P3_M43_L001","T_cell"
"A9_P4_M43_L001","Myeloid"
"B10_P1_M43_L001","T_cell"
"B10_P2_M43_L001","T_cell"
"B10_P3_M43_L001","T_cell"
"B10_P4_M43_L001","T_cell"
"B11_P1_M43_L001","Myeloid"
"B11_P2_M43_L001","T_cell"
"B11_P3_M43_L001","B_cell"
"B11_P4_M43_L001","B_cell"
"B12_P1_M43_L001","T_cell"
"B12_P2_M43_L001","T_cell"
"B12_P3_M43_L001","NK"
"B12_P4_M43_L001","Myeloid"
"B1_P1_M43_L001","T_cell"
"B1_P2_M43_L001","Myeloid"
"B1_P3_M43_L001","T_cell"
"B1_P4_M43_L001","T_cell"
"B2_P1_M43_L001","T_cell"
"B2_P2_M43_L001","T_cell"
"B2_P3_M43_L001","T_cell"
"B2_P4_M43_L001","Myeloid"
"B3_P1_M43_L001","T_cell"
"B3_P2_M43_L001","T_cell"
"B3_P3_M43_L001","Mast"
"B3_P4_M43_L001","T_cell"
"B4_P1_M43_L001","B_cell"
"B4_P2_M43_L001","T_cell"
"B4_P3_M43_L001","T_cell"
"B4_P4_M43_L001","T_cell"
"B5_P1_M43_L001","Myeloid"
"B5_P2_M43_L001","T_cell"
"B5_P3_M43_L001","Myeloid"
"B5_P4_M43_L001","T_cell"
"B6_P1_M43_L001","T_cell"
"B6_P2_M43_L001","B_cell"
"B6_P3_M43_L001","Myeloid"
"B6_P4_M43_L001","NK"
"B7_P2_M43_L001","T_cell"
"B7_P3_M43_L001","T_cell"
"B7_P4_M43_L001","B_cell"
"B8_P2_M43_L001","T_cell"
"B8_P3_M43_L001","T_cell"
"B8_P4_M43_L001","T_cell"
"B9_P1_M43_L001","T_cell"
"B9_P2_M43_L001","T_cell"
"B9_P3_M43_L001","B_cell"
"B9_P4_M43_L001","Myeloid"
"C10_P1_M43_L001","NK"
"C10_P2_M43_L001","T_cell"
"C10_P3_M43_L001","T_cell"
"C10_P4_M43_L001","T_cell"
"C11_P1_M43_L001","T_cell"
"C11_P2_M43_L001","NK"
"C11_P3_M43_L001","T_cell"
"C11_P4_M43_L001","T_cell"
"C12_P1_M43_L001","Myeloid"
"C12_P3_M43_L001","T_cell"
"C12_P4_M43_L001","T_cell"
"C1_P1_M43_L001","T_cell"
"C1_P2_M43_L001","NK"
"C1_P3_M43_L001","T_cell"
"C1_P4_M43_L001","T_cell"
"C2_P2_M43_L001","T_cell"
"C2_P3_M43_L001","NK"
"C2_P4_M43_L001","NK"
"C3_P1_M43_L001","T_cell"
"C3_P4_M43_L001","T_cell"
"C4_P1_M43_L001","T_cell"
"C4_P2_M43_L001","T_cell"
"C4_P4_M43_L001","NK"
"C5_P1_M43_L001","Myeloid"
"C5_P2_M43_L001","T_cell"
"C5_P3_M43_L001","T_cell"
"C5_P4_M43_L001","T_cell"
"C6_P1_M43_L001","NK"
"C6_P2_M43_L001","Myeloid"
"C6_P3_M43_L001","NK"
"C6_P4_M43_L001","Myeloid"
"C7_P2_M43_L001","T_cell"
"C7_P3_M43_L001","Myeloid"
"C7_P4_M43_L001","Myeloid"
"C8_P1_M43_L001","T_cell"
"C8_P3_M43_L001","T_cell"
"C8_P4_M43_L001","T_cell"
"C9_P1_M43_L001","Myeloid"
"C9_P2_M43_L001","T_cell"
"C9_P3_M43_L001","NK"
"C9_P4_M43_L001","Myeloid"
"D10_P1_M43_L001","Myeloid"
"D10_P2_M43_L001","NK"
"D10_P3_M43_L001","T_cell"
"D10_P4_M43_L001","Myeloid"
"D11_P1_M43_L001","T_cell"
"D11_P2_M43_L001","B_cell"
"D11_P3_M43_L001","T_cell"
"D11_P4_M43_L001","T_cell"
"D12_P1_M43_L001","Myeloid"
"D12_P2_M43_L001","T_cell"
"D12_P3_M43_L001","T_cell"
"D12_P4_M43_L001","T_cell"
"D1_P1_M43_L001","T_cell"
"D1_P2_M43_L001","T_cell"
"D1_P3_M43_L001","Myeloid"
"D2_P1_M43_L001","T_cell"
"D2_P2_M43_L001","T_cell"
"D2_P4_M43_L001","Myeloid"
"D3_P1_M43_L001","NK"
"D3_P2_M43_L001","T_cell"
"D3_P3_M43_L001","T_cell"
"D4_P1_M43_L001","T_cell"
"D4_P2_M43_L001","Myeloid"
"D4_P3_M43_L001","Myeloid"
"D4_P4_M43_L001","Myeloid"
"D5_P2_M43_L001","T_cell"
"D5_P3_M43_L001","T_cell"
"D5_P4_M43_L001","T_cell"
"D6_P3_M43_L001","Myeloid"
"D6_P4_M43_L001","B_cell"
"D7_P1_M43_L001","T_cell"
"D7_P3_M43_L001","T_cell"
"D7_P4_M43_L001","Myeloid"
"D8_P1_M43_L001","T_cell"
"D8_P2_M43_L001","T_cell"
"D8_P3_M43_L001","Myeloid"
"D8_P4_M43_L001","T_cell"
"D9_P2_M43_L001","T_cell"
"D9_P3_M43_L001","Myeloid"
"D9_P4_M43_L001","NK"
"E10_P1_M43_L001","B_cell"
"E10_P3_M43_L001","T_cell"
"E10_P4_M43_L001","Myeloid"
"E11_P2_M43_L001","T_cell"
"E11_P4_M43_L001","T_cell"
"E12_P1_M43_L001","T_cell"
"E12_P2_M43_L001","NK"
"E12_P3_M43_L001","Myeloid"
"E12_P4_M43_L001","T_cell"
"E1_P1_M43_L001","Myeloid"
"E1_P2_M43_L001","T_cell"
"E1_P3_M43_L001","NK"
"E1_P4_M43_L001","NK"
"E2_P1_M43_L001","T_cell"
"E2_P2_M43_L001","T_cell"
"E2_P3_M43_L001","Myeloid"
"E2_P4_M43_L001","T_cell"
"E3_P1_M43_L001","NK"
"E3_P2_M43_L001","T_cell"
"E3_P3_M43_L001","B_cell"
"E3_P4_M43_L001","T_cell"
"E4_P1_M43_L001","T_cell"
"E4_P2_M43_L001","T_cell"
"E4_P3_M43_L001","NK"
"E4_P4_M43_L001","T_cell"
"E5_P1_M43_L001","T_cell"
"E5_P2_M43_L001","Myeloid"
"E5_P3_M43_L001","T_cell"
"E5_P4_M43_L001","NK"
"E6_P2_M43_L001","T_cell"
"E6_P3_M43_L001","Myeloid"
"E6_P4_M43_L001","T_cell"
"E7_P2_M43_L001","T_cell"
"E7_P4_M43_L001","NK"
"E8_P1_M43_L001","T_cell"
"E8_P2_M43_L001","T_cell"
"E8_P3_M43_L001","Myeloid"
"E8_P4_M43_L001","T_cell"
"E9_P4_M43_L001","T_cell"
"F10_P2_M43_L001","T_cell"
"F10_P4_M43_L001","T_cell"
"F11_P1_M43_L001","T_cell"
"F11_P2_M43_L001","T_cell"
"F11_P3_M43_L001","T_cell"
"F11_P4_M43_L001","T_cell"
"F12_P1_M43_L001","B_cell"
"F12_P3_M43_L001","Myeloid"
"F12_P4_M43_L001","T_cell"
"F1_P1_M43_L001","Myeloid"
"F1_P2_M43_L001","NK"
"F1_P3_M43_L001","T_cell"
"F1_P4_M43_L001","T_cell"
"F2_P1_M43_L001","NK"
"F2_P2_M43_L001","Myeloid"
"F2_P4_M43_L001","T_cell"
"F3_P2_M43_L001","T_cell"
"F3_P3_M43_L001","NK"
"F3_P4_M43_L001","T_cell"
"F4_P1_M43_L001","T_cell"
"F4_P3_M43_L001","Myeloid"
"F4_P4_M43_L001","T_cell"
"F5_P1_M43_L001","Myeloid"
"F5_P2_M43_L001","Myeloid"
"F5_P3_M43_L001","T_cell"
"F5_P4_M43_L001","T_cell"
"F6_P2_M43_L001","NK"
"F6_P3_M43_L001","T_cell"
"F6_P4_M43_L001","T_cell"
"F7_P2_M43_L001","T_cell"
"F7_P3_M43_L001","Unassigned (all modules low)"
"F7_P4_M43_L001","Myeloid"
"F8_P2_M43_L001","T_cell"
"F8_P4_M43_L001","NK"
"F9_P1_M43_L001","Myeloid"
"F9_P2_M43_L001","NK"
"F9_P3_M43_L001","T_cell"
"F9_P4_M43_L001","Myeloid"
"G10_P1_M43_L001","T_cell"
"G10_P4_M43_L001","T_cell"
"G11_P2_M43_L001","T_cell"
"G11_P4_M43_L001","Myeloid"
"G12_P1_M43_L001","T_cell"
"G12_P2_M43_L001","T_cell"
"G12_P3_M43_L001","B_cell"
"G12_P4_M43_L001","NK"
"G1_P1_M43_L001","NK"
"G1_P3_M43_L001","T_cell"
"G1_P4_M43_L001","T_cell"
"G2_P1_M43_L001","T_cell"
"G2_P2_M43_L001","T_cell"
"G2_P3_M43_L001","NK"
"G2_P4_M43_L001","NK"
"G3_P1_M43_L001","T_cell"
"G3_P2_M43_L001","T_cell"
"G3_P4_M43_L001","Myeloid"
"G4_P1_M43_L001","Myeloid"
"G4_P2_M43_L001","T_cell"
"G4_P3_M43_L001","Myeloid"
"G5_P1_M43_L001","T_cell"
"G5_P2_M43_L001","T_cell"
"G5_P3_M43_L001","T_cell"
"G5_P4_M43_L001","Myeloid"
"G6_P1_M43_L001","NK"
"G6_P2_M43_L001","T_cell"
"G6_P3_M43_L001","Myeloid"
"G6_P4_M43_L001","T_cell"
"G7_P1_M43_L001","NK"
"G7_P2_M43_L001","NK"
"G7_P3_M43_L001","NK"
"G7_P4_M43_L001","NK"
"G8_P1_M43_L001","T_cell"
"G8_P2_M43_L001","Myeloid"
"G8_P4_M43_L001","T_cell"
"G9_P2_M43_L001","Myeloid"
"G9_P3_M43_L001","T_cell"
"G9_P4_M43_L001","B_cell"
"H10_P1_M43_L001","T_cell"
"H10_P3_M43_L001","T_cell"
"H10_P4_M43_L001","T_cell"
"H11_P2_M43_L001","B_cell"
"H11_P3_M43_L001","T_cell"
"H11_P4_M43_L001","T_cell"
"H12_P1_M43_L001","B_cell"
"H12_P2_M43_L001","B_cell"
"H12_P3_M43_L001","Myeloid"
"H12_P4_M43_L001","Myeloid"
"H1_P1_M43_L001","T_cell"
"H1_P2_M43_L001","T_cell"
"H1_P3_M43_L001","T_cell"
"H1_P4_M43_L001","T_cell"
"H2_P1_M43_L001","NK"
"H2_P2_M43_L001","NK"
"H2_P3_M43_L001","T_cell"
"H2_P4_M43_L001","NK"
"H3_P1_M43_L001","T_cell"
"H3_P2_M43_L001","T_cell"
"H3_P3_M43_L001","T_cell"
"H3_P4_M43_L001","T_cell"
"H4_P1_M43_L001","Myeloid"
"H4_P2_M43_L001","T_cell"
"H4_P3_M43_L001","Myeloid"
"H4_P4_M43_L001","T_cell"
"H5_P1_M43_L001","T_cell"
"H5_P2_M43_L001","B_cell"
"H5_P3_M43_L001","Myeloid"
"H5_P4_M43_L001","T_cell"
"H6_P1_M43_L001","T_cell"
"H6_P2_M43_L001","T_cell"
"H6_P3_M43_L001","T_cell"
"H6_P4_M43_L001","NK"
"H7_P1_M43_L001","NK"
"H7_P3_M43_L001","Myeloid"
"H7_P4_M43_L001","T_cell"
"H8_P1_M43_L001","T_cell"
"H8_P2_M43_L001","T_cell"
"H8_P3_M43_L001","T_cell"
"H8_P4_M43_L001","Myeloid"
"H9_P1_M43_L001","NK"
"H9_P2_M43_L001","B_cell"
"H9_P4_M43_L001","Myeloid"
"A10_P1_M9_L001","T_cell"
"A10_P2_M9_L001","Myeloid"
"A10_P3_M9_L001","T_cell"
"A10_P5_M9_L001","NK"
"A11_P1_M9_L001","NK"
"A11_P2_M9_L001","T_cell"
"A11_P3_M9_L001","T_cell"
"A11_P5_M9_L001","T_cell"
"A12_P1_M9_L001","T_cell"
"A2_P1_M9_L001","T_cell"
"A2_P3_M9_L001","T_cell"
"A3_P2_M9_L001","T_cell"
"A4_P1_M9_L001","NK"
"A4_P3_M9_L001","NK"
"A4_P5_M9_L001","T_cell"
"A5_P2_M9_L001","T_cell"
"A5_P3_M9_L001","T_cell"
"A5_P5_M9_L001","Myeloid"
"A6_P1_M9_L001","T_cell"
"A6_P2_M9_L001","T_cell"
"A6_P5_M9_L001","T_cell"
"A7_P2_M9_L001","T_cell"
"A7_P5_M9_L001","T_cell"
"A8_P2_M9_L001","T_cell"
"A8_P3_M9_L001","Unassigned (all modules low)"
"A8_P5_M9_L001","T_cell"
"A9_P1_M9_L001","T_cell"
"A9_P2_M9_L001","T_cell"
"A9_P3_M9_L001","Myeloid"
"A9_P5_M9_L001","T_cell"
"B10_P1_M9_L001","T_cell"
"B10_P2_M9_L001","T_cell"
"B10_P3_M9_L001","T_cell"
"B10_P5_M9_L001","T_cell"
"B11_P1_M9_L001","Myeloid"
"B11_P2_M9_L001","T_cell"
"B11_P3_M9_L001","T_cell"
"B11_P5_M9_L001","T_cell"
"B12_P1_M9_L001","T_cell"
"B12_P3_M9_L001","T_cell"
"B12_P5_M9_L001","T_cell"
"B1_P1_M9_L001","T_cell"
"B1_P2_M9_L001","T_cell"
"B1_P3_M9_L001","T_cell"
"B2_P3_M9_L001","T_cell"
"B2_P5_M9_L001","T_cell"
"B3_P5_M9_L001","Myeloid"
"B4_P2_M9_L001","T_cell"
"B4_P3_M9_L001","T_cell"
"B4_P5_M9_L001","T_cell"
"B5_P1_M9_L001","T_cell"
"B5_P2_M9_L001","T_cell"
"B5_P3_M9_L001","T_cell"
"B6_P1_M9_L001","T_cell"
"B6_P3_M9_L001","T_cell"
"B6_P5_M9_L001","T_cell"
"B7_P2_M9_L001","T_cell"
"B7_P5_M9_L001","T_cell"
"B8_P1_M9_L001","T_cell"
"B8_P2_M9_L001","T_cell"
"B8_P3_M9_L001","T_cell"
"B8_P5_M9_L001","T_cell"
"B9_P1_M9_L001","T_cell"
"B9_P2_M9_L001","T_cell"
"B9_P3_M9_L001","T_cell"
"B9_P5_M9_L001","T_cell"
"C10_P1_M9_L001","Myeloid"
"C10_P2_M9_L001","T_cell"
"C10_P3_M9_L001","NK"
"C10_P5_M9_L001","T_cell"
"C11_P1_M9_L001","Myeloid"
"C11_P2_M9_L001","T_cell"
"C11_P5_M9_L001","T_cell"
"C12_P1_M9_L001","T_cell"
"C12_P2_M9_L001","NK"
"C12_P3_M9_L001","T_cell"
"C12_P5_M9_L001","T_cell"
"C1_P2_M9_L001","NK"
"C1_P3_M9_L001","T_cell"
"C1_P5_M9_L001","T_cell"
"C2_P1_M9_L001","NK"
"C2_P3_M9_L001","T_cell"
"C2_P5_M9_L001","T_cell"
"C3_P1_M9_L001","T_cell"
"C3_P2_M9_L001","T_cell"
"C3_P3_M9_L001","T_cell"
"C3_P5_M9_L001","T_cell"
"C4_P2_M9_L001","T_cell"
"C4_P3_M9_L001","T_cell"
"C4_P5_M9_L001","T_cell"
"C5_P1_M9_L001","Myeloid"
"C5_P2_M9_L001","Unassigned (all modules low)"
"C5_P3_M9_L001","T_cell"
"C6_P1_M9_L001","T_cell"
"C6_P2_M9_L001","B_cell"
"C6_P3_M9_L001","Myeloid"
"C7_P3_M9_L001","T_cell"
"C7_P5_M9_L001","T_cell"
"C8_P1_M9_L001","T_cell"
"C8_P2_M9_L001","T_cell"
"C8_P3_M9_L001","T_cell"
"C8_P5_M9_L001","T_cell"
"C9_P1_M9_L001","Myeloid"
"C9_P2_M9_L001","Myeloid"
"C9_P3_M9_L001","NK"
"C9_P5_M9_L001","T_cell"
"D10_P1_M9_L001","T_cell"
"D10_P2_M9_L001","NK"
"D10_P3_M9_L001","Myeloid"
"D10_P5_M9_L001","T_cell"
"D11_P1_M9_L001","T_cell"
"D11_P2_M9_L001","T_cell"
"D11_P3_M9_L001","T_cell"
"D11_P5_M9_L001","T_cell"
"D12_P1_M9_L001","Myeloid"
"D12_P2_M9_L001","T_cell"
"D12_P3_M9_L001","T_cell"
"D12_P5_M9_L001","T_cell"
"D1_P1_M9_L001","Myeloid"
"D1_P2_M9_L001","NK"
"D1_P3_M9_L001","T_cell"
"D2_P1_M9_L001","T_cell"
"D2_P2_M9_L001","Myeloid"
"D2_P3_M9_L001","NK"
"D2_P5_M9_L001","Unassigned (all modules low)"
"D3_P2_M9_L001","Myeloid"
"D3_P5_M9_L001","T_cell"
"D4_P1_M9_L001","T_cell"
"D4_P2_M9_L001","T_cell"
"D4_P3_M9_L001","T_cell"
"D5_P1_M9_L001","Myeloid"
"D5_P2_M9_L001","NK"
"D5_P3_M9_L001","NK"
"D5_P5_M9_L001","Unassigned (all modules low)"
"D6_P2_M9_L001","T_cell"
"D6_P3_M9_L001","Myeloid"
"D6_P5_M9_L001","T_cell"
"D7_P1_M9_L001","Myeloid"
"D7_P2_M9_L001","B_cell"
"D8_P1_M9_L001","Myeloid"
"D8_P3_M9_L001","NK"
"D8_P5_M9_L001","T_cell"
"D9_P1_M9_L001","T_cell"
"D9_P2_M9_L001","T_cell"
"D9_P5_M9_L001","NK"
"E10_P1_M9_L001","T_cell"
"E10_P2_M9_L001","T_cell"
"E10_P3_M9_L001","T_cell"
"E10_P5_M9_L001","B_cell"
"E11_P1_M9_L001","Myeloid"
"E11_P2_M9_L001","T_cell"
"E11_P3_M9_L001","Myeloid"
"E11_P5_M9_L001","T_cell"
"E12_P1_M9_L001","NK"
"E12_P2_M9_L001","T_cell"
"E12_P3_M9_L001","T_cell"
"E12_P5_M9_L001","Myeloid"
"E1_P3_M9_L001","T_cell"
"E1_P5_M9_L001","T_cell"
"E2_P1_M9_L001","Myeloid"
"E2_P3_M9_L001","T_cell"
"E2_P5_M9_L001","T_cell"
"E3_P1_M9_L001","T_cell"
"E3_P2_M9_L001","T_cell"
"E3_P3_M9_L001","T_cell"
"E3_P5_M9_L001","T_cell"
"E4_P1_M9_L001","T_cell"
"E4_P2_M9_L001","T_cell"
"E4_P5_M9_L001","T_cell"
"E5_P1_M9_L001","T_cell"
"E5_P2_M9_L001","T_cell"
"E5_P3_M9_L001","Myeloid"
"E6_P1_M9_L001","T_cell"
"E6_P2_M9_L001","T_cell"
"E6_P5_M9_L001","T_cell"
"E7_P1_M9_L001","T_cell"
"E7_P2_M9_L001","T_cell"
"E7_P5_M9_L001","T_cell"
"E8_P3_M9_L001","T_cell"
"E8_P5_M9_L001","T_cell"
"E9_P1_M9_L001","T_cell"
"E9_P5_M9_L001","Myeloid"
"F10_P1_M9_L001","T_cell"
"F10_P2_M9_L001","T_cell"
"F10_P3_M9_L001","Myeloid"
"F10_P5_M9_L001","NK"
"F11_P1_M9_L001","T_cell"
"F11_P2_M9_L001","NK"
"F11_P3_M9_L001","NK"
"F12_P2_M9_L001","T_cell"
"F12_P3_M9_L001","T_cell"
"F12_P5_M9_L001","T_cell"
"F1_P1_M9_L001","T_cell"
"F1_P3_M9_L001","T_cell"
"F1_P5_M9_L001","T_cell"
"F2_P1_M9_L001","T_cell"
"F2_P2_M9_L001","NK"
"F2_P3_M9_L001","NK"
"F2_P5_M9_L001","NK"
"F3_P1_M9_L001","NK"
"F3_P2_M9_L001","NK"
"F3_P3_M9_L001","Myeloid"
"F3_P5_M9_L001","T_cell"
"F4_P1_M9_L001","Myeloid"
"F4_P2_M9_L001","T_cell"
"F4_P3_M9_L001","T_cell"
"F5_P1_M9_L001","T_cell"
"F5_P2_M9_L001","T_cell"
"F5_P3_M9_L001","T_cell"
"F5_P5_M9_L001","NK"
"F6_P1_M9_L001","T_cell"
"F6_P2_M9_L001","T_cell"
"F6_P3_M9_L001","T_cell"
"F6_P5_M9_L001","T_cell"
"F7_P1_M9_L001","T_cell"
"F7_P2_M9_L001","T_cell"
"F7_P5_M9_L001","NK"
"F8_P3_M9_L001","T_cell"
"F8_P5_M9_L001","T_cell"
"F9_P1_M9_L001","Myeloid"
"F9_P3_M9_L001","NK"
"F9_P5_M9_L001","T_cell"
"G10_P1_M9_L001","T_cell"
"G10_P2_M9_L001","T_cell"
"G10_P3_M9_L001","T_cell"
"G10_P5_M9_L001","NK"
"G11_P1_M9_L001","T_cell"
"G11_P2_M9_L001","T_cell"
"G11_P3_M9_L001","Unassigned (all modules low)"
"G11_P5_M9_L001","T_cell"
"G12_P2_M9_L001","T_cell"
"G12_P3_M9_L001","T_cell"
"G12_P5_M9_L001","T_cell"
"G1_P1_M9_L001","T_cell"
"G1_P2_M9_L001","T_cell"
"G1_P3_M9_L001","T_cell"
"G1_P5_M9_L001","NK"
"G2_P1_M9_L001","T_cell"
"G2_P2_M9_L001","T_cell"
"G2_P5_M9_L001","Myeloid"
"G3_P1_M9_L001","T_cell"
"G3_P2_M9_L001","T_cell"
"G4_P1_M9_L001","T_cell"
"G4_P2_M9_L001","T_cell"
"G4_P3_M9_L001","T_cell"
"G5_P1_M9_L001","T_cell"
"G5_P2_M9_L001","T_cell"
"G5_P5_M9_L001","T_cell"
"G6_P3_M9_L001","T_cell"
"G6_P5_M9_L001","T_cell"
"G7_P1_M9_L001","Myeloid"
"G7_P2_M9_L001","T_cell"
"G7_P3_M9_L001","T_cell"
"G7_P5_M9_L001","T_cell"
"G8_P5_M9_L001","NK"
"G9_P1_M9_L001","T_cell"
"G9_P2_M9_L001","NK"
"G9_P3_M9_L001","T_cell"
"G9_P5_M9_L001","T_cell"
"H10_P1_M9_L001","T_cell"
"H10_P2_M9_L001","T_cell"
"H10_P3_M9_L001","T_cell"
"H10_P5_M9_L001","NK"
"H11_P1_M9_L001","T_cell"
"H11_P2_M9_L001","T_cell"
"H11_P3_M9_L001","T_cell"
"H11_P5_M9_L001","Myeloid"
"H12_P1_M9_L001","T_cell"
"H12_P2_M9_L001","T_cell"
"H12_P3_M9_L001","T_cell"
"H12_P5_M9_L001","T_cell"
"H1_P1_M9_L001","T_cell"
"H1_P2_M9_L001","T_cell"
"H1_P5_M9_L001","Myeloid"
"H2_P1_M9_L001","Myeloid"
"H2_P2_M9_L001","T_cell"
"H2_P3_M9_L001","T_cell"
"H2_P5_M9_L001","T_cell"
"H3_P1_M9_L001","T_cell"
"H3_P2_M9_L001","NK"
"H3_P3_M9_L001","T_cell"
"H3_P5_M9_L001","T_cell"
"H4_P1_M9_L001","T_cell"
"H4_P2_M9_L001","T_cell"
"H4_P3_M9_L001","T_cell"
"H4_P5_M9_L001","T_cell"
"H5_P1_M9_L001","T_cell"
"H5_P2_M9_L001","T_cell"
"H5_P3_M9_L001","NK"
"H6_P1_M9_L001","NK"
"H6_P2_M9_L001","T_cell"
"H6_P3_M9_L001","T_cell"
"H6_P5_M9_L001","NK"
"H7_P1_M9_L001","Unassigned (all modules low)"
"H7_P2_M9_L001","T_cell"
"H7_P3_M9_L001","Unassigned (all modules low)"
"H7_P5_M9_L001","T_cell"
"H8_P1_M9_L001","T_cell"
"H8_P2_M9_L001","NK"
"H8_P3_M9_L001","T_cell"
"H8_P5_M9_L001","NK"
"H9_P2_M9_L001","T_cell"
"H9_P3_M9_L001","T_cell"
"H9_P5_M9_L001","T_cell"
"A10_P2_M13_L001","T_cell"
"A10_P3_M13_L001","Myeloid"
"A10_P4_M13_L001","T_cell"
"A11_P2_M13_L001","Unassigned (all modules low)"
"A11_P3_M13_L001","T_cell"
"A11_P4_M13_L001","T_cell"
"A11_P5_M13_L001","T_cell"
"A12_P2_M13_L001","T_cell"
"A12_P5_M13_L001","Myeloid"
"A2_P2_M13_L001","T_cell"
"A2_P3_M13_L001","T_cell"
"A2_P5_M13_L001","NK"
"A3_P2_M13_L001","T_cell"
"A3_P3_M13_L001","NK"
"A3_P4_M13_L001","T_cell"
"A3_P5_M13_L001","T_cell"
"A4_P2_M13_L001","T_cell"
"A4_P3_M13_L001","T_cell"
"A4_P4_M13_L001","Myeloid"
"A4_P5_M13_L001","T_cell"
"A5_P2_M13_L001","T_cell"
"A5_P3_M13_L001","T_cell"
"A5_P4_M13_L001","T_cell"
"A5_P5_M13_L001","T_cell"
"A6_P2_M13_L001","T_cell"
"A6_P3_M13_L001","T_cell"
"A6_P4_M13_L001","T_cell"
"A6_P5_M13_L001","T_cell"
"A7_P2_M13_L001","T_cell"
"A7_P3_M13_L001","NK"
"A8_P2_M13_L001","NK"
"A8_P3_M13_L001","T_cell"
"A8_P4_M13_L001","Myeloid"
"A8_P5_M13_L001","T_cell"
"A9_P3_M13_L001","NK"
"A9_P4_M13_L001","T_cell"
"A9_P5_M13_L001","Myeloid"
"B10_P2_M13_L001","T_cell"
"B10_P3_M13_L001","T_cell"
"B10_P5_M13_L001","T_cell"
"B11_P2_M13_L001","T_cell"
"B11_P3_M13_L001","T_cell"
"B11_P4_M13_L001","T_cell"
"B11_P5_M13_L001","T_cell"
"B12_P2_M13_L001","T_cell"
"B12_P4_M13_L001","T_cell"
"B12_P5_M13_L001","T_cell"
"B1_P3_M13_L001","T_cell"
"B1_P5_M13_L001","T_cell"
"B2_P2_M13_L001","T_cell"
"B2_P4_M13_L001","NK"
"B2_P5_M13_L001","T_cell"
"B3_P2_M13_L001","T_cell"
"B3_P3_M13_L001","B_cell"
"B3_P4_M13_L001","Myeloid"
"B3_P5_M13_L001","T_cell"
"B4_P2_M13_L001","T_cell"
"B4_P4_M13_L001","T_cell"
"B4_P5_M13_L001","T_cell"
"B5_P2_M13_L001","T_cell"
"B5_P3_M13_L001","T_cell"
"B5_P5_M13_L001","T_cell"
"B6_P2_M13_L001","T_cell"
"B6_P3_M13_L001","NK"
"B6_P4_M13_L001","B_cell"
"B6_P5_M13_L001","T_cell"
"B7_P2_M13_L001","T_cell"
"B7_P5_M13_L001","T_cell"
"B8_P2_M13_L001","T_cell"
"B8_P3_M13_L001","NK"
"B8_P5_M13_L001","T_cell"
"B9_P3_M13_L001","T_cell"
"B9_P4_M13_L001","T_cell"
"C10_P2_M13_L001","T_cell"
"C10_P4_M13_L001","NK"
"C10_P5_M13_L001","T_cell"
"C11_P2_M13_L001","T_cell"
"C11_P3_M13_L001","T_cell"
"C11_P4_M13_L001","T_cell"
"C11_P5_M13_L001","T_cell"
"C12_P2_M13_L001","T_cell"
"C12_P3_M13_L001","T_cell"
"C12_P4_M13_L001","T_cell"
"C1_P2_M13_L001","T_cell"
"C1_P3_M13_L001","T_cell"
"C1_P4_M13_L001","T_cell"
"C1_P5_M13_L001","T_cell"
"C2_P3_M13_L001","T_cell"
"C2_P4_M13_L001","Myeloid"
"C2_P5_M13_L001","T_cell"
"C3_P2_M13_L001","NK"
"C3_P3_M13_L001","NK"
"C3_P4_M13_L001","T_cell"
"C3_P5_M13_L001","Myeloid"
"C4_P2_M13_L001","T_cell"
"C4_P3_M13_L001","T_cell"
"C5_P2_M13_L001","T_cell"
"C5_P3_M13_L001","T_cell"
"C5_P4_M13_L001","T_cell"
"C5_P5_M13_L001","T_cell"
"C6_P3_M13_L001","T_cell"
"C6_P4_M13_L001","T_cell"
"C6_P5_M13_L001","NK"
"C7_P3_M13_L001","T_cell"
"C8_P2_M13_L001","T_cell"
"C8_P4_M13_L001","T_cell"
"C9_P2_M13_L001","B_cell"
"C9_P3_M13_L001","T_cell"
"C9_P5_M13_L001","T_cell"
"D10_P2_M13_L001","T_cell"
"D10_P3_M13_L001","T_cell"
"D10_P4_M13_L001","T_cell"
"D10_P5_M13_L001","T_cell"
"D11_P2_M13_L001","T_cell"
"D11_P3_M13_L001","T_cell"
"D11_P4_M13_L001","T_cell"
"D11_P5_M13_L001","NK"
"D12_P2_M13_L001","NK"
"D12_P3_M13_L001","T_cell"
"D12_P4_M13_L001","T_cell"
"D1_P2_M13_L001","Myeloid"
"D1_P3_M13_L001","T_cell"
"D1_P5_M13_L001","T_cell"
"D2_P3_M13_L001","T_cell"
"D2_P4_M13_L001","T_cell"
"D3_P2_M13_L001","NK"
"D3_P3_M13_L001","T_cell"
"D3_P4_M13_L001","T_cell"
"D3_P5_M13_L001","T_cell"
"D4_P2_M13_L001","T_cell"
"D4_P3_M13_L001","T_cell"
"D5_P3_M13_L001","T_cell"
"D5_P4_M13_L001","T_cell"
"D6_P4_M13_L001","T_cell"
"D6_P5_M13_L001","T_cell"
"D7_P3_M13_L001","T_cell"
"D7_P5_M13_L001","T_cell"
"D8_P2_M13_L001","T_cell"
"D8_P3_M13_L001","NK"
"D8_P4_M13_L001","T_cell"
"D9_P2_M13_L001","NK"
"D9_P3_M13_L001","T_cell"
"D9_P4_M13_L001","T_cell"
"D9_P5_M13_L001","T_cell"
"E10_P2_M13_L001","Myeloid"
"E10_P3_M13_L001","T_cell"
"E10_P4_M13_L001","Myeloid"
"E10_P5_M13_L001","NK"
"E11_P2_M13_L001","T_cell"
"E11_P3_M13_L001","T_cell"
"E12_P2_M13_L001","T_cell"
"E12_P3_M13_L001","T_cell"
"E12_P4_M13_L001","NK"
"E1_P2_M13_L001","NK"
"E1_P3_M13_L001","T_cell"
"E1_P4_M13_L001","T_cell"
"E1_P5_M13_L001","T_cell"
"E2_P3_M13_L001","T_cell"
"E2_P4_M13_L001","T_cell"
"E2_P5_M13_L001","T_cell"
"E3_P2_M13_L001","Myeloid"
"E3_P3_M13_L001","T_cell"
"E3_P4_M13_L001","NK"
"E3_P5_M13_L001","T_cell"
"E4_P3_M13_L001","NK"
"E4_P4_M13_L001","NK"
"E4_P5_M13_L001","T_cell"
"E5_P2_M13_L001","T_cell"
"E5_P3_M13_L001","T_cell"
"E5_P4_M13_L001","T_cell"
"E5_P5_M13_L001","T_cell"
"E6_P2_M13_L001","T_cell"
"E6_P4_M13_L001","T_cell"
"E6_P5_M13_L001","Myeloid"
"E7_P2_M13_L001","Unassigned (all modules low)"
"E7_P3_M13_L001","NK"
"E7_P4_M13_L001","T_cell"
"E7_P5_M13_L001","T_cell"
"E8_P2_M13_L001","T_cell"
"E8_P3_M13_L001","T_cell"
"E8_P4_M13_L001","T_cell"
"E8_P5_M13_L001","Myeloid"
"E9_P2_M13_L001","T_cell"
"E9_P3_M13_L001","NK"
"E9_P5_M13_L001","T_cell"
"F10_P2_M13_L001","T_cell"
"F10_P3_M13_L001","Myeloid"
"F10_P4_M13_L001","T_cell"
"F11_P2_M13_L001","T_cell"
"F11_P3_M13_L001","T_cell"
"F11_P4_M13_L001","Myeloid"
"F11_P5_M13_L001","T_cell"
"F12_P2_M13_L001","T_cell"
"F12_P3_M13_L001","T_cell"
"F12_P5_M13_L001","NK"
"F1_P2_M13_L001","Myeloid"
"F1_P3_M13_L001","T_cell"
"F1_P4_M13_L001","T_cell"
"F2_P2_M13_L001","T_cell"
"F2_P4_M13_L001","Myeloid"
"F2_P5_M13_L001","NK"
"F3_P3_M13_L001","T_cell"
"F3_P4_M13_L001","T_cell"
"F3_P5_M13_L001","T_cell"
"F4_P2_M13_L001","T_cell"
"F4_P3_M13_L001","T_cell"
"F4_P4_M13_L001","NK"
"F4_P5_M13_L001","T_cell"
"F5_P2_M13_L001","T_cell"
"F5_P4_M13_L001","Myeloid"
"F5_P5_M13_L001","T_cell"
"F6_P2_M13_L001","T_cell"
"F6_P3_M13_L001","T_cell"
"F6_P5_M13_L001","NK"
"F7_P2_M13_L001","T_cell"
"F7_P3_M13_L001","T_cell"
"F7_P4_M13_L001","T_cell"
"F7_P5_M13_L001","T_cell"
"F8_P2_M13_L001","NK"
"F8_P3_M13_L001","T_cell"
"F8_P4_M13_L001","NK"
"F8_P5_M13_L001","Myeloid"
"F9_P2_M13_L001","T_cell"
"F9_P3_M13_L001","Myeloid"
"F9_P4_M13_L001","NK"
"G10_P2_M13_L001","T_cell"
"G10_P3_M13_L001","T_cell"
"G10_P5_M13_L001","T_cell"
"G11_P2_M13_L001","T_cell"
"G11_P3_M13_L001","T_cell"
"G11_P4_M13_L001","Myeloid"
"G11_P5_M13_L001","B_cell"
"G12_P2_M13_L001","T_cell"
"G12_P3_M13_L001","T_cell"
"G12_P4_M13_L001","T_cell"
"G12_P5_M13_L001","T_cell"
"G1_P2_M13_L001","T_cell"
"G1_P3_M13_L001","T_cell"
"G1_P5_M13_L001","T_cell"
"G2_P2_M13_L001","Myeloid"
"G2_P3_M13_L001","Myeloid"
"G2_P4_M13_L001","T_cell"
"G3_P2_M13_L001","Myeloid"
"G3_P3_M13_L001","T_cell"
"G3_P4_M13_L001","T_cell"
"G3_P5_M13_L001","T_cell"
"G4_P2_M13_L001","Myeloid"
"G4_P3_M13_L001","T_cell"
"G4_P4_M13_L001","T_cell"
"G4_P5_M13_L001","T_cell"
"G5_P2_M13_L001","T_cell"
"G5_P3_M13_L001","NK"
"G5_P4_M13_L001","T_cell"
"G6_P2_M13_L001","T_cell"
"G6_P4_M13_L001","T_cell"
"G6_P5_M13_L001","T_cell"
"G7_P2_M13_L001","T_cell"
"G7_P3_M13_L001","T_cell"
"G7_P4_M13_L001","T_cell"
"G8_P2_M13_L001","NK"
"G8_P3_M13_L001","T_cell"
"G8_P4_M13_L001","T_cell"
"G9_P2_M13_L001","B_cell"
"G9_P3_M13_L001","Myeloid"
"G9_P4_M13_L001","T_cell"
"H10_P3_M13_L001","T_cell"
"H10_P4_M13_L001","T_cell"
"H10_P5_M13_L001","T_cell"
"H11_P2_M13_L001","T_cell"
"H11_P3_M13_L001","Myeloid"
"H11_P5_M13_L001","Myeloid"
"H12_P2_M13_L001","T_cell"
"H12_P3_M13_L001","Myeloid"
"H12_P4_M13_L001","T_cell"
"H12_P5_M13_L001","T_cell"
"H1_P2_M13_L001","NK"
"H1_P3_M13_L001","T_cell"
"H1_P4_M13_L001","T_cell"
"H1_P5_M13_L001","T_cell"
"H2_P3_M13_L001","T_cell"
"H2_P4_M13_L001","T_cell"
"H3_P2_M13_L001","NK"
"H3_P3_M13_L001","NK"
"H3_P4_M13_L001","T_cell"
"H3_P5_M13_L001","T_cell"
"H4_P3_M13_L001","T_cell"
"H4_P4_M13_L001","T_cell"
"H4_P5_M13_L001","NK"
"H5_P2_M13_L001","T_cell"
"H5_P3_M13_L001","B_cell"
"H5_P5_M13_L001","T_cell"
"H6_P2_M13_L001","Myeloid"
"H6_P3_M13_L001","T_cell"
"H6_P4_M13_L001","T_cell"
"H6_P5_M13_L001","T_cell"
"H7_P2_M13_L001","T_cell"
"H7_P3_M13_L001","T_cell"
"H7_P5_M13_L001","T_cell"
"H8_P2_M13_L001","T_cell"
"H8_P4_M13_L001","T_cell"
"H8_P5_M13_L001","T_cell"
"H9_P2_M13_L001","T_cell"
"H9_P3_M13_L001","Myeloid"
"H9_P5_M13_L001","T_cell"
"A10_P1_MMD8_L001","T_cell"
"A10_P2_MMD8_L001","T_cell"
"A10_P4_MMD8_L001","T_cell"
"A10_P5_MMD8_L001","Myeloid"
"A11_P1_MMD8_L001","B_cell"
"A11_P2_MMD8_L001","T_cell"
"A11_P4_MMD8_L001","T_cell"
"A11_P5_MMD8_L001","T_cell"
"A12_P1_MMD8_L001","NK"
"A12_P2_MMD8_L001","T_cell"
"A12_P4_MMD8_L001","NK"
"A12_P5_MMD8_L001","NK"
"A2_P1_MMD8_L001","T_cell"
"A2_P2_MMD8_L001","T_cell"
"A2_P4_MMD8_L001","Myeloid"
"A2_P5_MMD8_L001","NK"
"A3_P1_MMD8_L001","T_cell"
"A3_P2_MMD8_L001","B_cell"
"A3_P4_MMD8_L001","T_cell"
"A3_P5_MMD8_L001","Myeloid"
"A4_P1_MMD8_L001","T_cell"
"A4_P2_MMD8_L001","B_cell"
"A4_P4_MMD8_L001","Myeloid"
"A4_P5_MMD8_L001","T_cell"
"A5_P1_MMD8_L001","T_cell"
"A5_P2_MMD8_L001","Myeloid"
"A5_P4_MMD8_L001","Myeloid"
"A5_P5_MMD8_L001","T_cell"
"A6_P1_MMD8_L001","T_cell"
"A6_P4_MMD8_L001","T_cell"
"A6_P5_MMD8_L001","T_cell"
"A7_P1_MMD8_L001","NK"
"A7_P2_MMD8_L001","T_cell"
"A7_P4_MMD8_L001","T_cell"
"A7_P5_MMD8_L001","T_cell"
"A8_P1_MMD8_L001","NK"
"A8_P2_MMD8_L001","T_cell"
"A8_P4_MMD8_L001","T_cell"
"A8_P5_MMD8_L001","NK"
"A9_P1_MMD8_L001","T_cell"
"A9_P2_MMD8_L001","Myeloid"
"A9_P4_MMD8_L001","T_cell"
"A9_P5_MMD8_L001","T_cell"
"B10_P1_MMD8_L001","Unassigned (all modules low)"
"B10_P2_MMD8_L001","T_cell"
"B10_P4_MMD8_L001","T_cell"
"B10_P5_MMD8_L001","B_cell"
"B11_P1_MMD8_L001","T_cell"
"B11_P2_MMD8_L001","T_cell"
"B11_P4_MMD8_L001","T_cell"
"B11_P5_MMD8_L001","T_cell"
"B12_P1_MMD8_L001","T_cell"
"B12_P2_MMD8_L001","Myeloid"
"B12_P4_MMD8_L001","NK"
"B12_P5_MMD8_L001","T_cell"
"B1_P1_MMD8_L001","T_cell"
"B1_P2_MMD8_L001","T_cell"
"B1_P4_MMD8_L001","T_cell"
"B1_P5_MMD8_L001","T_cell"
"B2_P1_MMD8_L001","T_cell"
"B2_P2_MMD8_L001","T_cell"
"B2_P4_MMD8_L001","T_cell"
"B2_P5_MMD8_L001","T_cell"
"B3_P1_MMD8_L001","T_cell"
"B3_P2_MMD8_L001","NK"
"B3_P4_MMD8_L001","T_cell"
"B3_P5_MMD8_L001","T_cell"
"B4_P1_MMD8_L001","T_cell"
"B4_P2_MMD8_L001","NK"
"B4_P4_MMD8_L001","Myeloid"
"B4_P5_MMD8_L001","Myeloid"
"B5_P1_MMD8_L001","T_cell"
"B5_P2_MMD8_L001","T_cell"
"B5_P4_MMD8_L001","T_cell"
"B5_P5_MMD8_L001","Myeloid"
"B6_P2_MMD8_L001","B_cell"
"B6_P4_MMD8_L001","T_cell"
"B6_P5_MMD8_L001","T_cell"
"B7_P1_MMD8_L001","T_cell"
"B7_P2_MMD8_L001","T_cell"
"B7_P4_MMD8_L001","Myeloid"
"B7_P5_MMD8_L001","T_cell"
"B8_P1_MMD8_L001","Unassigned (all modules low)"
"B8_P2_MMD8_L001","T_cell"
"B8_P4_MMD8_L001","Myeloid"
"B8_P5_MMD8_L001","T_cell"
"B9_P1_MMD8_L001","T_cell"
"B9_P2_MMD8_L001","T_cell"
"B9_P4_MMD8_L001","NK"
"B9_P5_MMD8_L001","T_cell"
"C10_P1_MMD8_L001","T_cell"
"C10_P2_MMD8_L001","Myeloid"
"C10_P4_MMD8_L001","T_cell"
"C10_P5_MMD8_L001","T_cell"
"C11_P1_MMD8_L001","Myeloid"
"C11_P2_MMD8_L001","T_cell"
"C11_P4_MMD8_L001","T_cell"
"C11_P5_MMD8_L001","T_cell"
"C12_P1_MMD8_L001","Myeloid"
"C12_P2_MMD8_L001","T_cell"
"C12_P4_MMD8_L001","T_cell"
"C12_P5_MMD8_L001","T_cell"
"C1_P1_MMD8_L001","T_cell"
"C1_P2_MMD8_L001","T_cell"
"C1_P4_MMD8_L001","T_cell"
"C1_P5_MMD8_L001","NK"
"C2_P1_MMD8_L001","T_cell"
"C2_P2_MMD8_L001","T_cell"
"C2_P4_MMD8_L001","Myeloid"
"C2_P5_MMD8_L001","T_cell"
"C3_P1_MMD8_L001","T_cell"
"C3_P2_MMD8_L001","T_cell"
"C3_P4_MMD8_L001","NK"
"C3_P5_MMD8_L001","T_cell"
"C4_P1_MMD8_L001","NK"
"C4_P2_MMD8_L001","T_cell"
"C4_P4_MMD8_L001","T_cell"
"C4_P5_MMD8_L001","NK"
"C5_P1_MMD8_L001","T_cell"
"C5_P2_MMD8_L001","T_cell"
"C5_P4_MMD8_L001","T_cell"
"C5_P5_MMD8_L001","T_cell"
"C6_P1_MMD8_L001","T_cell"
"C6_P2_MMD8_L001","Myeloid"
"C6_P5_MMD8_L001","T_cell"
"C7_P1_MMD8_L001","T_cell"
"C7_P2_MMD8_L001","T_cell"
"C7_P4_MMD8_L001","Myeloid"
"C7_P5_MMD8_L001","T_cell"
"C8_P2_MMD8_L001","T_cell"
"C8_P4_MMD8_L001","T_cell"
"C8_P5_MMD8_L001","T_cell"
"C9_P1_MMD8_L001","NK"
"C9_P2_MMD8_L001","T_cell"
"C9_P4_MMD8_L001","T_cell"
"C9_P5_MMD8_L001","T_cell"
"D10_P1_MMD8_L001","Unassigned (all modules low)"
"D10_P2_MMD8_L001","T_cell"
"D10_P4_MMD8_L001","T_cell"
"D10_P5_MMD8_L001","T_cell"
"D11_P1_MMD8_L001","NK"
"D11_P2_MMD8_L001","T_cell"
"D11_P4_MMD8_L001","Myeloid"
"D11_P5_MMD8_L001","T_cell"
"D12_P1_MMD8_L001","NK"
"D12_P4_MMD8_L001","T_cell"
"D12_P5_MMD8_L001","T_cell"
"D1_P1_MMD8_L001","T_cell"
"D1_P2_MMD8_L001","Myeloid"
"D1_P4_MMD8_L001","T_cell"
"D1_P5_MMD8_L001","T_cell"
"D2_P1_MMD8_L001","T_cell"
"D2_P2_MMD8_L001","B_cell"
"D2_P4_MMD8_L001","NK"
"D2_P5_MMD8_L001","Myeloid"
"D3_P1_MMD8_L001","Myeloid"
"D3_P2_MMD8_L001","T_cell"
"D3_P4_MMD8_L001","T_cell"
"D3_P5_MMD8_L001","T_cell"
"D4_P1_MMD8_L001","T_cell"
"D4_P2_MMD8_L001","T_cell"
"D4_P4_MMD8_L001","Myeloid"
"D4_P5_MMD8_L001","T_cell"
"D5_P1_MMD8_L001","T_cell"
"D5_P2_MMD8_L001","Myeloid"
"D5_P4_MMD8_L001","T_cell"
"D5_P5_MMD8_L001","NK"
"D6_P1_MMD8_L001","T_cell"
"D6_P4_MMD8_L001","T_cell"
"D6_P5_MMD8_L001","Myeloid"
"D7_P1_MMD8_L001","T_cell"
"D7_P4_MMD8_L001","T_cell"
"D7_P5_MMD8_L001","T_cell"
"D8_P1_MMD8_L001","T_cell"
"D8_P2_MMD8_L001","T_cell"
"D8_P5_MMD8_L001","T_cell"
"D9_P1_MMD8_L001","Unassigned (all modules low)"
"D9_P2_MMD8_L001","NK"
"D9_P4_MMD8_L001","NK"
"D9_P5_MMD8_L001","T_cell"
"E10_P1_MMD8_L001","Unassigned (all modules low)"
"E10_P2_MMD8_L001","NK"
"E10_P4_MMD8_L001","T_cell"
"E10_P5_MMD8_L001","Myeloid"
"E11_P1_MMD8_L001","T_cell"
"E11_P2_MMD8_L001","T_cell"
"E11_P4_MMD8_L001","T_cell"
"E11_P5_MMD8_L001","T_cell"
"E12_P1_MMD8_L001","T_cell"
"E12_P2_MMD8_L001","Myeloid"
"E12_P4_MMD8_L001","NK"
"E12_P5_MMD8_L001","T_cell"
"E1_P1_MMD8_L001","T_cell"
"E1_P2_MMD8_L001","T_cell"
"E1_P4_MMD8_L001","T_cell"
"E1_P5_MMD8_L001","T_cell"
"E2_P1_MMD8_L001","T_cell"
"E2_P2_MMD8_L001","T_cell"
"E2_P4_MMD8_L001","T_cell"
"E2_P5_MMD8_L001","T_cell"
"E3_P1_MMD8_L001","T_cell"
"E3_P2_MMD8_L001","T_cell"
"E3_P4_MMD8_L001","T_cell"
"E3_P5_MMD8_L001","T_cell"
"E4_P1_MMD8_L001","T_cell"
"E4_P4_MMD8_L001","T_cell"
"E4_P5_MMD8_L001","T_cell"
"E5_P2_MMD8_L001","T_cell"
"E5_P4_MMD8_L001","T_cell"
"E5_P5_MMD8_L001","T_cell"
"E6_P1_MMD8_L001","B_cell"
"E6_P2_MMD8_L001","Myeloid"
"E6_P4_MMD8_L001","T_cell"
"E6_P5_MMD8_L001","T_cell"
"E7_P1_MMD8_L001","T_cell"
"E7_P2_MMD8_L001","T_cell"
"E7_P4_MMD8_L001","B_cell"
"E7_P5_MMD8_L001","Unassigned (all modules low)"
"E8_P1_MMD8_L001","Myeloid"
"E8_P2_MMD8_L001","T_cell"
"E8_P4_MMD8_L001","T_cell"
"E8_P5_MMD8_L001","T_cell"
"E9_P1_MMD8_L001","T_cell"
"E9_P2_MMD8_L001","T_cell"
"E9_P4_MMD8_L001","T_cell"
"E9_P5_MMD8_L001","T_cell"
"F10_P1_MMD8_L001","T_cell"
"F10_P2_MMD8_L001","T_cell"
"F10_P4_MMD8_L001","T_cell"
"F10_P5_MMD8_L001","Myeloid"
"F11_P1_MMD8_L001","NK"
"F11_P2_MMD8_L001","T_cell"
"F11_P4_MMD8_L001","NK"
"F11_P5_MMD8_L001","T_cell"
"F12_P1_MMD8_L001","T_cell"
"F12_P2_MMD8_L001","Unassigned (all modules low)"
"F12_P4_MMD8_L001","T_cell"
"F12_P5_MMD8_L001","T_cell"
"F1_P1_MMD8_L001","Myeloid"
"F1_P2_MMD8_L001","T_cell"
"F1_P4_MMD8_L001","T_cell"
"F1_P5_MMD8_L001","NK"
"F2_P1_MMD8_L001","Myeloid"
"F2_P2_MMD8_L001","T_cell"
"F2_P4_MMD8_L001","T_cell"
"F2_P5_MMD8_L001","T_cell"
"F3_P1_MMD8_L001","T_cell"
"F3_P2_MMD8_L001","T_cell"
"F3_P4_MMD8_L001","T_cell"
"F3_P5_MMD8_L001","NK"
"F4_P1_MMD8_L001","T_cell"
"F4_P2_MMD8_L001","T_cell"
"F4_P4_MMD8_L001","NK"
"F4_P5_MMD8_L001","Myeloid"
"F5_P1_MMD8_L001","T_cell"
"F5_P2_MMD8_L001","NK"
"F5_P4_MMD8_L001","NK"
"F5_P5_MMD8_L001","T_cell"
"F6_P1_MMD8_L001","T_cell"
"F6_P2_MMD8_L001","T_cell"
"F6_P4_MMD8_L001","Myeloid"
"F6_P5_MMD8_L001","Myeloid"
"F7_P1_MMD8_L001","T_cell"
"F7_P2_MMD8_L001","T_cell"
"F7_P4_MMD8_L001","T_cell"
"F7_P5_MMD8_L001","T_cell"
"F8_P1_MMD8_L001","T_cell"
"F8_P2_MMD8_L001","T_cell"
"F8_P4_MMD8_L001","T_cell"
"F8_P5_MMD8_L001","T_cell"
"F9_P1_MMD8_L001","T_cell"
"F9_P2_MMD8_L001","T_cell"
"F9_P4_MMD8_L001","T_cell"
"F9_P5_MMD8_L001","T_cell"
"G10_P1_MMD8_L001","T_cell"
"G10_P2_MMD8_L001","T_cell"
"G10_P4_MMD8_L001","T_cell"
"G10_P5_MMD8_L001","NK"
"G11_P1_MMD8_L001","NK"
"G11_P2_MMD8_L001","T_cell"
"G11_P4_MMD8_L001","T_cell"
"G11_P5_MMD8_L001","T_cell"
"G12_P1_MMD8_L001","T_cell"
"G12_P2_MMD8_L001","T_cell"
"G12_P4_MMD8_L001","T_cell"
"G12_P5_MMD8_L001","T_cell"
"G1_P1_MMD8_L001","T_cell"
"G1_P2_MMD8_L001","T_cell"
"G1_P4_MMD8_L001","T_cell"
"G1_P5_MMD8_L001","T_cell"
"G2_P1_MMD8_L001","T_cell"
"G2_P2_MMD8_L001","T_cell"
"G2_P4_MMD8_L001","T_cell"
"G2_P5_MMD8_L001","T_cell"
"G3_P1_MMD8_L001","T_cell"
"G3_P2_MMD8_L001","NK"
"G3_P4_MMD8_L001","Myeloid"
"G3_P5_MMD8_L001","Myeloid"
"G4_P1_MMD8_L001","T_cell"
"G4_P2_MMD8_L001","T_cell"
"G4_P4_MMD8_L001","T_cell"
"G4_P5_MMD8_L001","T_cell"
"G5_P1_MMD8_L001","T_cell"
"G5_P2_MMD8_L001","T_cell"
"G5_P4_MMD8_L001","T_cell"
"G5_P5_MMD8_L001","T_cell"
"G6_P1_MMD8_L001","T_cell"
"G6_P2_MMD8_L001","T_cell"
"G6_P4_MMD8_L001","T_cell"
"G6_P5_MMD8_L001","Myeloid"
"G7_P1_MMD8_L001","T_cell"
"G7_P2_MMD8_L001","Myeloid"
"G7_P4_MMD8_L001","Myeloid"
"G7_P5_MMD8_L001","T_cell"
"G8_P1_MMD8_L001","T_cell"
"G8_P2_MMD8_L001","Myeloid"
"G8_P4_MMD8_L001","Myeloid"
"G8_P5_MMD8_L001","T_cell"
"G9_P1_MMD8_L001","T_cell"
"G9_P2_MMD8_L001","Myeloid"
"G9_P4_MMD8_L001","T_cell"
"G9_P5_MMD8_L001","T_cell"
"H10_P1_MMD8_L001","Myeloid"
"H10_P2_MMD8_L001","NK"
"H10_P4_MMD8_L001","T_cell"
"H10_P5_MMD8_L001","T_cell"
"H11_P1_MMD8_L001","T_cell"
"H11_P2_MMD8_L001","T_cell"
"H11_P4_MMD8_L001","NK"
"H11_P5_MMD8_L001","NK"
"H12_P1_MMD8_L001","T_cell"
"H12_P2_MMD8_L001","Myeloid"
"H12_P4_MMD8_L001","T_cell"
"H12_P5_MMD8_L001","T_cell"
"H1_P1_MMD8_L001","Myeloid"
"H1_P2_MMD8_L001","T_cell"
"H1_P4_MMD8_L001","T_cell"
"H1_P5_MMD8_L001","T_cell"
"H2_P1_MMD8_L001","B_cell"
"H2_P2_MMD8_L001","Myeloid"
"H2_P4_MMD8_L001","T_cell"
"H2_P5_MMD8_L001","T_cell"
"H3_P1_MMD8_L001","T_cell"
"H3_P2_MMD8_L001","T_cell"
"H3_P4_MMD8_L001","T_cell"
"H3_P5_MMD8_L001","NK"
"H4_P1_MMD8_L001","T_cell"
"H4_P4_MMD8_L001","T_cell"
"H4_P5_MMD8_L001","T_cell"
"H5_P1_MMD8_L001","T_cell"
"H5_P2_MMD8_L001","T_cell"
"H5_P4_MMD8_L001","T_cell"
"H5_P5_MMD8_L001","T_cell"
"H6_P1_MMD8_L001","T_cell"
"H6_P2_MMD8_L001","NK"
"H6_P4_MMD8_L001","T_cell"
"H6_P5_MMD8_L001","T_cell"
"H7_P1_MMD8_L001","T_cell"
"H7_P2_MMD8_L001","Myeloid"
"H7_P4_MMD8_L001","B_cell"
"H7_P5_MMD8_L001","T_cell"
"H8_P1_MMD8_L001","NK"
"H8_P2_MMD8_L001","T_cell"
"H8_P4_MMD8_L001","T_cell"
"H8_P5_MMD8_L001","T_cell"
"H9_P1_MMD8_L001","T_cell"
"H9_P2_MMD8_L001","T_cell"
"H9_P4_MMD8_L001","T_cell"
"H9_P5_MMD8_L001","T_cell"
"A10_P5_MMD9_L001","T_cell"
"A11_P1_MMD9_L001","B_cell"
"A11_P2_MMD9_L001","NK"
"A11_P3_MMD9_L001","T_cell"
"A11_P5_MMD9_L001","T_cell"
"A12_P2_MMD9_L001","T_cell"
"A12_P3_MMD9_L001","NK"
"A12_P5_MMD9_L001","NK"
"A2_P3_MMD9_L001","T_cell"
"A2_P5_MMD9_L001","T_cell"
"A3_P1_MMD9_L001","B_cell"
"A3_P2_MMD9_L001","B_cell"
"A3_P3_MMD9_L001","T_cell"
"A4_P1_MMD9_L001","T_cell"
"A4_P3_MMD9_L001","T_cell"
"A4_P5_MMD9_L001","B_cell"
"A5_P1_MMD9_L001","T_cell"
"A5_P2_MMD9_L001","T_cell"
"A5_P5_MMD9_L001","T_cell"
"A6_P1_MMD9_L001","B_cell"
"A6_P2_MMD9_L001","T_cell"
"A6_P3_MMD9_L001","T_cell"
"A6_P5_MMD9_L001","T_cell"
"A7_P1_MMD9_L001","B_cell"
"A7_P2_MMD9_L001","T_cell"
"A7_P3_MMD9_L001","T_cell"
"A7_P5_MMD9_L001","T_cell"
"A8_P1_MMD9_L001","NK"
"A8_P2_MMD9_L001","T_cell"
"A9_P5_MMD9_L001","T_cell"
"B10_P2_MMD9_L001","T_cell"
"B10_P3_MMD9_L001","T_cell"
"B10_P5_MMD9_L001","T_cell"
"B11_P1_MMD9_L001","T_cell"
"B11_P5_MMD9_L001","T_cell"
"B12_P2_MMD9_L001","T_cell"
"B12_P3_MMD9_L001","T_cell"
"B12_P5_MMD9_L001","NK"
"B1_P1_MMD9_L001","T_cell"
"B1_P3_MMD9_L001","T_cell"
"B1_P5_MMD9_L001","Unassigned (all modules low)"
"B2_P1_MMD9_L001","T_cell"
"B2_P2_MMD9_L001","B_cell"
"B2_P5_MMD9_L001","T_cell"
"B3_P2_MMD9_L001","T_cell"
"B3_P3_MMD9_L001","T_cell"
"B4_P1_MMD9_L001","T_cell"
"B4_P2_MMD9_L001","NK"
"B4_P3_MMD9_L001","T_cell"
"B4_P5_MMD9_L001","T_cell"
"B5_P3_MMD9_L001","T_cell"
"B6_P1_MMD9_L001","T_cell"
"B6_P5_MMD9_L001","NK"
"B7_P2_MMD9_L001","T_cell"
"B7_P5_MMD9_L001","T_cell"
"B8_P1_MMD9_L001","T_cell"
"B8_P2_MMD9_L001","T_cell"
"B9_P2_MMD9_L001","T_cell"
"B9_P3_MMD9_L001","T_cell"
"B9_P5_MMD9_L001","T_cell"
"C10_P1_MMD9_L001","T_cell"
"C10_P2_MMD9_L001","T_cell"
"C10_P3_MMD9_L001","T_cell"
"C10_P5_MMD9_L001","T_cell"
"C11_P2_MMD9_L001","B_cell"
"C11_P5_MMD9_L001","NK"
"C12_P1_MMD9_L001","NK"
"C12_P2_MMD9_L001","NK"
"C12_P3_MMD9_L001","B_cell"
"C1_P1_MMD9_L001","T_cell"
"C1_P3_MMD9_L001","T_cell"
"C2_P2_MMD9_L001","T_cell"
"C2_P5_MMD9_L001","T_cell"
"C3_P1_MMD9_L001","T_cell"
"C3_P2_MMD9_L001","T_cell"
"C3_P5_MMD9_L001","B_cell"
"C4_P1_MMD9_L001","T_cell"
"C4_P2_MMD9_L001","T_cell"
"C4_P3_MMD9_L001","T_cell"
"C4_P5_MMD9_L001","T_cell"
"C5_P1_MMD9_L001","NK"
"C5_P2_MMD9_L001","T_cell"
"C5_P5_MMD9_L001","T_cell"
"C6_P1_MMD9_L001","T_cell"
"C6_P2_MMD9_L001","T_cell"
"C6_P3_MMD9_L001","T_cell"
"C6_P5_MMD9_L001","T_cell"
"C7_P1_MMD9_L001","T_cell"
"C7_P2_MMD9_L001","T_cell"
"C7_P5_MMD9_L001","T_cell"
"C8_P2_MMD9_L001","T_cell"
"C8_P3_MMD9_L001","NK"
"C9_P1_MMD9_L001","T_cell"
"C9_P3_MMD9_L001","T_cell"
"D10_P1_MMD9_L001","NK"
"D10_P2_MMD9_L001","NK"
"D10_P3_MMD9_L001","B_cell"
"D11_P1_MMD9_L001","T_cell"
"D11_P2_MMD9_L001","NK"
"D11_P3_MMD9_L001","T_cell"
"D11_P5_MMD9_L001","NK"
"D12_P1_MMD9_L001","T_cell"
"D12_P2_MMD9_L001","T_cell"
"D12_P5_MMD9_L001","T_cell"
"D1_P1_MMD9_L001","T_cell"
"D1_P3_MMD9_L001","T_cell"
"D1_P5_MMD9_L001","T_cell"
"D2_P1_MMD9_L001","T_cell"
"D2_P2_MMD9_L001","T_cell"
"D2_P3_MMD9_L001","T_cell"
"D3_P1_MMD9_L001","T_cell"
"D3_P2_MMD9_L001","T_cell"
"D3_P3_MMD9_L001","T_cell"
"D4_P2_MMD9_L001","T_cell"
"D4_P3_MMD9_L001","T_cell"
"D4_P5_MMD9_L001","T_cell"
"D5_P1_MMD9_L001","T_cell"
"D5_P3_MMD9_L001","T_cell"
"D6_P1_MMD9_L001","T_cell"
"D6_P3_MMD9_L001","T_cell"
"D6_P5_MMD9_L001","B_cell"
"D8_P1_MMD9_L001","T_cell"
"D8_P3_MMD9_L001","B_cell"
"E10_P3_MMD9_L001","B_cell"
"E11_P1_MMD9_L001","B_cell"
"E11_P5_MMD9_L001","T_cell"
"E12_P1_MMD9_L001","T_cell"
"E12_P2_MMD9_L001","T_cell"
"E12_P3_MMD9_L001","T_cell"
"E12_P5_MMD9_L001","T_cell"
"E1_P1_MMD9_L001","T_cell"
"E1_P3_MMD9_L001","B_cell"
"E1_P5_MMD9_L001","T_cell"
"E2_P1_MMD9_L001","T_cell"
"E2_P3_MMD9_L001","T_cell"
"E3_P2_MMD9_L001","T_cell"
"E3_P3_MMD9_L001","T_cell"
"E3_P5_MMD9_L001","T_cell"
"E4_P1_MMD9_L001","T_cell"
"E4_P2_MMD9_L001","T_cell"
"E4_P5_MMD9_L001","T_cell"
"E5_P5_MMD9_L001","T_cell"
"E6_P1_MMD9_L001","Myeloid"
"E6_P3_MMD9_L001","T_cell"
"E6_P5_MMD9_L001","T_cell"
"E7_P1_MMD9_L001","T_cell"
"E7_P3_MMD9_L001","T_cell"
"E7_P5_MMD9_L001","Myeloid"
"E8_P5_MMD9_L001","NK"
"E9_P3_MMD9_L001","NK"
"E9_P5_MMD9_L001","NK"
"F10_P5_MMD9_L001","NK"
"F11_P1_MMD9_L001","T_cell"
"F11_P3_MMD9_L001","T_cell"
"F11_P5_MMD9_L001","T_cell"
"F12_P1_MMD9_L001","T_cell"
"F12_P3_MMD9_L001","T_cell"
"F1_P1_MMD9_L001","T_cell"
"F1_P5_MMD9_L001","T_cell"
"F2_P5_MMD9_L001","T_cell"
"F3_P1_MMD9_L001","T_cell"
"F3_P3_MMD9_L001","T_cell"
"F3_P5_MMD9_L001","B_cell"
"F4_P1_MMD9_L001","NK"
"F4_P3_MMD9_L001","T_cell"
"F4_P5_MMD9_L001","T_cell"
"F5_P1_MMD9_L001","T_cell"
"F5_P2_MMD9_L001","T_cell"
"F5_P3_MMD9_L001","T_cell"
"F5_P5_MMD9_L001","T_cell"
"F6_P1_MMD9_L001","T_cell"
"F6_P2_MMD9_L001","T_cell"
"F6_P5_MMD9_L001","T_cell"
"F7_P1_MMD9_L001","T_cell"
"F7_P5_MMD9_L001","NK"
"F8_P1_MMD9_L001","T_cell"
"F8_P2_MMD9_L001","T_cell"
"F8_P3_MMD9_L001","NK"
"F8_P5_MMD9_L001","Myeloid"
"F9_P3_MMD9_L001","T_cell"
"F9_P5_MMD9_L001","T_cell"
"G10_P5_MMD9_L001","B_cell"
"G11_P2_MMD9_L001","B_cell"
"G11_P3_MMD9_L001","T_cell"
"G11_P5_MMD9_L001","T_cell"
"G12_P1_MMD9_L001","T_cell"
"G12_P2_MMD9_L001","T_cell"
"G12_P3_MMD9_L001","T_cell"
"G12_P5_MMD9_L001","T_cell"
"G1_P1_MMD9_L001","T_cell"
"G1_P2_MMD9_L001","T_cell"
"G1_P3_MMD9_L001","T_cell"
"G1_P5_MMD9_L001","T_cell"
"G2_P2_MMD9_L001","T_cell"
"G2_P3_MMD9_L001","T_cell"
"G3_P1_MMD9_L001","T_cell"
"G3_P2_MMD9_L001","T_cell"
"G3_P3_MMD9_L001","T_cell"
"G3_P5_MMD9_L001","T_cell"
"G4_P1_MMD9_L001","NK"
"G4_P2_MMD9_L001","T_cell"
"G4_P5_MMD9_L001","T_cell"
"G5_P1_MMD9_L001","NK"
"G5_P2_MMD9_L001","T_cell"
"G5_P3_MMD9_L001","NK"
"G5_P5_MMD9_L001","T_cell"
"G6_P1_MMD9_L001","T_cell"
"G6_P2_MMD9_L001","T_cell"
"G6_P3_MMD9_L001","T_cell"
"G6_P5_MMD9_L001","T_cell"
"G7_P3_MMD9_L001","T_cell"
"G8_P1_MMD9_L001","T_cell"
"G8_P3_MMD9_L001","T_cell"
"G8_P5_MMD9_L001","T_cell"
"G9_P1_MMD9_L001","NK"
"G9_P2_MMD9_L001","Unassigned (all modules low)"
"H10_P1_MMD9_L001","T_cell"
"H10_P2_MMD9_L001","NK"
"H10_P5_MMD9_L001","T_cell"
"H11_P3_MMD9_L001","B_cell"
"H12_P2_MMD9_L001","B_cell"
"H12_P3_MMD9_L001","T_cell"
"H1_P1_MMD9_L001","T_cell"
"H1_P3_MMD9_L001","T_cell"
"H1_P5_MMD9_L001","T_cell"
"H2_P2_MMD9_L001","T_cell"
"H3_P2_MMD9_L001","T_cell"
"H3_P3_MMD9_L001","T_cell"
"H3_P5_MMD9_L001","T_cell"
"H4_P3_MMD9_L001","T_cell"
"H5_P1_MMD9_L001","T_cell"
"H5_P2_MMD9_L001","T_cell"
"H5_P5_MMD9_L001","T_cell"
"H7_P1_MMD9_L001","T_cell"
"H7_P5_MMD9_L001","T_cell"
"H8_P2_MMD9_L001","T_cell"
"H8_P3_MMD9_L001","B_cell"
"H8_P5_MMD9_L001","Myeloid"
"A10_P1_M45_L001","B_cell"
"A10_P3_M45_L001","T_cell"
"A10_P4_M45_L001","B_cell"
"A10_P5_M45_L001","NK"
"A11_P1_M45_L001","B_cell"
"A11_P3_M45_L001","B_cell"
"A11_P4_M45_L001","B_cell"
"A11_P5_M45_L001","T_cell"
"A12_P1_M45_L001","T_cell"
"A12_P3_M45_L001","B_cell"
"A12_P4_M45_L001","T_cell"
"A12_P5_M45_L001","T_cell"
"A1_P1_M45_L001","T_cell"
"A1_P3_M45_L001","B_cell"
"A1_P4_M45_L001","B_cell"
"A1_P5_M45_L001","B_cell"
"A2_P1_M45_L001","B_cell"
"A2_P3_M45_L001","B_cell"
"A2_P4_M45_L001","Myeloid"
"A2_P5_M45_L001","B_cell"
"A3_P1_M45_L001","B_cell"
"A3_P3_M45_L001","T_cell"
"A3_P4_M45_L001","B_cell"
"A3_P5_M45_L001","NK"
"A4_P1_M45_L001","B_cell"
"A4_P3_M45_L001","T_cell"
"A4_P4_M45_L001","B_cell"
"A5_P1_M45_L001","B_cell"
"A5_P3_M45_L001","B_cell"
"A5_P4_M45_L001","T_cell"
"A5_P5_M45_L001","T_cell"
"A6_P1_M45_L001","B_cell"
"A6_P3_M45_L001","T_cell"
"A6_P4_M45_L001","T_cell"
"A6_P5_M45_L001","B_cell"
"A7_P1_M45_L001","B_cell"
"A7_P3_M45_L001","T_cell"
"A7_P5_M45_L001","T_cell"
"A8_P1_M45_L001","B_cell"
"A8_P3_M45_L001","B_cell"
"A8_P4_M45_L001","NK"
"A8_P5_M45_L001","T_cell"
"A9_P1_M45_L001","B_cell"
"A9_P3_M45_L001","B_cell"
"A9_P4_M45_L001","T_cell"
"A9_P5_M45_L001","B_cell"
"B10_P1_M45_L001","T_cell"
"B10_P3_M45_L001","B_cell"
"B10_P4_M45_L001","T_cell"
"B10_P5_M45_L001","B_cell"
"B11_P1_M45_L001","T_cell"
"B11_P3_M45_L001","T_cell"
"B11_P4_M45_L001","T_cell"
"B11_P5_M45_L001","T_cell"
"B12_P1_M45_L001","T_cell"
"B12_P3_M45_L001","T_cell"
"B12_P4_M45_L001","T_cell"
"B12_P5_M45_L001","T_cell"
"B1_P1_M45_L001","B_cell"
"B1_P3_M45_L001","T_cell"
"B1_P4_M45_L001","B_cell"
"B1_P5_M45_L001","T_cell"
"B2_P1_M45_L001","B_cell"
"B2_P3_M45_L001","T_cell"
"B2_P4_M45_L001","B_cell"
"B2_P5_M45_L001","B_cell"
"B3_P1_M45_L001","T_cell"
"B3_P3_M45_L001","B_cell"
"B3_P4_M45_L001","B_cell"
"B3_P5_M45_L001","B_cell"
"B4_P1_M45_L001","B_cell"
"B4_P3_M45_L001","T_cell"
"B4_P4_M45_L001","B_cell"
"B4_P5_M45_L001","T_cell"
"B5_P1_M45_L001","T_cell"
"B5_P3_M45_L001","T_cell"
"B5_P4_M45_L001","B_cell"
"B5_P5_M45_L001","T_cell"
"B6_P1_M45_L001","B_cell"
"B6_P3_M45_L001","B_cell"
"B6_P4_M45_L001","B_cell"
"B7_P1_M45_L001","B_cell"
"B7_P3_M45_L001","T_cell"
"B7_P5_M45_L001","B_cell"
"B8_P1_M45_L001","B_cell"
"B8_P3_M45_L001","B_cell"
"B8_P4_M45_L001","T_cell"
"B9_P1_M45_L001","T_cell"
"B9_P3_M45_L001","B_cell"
"B9_P4_M45_L001","T_cell"
"C10_P1_M45_L001","B_cell"
"C10_P3_M45_L001","B_cell"
"C10_P4_M45_L001","B_cell"
"C10_P5_M45_L001","T_cell"
"C11_P1_M45_L001","B_cell"
"C11_P3_M45_L001","B_cell"
"C11_P4_M45_L001","T_cell"
"C11_P5_M45_L001","T_cell"
"C12_P1_M45_L001","T_cell"
"C12_P3_M45_L001","B_cell"
"C12_P4_M45_L001","B_cell"
"C12_P5_M45_L001","NK"
"C1_P1_M45_L001","T_cell"
"C1_P3_M45_L001","B_cell"
"C1_P4_M45_L001","B_cell"
"C1_P5_M45_L001","B_cell"
"C2_P1_M45_L001","B_cell"
"C2_P3_M45_L001","B_cell"
"C2_P4_M45_L001","T_cell"
"C2_P5_M45_L001","B_cell"
"C3_P1_M45_L001","B_cell"
"C3_P3_M45_L001","T_cell"
"C3_P4_M45_L001","T_cell"
"C3_P5_M45_L001","B_cell"
"C4_P1_M45_L001","T_cell"
"C4_P3_M45_L001","T_cell"
"C4_P4_M45_L001","Myeloid"
"C4_P5_M45_L001","B_cell"
"C5_P1_M45_L001","T_cell"
"C5_P3_M45_L001","T_cell"
"C5_P4_M45_L001","T_cell"
"C5_P5_M45_L001","T_cell"
"C6_P1_M45_L001","B_cell"
"C6_P3_M45_L001","NK"
"C6_P4_M45_L001","T_cell"
"C6_P5_M45_L001","B_cell"
"C7_P1_M45_L001","B_cell"
"C7_P3_M45_L001","T_cell"
"C7_P4_M45_L001","B_cell"
"C7_P5_M45_L001","B_cell"
"C8_P3_M45_L001","T_cell"
"C8_P5_M45_L001","T_cell"
"C9_P1_M45_L001","T_cell"
"C9_P3_M45_L001","T_cell"
"C9_P4_M45_L001","T_cell"
"D10_P3_M45_L001","T_cell"
"D10_P4_M45_L001","T_cell"
"D10_P5_M45_L001","T_cell"
"D11_P1_M45_L001","B_cell"
"D11_P3_M45_L001","B_cell"
"D11_P4_M45_L001","NK"
"D11_P5_M45_L001","B_cell"
"D12_P1_M45_L001","B_cell"
"D12_P3_M45_L001","B_cell"
"D12_P4_M45_L001","T_cell"
"D12_P5_M45_L001","T_cell"
"D1_P1_M45_L001","T_cell"
"D1_P3_M45_L001","B_cell"
"D1_P4_M45_L001","T_cell"
"D1_P5_M45_L001","T_cell"
"D2_P1_M45_L001","B_cell"
"D2_P3_M45_L001","B_cell"
"D2_P4_M45_L001","T_cell"
"D2_P5_M45_L001","B_cell"
"D3_P1_M45_L001","B_cell"
"D3_P3_M45_L001","T_cell"
"D3_P4_M45_L001","B_cell"
"D3_P5_M45_L001","B_cell"
"D4_P1_M45_L001","B_cell"
"D4_P3_M45_L001","B_cell"
"D4_P4_M45_L001","T_cell"
"D4_P5_M45_L001","B_cell"
"D5_P1_M45_L001","B_cell"
"D5_P3_M45_L001","T_cell"
"D5_P4_M45_L001","B_cell"
"D5_P5_M45_L001","B_cell"
"D6_P1_M45_L001","B_cell"
"D6_P4_M45_L001","B_cell"
"D6_P5_M45_L001","T_cell"
"D7_P1_M45_L001","T_cell"
"D7_P3_M45_L001","B_cell"
"D7_P4_M45_L001","T_cell"
"D7_P5_M45_L001","NK"
"D8_P1_M45_L001","T_cell"
"D8_P3_M45_L001","T_cell"
"D8_P4_M45_L001","B_cell"
"D8_P5_M45_L001","T_cell"
"D9_P1_M45_L001","T_cell"
"D9_P3_M45_L001","B_cell"
"D9_P4_M45_L001","T_cell"
"D9_P5_M45_L001","B_cell"
"E10_P1_M45_L001","T_cell"
"E10_P4_M45_L001","T_cell"
"E10_P5_M45_L001","T_cell"
"E11_P1_M45_L001","B_cell"
"E11_P3_M45_L001","T_cell"
"E11_P4_M45_L001","NK"
"E11_P5_M45_L001","T_cell"
"E12_P1_M45_L001","NK"
"E12_P3_M45_L001","T_cell"
"E12_P4_M45_L001","B_cell"
"E12_P5_M45_L001","NK"
"E1_P1_M45_L001","B_cell"
"E1_P3_M45_L001","B_cell"
"E1_P4_M45_L001","NK"
"E1_P5_M45_L001","B_cell"
"E2_P1_M45_L001","B_cell"
"E2_P3_M45_L001","T_cell"
"E2_P4_M45_L001","B_cell"
"E2_P5_M45_L001","T_cell"
"E3_P1_M45_L001","B_cell"
"E3_P3_M45_L001","B_cell"
"E3_P4_M45_L001","T_cell"
"E3_P5_M45_L001","B_cell"
"E4_P3_M45_L001","T_cell"
"E4_P4_M45_L001","T_cell"
"E4_P5_M45_L001","T_cell"
"E5_P1_M45_L001","T_cell"
"E5_P3_M45_L001","T_cell"
"E5_P4_M45_L001","B_cell"
"E5_P5_M45_L001","B_cell"
"E6_P1_M45_L001","B_cell"
"E6_P3_M45_L001","B_cell"
"E6_P4_M45_L001","B_cell"
"E6_P5_M45_L001","B_cell"
"E7_P1_M45_L001","B_cell"
"E7_P4_M45_L001","B_cell"
"E7_P5_M45_L001","T_cell"
"E8_P1_M45_L001","T_cell"
"E8_P3_M45_L001","T_cell"
"E8_P4_M45_L001","B_cell"
"E8_P5_M45_L001","T_cell"
"E9_P1_M45_L001","B_cell"
"E9_P3_M45_L001","B_cell"
"E9_P4_M45_L001","B_cell"
"E9_P5_M45_L001","T_cell"
"F10_P1_M45_L001","B_cell"
"F10_P3_M45_L001","NK"
"F10_P5_M45_L001","T_cell"
"F11_P1_M45_L001","B_cell"
"F11_P4_M45_L001","B_cell"
"F12_P1_M45_L001","T_cell"
"F12_P3_M45_L001","B_cell"
"F12_P4_M45_L001","NK"
"F12_P5_M45_L001","B_cell"
"F1_P1_M45_L001","T_cell"
"F1_P3_M45_L001","B_cell"
"F1_P4_M45_L001","T_cell"
"F1_P5_M45_L001","T_cell"
"F2_P1_M45_L001","B_cell"
"F2_P3_M45_L001","T_cell"
"F2_P4_M45_L001","B_cell"
"F2_P5_M45_L001","B_cell"
"F3_P1_M45_L001","T_cell"
"F3_P3_M45_L001","T_cell"
"F3_P4_M45_L001","T_cell"
"F3_P5_M45_L001","T_cell"
"F4_P1_M45_L001","T_cell"
"F4_P3_M45_L001","B_cell"
"F4_P4_M45_L001","B_cell"
"F4_P5_M45_L001","T_cell"
"F5_P1_M45_L001","T_cell"
"F5_P3_M45_L001","B_cell"
"F5_P5_M45_L001","T_cell"
"F6_P1_M45_L001","B_cell"
"F6_P3_M45_L001","B_cell"
"F6_P4_M45_L001","T_cell"
"F7_P1_M45_L001","Unassigned (all modules low)"
"F7_P3_M45_L001","B_cell"
"F7_P4_M45_L001","B_cell"
"F7_P5_M45_L001","NK"
"F8_P1_M45_L001","T_cell"
"F8_P3_M45_L001","B_cell"
"F8_P4_M45_L001","B_cell"
"F8_P5_M45_L001","T_cell"
"F9_P1_M45_L001","B_cell"
"F9_P3_M45_L001","T_cell"
"F9_P4_M45_L001","NK"
"F9_P5_M45_L001","T_cell"
"G10_P1_M45_L001","B_cell"
"G10_P3_M45_L001","B_cell"
"G10_P4_M45_L001","B_cell"
"G10_P5_M45_L001","T_cell"
"G11_P1_M45_L001","NK"
"G11_P3_M45_L001","B_cell"
"G11_P4_M45_L001","T_cell"
"G12_P1_M45_L001","B_cell"
"G12_P3_M45_L001","T_cell"
"G12_P4_M45_L001","T_cell"
"G12_P5_M45_L001","T_cell"
"G1_P1_M45_L001","T_cell"
"G1_P3_M45_L001","T_cell"
"G1_P4_M45_L001","B_cell"
"G1_P5_M45_L001","T_cell"
"G2_P1_M45_L001","T_cell"
"G2_P3_M45_L001","T_cell"
"G2_P5_M45_L001","T_cell"
"G3_P1_M45_L001","Myeloid"
"G3_P3_M45_L001","B_cell"
"G3_P4_M45_L001","B_cell"
"G4_P1_M45_L001","B_cell"
"G4_P3_M45_L001","B_cell"
"G4_P4_M45_L001","T_cell"
"G4_P5_M45_L001","B_cell"
"G5_P1_M45_L001","Malignant"
"G5_P3_M45_L001","B_cell"
"G5_P4_M45_L001","B_cell"
"G5_P5_M45_L001","B_cell"
"G6_P1_M45_L001","T_cell"
"G6_P4_M45_L001","B_cell"
"G6_P5_M45_L001","B_cell"
"G7_P4_M45_L001","T_cell"
"G7_P5_M45_L001","T_cell"
"G8_P1_M45_L001","B_cell"
"G8_P3_M45_L001","B_cell"
"G8_P5_M45_L001","Myeloid"
"G9_P1_M45_L001","T_cell"
"G9_P3_M45_L001","B_cell"
"G9_P4_M45_L001","T_cell"
"G9_P5_M45_L001","T_cell"
"H10_P1_M45_L001","B_cell"
"H10_P4_M45_L001","B_cell"
"H10_P5_M45_L001","T_cell"
"H11_P1_M45_L001","T_cell"
"H11_P3_M45_L001","T_cell"
"H11_P4_M45_L001","T_cell"
"H11_P5_M45_L001","NK"
"H12_P1_M45_L001","T_cell"
"H12_P3_M45_L001","B_cell"
"H12_P4_M45_L001","T_cell"
"H12_P5_M45_L001","T_cell"
"H1_P1_M45_L001","B_cell"
"H1_P3_M45_L001","T_cell"
"H1_P4_M45_L001","B_cell"
"H1_P5_M45_L001","T_cell"
"H2_P1_M45_L001","B_cell"
"H2_P3_M45_L001","B_cell"
"H2_P4_M45_L001","B_cell"
"H2_P5_M45_L001","B_cell"
"H3_P1_M45_L001","B_cell"
"H3_P3_M45_L001","T_cell"
"H3_P4_M45_L001","B_cell"
"H3_P5_M45_L001","T_cell"
"H4_P1_M45_L001","T_cell"
"H4_P3_M45_L001","T_cell"
"H4_P4_M45_L001","T_cell"
"H4_P5_M45_L001","B_cell"
"H5_P1_M45_L001","T_cell"
"H5_P3_M45_L001","B_cell"
"H5_P4_M45_L001","B_cell"
"H5_P5_M45_L001","B_cell"
"H6_P1_M45_L001","B_cell"
"H6_P3_M45_L001","T_cell"
"H6_P4_M45_L001","T_cell"
"H6_P5_M45_L001","B_cell"
"H7_P1_M45_L001","T_cell"
"H7_P3_M45_L001","B_cell"
"H7_P4_M45_L001","T_cell"
"H7_P5_M45_L001","T_cell"
"H8_P1_M45_L001","T_cell"
"H8_P3_M45_L001","T_cell"
"H8_P4_M45_L001","B_cell"
"H8_P5_M45_L001","T_cell"
"H9_P1_M45_L001","B_cell"
"H9_P3_M45_L001","T_cell"
"H9_P4_M45_L001","T_cell"
"H9_P5_M45_L001","T_cell"
"A10_P1_MMD7_L001","T_cell"
"A10_P2_MMD7_L001","T_cell"
"A10_P3_MMD7_L001","T_cell"
"A10_P4_MMD7_L001","T_cell"
"A11_P1_MMD7_L001","B_cell"
"A11_P2_MMD7_L001","NK"
"A11_P3_MMD7_L001","B_cell"
"A11_P4_MMD7_L001","T_cell"
"A12_P2_MMD7_L001","T_cell"
"A12_P3_MMD7_L001","NK"
"A12_P4_MMD7_L001","NK"
"A2_P3_MMD7_L001","T_cell"
"A3_P1_MMD7_L001","B_cell"
"A3_P2_MMD7_L001","NK"
"A3_P3_MMD7_L001","B_cell"
"A4_P2_MMD7_L001","B_cell"
"A4_P3_MMD7_L001","T_cell"
"A4_P4_MMD7_L001","T_cell"
"A5_P1_MMD7_L001","T_cell"
"A5_P2_MMD7_L001","T_cell"
"A5_P3_MMD7_L001","T_cell"
"A5_P4_MMD7_L001","B_cell"
"A6_P1_MMD7_L001","B_cell"
"A6_P2_MMD7_L001","NK"
"A6_P4_MMD7_L001","T_cell"
"A7_P1_MMD7_L001","T_cell"
"A7_P3_MMD7_L001","Myeloid"
"A8_P1_MMD7_L001","B_cell"
"A8_P3_MMD7_L001","T_cell"
"A8_P4_MMD7_L001","Myeloid"
"A9_P1_MMD7_L001","B_cell"
"A9_P2_MMD7_L001","T_cell"
"A9_P4_MMD7_L001","T_cell"
"B10_P1_MMD7_L001","Myeloid"
"B10_P2_MMD7_L001","B_cell"
"B10_P4_MMD7_L001","T_cell"
"B11_P1_MMD7_L001","T_cell"
"B11_P2_MMD7_L001","T_cell"
"B11_P3_MMD7_L001","T_cell"
"B11_P4_MMD7_L001","T_cell"
"B12_P1_MMD7_L001","T_cell"
"B12_P2_MMD7_L001","Myeloid"
"B12_P4_MMD7_L001","T_cell"
"B1_P1_MMD7_L001","NK"
"B1_P3_MMD7_L001","T_cell"
"B1_P4_MMD7_L001","NK"
"B2_P1_MMD7_L001","T_cell"
"B2_P2_MMD7_L001","NK"
"B2_P4_MMD7_L001","T_cell"
"B3_P1_MMD7_L001","T_cell"
"B3_P2_MMD7_L001","B_cell"
"B3_P3_MMD7_L001","T_cell"
"B3_P4_MMD7_L001","Myeloid"
"B4_P1_MMD7_L001","B_cell"
"B4_P2_MMD7_L001","NK"
"B4_P3_MMD7_L001","NK"
"B4_P4_MMD7_L001","NK"
"B5_P1_MMD7_L001","T_cell"
"B5_P2_MMD7_L001","B_cell"
"B5_P3_MMD7_L001","T_cell"
"B5_P4_MMD7_L001","B_cell"
"B6_P1_MMD7_L001","T_cell"
"B6_P2_MMD7_L001","T_cell"
"B6_P4_MMD7_L001","T_cell"
"B7_P1_MMD7_L001","B_cell"
"B7_P2_MMD7_L001","T_cell"
"B7_P3_MMD7_L001","T_cell"
"B7_P4_MMD7_L001","T_cell"
"B8_P2_MMD7_L001","B_cell"
"B8_P3_MMD7_L001","B_cell"
"B8_P4_MMD7_L001","T_cell"
"B9_P1_MMD7_L001","T_cell"
"B9_P2_MMD7_L001","B_cell"
"B9_P3_MMD7_L001","B_cell"
"B9_P4_MMD7_L001","T_cell"
"C10_P1_MMD7_L001","Myeloid"
"C10_P2_MMD7_L001","T_cell"
"C10_P3_MMD7_L001","T_cell"
"C10_P4_MMD7_L001","B_cell"
"C11_P1_MMD7_L001","Myeloid"
"C11_P2_MMD7_L001","B_cell"
"C11_P3_MMD7_L001","Myeloid"
"C11_P4_MMD7_L001","T_cell"
"C12_P1_MMD7_L001","Myeloid"
"C12_P2_MMD7_L001","NK"
"C12_P3_MMD7_L001","T_cell"
"C12_P4_MMD7_L001","B_cell"
"C1_P1_MMD7_L001","T_cell"
"C1_P2_MMD7_L001","T_cell"
"C1_P4_MMD7_L001","B_cell"
"C2_P1_MMD7_L001","T_cell"
"C2_P2_MMD7_L001","NK"
"C2_P3_MMD7_L001","T_cell"
"C2_P4_MMD7_L001","T_cell"
"C3_P1_MMD7_L001","T_cell"
"C3_P2_MMD7_L001","T_cell"
"C3_P3_MMD7_L001","T_cell"
"C3_P4_MMD7_L001","T_cell"
"C4_P1_MMD7_L001","NK"
"C4_P2_MMD7_L001","Myeloid"
"C4_P3_MMD7_L001","T_cell"
"C5_P2_MMD7_L001","T_cell"
"C5_P3_MMD7_L001","B_cell"
"C5_P4_MMD7_L001","T_cell"
"C6_P1_MMD7_L001","B_cell"
"C6_P2_MMD7_L001","Myeloid"
"C6_P3_MMD7_L001","T_cell"
"C7_P2_MMD7_L001","T_cell"
"C7_P3_MMD7_L001","T_cell"
"C7_P4_MMD7_L001","T_cell"
"C8_P1_MMD7_L001","Myeloid"
"C8_P2_MMD7_L001","T_cell"
"C8_P3_MMD7_L001","T_cell"
"C8_P4_MMD7_L001","T_cell"
"C9_P1_MMD7_L001","NK"
"C9_P2_MMD7_L001","B_cell"
"C9_P3_MMD7_L001","T_cell"
"C9_P4_MMD7_L001","B_cell"
"D10_P1_MMD7_L001","T_cell"
"D10_P3_MMD7_L001","NK"
"D10_P4_MMD7_L001","B_cell"
"D11_P2_MMD7_L001","T_cell"
"D11_P3_MMD7_L001","T_cell"
"D11_P4_MMD7_L001","B_cell"
"D12_P1_MMD7_L001","B_cell"
"D12_P2_MMD7_L001","T_cell"
"D12_P3_MMD7_L001","B_cell"
"D12_P4_MMD7_L001","T_cell"
"D1_P1_MMD7_L001","T_cell"
"D1_P2_MMD7_L001","T_cell"
"D1_P3_MMD7_L001","B_cell"
"D1_P4_MMD7_L001","Unassigned (all modules low)"
"D2_P1_MMD7_L001","T_cell"
"D2_P2_MMD7_L001","T_cell"
"D2_P3_MMD7_L001","T_cell"
"D2_P4_MMD7_L001","T_cell"
"D3_P1_MMD7_L001","T_cell"
"D3_P2_MMD7_L001","NK"
"D3_P3_MMD7_L001","T_cell"
"D3_P4_MMD7_L001","T_cell"
"D4_P1_MMD7_L001","T_cell"
"D4_P2_MMD7_L001","T_cell"
"D4_P3_MMD7_L001","B_cell"
"D4_P4_MMD7_L001","T_cell"
"D5_P1_MMD7_L001","B_cell"
"D5_P2_MMD7_L001","Myeloid"
"D5_P3_MMD7_L001","T_cell"
"D5_P4_MMD7_L001","T_cell"
"D6_P1_MMD7_L001","T_cell"
"D6_P2_MMD7_L001","Myeloid"
"D6_P3_MMD7_L001","T_cell"
"D6_P4_MMD7_L001","NK"
"D7_P1_MMD7_L001","T_cell"
"D7_P2_MMD7_L001","T_cell"
"D7_P4_MMD7_L001","B_cell"
"D8_P1_MMD7_L001","Myeloid"
"D8_P2_MMD7_L001","T_cell"
"D8_P3_MMD7_L001","T_cell"
"D9_P1_MMD7_L001","T_cell"
"D9_P2_MMD7_L001","T_cell"
"D9_P3_MMD7_L001","T_cell"
"E10_P1_MMD7_L001","B_cell"
"E10_P2_MMD7_L001","T_cell"
"E10_P3_MMD7_L001","T_cell"
"E10_P4_MMD7_L001","T_cell"
"E11_P1_MMD7_L001","T_cell"
"E11_P3_MMD7_L001","T_cell"
"E11_P4_MMD7_L001","T_cell"
"E12_P1_MMD7_L001","B_cell"
"E12_P2_MMD7_L001","T_cell"
"E12_P3_MMD7_L001","B_cell"
"E12_P4_MMD7_L001","T_cell"
"E1_P1_MMD7_L001","NK"
"E1_P2_MMD7_L001","T_cell"
"E1_P3_MMD7_L001","B_cell"
"E1_P4_MMD7_L001","Myeloid"
"E2_P1_MMD7_L001","Unassigned (all modules low)"
"E2_P2_MMD7_L001","Unassigned (all modules low)"
"E2_P3_MMD7_L001","T_cell"
"E2_P4_MMD7_L001","T_cell"
"E3_P1_MMD7_L001","Myeloid"
"E3_P2_MMD7_L001","B_cell"
"E3_P3_MMD7_L001","T_cell"
"E3_P4_MMD7_L001","T_cell"
"E4_P1_MMD7_L001","T_cell"
"E4_P2_MMD7_L001","T_cell"
"E5_P1_MMD7_L001","T_cell"
"E5_P2_MMD7_L001","Myeloid"
"E5_P3_MMD7_L001","T_cell"
"E5_P4_MMD7_L001","T_cell"
"E6_P1_MMD7_L001","B_cell"
"E6_P2_MMD7_L001","NK"
"E6_P3_MMD7_L001","Myeloid"
"E6_P4_MMD7_L001","T_cell"
"E7_P1_MMD7_L001","NK"
"E7_P2_MMD7_L001","T_cell"
"E7_P3_MMD7_L001","T_cell"
"E7_P4_MMD7_L001","T_cell"
"E8_P2_MMD7_L001","B_cell"
"E8_P3_MMD7_L001","T_cell"
"E8_P4_MMD7_L001","T_cell"
"E9_P1_MMD7_L001","B_cell"
"E9_P2_MMD7_L001","T_cell"
"E9_P3_MMD7_L001","T_cell"
"F10_P2_MMD7_L001","B_cell"
"F10_P3_MMD7_L001","NK"
"F10_P4_MMD7_L001","B_cell"
"F11_P1_MMD7_L001","B_cell"
"F11_P3_MMD7_L001","NK"
"F11_P4_MMD7_L001","T_cell"
"F12_P1_MMD7_L001","T_cell"
"F12_P2_MMD7_L001","Myeloid"
"F12_P3_MMD7_L001","NK"
"F12_P4_MMD7_L001","T_cell"
"F1_P1_MMD7_L001","T_cell"
"F1_P2_MMD7_L001","T_cell"
"F1_P3_MMD7_L001","T_cell"
"F1_P4_MMD7_L001","T_cell"
"F2_P2_MMD7_L001","T_cell"
"F2_P4_MMD7_L001","T_cell"
"F3_P1_MMD7_L001","NK"
"F3_P2_MMD7_L001","T_cell"
"F3_P3_MMD7_L001","T_cell"
"F3_P4_MMD7_L001","T_cell"
"F4_P1_MMD7_L001","T_cell"
"F4_P2_MMD7_L001","NK"
"F4_P3_MMD7_L001","T_cell"
"F4_P4_MMD7_L001","T_cell"
"F5_P1_MMD7_L001","B_cell"
"F5_P2_MMD7_L001","B_cell"
"F5_P3_MMD7_L001","B_cell"
"F5_P4_MMD7_L001","T_cell"
"F6_P2_MMD7_L001","NK"
"F6_P3_MMD7_L001","Myeloid"
"F6_P4_MMD7_L001","T_cell"
"F7_P1_MMD7_L001","T_cell"
"F7_P3_MMD7_L001","Myeloid"
"F7_P4_MMD7_L001","B_cell"
"F8_P1_MMD7_L001","B_cell"
"F8_P2_MMD7_L001","Myeloid"
"F8_P3_MMD7_L001","Myeloid"
"F9_P1_MMD7_L001","NK"
"F9_P2_MMD7_L001","T_cell"
"F9_P3_MMD7_L001","T_cell"
"F9_P4_MMD7_L001","T_cell"
"G10_P1_MMD7_L001","T_cell"
"G10_P2_MMD7_L001","Myeloid"
"G10_P3_MMD7_L001","T_cell"
"G10_P4_MMD7_L001","B_cell"
"G11_P1_MMD7_L001","T_cell"
"G11_P2_MMD7_L001","T_cell"
"G11_P3_MMD7_L001","NK"
"G12_P1_MMD7_L001","T_cell"
"G12_P2_MMD7_L001","NK"
"G12_P3_MMD7_L001","NK"
"G12_P4_MMD7_L001","T_cell"
"G1_P2_MMD7_L001","B_cell"
"G1_P3_MMD7_L001","NK"
"G1_P4_MMD7_L001","B_cell"
"G2_P1_MMD7_L001","T_cell"
"G2_P2_MMD7_L001","B_cell"
"G2_P3_MMD7_L001","B_cell"
"G2_P4_MMD7_L001","Myeloid"
"G3_P3_MMD7_L001","T_cell"
"G3_P4_MMD7_L001","B_cell"
"G4_P1_MMD7_L001","T_cell"
"G4_P2_MMD7_L001","T_cell"
"G4_P3_MMD7_L001","T_cell"
"G4_P4_MMD7_L001","T_cell"
"G5_P1_MMD7_L001","T_cell"
"G5_P3_MMD7_L001","B_cell"
"G5_P4_MMD7_L001","T_cell"
"G6_P1_MMD7_L001","T_cell"
"G6_P2_MMD7_L001","NK"
"G6_P3_MMD7_L001","T_cell"
"G6_P4_MMD7_L001","T_cell"
"G7_P1_MMD7_L001","T_cell"
"G7_P2_MMD7_L001","NK"
"G7_P3_MMD7_L001","Myeloid"
"G7_P4_MMD7_L001","T_cell"
"G8_P1_MMD7_L001","B_cell"
"G8_P3_MMD7_L001","T_cell"
"G8_P4_MMD7_L001","T_cell"
"G9_P1_MMD7_L001","T_cell"
"G9_P2_MMD7_L001","T_cell"
"G9_P3_MMD7_L001","NK"
"G9_P4_MMD7_L001","T_cell"
"H10_P1_MMD7_L001","T_cell"
"H10_P3_MMD7_L001","NK"
"H10_P4_MMD7_L001","T_cell"
"H11_P1_MMD7_L001","Myeloid"
"H11_P2_MMD7_L001","NK"
"H11_P3_MMD7_L001","T_cell"
"H12_P1_MMD7_L001","T_cell"
"H12_P2_MMD7_L001","Unassigned (all modules low)"
"H12_P3_MMD7_L001","B_cell"
"H12_P4_MMD7_L001","T_cell"
"H1_P2_MMD7_L001","T_cell"
"H1_P3_MMD7_L001","T_cell"
"H1_P4_MMD7_L001","NK"
"H2_P1_MMD7_L001","Myeloid"
"H2_P2_MMD7_L001","T_cell"
"H2_P3_MMD7_L001","B_cell"
"H2_P4_MMD7_L001","T_cell"
"H3_P1_MMD7_L001","T_cell"
"H3_P2_MMD7_L001","T_cell"
"H3_P3_MMD7_L001","T_cell"
"H3_P4_MMD7_L001","T_cell"
"H4_P3_MMD7_L001","B_cell"
"H4_P4_MMD7_L001","T_cell"
"H5_P1_MMD7_L001","B_cell"
"H5_P2_MMD7_L001","T_cell"
"H5_P3_MMD7_L001","T_cell"
"H5_P4_MMD7_L001","T_cell"
"H6_P1_MMD7_L001","T_cell"
"H6_P2_MMD7_L001","T_cell"
"H6_P3_MMD7_L001","T_cell"
"H6_P4_MMD7_L001","T_cell"
"H7_P1_MMD7_L001","T_cell"
"H7_P2_MMD7_L001","B_cell"
"H7_P3_MMD7_L001","NK"
"H7_P4_MMD7_L001","T_cell"
"H8_P2_MMD7_L001","T_cell"
"H8_P3_MMD7_L001","T_cell"
"H8_P4_MMD7_L001","T_cell"
"H9_P1_MMD7_L001","T_cell"
"H9_P3_MMD7_L001","T_cell"
"H9_P4_MMD7_L001","B_cell"
"A10_P1_M53_L001","T_cell"
"A10_P2_M53_L001","T_cell"
"A11_P1_M53_L001","T_cell"
"A11_P2_M53_L001","T_cell"
"A12_P1_M53_L001","NK"
"A12_P2_M53_L001","Myeloid"
"A12_P3_M53_L001","T_cell"
"A12_P4_M53_L001","NK"
"A2_P2_M53_L001","T_cell"
"A2_P3_M53_L001","T_cell"
"A2_P4_M53_L001","T_cell"
"A3_P1_M53_L001","T_cell"
"A3_P3_M53_L001","T_cell"
"A3_P4_M53_L001","T_cell"
"A4_P1_M53_L001","T_cell"
"A4_P4_M53_L001","T_cell"
"A5_P1_M53_L001","T_cell"
"A5_P2_M53_L001","T_cell"
"A5_P3_M53_L001","T_cell"
"A5_P4_M53_L001","T_cell"
"A6_P1_M53_L001","T_cell"
"A6_P3_M53_L001","B_cell"
"A6_P4_M53_L001","T_cell"
"A7_P1_M53_L001","Myeloid"
"A7_P2_M53_L001","Myeloid"
"A7_P3_M53_L001","T_cell"
"A7_P4_M53_L001","T_cell"
"A8_P1_M53_L001","Myeloid"
"A8_P2_M53_L001","T_cell"
"A8_P3_M53_L001","Myeloid"
"A8_P4_M53_L001","T_cell"
"A9_P1_M53_L001","T_cell"
"A9_P2_M53_L001","B_cell"
"A9_P3_M53_L001","B_cell"
"A9_P4_M53_L001","T_cell"
"B10_P1_M53_L001","T_cell"
"B10_P3_M53_L001","T_cell"
"B10_P4_M53_L001","T_cell"
"B11_P1_M53_L001","T_cell"
"B11_P2_M53_L001","T_cell"
"B11_P3_M53_L001","T_cell"
"B11_P4_M53_L001","T_cell"
"B12_P1_M53_L001","T_cell"
"B12_P2_M53_L001","T_cell"
"B12_P3_M53_L001","T_cell"
"B12_P4_M53_L001","Myeloid"
"B1_P1_M53_L001","T_cell"
"B1_P2_M53_L001","NK"
"B1_P3_M53_L001","T_cell"
"B1_P4_M53_L001","T_cell"
"B2_P1_M53_L001","B_cell"
"B2_P2_M53_L001","Myeloid"
"B2_P3_M53_L001","Myeloid"
"B2_P4_M53_L001","T_cell"
"B3_P1_M53_L001","Myeloid"
"B3_P2_M53_L001","NK"
"B3_P3_M53_L001","T_cell"
"B4_P1_M53_L001","T_cell"
"B4_P2_M53_L001","T_cell"
"B4_P4_M53_L001","T_cell"
"B5_P2_M53_L001","T_cell"
"B5_P3_M53_L001","T_cell"
"B6_P1_M53_L001","T_cell"
"B6_P2_M53_L001","Myeloid"
"B6_P3_M53_L001","T_cell"
"B6_P4_M53_L001","T_cell"
"B7_P1_M53_L001","T_cell"
"B7_P2_M53_L001","NK"
"B7_P3_M53_L001","T_cell"
"B7_P4_M53_L001","NK"
"B8_P1_M53_L001","T_cell"
"B8_P2_M53_L001","T_cell"
"B8_P3_M53_L001","T_cell"
"B8_P4_M53_L001","T_cell"
"B9_P1_M53_L001","Myeloid"
"B9_P2_M53_L001","T_cell"
"B9_P3_M53_L001","B_cell"
"B9_P4_M53_L001","T_cell"
"C10_P2_M53_L001","T_cell"
"C10_P3_M53_L001","Myeloid"
"C10_P4_M53_L001","T_cell"
"C11_P1_M53_L001","T_cell"
"C11_P2_M53_L001","T_cell"
"C11_P3_M53_L001","T_cell"
"C11_P4_M53_L001","T_cell"
"C12_P1_M53_L001","T_cell"
"C12_P2_M53_L001","T_cell"
"C12_P4_M53_L001","T_cell"
"C1_P1_M53_L001","T_cell"
"C1_P2_M53_L001","T_cell"
"C1_P3_M53_L001","T_cell"
"C1_P4_M53_L001","Myeloid"
"C2_P1_M53_L001","T_cell"
"C2_P3_M53_L001","NK"
"C2_P4_M53_L001","T_cell"
"C3_P1_M53_L001","Myeloid"
"C3_P2_M53_L001","T_cell"
"C3_P3_M53_L001","Myeloid"
"C3_P4_M53_L001","T_cell"
"C4_P1_M53_L001","T_cell"
"C4_P2_M53_L001","T_cell"
"C4_P3_M53_L001","T_cell"
"C4_P4_M53_L001","T_cell"
"C5_P1_M53_L001","T_cell"
"C5_P2_M53_L001","Myeloid"
"C5_P4_M53_L001","T_cell"
"C6_P1_M53_L001","T_cell"
"C6_P2_M53_L001","T_cell"
"C6_P3_M53_L001","T_cell"
"C7_P1_M53_L001","T_cell"
"C7_P2_M53_L001","B_cell"
"C7_P3_M53_L001","Myeloid"
"C7_P4_M53_L001","T_cell"
"C8_P1_M53_L001","Myeloid"
"C8_P2_M53_L001","T_cell"
"C8_P3_M53_L001","T_cell"
"C8_P4_M53_L001","T_cell"
"C9_P1_M53_L001","T_cell"
"C9_P2_M53_L001","T_cell"
"C9_P3_M53_L001","NK"
"D10_P1_M53_L001","B_cell"
"D10_P2_M53_L001","T_cell"
"D10_P3_M53_L001","T_cell"
"D11_P2_M53_L001","T_cell"
"D11_P3_M53_L001","T_cell"
"D12_P1_M53_L001","T_cell"
"D12_P2_M53_L001","T_cell"
"D12_P4_M53_L001","T_cell"
"D1_P1_M53_L001","T_cell"
"D1_P2_M53_L001","T_cell"
"D1_P3_M53_L001","T_cell"
"D1_P4_M53_L001","NK"
"D2_P2_M53_L001","T_cell"
"D2_P3_M53_L001","T_cell"
"D2_P4_M53_L001","Myeloid"
"D3_P1_M53_L001","NK"
"D3_P3_M53_L001","T_cell"
"D3_P4_M53_L001","T_cell"
"D4_P1_M53_L001","T_cell"
"D4_P2_M53_L001","T_cell"
"D4_P3_M53_L001","T_cell"
"D5_P1_M53_L001","T_cell"
"D5_P2_M53_L001","T_cell"
"D5_P3_M53_L001","T_cell"
"D5_P4_M53_L001","T_cell"
"D6_P2_M53_L001","T_cell"
"D6_P3_M53_L001","Myeloid"
"D6_P4_M53_L001","T_cell"
"D7_P1_M53_L001","T_cell"
"D7_P3_M53_L001","T_cell"
"D7_P4_M53_L001","T_cell"
"D8_P1_M53_L001","T_cell"
"D8_P2_M53_L001","T_cell"
"D8_P4_M53_L001","T_cell"
"D9_P1_M53_L001","NK"
"D9_P2_M53_L001","T_cell"
"D9_P3_M53_L001","T_cell"
"D9_P4_M53_L001","T_cell"
"E10_P1_M53_L001","T_cell"
"E10_P3_M53_L001","T_cell"
"E10_P4_M53_L001","T_cell"
"E11_P1_M53_L001","T_cell"
"E11_P2_M53_L001","NK"
"E11_P3_M53_L001","T_cell"
"E11_P4_M53_L001","T_cell"
"E12_P1_M53_L001","T_cell"
"E12_P2_M53_L001","T_cell"
"E12_P3_M53_L001","T_cell"
"E12_P4_M53_L001","T_cell"
"E1_P1_M53_L001","T_cell"
"E1_P2_M53_L001","Myeloid"
"E1_P3_M53_L001","T_cell"
"E1_P4_M53_L001","T_cell"
"E2_P2_M53_L001","Myeloid"
"E2_P3_M53_L001","T_cell"
"E2_P4_M53_L001","T_cell"
"E3_P1_M53_L001","NK"
"E3_P2_M53_L001","NK"
"E3_P4_M53_L001","T_cell"
"E4_P1_M53_L001","T_cell"
"E4_P3_M53_L001","T_cell"
"E5_P1_M53_L001","Myeloid"
"E5_P2_M53_L001","T_cell"
"E5_P3_M53_L001","T_cell"
"E5_P4_M53_L001","B_cell"
"E6_P1_M53_L001","Myeloid"
"E6_P2_M53_L001","T_cell"
"E6_P3_M53_L001","Myeloid"
"E6_P4_M53_L001","T_cell"
"E7_P1_M53_L001","T_cell"
"E7_P2_M53_L001","B_cell"
"E7_P3_M53_L001","T_cell"
"E7_P4_M53_L001","T_cell"
"E8_P1_M53_L001","T_cell"
"E8_P2_M53_L001","T_cell"
"E8_P3_M53_L001","NK"
"E8_P4_M53_L001","T_cell"
"E9_P1_M53_L001","T_cell"
"E9_P2_M53_L001","T_cell"
"E9_P3_M53_L001","T_cell"
"E9_P4_M53_L001","T_cell"
"F10_P1_M53_L001","NK"
"F11_P2_M53_L001","T_cell"
"F11_P3_M53_L001","T_cell"
"F11_P4_M53_L001","T_cell"
"F12_P1_M53_L001","T_cell"
"F12_P2_M53_L001","Myeloid"
"F12_P3_M53_L001","T_cell"
"F12_P4_M53_L001","T_cell"
"F1_P1_M53_L001","T_cell"
"F1_P2_M53_L001","T_cell"
"F1_P3_M53_L001","T_cell"
"F1_P4_M53_L001","T_cell"
"F2_P1_M53_L001","T_cell"
"F2_P2_M53_L001","T_cell"
"F2_P3_M53_L001","T_cell"
"F2_P4_M53_L001","T_cell"
"F3_P1_M53_L001","T_cell"
"F3_P4_M53_L001","Myeloid"
"F4_P1_M53_L001","T_cell"
"F4_P2_M53_L001","T_cell"
"F4_P3_M53_L001","T_cell"
"F5_P1_M53_L001","NK"
"F5_P2_M53_L001","T_cell"
"F5_P3_M53_L001","Myeloid"
"F5_P4_M53_L001","T_cell"
"F6_P1_M53_L001","T_cell"
"F6_P2_M53_L001","T_cell"
"F6_P3_M53_L001","T_cell"
"F6_P4_M53_L001","T_cell"
"F7_P1_M53_L001","T_cell"
"F7_P2_M53_L001","Myeloid"
"F7_P3_M53_L001","T_cell"
"F8_P1_M53_L001","Myeloid"
"F8_P2_M53_L001","NK"
"F8_P3_M53_L001","T_cell"
"F8_P4_M53_L001","T_cell"
"F9_P2_M53_L001","B_cell"
"F9_P3_M53_L001","Myeloid"
"F9_P4_M53_L001","T_cell"
"G10_P1_M53_L001","T_cell"
"G10_P2_M53_L001","T_cell"
"G10_P3_M53_L001","B_cell"
"G10_P4_M53_L001","T_cell"
"G11_P1_M53_L001","T_cell"
"G11_P3_M53_L001","T_cell"
"G11_P4_M53_L001","T_cell"
"G12_P1_M53_L001","T_cell"
"G12_P2_M53_L001","T_cell"
"G12_P3_M53_L001","T_cell"
"G12_P4_M53_L001","Myeloid"
"G1_P1_M53_L001","T_cell"
"G1_P2_M53_L001","T_cell"
"G1_P3_M53_L001","B_cell"
"G1_P4_M53_L001","Unassigned (all modules low)"
"G2_P1_M53_L001","T_cell"
"G2_P2_M53_L001","T_cell"
"G2_P3_M53_L001","T_cell"
"G2_P4_M53_L001","T_cell"
"G3_P2_M53_L001","T_cell"
"G3_P4_M53_L001","T_cell"
"G4_P1_M53_L001","Myeloid"
"G4_P3_M53_L001","T_cell"
"G4_P4_M53_L001","T_cell"
"G5_P1_M53_L001","T_cell"
"G5_P2_M53_L001","T_cell"
"G5_P3_M53_L001","T_cell"
"G5_P4_M53_L001","T_cell"
"G6_P1_M53_L001","T_cell"
"G6_P2_M53_L001","T_cell"
"G6_P3_M53_L001","T_cell"
"G6_P4_M53_L001","T_cell"
"G7_P1_M53_L001","B_cell"
"G7_P2_M53_L001","T_cell"
"G7_P3_M53_L001","T_cell"
"G7_P4_M53_L001","T_cell"
"G8_P1_M53_L001","T_cell"
"G8_P2_M53_L001","B_cell"
"G8_P3_M53_L001","T_cell"
"G8_P4_M53_L001","T_cell"
"G9_P3_M53_L001","Myeloid"
"G9_P4_M53_L001","T_cell"
"H10_P1_M53_L001","T_cell"
"H10_P3_M53_L001","Myeloid"
"H10_P4_M53_L001","T_cell"
"H11_P1_M53_L001","B_cell"
"H11_P2_M53_L001","B_cell"
"H11_P3_M53_L001","T_cell"
"H11_P4_M53_L001","T_cell"
"H12_P2_M53_L001","T_cell"
"H12_P3_M53_L001","T_cell"
"H12_P4_M53_L001","T_cell"
"H1_P1_M53_L001","T_cell"
"H1_P3_M53_L001","T_cell"
"H1_P4_M53_L001","T_cell"
"H2_P1_M53_L001","T_cell"
"H2_P2_M53_L001","T_cell"
"H2_P4_M53_L001","Myeloid"
"H3_P2_M53_L001","T_cell"
"H3_P3_M53_L001","T_cell"
"H3_P4_M53_L001","T_cell"
"H4_P1_M53_L001","T_cell"
"H4_P2_M53_L001","T_cell"
"H4_P3_M53_L001","NK"
"H4_P4_M53_L001","NK"
"H5_P1_M53_L001","T_cell"
"H5_P2_M53_L001","T_cell"
"H5_P3_M53_L001","T_cell"
"H5_P4_M53_L001","T_cell"
"H6_P2_M53_L001","T_cell"
"H6_P3_M53_L001","T_cell"
"H6_P4_M53_L001","T_cell"
"H7_P1_M53_L001","T_cell"
"H7_P3_M53_L001","T_cell"
"H7_P4_M53_L001","T_cell"
"H8_P1_M53_L001","T_cell"
"H8_P2_M53_L001","Myeloid"
"H8_P3_M53_L001","T_cell"
"H8_P4_M53_L001","T_cell"
"H9_P1_M53_L001","T_cell"
"H9_P2_M53_L001","T_cell"
"H9_P3_M53_L001","T_cell"
"H9_P4_M53_L001","T_cell"
"A10_P1_M79_L001","T_cell"
"A10_P2_M79_L001","T_cell"
"A10_P3_M79_L001","T_cell"
"A10_P4_M79_L001","T_cell"
"A11_P1_M79_L001","T_cell"
"A11_P2_M79_L001","T_cell"
"A11_P3_M79_L001","T_cell"
"A11_P4_M79_L001","T_cell"
"A12_P1_M79_L001","T_cell"
"A12_P2_M79_L001","T_cell"
"A12_P3_M79_L001","T_cell"
"A12_P4_M79_L001","Myeloid"
"A2_P1_M79_L001","T_cell"
"A2_P2_M79_L001","T_cell"
"A2_P3_M79_L001","T_cell"
"A2_P4_M79_L001","T_cell"
"A3_P1_M79_L001","T_cell"
"A3_P2_M79_L001","T_cell"
"A3_P3_M79_L001","T_cell"
"A3_P4_M79_L001","T_cell"
"A4_P1_M79_L001","T_cell"
"A4_P2_M79_L001","T_cell"
"A4_P3_M79_L001","T_cell"
"A4_P4_M79_L001","T_cell"
"A5_P1_M79_L001","T_cell"
"A5_P2_M79_L001","T_cell"
"A5_P3_M79_L001","T_cell"
"A5_P4_M79_L001","T_cell"
"A6_P1_M79_L001","T_cell"
"A6_P2_M79_L001","T_cell"
"A6_P3_M79_L001","Myeloid"
"A6_P4_M79_L001","T_cell"
"A7_P1_M79_L001","T_cell"
"A7_P2_M79_L001","T_cell"
"A7_P3_M79_L001","T_cell"
"A7_P4_M79_L001","T_cell"
"A8_P2_M79_L001","T_cell"
"A8_P3_M79_L001","T_cell"
"A8_P4_M79_L001","T_cell"
"A9_P1_M79_L001","B_cell"
"A9_P2_M79_L001","T_cell"
"A9_P4_M79_L001","T_cell"
"B10_P1_M79_L001","T_cell"
"B10_P2_M79_L001","T_cell"
"B10_P3_M79_L001","T_cell"
"B10_P4_M79_L001","T_cell"
"B11_P1_M79_L001","T_cell"
"B11_P2_M79_L001","Myeloid"
"B11_P3_M79_L001","T_cell"
"B11_P4_M79_L001","T_cell"
"B12_P1_M79_L001","T_cell"
"B12_P2_M79_L001","T_cell"
"B12_P3_M79_L001","Myeloid"
"B12_P4_M79_L001","Myeloid"
"B1_P1_M79_L001","T_cell"
"B1_P2_M79_L001","T_cell"
"B1_P3_M79_L001","T_cell"
"B1_P4_M79_L001","T_cell"
"B2_P1_M79_L001","T_cell"
"B2_P2_M79_L001","T_cell"
"B2_P4_M79_L001","T_cell"
"B3_P1_M79_L001","T_cell"
"B3_P2_M79_L001","T_cell"
"B3_P3_M79_L001","T_cell"
"B3_P4_M79_L001","T_cell"
"B4_P1_M79_L001","T_cell"
"B4_P2_M79_L001","T_cell"
"B4_P3_M79_L001","NK"
"B4_P4_M79_L001","Myeloid"
"B5_P1_M79_L001","T_cell"
"B5_P2_M79_L001","T_cell"
"B5_P3_M79_L001","T_cell"
"B5_P4_M79_L001","T_cell"
"B6_P1_M79_L001","T_cell"
"B6_P2_M79_L001","T_cell"
"B6_P3_M79_L001","T_cell"
"B6_P4_M79_L001","T_cell"
"B7_P1_M79_L001","T_cell"
"B7_P2_M79_L001","T_cell"
"B7_P3_M79_L001","T_cell"
"B7_P4_M79_L001","T_cell"
"B8_P1_M79_L001","T_cell"
"B8_P2_M79_L001","T_cell"
"B8_P3_M79_L001","T_cell"
"B8_P4_M79_L001","T_cell"
"B9_P1_M79_L001","T_cell"
"B9_P2_M79_L001","T_cell"
"B9_P3_M79_L001","B_cell"
"B9_P4_M79_L001","T_cell"
"C10_P1_M79_L001","T_cell"
"C10_P3_M79_L001","T_cell"
"C10_P4_M79_L001","T_cell"
"C11_P1_M79_L001","T_cell"
"C11_P2_M79_L001","T_cell"
"C11_P4_M79_L001","T_cell"
"C12_P1_M79_L001","T_cell"
"C12_P2_M79_L001","T_cell"
"C12_P3_M79_L001","T_cell"
"C12_P4_M79_L001","T_cell"
"C1_P1_M79_L001","T_cell"
"C1_P2_M79_L001","T_cell"
"C1_P3_M79_L001","T_cell"
"C1_P4_M79_L001","T_cell"
"C2_P1_M79_L001","T_cell"
"C2_P2_M79_L001","T_cell"
"C2_P3_M79_L001","T_cell"
"C2_P4_M79_L001","NK"
"C3_P1_M79_L001","T_cell"
"C3_P2_M79_L001","T_cell"
"C3_P3_M79_L001","T_cell"
"C3_P4_M79_L001","T_cell"
"C4_P1_M79_L001","T_cell"
"C4_P2_M79_L001","T_cell"
"C4_P3_M79_L001","T_cell"
"C4_P4_M79_L001","T_cell"
"C5_P1_M79_L001","T_cell"
"C5_P2_M79_L001","T_cell"
"C5_P4_M79_L001","T_cell"
"C6_P2_M79_L001","T_cell"
"C6_P3_M79_L001","NK"
"C6_P4_M79_L001","T_cell"
"C7_P1_M79_L001","T_cell"
"C7_P3_M79_L001","T_cell"
"C7_P4_M79_L001","T_cell"
"C8_P1_M79_L001","T_cell"
"C8_P2_M79_L001","T_cell"
"C8_P3_M79_L001","B_cell"
"C8_P4_M79_L001","T_cell"
"C9_P1_M79_L001","T_cell"
"C9_P3_M79_L001","T_cell"
"C9_P4_M79_L001","T_cell"
"D10_P2_M79_L001","T_cell"
"D10_P3_M79_L001","T_cell"
"D11_P1_M79_L001","T_cell"
"D11_P2_M79_L001","T_cell"
"D11_P3_M79_L001","T_cell"
"D11_P4_M79_L001","Myeloid"
"D12_P2_M79_L001","T_cell"
"D12_P3_M79_L001","T_cell"
"D12_P4_M79_L001","T_cell"
"D1_P1_M79_L001","Myeloid"
"D1_P2_M79_L001","T_cell"
"D1_P3_M79_L001","T_cell"
"D1_P4_M79_L001","T_cell"
"D2_P1_M79_L001","NK"
"D2_P2_M79_L001","T_cell"
"D2_P3_M79_L001","T_cell"
"D2_P4_M79_L001","T_cell"
"D3_P1_M79_L001","NK"
"D3_P2_M79_L001","B_cell"
"D3_P3_M79_L001","T_cell"
"D3_P4_M79_L001","NK"
"D4_P1_M79_L001","T_cell"
"D4_P2_M79_L001","Myeloid"
"D4_P3_M79_L001","T_cell"
"D5_P1_M79_L001","T_cell"
"D5_P2_M79_L001","T_cell"
"D5_P3_M79_L001","T_cell"
"D5_P4_M79_L001","T_cell"
"D6_P2_M79_L001","Unassigned (all modules low)"
"D6_P3_M79_L001","T_cell"
"D6_P4_M79_L001","Myeloid"
"D7_P1_M79_L001","T_cell"
"D7_P2_M79_L001","T_cell"
"D7_P3_M79_L001","T_cell"
"D7_P4_M79_L001","T_cell"
"D8_P1_M79_L001","B_cell"
"D8_P2_M79_L001","T_cell"
"D8_P3_M79_L001","T_cell"
"D8_P4_M79_L001","T_cell"
"D9_P1_M79_L001","T_cell"
"D9_P2_M79_L001","T_cell"
"D9_P3_M79_L001","T_cell"
"D9_P4_M79_L001","T_cell"
"E10_P1_M79_L001","T_cell"
"E10_P2_M79_L001","T_cell"
"E10_P3_M79_L001","T_cell"
"E10_P4_M79_L001","T_cell"
"E11_P1_M79_L001","T_cell"
"E11_P2_M79_L001","T_cell"
"E11_P3_M79_L001","T_cell"
"E11_P4_M79_L001","T_cell"
"E12_P1_M79_L001","T_cell"
"E12_P2_M79_L001","NK"
"E12_P3_M79_L001","T_cell"
"E12_P4_M79_L001","T_cell"
"E1_P1_M79_L001","T_cell"
"E1_P2_M79_L001","T_cell"
"E1_P3_M79_L001","T_cell"
"E1_P4_M79_L001","T_cell"
"E2_P1_M79_L001","T_cell"
"E2_P2_M79_L001","T_cell"
"E2_P3_M79_L001","T_cell"
"E2_P4_M79_L001","Myeloid"
"E3_P1_M79_L001","T_cell"
"E3_P2_M79_L001","T_cell"
"E3_P3_M79_L001","T_cell"
"E3_P4_M79_L001","T_cell"
"E4_P1_M79_L001","T_cell"
"E4_P2_M79_L001","T_cell"
"E4_P3_M79_L001","T_cell"
"E4_P4_M79_L001","T_cell"
"E5_P1_M79_L001","T_cell"
"E5_P2_M79_L001","T_cell"
"E5_P3_M79_L001","T_cell"
"E5_P4_M79_L001","T_cell"
"E6_P1_M79_L001","T_cell"
"E6_P2_M79_L001","T_cell"
"E6_P3_M79_L001","T_cell"
"E6_P4_M79_L001","T_cell"
"E7_P1_M79_L001","T_cell"
"E7_P2_M79_L001","T_cell"
"E7_P3_M79_L001","T_cell"
"E7_P4_M79_L001","T_cell"
"E8_P1_M79_L001","T_cell"
"E8_P2_M79_L001","T_cell"
"E8_P3_M79_L001","T_cell"
"E8_P4_M79_L001","T_cell"
"E9_P1_M79_L001","T_cell"
"E9_P2_M79_L001","T_cell"
"E9_P3_M79_L001","T_cell"
"E9_P4_M79_L001","T_cell"
"F10_P1_M79_L001","T_cell"
"F10_P2_M79_L001","T_cell"
"F10_P3_M79_L001","T_cell"
"F10_P4_M79_L001","B_cell"
"F11_P1_M79_L001","T_cell"
"F11_P2_M79_L001","T_cell"
"F11_P3_M79_L001","T_cell"
"F11_P4_M79_L001","T_cell"
"F12_P1_M79_L001","T_cell"
"F12_P2_M79_L001","T_cell"
"F12_P3_M79_L001","T_cell"
"F12_P4_M79_L001","T_cell"
"F1_P1_M79_L001","T_cell"
"F1_P2_M79_L001","T_cell"
"F1_P3_M79_L001","T_cell"
"F1_P4_M79_L001","T_cell"
"F2_P1_M79_L001","B_cell"
"F2_P2_M79_L001","T_cell"
"F2_P3_M79_L001","T_cell"
"F2_P4_M79_L001","T_cell"
"F3_P1_M79_L001","T_cell"
"F3_P2_M79_L001","T_cell"
"F3_P3_M79_L001","NK"
"F3_P4_M79_L001","T_cell"
"F4_P2_M79_L001","T_cell"
"F4_P3_M79_L001","T_cell"
"F4_P4_M79_L001","T_cell"
"F5_P2_M79_L001","T_cell"
"F5_P3_M79_L001","T_cell"
"F5_P4_M79_L001","T_cell"
"F6_P1_M79_L001","T_cell"
"F6_P2_M79_L001","T_cell"
"F6_P3_M79_L001","T_cell"
"F6_P4_M79_L001","T_cell"
"F7_P1_M79_L001","T_cell"
"F7_P2_M79_L001","T_cell"
"F7_P3_M79_L001","T_cell"
"F8_P1_M79_L001","T_cell"
"F8_P2_M79_L001","B_cell"
"F8_P3_M79_L001","T_cell"
"F8_P4_M79_L001","T_cell"
"F9_P1_M79_L001","T_cell"
"F9_P2_M79_L001","T_cell"
"F9_P3_M79_L001","Myeloid"
"F9_P4_M79_L001","NK"
"G10_P1_M79_L001","T_cell"
"G10_P2_M79_L001","T_cell"
"G10_P3_M79_L001","T_cell"
"G10_P4_M79_L001","T_cell"
"G11_P1_M79_L001","B_cell"
"G11_P2_M79_L001","T_cell"
"G11_P3_M79_L001","T_cell"
"G11_P4_M79_L001","T_cell"
"G12_P1_M79_L001","T_cell"
"G12_P2_M79_L001","T_cell"
"G12_P3_M79_L001","T_cell"
"G12_P4_M79_L001","T_cell"
"G1_P1_M79_L001","NK"
"G1_P2_M79_L001","T_cell"
"G1_P3_M79_L001","T_cell"
"G1_P4_M79_L001","T_cell"
"G2_P1_M79_L001","T_cell"
"G2_P2_M79_L001","T_cell"
"G2_P3_M79_L001","T_cell"
"G2_P4_M79_L001","T_cell"
"G3_P1_M79_L001","T_cell"
"G3_P2_M79_L001","NK"
"G3_P3_M79_L001","T_cell"
"G3_P4_M79_L001","T_cell"
"G4_P1_M79_L001","T_cell"
"G4_P2_M79_L001","T_cell"
"G4_P3_M79_L001","B_cell"
"G4_P4_M79_L001","T_cell"
"G5_P1_M79_L001","B_cell"
"G5_P2_M79_L001","T_cell"
"G5_P3_M79_L001","T_cell"
"G5_P4_M79_L001","T_cell"
"G6_P1_M79_L001","T_cell"
"G6_P2_M79_L001","T_cell"
"G6_P3_M79_L001","T_cell"
"G6_P4_M79_L001","T_cell"
"G7_P2_M79_L001","B_cell"
"G7_P3_M79_L001","T_cell"
"G7_P4_M79_L001","NK"
"G8_P1_M79_L001","T_cell"
"G8_P2_M79_L001","T_cell"
"G8_P3_M79_L001","T_cell"
"G8_P4_M79_L001","T_cell"
"G9_P1_M79_L001","T_cell"
"G9_P2_M79_L001","T_cell"
"G9_P4_M79_L001","NK"
"H10_P1_M79_L001","T_cell"
"H10_P2_M79_L001","NK"
"H10_P3_M79_L001","B_cell"
"H10_P4_M79_L001","T_cell"
"H11_P1_M79_L001","T_cell"
"H11_P2_M79_L001","T_cell"
"H11_P3_M79_L001","T_cell"
"H11_P4_M79_L001","T_cell"
"H12_P1_M79_L001","T_cell"
"H12_P2_M79_L001","T_cell"
"H12_P3_M79_L001","T_cell"
"H12_P4_M79_L001","Myeloid"
"H1_P2_M79_L001","T_cell"
"H1_P3_M79_L001","T_cell"
"H1_P4_M79_L001","T_cell"
"H2_P1_M79_L001","T_cell"
"H2_P2_M79_L001","T_cell"
"H2_P3_M79_L001","B_cell"
"H2_P4_M79_L001","T_cell"
"H3_P1_M79_L001","T_cell"
"H3_P2_M79_L001","NK"
"H3_P3_M79_L001","T_cell"
"H3_P4_M79_L001","T_cell"
"H4_P1_M79_L001","T_cell"
"H4_P2_M79_L001","B_cell"
"H4_P3_M79_L001","T_cell"
"H4_P4_M79_L001","T_cell"
"H5_P1_M79_L001","T_cell"
"H5_P2_M79_L001","T_cell"
"H5_P3_M79_L001","T_cell"
"H5_P4_M79_L001","B_cell"
"H6_P1_M79_L001","T_cell"
"H6_P2_M79_L001","T_cell"
"H6_P3_M79_L001","T_cell"
"H6_P4_M79_L001","T_cell"
"H7_P1_M79_L001","T_cell"
"H7_P2_M79_L001","T_cell"
"H7_P4_M79_L001","Myeloid"
"H8_P1_M79_L001","T_cell"
"H8_P2_M79_L001","T_cell"
"H8_P3_M79_L001","Myeloid"
"H9_P1_M79_L001","Myeloid"
"H9_P2_M79_L001","T_cell"
"H9_P3_M79_L001","T_cell"
"H9_P4_M79_L001","T_cell"
"A10_P1_M51_L001","T_cell"
"A10_P2_M51_L001","B_cell"
"A10_P6_M51_L001","T_cell"
"A11_P1_M51_L001","B_cell"
"A11_P6_M51_L001","Unassigned (all modules low)"
"A12_P1_M51_L001","T_cell"
"A1_P1_M51_L001","T_cell"
"A1_P2_M51_L001","T_cell"
"A1_P6_M51_L001","T_cell"
"A2_P2_M51_L001","T_cell"
"A2_P6_M51_L001","T_cell"
"A3_P1_M51_L001","B_cell"
"A3_P2_M51_L001","T_cell"
"A4_P1_M51_L001","B_cell"
"A4_P2_M51_L001","T_cell"
"A4_P6_M51_L001","T_cell"
"A5_P1_M51_L001","B_cell"
"A5_P6_M51_L001","T_cell"
"A6_P1_M51_L001","NK"
"A6_P2_M51_L001","Unassigned (all modules low)"
"A6_P6_M51_L001","B_cell"
"A7_P1_M51_L001","T_cell"
"A7_P2_M51_L001","T_cell"
"A7_P6_M51_L001","T_cell"
"A8_P2_M51_L001","T_cell"
"A9_P1_M51_L001","T_cell"
"B10_P6_M51_L001","B_cell"
"B11_P2_M51_L001","Unassigned (all modules low)"
"B11_P6_M51_L001","T_cell"
"B12_P1_M51_L001","T_cell"
"B12_P2_M51_L001","T_cell"
"B1_P1_M51_L001","Unassigned (all modules low)"
"B1_P2_M51_L001","T_cell"
"B1_P6_M51_L001","T_cell"
"B2_P1_M51_L001","B_cell"
"B2_P2_M51_L001","T_cell"
"B2_P6_M51_L001","T_cell"
"B3_P6_M51_L001","B_cell"
"B4_P1_M51_L001","B_cell"
"B4_P2_M51_L001","T_cell"
"B4_P6_M51_L001","B_cell"
"B5_P1_M51_L001","T_cell"
"B5_P2_M51_L001","T_cell"
"B5_P6_M51_L001","T_cell"
"B6_P1_M51_L001","T_cell"
"B6_P2_M51_L001","T_cell"
"B6_P6_M51_L001","T_cell"
"B7_P1_M51_L001","B_cell"
"B8_P1_M51_L001","B_cell"
"B8_P2_M51_L001","B_cell"
"B9_P1_M51_L001","T_cell"
"B9_P2_M51_L001","T_cell"
"C10_P1_M51_L001","T_cell"
"C10_P2_M51_L001","B_cell"
"C10_P6_M51_L001","T_cell"
"C11_P1_M51_L001","T_cell"
"C11_P2_M51_L001","Unassigned (all modules low)"
"C11_P6_M51_L001","T_cell"
"C12_P1_M51_L001","B_cell"
"C12_P2_M51_L001","B_cell"
"C12_P6_M51_L001","B_cell"
"C1_P1_M51_L001","B_cell"
"C1_P6_M51_L001","T_cell"
"C2_P1_M51_L001","T_cell"
"C2_P2_M51_L001","T_cell"
"C2_P6_M51_L001","T_cell"
"C4_P6_M51_L001","T_cell"
"C6_P1_M51_L001","B_cell"
"C6_P2_M51_L001","B_cell"
"C6_P6_M51_L001","T_cell"
"C7_P1_M51_L001","T_cell"
"C7_P2_M51_L001","B_cell"
"C7_P6_M51_L001","T_cell"
"C8_P1_M51_L001","T_cell"
"C8_P2_M51_L001","B_cell"
"C8_P6_M51_L001","NK"
"C9_P1_M51_L001","T_cell"
"C9_P2_M51_L001","T_cell"
"C9_P6_M51_L001","T_cell"
"D10_P1_M51_L001","T_cell"
"D10_P2_M51_L001","B_cell"
"D10_P6_M51_L001","B_cell"
"D11_P1_M51_L001","T_cell"
"D11_P2_M51_L001","B_cell"
"D12_P1_M51_L001","B_cell"
"D1_P2_M51_L001","B_cell"
"D1_P6_M51_L001","T_cell"
"D2_P1_M51_L001","T_cell"
"D2_P2_M51_L001","NK"
"D3_P1_M51_L001","B_cell"
"D3_P2_M51_L001","B_cell"
"D3_P6_M51_L001","B_cell"
"D4_P1_M51_L001","T_cell"
"D4_P6_M51_L001","T_cell"
"D5_P1_M51_L001","T_cell"
"D5_P2_M51_L001","T_cell"
"D5_P6_M51_L001","T_cell"
"D6_P2_M51_L001","B_cell"
"D7_P1_M51_L001","T_cell"
"D7_P2_M51_L001","T_cell"
"D7_P6_M51_L001","T_cell"
"D8_P1_M51_L001","T_cell"
"D8_P2_M51_L001","B_cell"
"D9_P1_M51_L001","T_cell"
"D9_P2_M51_L001","T_cell"
"D9_P6_M51_L001","T_cell"
"E10_P1_M51_L001","NK"
"E10_P2_M51_L001","T_cell"
"E10_P6_M51_L001","B_cell"
"E11_P1_M51_L001","T_cell"
"E11_P2_M51_L001","T_cell"
"E12_P1_M51_L001","T_cell"
"E12_P6_M51_L001","B_cell"
"E1_P1_M51_L001","T_cell"
"E1_P2_M51_L001","B_cell"
"E1_P6_M51_L001","T_cell"
"E2_P1_M51_L001","T_cell"
"E2_P2_M51_L001","B_cell"
"E3_P2_M51_L001","B_cell"
"E4_P1_M51_L001","B_cell"
"E4_P2_M51_L001","B_cell"
"E4_P6_M51_L001","T_cell"
"E5_P1_M51_L001","T_cell"
"E5_P6_M51_L001","B_cell"
"E6_P2_M51_L001","T_cell"
"E6_P6_M51_L001","B_cell"
"E7_P1_M51_L001","NK"
"E7_P2_M51_L001","B_cell"
"E8_P2_M51_L001","T_cell"
"E8_P6_M51_L001","T_cell"
"E9_P1_M51_L001","B_cell"
"E9_P2_M51_L001","B_cell"
"E9_P6_M51_L001","B_cell"
"F10_P1_M51_L001","T_cell"
"F11_P1_M51_L001","B_cell"
"F11_P2_M51_L001","B_cell"
"F11_P6_M51_L001","B_cell"
"F1_P1_M51_L001","T_cell"
"F1_P2_M51_L001","T_cell"
"F1_P6_M51_L001","T_cell"
"F2_P1_M51_L001","B_cell"
"F2_P6_M51_L001","B_cell"
"F3_P1_M51_L001","B_cell"
"F3_P6_M51_L001","T_cell"
"F4_P2_M51_L001","B_cell"
"F4_P6_M51_L001","T_cell"
"F5_P2_M51_L001","B_cell"
"F5_P6_M51_L001","B_cell"
"F6_P1_M51_L001","T_cell"
"F6_P2_M51_L001","T_cell"
"F6_P6_M51_L001","T_cell"
"F7_P1_M51_L001","B_cell"
"F7_P2_M51_L001","T_cell"
"F7_P6_M51_L001","T_cell"
"F8_P1_M51_L001","T_cell"
"F8_P2_M51_L001","T_cell"
"F8_P6_M51_L001","B_cell"
"F9_P2_M51_L001","T_cell"
"F9_P6_M51_L001","T_cell"
"G10_P1_M51_L001","T_cell"
"G10_P2_M51_L001","T_cell"
"G11_P1_M51_L001","B_cell"
"G11_P2_M51_L001","Myeloid"
"G1_P1_M51_L001","T_cell"
"G1_P2_M51_L001","T_cell"
"G1_P6_M51_L001","T_cell"
"G2_P2_M51_L001","T_cell"
"G2_P6_M51_L001","T_cell"
"G3_P1_M51_L001","T_cell"
"G3_P2_M51_L001","T_cell"
"G3_P6_M51_L001","B_cell"
"G4_P1_M51_L001","B_cell"
"G4_P2_M51_L001","B_cell"
"G5_P1_M51_L001","B_cell"
"G5_P2_M51_L001","T_cell"
"G6_P1_M51_L001","NK"
"G6_P2_M51_L001","NK"
"G6_P6_M51_L001","B_cell"
"G7_P1_M51_L001","B_cell"
"G7_P2_M51_L001","T_cell"
"G7_P6_M51_L001","NK"
"G8_P1_M51_L001","T_cell"
"G8_P2_M51_L001","B_cell"
"G8_P6_M51_L001","T_cell"
"G9_P1_M51_L001","T_cell"
"G9_P2_M51_L001","B_cell"
"H10_P1_M51_L001","B_cell"
"H10_P2_M51_L001","T_cell"
"H10_P6_M51_L001","T_cell"
"H11_P1_M51_L001","B_cell"
"H12_P2_M51_L001","B_cell"
"H12_P6_M51_L001","T_cell"
"H1_P1_M51_L001","B_cell"
"H1_P6_M51_L001","T_cell"
"H2_P2_M51_L001","T_cell"
"H2_P6_M51_L001","T_cell"
"H3_P1_M51_L001","T_cell"
"H4_P1_M51_L001","NK"
"H4_P2_M51_L001","B_cell"
"H4_P6_M51_L001","T_cell"
"H5_P1_M51_L001","B_cell"
"H5_P2_M51_L001","T_cell"
"H6_P1_M51_L001","T_cell"
"H6_P6_M51_L001","T_cell"
"H7_P1_M51_L001","T_cell"
"H7_P2_M51_L001","B_cell"
"H7_P6_M51_L001","B_cell"
"H8_P1_M51_L001","B_cell"
"H8_P2_M51_L001","T_cell"
"H8_P6_M51_L001","B_cell"
"H9_P1_M51_L001","B_cell"
"H9_P2_M51_L001","T_cell"
"H9_P6_M51_L001","B_cell"
"A10_P1_MMD6_L001","T_cell"
"A10_P2_MMD6_L001","T_cell"
"A10_P4_MMD6_L001","T_cell"
"A11_P1_MMD6_L001","T_cell"
"A11_P2_MMD6_L001","T_cell"
"A11_P4_MMD6_L001","T_cell"
"A12_P1_MMD6_L001","NK"
"A12_P2_MMD6_L001","T_cell"
"A12_P4_MMD6_L001","NK"
"A2_P1_MMD6_L001","T_cell"
"A2_P2_MMD6_L001","NK"
"A2_P4_MMD6_L001","NK"
"A3_P1_MMD6_L001","T_cell"
"A3_P2_MMD6_L001","NK"
"A3_P4_MMD6_L001","T_cell"
"A4_P1_MMD6_L001","T_cell"
"A4_P2_MMD6_L001","T_cell"
"A4_P4_MMD6_L001","T_cell"
"A5_P1_MMD6_L001","NK"
"A5_P2_MMD6_L001","T_cell"
"A5_P4_MMD6_L001","T_cell"
"A6_P1_MMD6_L001","T_cell"
"A6_P4_MMD6_L001","T_cell"
"A7_P1_MMD6_L001","NK"
"A7_P2_MMD6_L001","T_cell"
"A7_P4_MMD6_L001","T_cell"
"A8_P1_MMD6_L001","T_cell"
"A8_P2_MMD6_L001","T_cell"
"A8_P4_MMD6_L001","T_cell"
"A9_P1_MMD6_L001","T_cell"
"A9_P2_MMD6_L001","T_cell"
"A9_P4_MMD6_L001","T_cell"
"B10_P2_MMD6_L001","T_cell"
"B10_P4_MMD6_L001","T_cell"
"B11_P1_MMD6_L001","T_cell"
"B11_P2_MMD6_L001","T_cell"
"B12_P1_MMD6_L001","T_cell"
"B12_P2_MMD6_L001","T_cell"
"B12_P4_MMD6_L001","T_cell"
"B1_P1_MMD6_L001","T_cell"
"B1_P2_MMD6_L001","T_cell"
"B1_P4_MMD6_L001","T_cell"
"B2_P1_MMD6_L001","T_cell"
"B2_P2_MMD6_L001","T_cell"
"B2_P4_MMD6_L001","NK"
"B3_P2_MMD6_L001","T_cell"
"B3_P4_MMD6_L001","T_cell"
"B4_P1_MMD6_L001","T_cell"
"B4_P2_MMD6_L001","T_cell"
"B4_P4_MMD6_L001","T_cell"
"B5_P1_MMD6_L001","NK"
"B5_P2_MMD6_L001","T_cell"
"B5_P4_MMD6_L001","T_cell"
"B6_P1_MMD6_L001","T_cell"
"B6_P2_MMD6_L001","T_cell"
"B6_P4_MMD6_L001","T_cell"
"B7_P1_MMD6_L001","T_cell"
"B7_P2_MMD6_L001","Myeloid"
"B7_P4_MMD6_L001","T_cell"
"B8_P1_MMD6_L001","T_cell"
"B8_P2_MMD6_L001","T_cell"
"B8_P4_MMD6_L001","T_cell"
"B9_P1_MMD6_L001","T_cell"
"B9_P2_MMD6_L001","NK"
"B9_P4_MMD6_L001","T_cell"
"C10_P1_MMD6_L001","T_cell"
"C10_P2_MMD6_L001","T_cell"
"C10_P4_MMD6_L001","T_cell"
"C11_P1_MMD6_L001","T_cell"
"C11_P2_MMD6_L001","T_cell"
"C11_P4_MMD6_L001","T_cell"
"C12_P1_MMD6_L001","T_cell"
"C12_P2_MMD6_L001","T_cell"
"C12_P4_MMD6_L001","Myeloid"
"C1_P1_MMD6_L001","T_cell"
"C1_P2_MMD6_L001","T_cell"
"C1_P4_MMD6_L001","T_cell"
"C2_P1_MMD6_L001","T_cell"
"C2_P2_MMD6_L001","T_cell"
"C2_P4_MMD6_L001","T_cell"
"C3_P1_MMD6_L001","T_cell"
"C3_P2_MMD6_L001","B_cell"
"C3_P4_MMD6_L001","T_cell"
"C4_P1_MMD6_L001","T_cell"
"C4_P2_MMD6_L001","T_cell"
"C4_P4_MMD6_L001","T_cell"
"C5_P1_MMD6_L001","T_cell"
"C5_P2_MMD6_L001","T_cell"
"C5_P4_MMD6_L001","T_cell"
"C6_P1_MMD6_L001","T_cell"
"C6_P2_MMD6_L001","T_cell"
"C6_P4_MMD6_L001","NK"
"C7_P1_MMD6_L001","T_cell"
"C7_P2_MMD6_L001","Mast"
"C7_P4_MMD6_L001","T_cell"
"C8_P1_MMD6_L001","T_cell"
"C8_P2_MMD6_L001","T_cell"
"C8_P4_MMD6_L001","T_cell"
"C9_P1_MMD6_L001","T_cell"
"C9_P2_MMD6_L001","T_cell"
"C9_P4_MMD6_L001","NK"
"D10_P1_MMD6_L001","T_cell"
"D10_P2_MMD6_L001","NK"
"D10_P4_MMD6_L001","T_cell"
"D11_P1_MMD6_L001","T_cell"
"D11_P2_MMD6_L001","NK"
"D11_P4_MMD6_L001","NK"
"D12_P1_MMD6_L001","T_cell"
"D12_P2_MMD6_L001","T_cell"
"D12_P4_MMD6_L001","T_cell"
"D1_P1_MMD6_L001","B_cell"
"D1_P2_MMD6_L001","T_cell"
"D1_P4_MMD6_L001","T_cell"
"D2_P1_MMD6_L001","NK"
"D2_P2_MMD6_L001","T_cell"
"D2_P4_MMD6_L001","Myeloid"
"D3_P4_MMD6_L001","T_cell"
"D4_P4_MMD6_L001","T_cell"
"D5_P1_MMD6_L001","T_cell"
"D5_P2_MMD6_L001","T_cell"
"D5_P4_MMD6_L001","T_cell"
"D6_P1_MMD6_L001","T_cell"
"D6_P2_MMD6_L001","T_cell"
"D6_P4_MMD6_L001","T_cell"
"D7_P1_MMD6_L001","T_cell"
"D7_P2_MMD6_L001","T_cell"
"D7_P4_MMD6_L001","T_cell"
"D8_P1_MMD6_L001","T_cell"
"D8_P2_MMD6_L001","NK"
"D8_P4_MMD6_L001","NK"
"D9_P1_MMD6_L001","T_cell"
"D9_P2_MMD6_L001","T_cell"
"D9_P4_MMD6_L001","T_cell"
"E10_P1_MMD6_L001","NK"
"E10_P2_MMD6_L001","T_cell"
"E10_P4_MMD6_L001","T_cell"
"E11_P1_MMD6_L001","T_cell"
"E11_P2_MMD6_L001","Myeloid"
"E11_P4_MMD6_L001","NK"
"E12_P1_MMD6_L001","T_cell"
"E12_P4_MMD6_L001","T_cell"
"E1_P1_MMD6_L001","Myeloid"
"E1_P2_MMD6_L001","T_cell"
"E1_P4_MMD6_L001","T_cell"
"E2_P2_MMD6_L001","T_cell"
"E2_P4_MMD6_L001","T_cell"
"E3_P1_MMD6_L001","T_cell"
"E3_P2_MMD6_L001","T_cell"
"E3_P4_MMD6_L001","T_cell"
"E4_P1_MMD6_L001","T_cell"
"E4_P2_MMD6_L001","T_cell"
"E4_P4_MMD6_L001","T_cell"
"E5_P2_MMD6_L001","T_cell"
"E5_P4_MMD6_L001","T_cell"
"E6_P1_MMD6_L001","T_cell"
"E6_P2_MMD6_L001","T_cell"
"E6_P4_MMD6_L001","T_cell"
"E7_P1_MMD6_L001","T_cell"
"E7_P2_MMD6_L001","NK"
"E7_P4_MMD6_L001","T_cell"
"E8_P1_MMD6_L001","NK"
"E8_P2_MMD6_L001","T_cell"
"E8_P4_MMD6_L001","T_cell"
"E9_P1_MMD6_L001","T_cell"
"E9_P2_MMD6_L001","NK"
"E9_P4_MMD6_L001","T_cell"
"F10_P1_MMD6_L001","T_cell"
"F10_P2_MMD6_L001","B_cell"
"F10_P4_MMD6_L001","T_cell"
"F11_P1_MMD6_L001","T_cell"
"F11_P4_MMD6_L001","T_cell"
"F12_P1_MMD6_L001","T_cell"
"F12_P2_MMD6_L001","T_cell"
"F12_P4_MMD6_L001","T_cell"
"F1_P2_MMD6_L001","T_cell"
"F1_P4_MMD6_L001","T_cell"
"F2_P1_MMD6_L001","T_cell"
"F2_P2_MMD6_L001","T_cell"
"F2_P4_MMD6_L001","T_cell"
"F3_P1_MMD6_L001","T_cell"
"F3_P2_MMD6_L001","T_cell"
"F3_P4_MMD6_L001","T_cell"
"F4_P2_MMD6_L001","T_cell"
"F4_P4_MMD6_L001","NK"
"F5_P1_MMD6_L001","T_cell"
"F5_P2_MMD6_L001","T_cell"
"F5_P4_MMD6_L001","T_cell"
"F6_P1_MMD6_L001","T_cell"
"F6_P2_MMD6_L001","T_cell"
"F6_P4_MMD6_L001","Myeloid"
"F7_P4_MMD6_L001","T_cell"
"F8_P2_MMD6_L001","T_cell"
"F9_P1_MMD6_L001","T_cell"
"F9_P2_MMD6_L001","T_cell"
"F9_P4_MMD6_L001","T_cell"
"G10_P1_MMD6_L001","Myeloid"
"G10_P2_MMD6_L001","T_cell"
"G10_P4_MMD6_L001","T_cell"
"G11_P1_MMD6_L001","T_cell"
"G11_P2_MMD6_L001","T_cell"
"G11_P4_MMD6_L001","T_cell"
"G12_P2_MMD6_L001","T_cell"
"G1_P1_MMD6_L001","NK"
"G1_P2_MMD6_L001","T_cell"
"G1_P4_MMD6_L001","T_cell"
"G2_P1_MMD6_L001","T_cell"
"G2_P2_MMD6_L001","T_cell"
"G2_P4_MMD6_L001","T_cell"
"G3_P1_MMD6_L001","NK"
"G3_P2_MMD6_L001","T_cell"
"G3_P4_MMD6_L001","T_cell"
"G4_P1_MMD6_L001","T_cell"
"G4_P2_MMD6_L001","T_cell"
"G4_P4_MMD6_L001","T_cell"
"G5_P1_MMD6_L001","Myeloid"
"G5_P2_MMD6_L001","T_cell"
"G5_P4_MMD6_L001","T_cell"
"G6_P1_MMD6_L001","T_cell"
"G6_P2_MMD6_L001","T_cell"
"G6_P4_MMD6_L001","T_cell"
"G7_P1_MMD6_L001","T_cell"
"G7_P2_MMD6_L001","T_cell"
"G7_P4_MMD6_L001","NK"
"G8_P1_MMD6_L001","T_cell"
"G9_P2_MMD6_L001","T_cell"
"H10_P2_MMD6_L001","T_cell"
"H10_P4_MMD6_L001","NK"
"H11_P1_MMD6_L001","T_cell"
"H11_P2_MMD6_L001","T_cell"
"H11_P4_MMD6_L001","T_cell"
"H12_P1_MMD6_L001","T_cell"
"H12_P2_MMD6_L001","NK"
"H12_P4_MMD6_L001","T_cell"
"H1_P1_MMD6_L001","T_cell"
"H1_P2_MMD6_L001","Myeloid"
"H1_P4_MMD6_L001","Myeloid"
"H2_P1_MMD6_L001","Myeloid"
"H2_P2_MMD6_L001","T_cell"
"H2_P4_MMD6_L001","T_cell"
"H3_P1_MMD6_L001","T_cell"
"H3_P2_MMD6_L001","T_cell"
"H3_P4_MMD6_L001","T_cell"
"H4_P1_MMD6_L001","NK"
"H4_P2_MMD6_L001","T_cell"
"H4_P4_MMD6_L001","T_cell"
"H5_P1_MMD6_L001","NK"
"H5_P2_MMD6_L001","T_cell"
"H5_P4_MMD6_L001","NK"
"H6_P1_MMD6_L001","Myeloid"
"H6_P2_MMD6_L001","T_cell"
"H6_P4_MMD6_L001","Myeloid"
"H7_P1_MMD6_L001","T_cell"
"H7_P2_MMD6_L001","T_cell"
"H7_P4_MMD6_L001","T_cell"
"H8_P1_MMD6_L001","T_cell"
"H8_P2_MMD6_L001","T_cell"
"H8_P4_MMD6_L001","T_cell"
"H9_P1_MMD6_L001","T_cell"
"H9_P2_MMD6_L001","T_cell"
"H9_P4_MMD6_L001","T_cell"
"A10_P1_M83_L001","Myeloid"
"A10_P2_M83_L001","NK"
"A10_P5_M83_L001","T_cell"
"A10_P6_M83_L001","T_cell"
"A11_P1_M83_L001","T_cell"
"A11_P2_M83_L001","Myeloid"
"A11_P5_M83_L001","T_cell"
"A11_P6_M83_L001","NK"
"A12_P1_M83_L001","T_cell"
"A12_P2_M83_L001","NK"
"A12_P5_M83_L001","T_cell"
"A12_P6_M83_L001","NK"
"A2_P1_M83_L001","B_cell"
"A2_P2_M83_L001","T_cell"
"A2_P5_M83_L001","T_cell"
"A2_P6_M83_L001","T_cell"
"A3_P1_M83_L001","T_cell"
"A3_P2_M83_L001","T_cell"
"A3_P5_M83_L001","T_cell"
"A4_P1_M83_L001","T_cell"
"A4_P2_M83_L001","Myeloid"
"A4_P5_M83_L001","T_cell"
"A4_P6_M83_L001","T_cell"
"A5_P1_M83_L001","T_cell"
"A5_P2_M83_L001","T_cell"
"A5_P5_M83_L001","T_cell"
"A5_P6_M83_L001","T_cell"
"A6_P1_M83_L001","T_cell"
"A6_P2_M83_L001","T_cell"
"A6_P5_M83_L001","T_cell"
"A6_P6_M83_L001","Myeloid"
"A7_P1_M83_L001","T_cell"
"A7_P5_M83_L001","T_cell"
"A7_P6_M83_L001","T_cell"
"A8_P1_M83_L001","T_cell"
"A8_P2_M83_L001","T_cell"
"A8_P5_M83_L001","NK"
"A8_P6_M83_L001","T_cell"
"A9_P1_M83_L001","T_cell"
"A9_P2_M83_L001","T_cell"
"A9_P5_M83_L001","T_cell"
"A9_P6_M83_L001","NK"
"B10_P1_M83_L001","T_cell"
"B10_P5_M83_L001","T_cell"
"B11_P1_M83_L001","T_cell"
"B11_P2_M83_L001","B_cell"
"B11_P5_M83_L001","T_cell"
"B11_P6_M83_L001","T_cell"
"B12_P1_M83_L001","T_cell"
"B12_P2_M83_L001","T_cell"
"B12_P5_M83_L001","NK"
"B12_P6_M83_L001","B_cell"
"B1_P1_M83_L001","T_cell"
"B1_P2_M83_L001","Myeloid"
"B1_P5_M83_L001","T_cell"
"B1_P6_M83_L001","T_cell"
"B2_P1_M83_L001","T_cell"
"B2_P2_M83_L001","T_cell"
"B2_P5_M83_L001","Myeloid"
"B2_P6_M83_L001","T_cell"
"B3_P1_M83_L001","T_cell"
"B3_P2_M83_L001","T_cell"
"B3_P5_M83_L001","T_cell"
"B3_P6_M83_L001","NK"
"B4_P1_M83_L001","Myeloid"
"B4_P2_M83_L001","Myeloid"
"B4_P5_M83_L001","T_cell"
"B4_P6_M83_L001","T_cell"
"B5_P1_M83_L001","Myeloid"
"B5_P2_M83_L001","T_cell"
"B5_P5_M83_L001","T_cell"
"B5_P6_M83_L001","T_cell"
"B6_P1_M83_L001","T_cell"
"B6_P2_M83_L001","T_cell"
"B6_P5_M83_L001","T_cell"
"B7_P1_M83_L001","T_cell"
"B7_P2_M83_L001","T_cell"
"B7_P6_M83_L001","T_cell"
"B8_P1_M83_L001","T_cell"
"B8_P2_M83_L001","T_cell"
"B8_P5_M83_L001","T_cell"
"B8_P6_M83_L001","T_cell"
"B9_P1_M83_L001","T_cell"
"B9_P2_M83_L001","NK"
"B9_P5_M83_L001","T_cell"
"B9_P6_M83_L001","T_cell"
"C10_P1_M83_L001","T_cell"
"C10_P2_M83_L001","NK"
"C10_P5_M83_L001","T_cell"
"C10_P6_M83_L001","T_cell"
"C11_P1_M83_L001","T_cell"
"C11_P2_M83_L001","T_cell"
"C11_P5_M83_L001","T_cell"
"C11_P6_M83_L001","Myeloid"
"C12_P1_M83_L001","NK"
"C12_P2_M83_L001","T_cell"
"C12_P5_M83_L001","T_cell"
"C12_P6_M83_L001","Myeloid"
"C1_P1_M83_L001","T_cell"
"C1_P2_M83_L001","T_cell"
"C1_P5_M83_L001","Myeloid"
"C1_P6_M83_L001","T_cell"
"C2_P1_M83_L001","T_cell"
"C2_P2_M83_L001","T_cell"
"C2_P5_M83_L001","T_cell"
"C2_P6_M83_L001","NK"
"C3_P1_M83_L001","T_cell"
"C3_P2_M83_L001","T_cell"
"C3_P5_M83_L001","Myeloid"
"C3_P6_M83_L001","T_cell"
"C4_P1_M83_L001","T_cell"
"C4_P2_M83_L001","B_cell"
"C4_P5_M83_L001","T_cell"
"C5_P1_M83_L001","T_cell"
"C5_P2_M83_L001","T_cell"
"C5_P5_M83_L001","T_cell"
"C5_P6_M83_L001","T_cell"
"C6_P2_M83_L001","T_cell"
"C6_P6_M83_L001","T_cell"
"C7_P1_M83_L001","T_cell"
"C7_P2_M83_L001","NK"
"C7_P5_M83_L001","T_cell"
"C8_P1_M83_L001","T_cell"
"C8_P2_M83_L001","T_cell"
"C8_P5_M83_L001","T_cell"
"C8_P6_M83_L001","T_cell"
"C9_P2_M83_L001","T_cell"
"C9_P5_M83_L001","T_cell"
"D10_P1_M83_L001","T_cell"
"D10_P2_M83_L001","T_cell"
"D10_P5_M83_L001","T_cell"
"D10_P6_M83_L001","T_cell"
"D11_P2_M83_L001","T_cell"
"D11_P5_M83_L001","Myeloid"
"D11_P6_M83_L001","NK"
"D12_P1_M83_L001","T_cell"
"D12_P2_M83_L001","T_cell"
"D12_P5_M83_L001","T_cell"
"D12_P6_M83_L001","Myeloid"
"D1_P1_M83_L001","T_cell"
"D1_P2_M83_L001","T_cell"
"D1_P5_M83_L001","Myeloid"
"D1_P6_M83_L001","T_cell"
"D2_P1_M83_L001","NK"
"D2_P2_M83_L001","Myeloid"
"D2_P5_M83_L001","T_cell"
"D2_P6_M83_L001","T_cell"
"D3_P1_M83_L001","T_cell"
"D3_P2_M83_L001","T_cell"
"D3_P5_M83_L001","Myeloid"
"D3_P6_M83_L001","NK"
"D4_P1_M83_L001","T_cell"
"D4_P5_M83_L001","Myeloid"
"D4_P6_M83_L001","T_cell"
"D5_P1_M83_L001","T_cell"
"D5_P2_M83_L001","T_cell"
"D5_P5_M83_L001","B_cell"
"D5_P6_M83_L001","T_cell"
"D6_P1_M83_L001","T_cell"
"D6_P2_M83_L001","T_cell"
"D6_P5_M83_L001","T_cell"
"D6_P6_M83_L001","T_cell"
"D7_P1_M83_L001","T_cell"
"D7_P2_M83_L001","T_cell"
"D7_P5_M83_L001","T_cell"
"D7_P6_M83_L001","NK"
"D8_P1_M83_L001","T_cell"
"D8_P2_M83_L001","T_cell"
"D8_P5_M83_L001","T_cell"
"D8_P6_M83_L001","T_cell"
"D9_P1_M83_L001","T_cell"
"D9_P2_M83_L001","T_cell"
"D9_P5_M83_L001","T_cell"
"D9_P6_M83_L001","T_cell"
"E10_P1_M83_L001","T_cell"
"E10_P2_M83_L001","T_cell"
"E10_P5_M83_L001","T_cell"
"E10_P6_M83_L001","T_cell"
"E11_P1_M83_L001","T_cell"
"E11_P2_M83_L001","T_cell"
"E11_P5_M83_L001","T_cell"
"E11_P6_M83_L001","T_cell"
"E12_P1_M83_L001","Myeloid"
"E12_P2_M83_L001","NK"
"E12_P5_M83_L001","T_cell"
"E12_P6_M83_L001","T_cell"
"E1_P1_M83_L001","T_cell"
"E1_P2_M83_L001","T_cell"
"E1_P5_M83_L001","T_cell"
"E1_P6_M83_L001","Myeloid"
"E2_P1_M83_L001","T_cell"
"E2_P2_M83_L001","Myeloid"
"E2_P5_M83_L001","T_cell"
"E2_P6_M83_L001","T_cell"
"E3_P1_M83_L001","T_cell"
"E3_P5_M83_L001","Myeloid"
"E3_P6_M83_L001","T_cell"
"E4_P1_M83_L001","T_cell"
"E4_P2_M83_L001","T_cell"
"E4_P6_M83_L001","T_cell"
"E5_P1_M83_L001","T_cell"
"E5_P2_M83_L001","T_cell"
"E5_P5_M83_L001","NK"
"E5_P6_M83_L001","T_cell"
"E6_P1_M83_L001","T_cell"
"E6_P2_M83_L001","B_cell"
"E6_P5_M83_L001","T_cell"
"E6_P6_M83_L001","T_cell"
"E7_P1_M83_L001","T_cell"
"E7_P2_M83_L001","T_cell"
"E7_P5_M83_L001","T_cell"
"E7_P6_M83_L001","T_cell"
"E8_P1_M83_L001","T_cell"
"E8_P5_M83_L001","T_cell"
"E8_P6_M83_L001","T_cell"
"E9_P1_M83_L001","T_cell"
"E9_P2_M83_L001","T_cell"
"E9_P6_M83_L001","T_cell"
"F10_P1_M83_L001","T_cell"
"F10_P2_M83_L001","NK"
"F10_P5_M83_L001","T_cell"
"F11_P1_M83_L001","T_cell"
"F11_P2_M83_L001","Myeloid"
"F11_P5_M83_L001","NK"
"F11_P6_M83_L001","T_cell"
"F12_P1_M83_L001","T_cell"
"F12_P2_M83_L001","T_cell"
"F12_P5_M83_L001","T_cell"
"F12_P6_M83_L001","T_cell"
"F1_P1_M83_L001","NK"
"F1_P2_M83_L001","T_cell"
"F1_P5_M83_L001","T_cell"
"F1_P6_M83_L001","T_cell"
"F2_P1_M83_L001","T_cell"
"F2_P2_M83_L001","T_cell"
"F2_P5_M83_L001","T_cell"
"F2_P6_M83_L001","T_cell"
"F3_P1_M83_L001","T_cell"
"F3_P2_M83_L001","T_cell"
"F3_P5_M83_L001","T_cell"
"F4_P1_M83_L001","T_cell"
"F4_P2_M83_L001","T_cell"
"F4_P5_M83_L001","T_cell"
"F4_P6_M83_L001","Myeloid"
"F5_P1_M83_L001","NK"
"F5_P2_M83_L001","T_cell"
"F5_P5_M83_L001","T_cell"
"F5_P6_M83_L001","Myeloid"
"F6_P1_M83_L001","T_cell"
"F6_P2_M83_L001","T_cell"
"F6_P5_M83_L001","T_cell"
"F6_P6_M83_L001","T_cell"
"F7_P1_M83_L001","T_cell"
"F7_P2_M83_L001","NK"
"F7_P5_M83_L001","T_cell"
"F7_P6_M83_L001","T_cell"
"F8_P1_M83_L001","T_cell"
"F8_P2_M83_L001","T_cell"
"F8_P5_M83_L001","T_cell"
"F8_P6_M83_L001","T_cell"
"F9_P1_M83_L001","T_cell"
"F9_P2_M83_L001","T_cell"
"F9_P5_M83_L001","NK"
"F9_P6_M83_L001","NK"
"G10_P1_M83_L001","T_cell"
"G10_P5_M83_L001","T_cell"
"G10_P6_M83_L001","T_cell"
"G11_P1_M83_L001","Myeloid"
"G11_P2_M83_L001","T_cell"
"G11_P5_M83_L001","Myeloid"
"G11_P6_M83_L001","T_cell"
"G12_P1_M83_L001","T_cell"
"G12_P2_M83_L001","T_cell"
"G12_P5_M83_L001","T_cell"
"G12_P6_M83_L001","Myeloid"
"G1_P1_M83_L001","T_cell"
"G1_P2_M83_L001","Myeloid"
"G1_P5_M83_L001","T_cell"
"G1_P6_M83_L001","T_cell"
"G2_P1_M83_L001","T_cell"
"G2_P2_M83_L001","B_cell"
"G2_P5_M83_L001","NK"
"G2_P6_M83_L001","T_cell"
"G3_P1_M83_L001","B_cell"
"G3_P2_M83_L001","T_cell"
"G3_P5_M83_L001","T_cell"
"G3_P6_M83_L001","T_cell"
"G4_P1_M83_L001","T_cell"
"G4_P2_M83_L001","T_cell"
"G4_P5_M83_L001","T_cell"
"G4_P6_M83_L001","T_cell"
"G5_P1_M83_L001","T_cell"
"G5_P2_M83_L001","B_cell"
"G5_P5_M83_L001","T_cell"
"G5_P6_M83_L001","T_cell"
"G6_P1_M83_L001","NK"
"G6_P2_M83_L001","T_cell"
"G6_P5_M83_L001","T_cell"
"G6_P6_M83_L001","T_cell"
"G7_P1_M83_L001","T_cell"
"G7_P2_M83_L001","Myeloid"
"G7_P5_M83_L001","NK"
"G7_P6_M83_L001","T_cell"
"G8_P1_M83_L001","T_cell"
"G8_P2_M83_L001","Malignant"
"G8_P5_M83_L001","T_cell"
"G8_P6_M83_L001","Myeloid"
"G9_P1_M83_L001","T_cell"
"G9_P2_M83_L001","T_cell"
"G9_P5_M83_L001","T_cell"
"G9_P6_M83_L001","T_cell"
"H10_P1_M83_L001","T_cell"
"H10_P2_M83_L001","T_cell"
"H10_P5_M83_L001","T_cell"
"H10_P6_M83_L001","T_cell"
"H11_P1_M83_L001","T_cell"
"H11_P2_M83_L001","T_cell"
"H11_P5_M83_L001","T_cell"
"H11_P6_M83_L001","T_cell"
"H12_P1_M83_L001","T_cell"
"H12_P2_M83_L001","T_cell"
"H12_P5_M83_L001","T_cell"
"H12_P6_M83_L001","T_cell"
"H1_P1_M83_L001","T_cell"
"H1_P2_M83_L001","T_cell"
"H1_P5_M83_L001","Myeloid"
"H1_P6_M83_L001","T_cell"
"H2_P1_M83_L001","T_cell"
"H2_P2_M83_L001","T_cell"
"H2_P5_M83_L001","T_cell"
"H2_P6_M83_L001","T_cell"
"H3_P1_M83_L001","NK"
"H3_P2_M83_L001","T_cell"
"H3_P5_M83_L001","T_cell"
"H3_P6_M83_L001","NK"
"H4_P1_M83_L001","T_cell"
"H4_P2_M83_L001","T_cell"
"H4_P5_M83_L001","T_cell"
"H4_P6_M83_L001","NK"
"H5_P1_M83_L001","T_cell"
"H5_P2_M83_L001","NK"
"H5_P5_M83_L001","Myeloid"
"H5_P6_M83_L001","T_cell"
"H6_P1_M83_L001","T_cell"
"H6_P2_M83_L001","Myeloid"
"H6_P5_M83_L001","T_cell"
"H6_P6_M83_L001","T_cell"
"H7_P1_M83_L001","NK"
"H7_P2_M83_L001","Myeloid"
"H7_P6_M83_L001","T_cell"
"H8_P1_M83_L001","NK"
"H8_P2_M83_L001","T_cell"
"H8_P5_M83_L001","Myeloid"
"H8_P6_M83_L001","T_cell"
"H9_P1_M83_L001","T_cell"
"H9_P2_M83_L001","T_cell"
"H9_P5_M83_L001","T_cell"
"H9_P6_M83_L001","T_cell"
"A10_P1_M68_L001","T_cell"
"A10_P3_M68_L001","T_cell"
"A10_P5_M68_L001","T_cell"
"A10_P6_M68_L001","T_cell"
"A11_P1_M68_L001","T_cell"
"A11_P3_M68_L001","T_cell"
"A11_P6_M68_L001","T_cell"
"A12_P1_M68_L001","T_cell"
"A12_P3_M68_L001","T_cell"
"A12_P5_M68_L001","T_cell"
"A1_P1_M68_L001","T_cell"
"A1_P3_M68_L001","T_cell"
"A1_P5_M68_L001","T_cell"
"A1_P6_M68_L001","T_cell"
"A2_P3_M68_L001","NK"
"A2_P5_M68_L001","T_cell"
"A2_P6_M68_L001","T_cell"
"A3_P1_M68_L001","T_cell"
"A3_P3_M68_L001","T_cell"
"A3_P5_M68_L001","T_cell"
"A3_P6_M68_L001","T_cell"
"A4_P1_M68_L001","T_cell"
"A4_P5_M68_L001","T_cell"
"A4_P6_M68_L001","T_cell"
"A5_P1_M68_L001","T_cell"
"A5_P3_M68_L001","T_cell"
"A5_P6_M68_L001","T_cell"
"A6_P1_M68_L001","T_cell"
"A6_P3_M68_L001","T_cell"
"A6_P5_M68_L001","T_cell"
"A6_P6_M68_L001","T_cell"
"A7_P1_M68_L001","T_cell"
"A7_P5_M68_L001","T_cell"
"A7_P6_M68_L001","T_cell"
"A8_P1_M68_L001","NK"
"A8_P3_M68_L001","T_cell"
"A8_P6_M68_L001","T_cell"
"A9_P1_M68_L001","T_cell"
"A9_P3_M68_L001","T_cell"
"A9_P5_M68_L001","T_cell"
"A9_P6_M68_L001","T_cell"
"B10_P1_M68_L001","T_cell"
"B10_P3_M68_L001","T_cell"
"B10_P5_M68_L001","T_cell"
"B10_P6_M68_L001","T_cell"
"B11_P1_M68_L001","T_cell"
"B11_P3_M68_L001","T_cell"
"B11_P5_M68_L001","T_cell"
"B11_P6_M68_L001","T_cell"
"B12_P1_M68_L001","T_cell"
"B12_P3_M68_L001","B_cell"
"B12_P5_M68_L001","T_cell"
"B12_P6_M68_L001","T_cell"
"B1_P3_M68_L001","T_cell"
"B1_P5_M68_L001","T_cell"
"B1_P6_M68_L001","T_cell"
"B2_P1_M68_L001","T_cell"
"B2_P3_M68_L001","NK"
"B2_P5_M68_L001","B_cell"
"B2_P6_M68_L001","T_cell"
"B3_P1_M68_L001","T_cell"
"B3_P3_M68_L001","T_cell"
"B3_P5_M68_L001","T_cell"
"B3_P6_M68_L001","T_cell"
"B4_P1_M68_L001","T_cell"
"B4_P3_M68_L001","T_cell"
"B4_P5_M68_L001","T_cell"
"B4_P6_M68_L001","T_cell"
"B5_P1_M68_L001","B_cell"
"B5_P3_M68_L001","T_cell"
"B5_P5_M68_L001","T_cell"
"B6_P1_M68_L001","T_cell"
"B6_P3_M68_L001","T_cell"
"B6_P5_M68_L001","T_cell"
"B6_P6_M68_L001","T_cell"
"B7_P3_M68_L001","T_cell"
"B7_P5_M68_L001","T_cell"
"B7_P6_M68_L001","T_cell"
"B8_P1_M68_L001","T_cell"
"B8_P3_M68_L001","T_cell"
"B8_P5_M68_L001","T_cell"
"B8_P6_M68_L001","T_cell"
"B9_P1_M68_L001","T_cell"
"B9_P3_M68_L001","T_cell"
"B9_P5_M68_L001","T_cell"
"B9_P6_M68_L001","T_cell"
"C10_P1_M68_L001","NK"
"C10_P3_M68_L001","T_cell"
"C10_P5_M68_L001","T_cell"
"C10_P6_M68_L001","T_cell"
"C11_P1_M68_L001","NK"
"C11_P3_M68_L001","T_cell"
"C11_P5_M68_L001","T_cell"
"C11_P6_M68_L001","T_cell"
"C12_P1_M68_L001","T_cell"
"C12_P3_M68_L001","T_cell"
"C12_P5_M68_L001","T_cell"
"C12_P6_M68_L001","T_cell"
"C1_P1_M68_L001","T_cell"
"C1_P3_M68_L001","T_cell"
"C1_P5_M68_L001","T_cell"
"C1_P6_M68_L001","T_cell"
"C2_P1_M68_L001","T_cell"
"C2_P3_M68_L001","T_cell"
"C2_P6_M68_L001","T_cell"
"C3_P3_M68_L001","T_cell"
"C3_P6_M68_L001","T_cell"
"C4_P1_M68_L001","T_cell"
"C4_P3_M68_L001","T_cell"
"C4_P5_M68_L001","T_cell"
"C5_P1_M68_L001","Myeloid"
"C5_P3_M68_L001","T_cell"
"C5_P5_M68_L001","T_cell"
"C5_P6_M68_L001","T_cell"
"C6_P1_M68_L001","T_cell"
"C6_P5_M68_L001","T_cell"
"C6_P6_M68_L001","T_cell"
"C7_P1_M68_L001","T_cell"
"C7_P3_M68_L001","T_cell"
"C7_P5_M68_L001","T_cell"
"C7_P6_M68_L001","T_cell"
"C8_P1_M68_L001","T_cell"
"C8_P3_M68_L001","T_cell"
"C8_P5_M68_L001","T_cell"
"C8_P6_M68_L001","T_cell"
"C9_P1_M68_L001","NK"
"C9_P3_M68_L001","T_cell"
"C9_P5_M68_L001","T_cell"
"C9_P6_M68_L001","T_cell"
"D10_P1_M68_L001","T_cell"
"D10_P3_M68_L001","T_cell"
"D10_P5_M68_L001","T_cell"
"D10_P6_M68_L001","T_cell"
"D11_P1_M68_L001","T_cell"
"D11_P3_M68_L001","NK"
"D11_P5_M68_L001","T_cell"
"D11_P6_M68_L001","T_cell"
"D12_P1_M68_L001","T_cell"
"D12_P3_M68_L001","T_cell"
"D12_P5_M68_L001","T_cell"
"D12_P6_M68_L001","T_cell"
"D1_P1_M68_L001","T_cell"
"D1_P3_M68_L001","T_cell"
"D1_P5_M68_L001","T_cell"
"D1_P6_M68_L001","T_cell"
"D2_P1_M68_L001","T_cell"
"D2_P3_M68_L001","NK"
"D2_P5_M68_L001","T_cell"
"D2_P6_M68_L001","T_cell"
"D3_P1_M68_L001","NK"
"D3_P3_M68_L001","T_cell"
"D3_P5_M68_L001","T_cell"
"D3_P6_M68_L001","T_cell"
"D4_P1_M68_L001","T_cell"
"D4_P3_M68_L001","B_cell"
"D4_P5_M68_L001","T_cell"
"D4_P6_M68_L001","T_cell"
"D5_P1_M68_L001","T_cell"
"D5_P3_M68_L001","T_cell"
"D5_P5_M68_L001","T_cell"
"D5_P6_M68_L001","T_cell"
"D6_P1_M68_L001","T_cell"
"D6_P3_M68_L001","T_cell"
"D6_P5_M68_L001","B_cell"
"D6_P6_M68_L001","T_cell"
"D7_P1_M68_L001","T_cell"
"D7_P3_M68_L001","T_cell"
"D7_P5_M68_L001","T_cell"
"D7_P6_M68_L001","T_cell"
"D8_P1_M68_L001","Myeloid"
"D8_P3_M68_L001","T_cell"
"D8_P5_M68_L001","T_cell"
"D8_P6_M68_L001","T_cell"
"D9_P1_M68_L001","T_cell"
"D9_P3_M68_L001","T_cell"
"D9_P5_M68_L001","B_cell"
"D9_P6_M68_L001","T_cell"
"E10_P1_M68_L001","T_cell"
"E10_P3_M68_L001","T_cell"
"E10_P5_M68_L001","T_cell"
"E10_P6_M68_L001","T_cell"
"E11_P1_M68_L001","T_cell"
"E11_P3_M68_L001","T_cell"
"E11_P5_M68_L001","T_cell"
"E11_P6_M68_L001","T_cell"
"E12_P1_M68_L001","T_cell"
"E12_P3_M68_L001","T_cell"
"E12_P5_M68_L001","T_cell"
"E12_P6_M68_L001","T_cell"
"E1_P1_M68_L001","T_cell"
"E1_P3_M68_L001","T_cell"
"E1_P5_M68_L001","T_cell"
"E1_P6_M68_L001","T_cell"
"E2_P1_M68_L001","T_cell"
"E2_P3_M68_L001","T_cell"
"E2_P5_M68_L001","T_cell"
"E2_P6_M68_L001","T_cell"
"E3_P1_M68_L001","T_cell"
"E3_P3_M68_L001","T_cell"
"E3_P5_M68_L001","T_cell"
"E3_P6_M68_L001","NK"
"E4_P1_M68_L001","T_cell"
"E4_P3_M68_L001","T_cell"
"E4_P5_M68_L001","T_cell"
"E4_P6_M68_L001","T_cell"
"E5_P1_M68_L001","T_cell"
"E5_P3_M68_L001","NK"
"E5_P5_M68_L001","T_cell"
"E6_P1_M68_L001","T_cell"
"E6_P3_M68_L001","T_cell"
"E6_P5_M68_L001","Myeloid"
"E6_P6_M68_L001","T_cell"
"E7_P1_M68_L001","T_cell"
"E7_P3_M68_L001","NK"
"E7_P5_M68_L001","T_cell"
"E7_P6_M68_L001","T_cell"
"E8_P1_M68_L001","T_cell"
"E8_P3_M68_L001","T_cell"
"E8_P5_M68_L001","T_cell"
"E8_P6_M68_L001","T_cell"
"E9_P1_M68_L001","T_cell"
"E9_P3_M68_L001","T_cell"
"E9_P5_M68_L001","T_cell"
"E9_P6_M68_L001","T_cell"
"F10_P1_M68_L001","T_cell"
"F10_P3_M68_L001","T_cell"
"F10_P5_M68_L001","T_cell"
"F10_P6_M68_L001","T_cell"
"F11_P1_M68_L001","T_cell"
"F11_P3_M68_L001","T_cell"
"F11_P6_M68_L001","T_cell"
"F12_P1_M68_L001","B_cell"
"F12_P3_M68_L001","T_cell"
"F12_P5_M68_L001","T_cell"
"F12_P6_M68_L001","T_cell"
"F1_P1_M68_L001","T_cell"
"F1_P3_M68_L001","T_cell"
"F1_P5_M68_L001","B_cell"
"F1_P6_M68_L001","B_cell"
"F2_P1_M68_L001","T_cell"
"F2_P3_M68_L001","T_cell"
"F2_P5_M68_L001","NK"
"F2_P6_M68_L001","T_cell"
"F3_P1_M68_L001","T_cell"
"F3_P3_M68_L001","NK"
"F3_P5_M68_L001","B_cell"
"F3_P6_M68_L001","T_cell"
"F4_P1_M68_L001","T_cell"
"F4_P3_M68_L001","T_cell"
"F4_P5_M68_L001","T_cell"
"F4_P6_M68_L001","T_cell"
"F5_P1_M68_L001","T_cell"
"F5_P3_M68_L001","Myeloid"
"F5_P5_M68_L001","T_cell"
"F5_P6_M68_L001","T_cell"
"F6_P1_M68_L001","T_cell"
"F6_P3_M68_L001","T_cell"
"F6_P5_M68_L001","T_cell"
"F6_P6_M68_L001","T_cell"
"F7_P1_M68_L001","NK"
"F7_P3_M68_L001","T_cell"
"F7_P5_M68_L001","T_cell"
"F7_P6_M68_L001","T_cell"
"F8_P1_M68_L001","T_cell"
"F8_P3_M68_L001","Myeloid"
"F8_P5_M68_L001","T_cell"
"F8_P6_M68_L001","T_cell"
"F9_P1_M68_L001","T_cell"
"F9_P3_M68_L001","T_cell"
"F9_P5_M68_L001","T_cell"
"F9_P6_M68_L001","T_cell"
"G10_P3_M68_L001","T_cell"
"G10_P5_M68_L001","T_cell"
"G10_P6_M68_L001","T_cell"
"G11_P1_M68_L001","T_cell"
"G11_P3_M68_L001","T_cell"
"G11_P5_M68_L001","T_cell"
"G11_P6_M68_L001","T_cell"
"G12_P1_M68_L001","T_cell"
"G12_P3_M68_L001","T_cell"
"G12_P5_M68_L001","T_cell"
"G12_P6_M68_L001","T_cell"
"G1_P1_M68_L001","T_cell"
"G1_P3_M68_L001","T_cell"
"G1_P5_M68_L001","NK"
"G1_P6_M68_L001","T_cell"
"G2_P1_M68_L001","T_cell"
"G2_P3_M68_L001","Myeloid"
"G2_P5_M68_L001","T_cell"
"G3_P1_M68_L001","T_cell"
"G3_P3_M68_L001","B_cell"
"G3_P5_M68_L001","T_cell"
"G3_P6_M68_L001","T_cell"
"G4_P1_M68_L001","T_cell"
"G4_P3_M68_L001","B_cell"
"G4_P5_M68_L001","T_cell"
"G4_P6_M68_L001","T_cell"
"G5_P1_M68_L001","T_cell"
"G5_P3_M68_L001","NK"
"G5_P5_M68_L001","T_cell"
"G5_P6_M68_L001","T_cell"
"G6_P1_M68_L001","T_cell"
"G6_P3_M68_L001","T_cell"
"G6_P5_M68_L001","NK"
"G6_P6_M68_L001","T_cell"
"G7_P1_M68_L001","T_cell"
"G7_P3_M68_L001","T_cell"
"G7_P5_M68_L001","T_cell"
"G7_P6_M68_L001","T_cell"
"G8_P1_M68_L001","T_cell"
"G8_P3_M68_L001","T_cell"
"G8_P5_M68_L001","T_cell"
"G8_P6_M68_L001","T_cell"
"G9_P1_M68_L001","T_cell"
"G9_P3_M68_L001","T_cell"
"G9_P6_M68_L001","T_cell"
"H10_P1_M68_L001","Myeloid"
"H10_P3_M68_L001","T_cell"
"H10_P5_M68_L001","T_cell"
"H11_P1_M68_L001","T_cell"
"H11_P3_M68_L001","T_cell"
"H11_P5_M68_L001","T_cell"
"H11_P6_M68_L001","T_cell"
"H12_P1_M68_L001","T_cell"
"H12_P3_M68_L001","T_cell"
"H12_P5_M68_L001","T_cell"
"H12_P6_M68_L001","T_cell"
"H1_P1_M68_L001","T_cell"
"H1_P3_M68_L001","B_cell"
"H1_P5_M68_L001","T_cell"
"H1_P6_M68_L001","T_cell"
"H2_P1_M68_L001","B_cell"
"H2_P3_M68_L001","NK"
"H2_P5_M68_L001","T_cell"
"H2_P6_M68_L001","T_cell"
"H3_P1_M68_L001","T_cell"
"H3_P3_M68_L001","T_cell"
"H3_P5_M68_L001","T_cell"
"H3_P6_M68_L001","T_cell"
"H4_P1_M68_L001","T_cell"
"H4_P3_M68_L001","T_cell"
"H4_P5_M68_L001","B_cell"
"H4_P6_M68_L001","T_cell"
"H5_P1_M68_L001","T_cell"
"H5_P3_M68_L001","T_cell"
"H5_P5_M68_L001","T_cell"
"H5_P6_M68_L001","T_cell"
"H6_P1_M68_L001","T_cell"
"H6_P3_M68_L001","T_cell"
"H6_P5_M68_L001","T_cell"
"H6_P6_M68_L001","NK"
"H7_P1_M68_L001","T_cell"
"H7_P3_M68_L001","T_cell"
"H7_P5_M68_L001","T_cell"
"H7_P6_M68_L001","T_cell"
"H8_P1_M68_L001","T_cell"
"H8_P3_M68_L001","T_cell"
"H8_P5_M68_L001","T_cell"
"H8_P6_M68_L001","T_cell"
"H9_P3_M68_L001","T_cell"
"H9_P5_M68_L001","T_cell"
"H9_P6_M68_L001","T_cell"
"A10_P6_M82_L001","T_cell"
"A10_P7_M82_L001","T_cell"
"A10_P8_M82_L001","T_cell"
"A10_P9_M82_L001","Mast"
"A11_P7_M82_L001","T_cell"
"A12_P6_M82_L001","T_cell"
"A12_P7_M82_L001","T_cell"
"A12_P8_M82_L001","T_cell"
"A1_P6_M82_L001","T_cell"
"A1_P8_M82_L001","T_cell"
"A1_P9_M82_L001","T_cell"
"A2_P7_M82_L001","B_cell"
"A2_P8_M82_L001","T_cell"
"A2_P9_M82_L001","T_cell"
"A3_P6_M82_L001","T_cell"
"A3_P7_M82_L001","NK"
"A3_P8_M82_L001","T_cell"
"A4_P6_M82_L001","T_cell"
"A4_P7_M82_L001","B_cell"
"A4_P8_M82_L001","T_cell"
"A4_P9_M82_L001","T_cell"
"A5_P6_M82_L001","T_cell"
"A5_P7_M82_L001","T_cell"
"A5_P8_M82_L001","T_cell"
"A5_P9_M82_L001","T_cell"
"A6_P6_M82_L001","T_cell"
"A6_P7_M82_L001","B_cell"
"A6_P8_M82_L001","T_cell"
"A7_P6_M82_L001","T_cell"
"A7_P7_M82_L001","T_cell"
"A7_P8_M82_L001","T_cell"
"A7_P9_M82_L001","T_cell"
"A8_P6_M82_L001","T_cell"
"A8_P7_M82_L001","T_cell"
"A8_P8_M82_L001","T_cell"
"A8_P9_M82_L001","T_cell"
"A9_P6_M82_L001","T_cell"
"A9_P7_M82_L001","T_cell"
"A9_P8_M82_L001","Myeloid"
"A9_P9_M82_L001","T_cell"
"B10_P6_M82_L001","T_cell"
"B10_P7_M82_L001","T_cell"
"B10_P8_M82_L001","T_cell"
"B10_P9_M82_L001","T_cell"
"B11_P6_M82_L001","T_cell"
"B11_P7_M82_L001","T_cell"
"B11_P8_M82_L001","T_cell"
"B11_P9_M82_L001","T_cell"
"B12_P6_M82_L001","T_cell"
"B12_P7_M82_L001","T_cell"
"B12_P8_M82_L001","T_cell"
"B12_P9_M82_L001","T_cell"
"B1_P6_M82_L001","B_cell"
"B1_P7_M82_L001","T_cell"
"B1_P8_M82_L001","T_cell"
"B2_P6_M82_L001","T_cell"
"B2_P7_M82_L001","B_cell"
"B2_P8_M82_L001","T_cell"
"B2_P9_M82_L001","T_cell"
"B3_P6_M82_L001","T_cell"
"B3_P7_M82_L001","T_cell"
"B3_P8_M82_L001","B_cell"
"B3_P9_M82_L001","T_cell"
"B4_P6_M82_L001","T_cell"
"B4_P8_M82_L001","T_cell"
"B4_P9_M82_L001","T_cell"
"B5_P7_M82_L001","T_cell"
"B5_P8_M82_L001","T_cell"
"B5_P9_M82_L001","T_cell"
"B6_P6_M82_L001","T_cell"
"B6_P7_M82_L001","T_cell"
"B6_P8_M82_L001","T_cell"
"B6_P9_M82_L001","T_cell"
"B7_P6_M82_L001","T_cell"
"B7_P7_M82_L001","B_cell"
"B7_P8_M82_L001","T_cell"
"B7_P9_M82_L001","T_cell"
"B8_P6_M82_L001","T_cell"
"B8_P7_M82_L001","T_cell"
"B8_P8_M82_L001","T_cell"
"B8_P9_M82_L001","T_cell"
"B9_P6_M82_L001","T_cell"
"B9_P7_M82_L001","T_cell"
"B9_P8_M82_L001","T_cell"
"B9_P9_M82_L001","T_cell"
"C10_P6_M82_L001","T_cell"
"C10_P7_M82_L001","T_cell"
"C10_P8_M82_L001","T_cell"
"C10_P9_M82_L001","T_cell"
"C11_P6_M82_L001","T_cell"
"C11_P7_M82_L001","T_cell"
"C11_P8_M82_L001","B_cell"
"C12_P6_M82_L001","T_cell"
"C12_P7_M82_L001","T_cell"
"C12_P8_M82_L001","T_cell"
"C1_P6_M82_L001","T_cell"
"C1_P7_M82_L001","NK"
"C1_P8_M82_L001","T_cell"
"C1_P9_M82_L001","T_cell"
"C2_P6_M82_L001","T_cell"
"C2_P7_M82_L001","T_cell"
"C2_P8_M82_L001","T_cell"
"C2_P9_M82_L001","T_cell"
"C3_P6_M82_L001","T_cell"
"C3_P7_M82_L001","T_cell"
"C3_P8_M82_L001","NK"
"C3_P9_M82_L001","Myeloid"
"C4_P6_M82_L001","T_cell"
"C4_P8_M82_L001","T_cell"
"C4_P9_M82_L001","T_cell"
"C5_P6_M82_L001","T_cell"
"C5_P7_M82_L001","T_cell"
"C5_P8_M82_L001","T_cell"
"C5_P9_M82_L001","T_cell"
"C6_P6_M82_L001","NK"
"C6_P7_M82_L001","T_cell"
"C6_P8_M82_L001","T_cell"
"C6_P9_M82_L001","T_cell"
"C7_P6_M82_L001","T_cell"
"C7_P7_M82_L001","T_cell"
"C7_P8_M82_L001","T_cell"
"C7_P9_M82_L001","B_cell"
"C8_P6_M82_L001","T_cell"
"C8_P7_M82_L001","T_cell"
"C8_P9_M82_L001","T_cell"
"C9_P6_M82_L001","T_cell"
"C9_P7_M82_L001","T_cell"
"C9_P9_M82_L001","T_cell"
"D10_P6_M82_L001","T_cell"
"D10_P7_M82_L001","T_cell"
"D10_P8_M82_L001","T_cell"
"D11_P6_M82_L001","T_cell"
"D11_P7_M82_L001","T_cell"
"D11_P8_M82_L001","T_cell"
"D12_P6_M82_L001","T_cell"
"D12_P7_M82_L001","T_cell"
"D12_P8_M82_L001","T_cell"
"D12_P9_M82_L001","T_cell"
"D1_P6_M82_L001","T_cell"
"D1_P7_M82_L001","T_cell"
"D1_P8_M82_L001","T_cell"
"D1_P9_M82_L001","T_cell"
"D2_P6_M82_L001","T_cell"
"D2_P7_M82_L001","T_cell"
"D2_P8_M82_L001","T_cell"
"D2_P9_M82_L001","T_cell"
"D3_P6_M82_L001","T_cell"
"D3_P8_M82_L001","T_cell"
"D3_P9_M82_L001","T_cell"
"D4_P6_M82_L001","T_cell"
"D4_P7_M82_L001","Myeloid"
"D4_P9_M82_L001","T_cell"
"D5_P6_M82_L001","T_cell"
"D5_P7_M82_L001","T_cell"
"D5_P9_M82_L001","T_cell"
"D6_P7_M82_L001","T_cell"
"D6_P8_M82_L001","T_cell"
"D6_P9_M82_L001","NK"
"D7_P6_M82_L001","T_cell"
"D7_P7_M82_L001","T_cell"
"D7_P8_M82_L001","T_cell"
"D7_P9_M82_L001","T_cell"
"D8_P6_M82_L001","NK"
"D8_P7_M82_L001","T_cell"
"D8_P8_M82_L001","T_cell"
"D8_P9_M82_L001","T_cell"
"D9_P6_M82_L001","T_cell"
"D9_P7_M82_L001","NK"
"D9_P8_M82_L001","T_cell"
"D9_P9_M82_L001","T_cell"
"E10_P6_M82_L001","T_cell"
"E10_P7_M82_L001","T_cell"
"E10_P8_M82_L001","NK"
"E10_P9_M82_L001","T_cell"
"E11_P7_M82_L001","T_cell"
"E11_P8_M82_L001","T_cell"
"E11_P9_M82_L001","T_cell"
"E12_P6_M82_L001","T_cell"
"E12_P7_M82_L001","T_cell"
"E12_P8_M82_L001","T_cell"
"E1_P6_M82_L001","T_cell"
"E1_P7_M82_L001","T_cell"
"E1_P8_M82_L001","T_cell"
"E2_P6_M82_L001","B_cell"
"E2_P8_M82_L001","T_cell"
"E2_P9_M82_L001","T_cell"
"E3_P6_M82_L001","NK"
"E3_P7_M82_L001","T_cell"
"E3_P8_M82_L001","NK"
"E3_P9_M82_L001","T_cell"
"E4_P6_M82_L001","T_cell"
"E4_P7_M82_L001","T_cell"
"E4_P8_M82_L001","T_cell"
"E4_P9_M82_L001","T_cell"
"E5_P6_M82_L001","T_cell"
"E5_P7_M82_L001","T_cell"
"E5_P8_M82_L001","T_cell"
"E5_P9_M82_L001","T_cell"
"E6_P6_M82_L001","T_cell"
"E6_P7_M82_L001","T_cell"
"E6_P8_M82_L001","T_cell"
"E6_P9_M82_L001","T_cell"
"E7_P6_M82_L001","T_cell"
"E7_P8_M82_L001","T_cell"
"E7_P9_M82_L001","T_cell"
"E8_P6_M82_L001","T_cell"
"E8_P7_M82_L001","Myeloid"
"E8_P8_M82_L001","T_cell"
"E8_P9_M82_L001","T_cell"
"E9_P6_M82_L001","T_cell"
"E9_P7_M82_L001","NK"
"E9_P9_M82_L001","T_cell"
"F10_P7_M82_L001","T_cell"
"F10_P8_M82_L001","T_cell"
"F10_P9_M82_L001","NK"
"F11_P6_M82_L001","T_cell"
"F11_P7_M82_L001","B_cell"
"F11_P8_M82_L001","T_cell"
"F12_P8_M82_L001","T_cell"
"F12_P9_M82_L001","T_cell"
"F1_P6_M82_L001","T_cell"
"F1_P7_M82_L001","T_cell"
"F1_P8_M82_L001","T_cell"
"F1_P9_M82_L001","T_cell"
"F2_P7_M82_L001","T_cell"
"F2_P8_M82_L001","T_cell"
"F3_P6_M82_L001","T_cell"
"F3_P7_M82_L001","T_cell"
"F3_P8_M82_L001","T_cell"
"F3_P9_M82_L001","T_cell"
"F4_P6_M82_L001","NK"
"F4_P7_M82_L001","T_cell"
"F4_P9_M82_L001","Myeloid"
"F5_P6_M82_L001","T_cell"
"F5_P7_M82_L001","T_cell"
"F5_P8_M82_L001","B_cell"
"F6_P6_M82_L001","T_cell"
"F6_P8_M82_L001","T_cell"
"F6_P9_M82_L001","T_cell"
"F7_P6_M82_L001","T_cell"
"F7_P7_M82_L001","T_cell"
"F7_P8_M82_L001","T_cell"
"F7_P9_M82_L001","B_cell"
"F8_P6_M82_L001","T_cell"
"F8_P7_M82_L001","T_cell"
"F8_P8_M82_L001","T_cell"
"F8_P9_M82_L001","T_cell"
"F9_P6_M82_L001","T_cell"
"F9_P7_M82_L001","T_cell"
"F9_P8_M82_L001","T_cell"
"F9_P9_M82_L001","T_cell"
"G10_P6_M82_L001","T_cell"
"G10_P7_M82_L001","T_cell"
"G10_P8_M82_L001","T_cell"
"G10_P9_M82_L001","T_cell"
"G11_P6_M82_L001","T_cell"
"G11_P7_M82_L001","T_cell"
"G11_P8_M82_L001","T_cell"
"G11_P9_M82_L001","T_cell"
"G12_P6_M82_L001","T_cell"
"G12_P7_M82_L001","T_cell"
"G12_P8_M82_L001","T_cell"
"G1_P6_M82_L001","T_cell"
"G1_P7_M82_L001","T_cell"
"G1_P8_M82_L001","T_cell"
"G1_P9_M82_L001","T_cell"
"G2_P7_M82_L001","T_cell"
"G2_P8_M82_L001","T_cell"
"G2_P9_M82_L001","T_cell"
"G3_P6_M82_L001","B_cell"
"G3_P7_M82_L001","T_cell"
"G3_P8_M82_L001","T_cell"
"G4_P6_M82_L001","T_cell"
"G4_P7_M82_L001","T_cell"
"G4_P8_M82_L001","T_cell"
"G4_P9_M82_L001","T_cell"
"G5_P6_M82_L001","B_cell"
"G5_P7_M82_L001","T_cell"
"G5_P8_M82_L001","T_cell"
"G5_P9_M82_L001","T_cell"
"G6_P6_M82_L001","T_cell"
"G6_P7_M82_L001","T_cell"
"G6_P8_M82_L001","Myeloid"
"G6_P9_M82_L001","T_cell"
"G7_P6_M82_L001","T_cell"
"G7_P8_M82_L001","T_cell"
"G7_P9_M82_L001","T_cell"
"G8_P6_M82_L001","T_cell"
"G8_P7_M82_L001","T_cell"
"G8_P8_M82_L001","T_cell"
"G8_P9_M82_L001","T_cell"
"G9_P6_M82_L001","T_cell"
"G9_P7_M82_L001","T_cell"
"G9_P8_M82_L001","T_cell"
"G9_P9_M82_L001","T_cell"
"H10_P6_M82_L001","T_cell"
"H10_P7_M82_L001","T_cell"
"H10_P8_M82_L001","B_cell"
"H10_P9_M82_L001","T_cell"
"H11_P6_M82_L001","T_cell"
"H11_P7_M82_L001","T_cell"
"H11_P9_M82_L001","T_cell"
"H12_P6_M82_L001","T_cell"
"H12_P9_M82_L001","T_cell"
"H1_P6_M82_L001","T_cell"
"H1_P7_M82_L001","T_cell"
"H1_P8_M82_L001","T_cell"
"H1_P9_M82_L001","NK"
"H2_P6_M82_L001","T_cell"
"H2_P7_M82_L001","T_cell"
"H2_P8_M82_L001","T_cell"
"H2_P9_M82_L001","NK"
"H3_P6_M82_L001","T_cell"
"H3_P7_M82_L001","T_cell"
"H3_P8_M82_L001","T_cell"
"H3_P9_M82_L001","T_cell"
"H4_P6_M82_L001","T_cell"
"H4_P7_M82_L001","T_cell"
"H4_P8_M82_L001","T_cell"
"H4_P9_M82_L001","T_cell"
"H5_P6_M82_L001","NK"
"H5_P7_M82_L001","T_cell"
"H5_P8_M82_L001","T_cell"
"H5_P9_M82_L001","T_cell"
"H6_P6_M82_L001","T_cell"
"H6_P7_M82_L001","T_cell"
"H6_P8_M82_L001","T_cell"
"H6_P9_M82_L001","T_cell"
"H7_P6_M82_L001","T_cell"
"H7_P7_M82_L001","T_cell"
"H7_P9_M82_L001","T_cell"
"H8_P7_M82_L001","T_cell"
"H8_P8_M82_L001","T_cell"
"H8_P9_M82_L001","T_cell"
"H9_P6_M82_L001","T_cell"
"H9_P7_M82_L001","T_cell"
"H9_P8_M82_L001","T_cell"
"H9_P9_M82_L001","T_cell"
"A10_P1_M24_L001","T_cell"
"A10_P2_M24_L001","T_cell"
"A10_P3_M24_L001","T_cell"
"A10_P4_M24_L001","T_cell"
"A11_P1_M24_L001","T_cell"
"A11_P2_M24_L001","T_cell"
"A11_P3_M24_L001","NK"
"A11_P4_M24_L001","T_cell"
"A12_P1_M24_L001","T_cell"
"A12_P2_M24_L001","T_cell"
"A12_P3_M24_L001","T_cell"
"A12_P4_M24_L001","T_cell"
"A2_P1_M24_L001","T_cell"
"A2_P2_M24_L001","T_cell"
"A2_P3_M24_L001","NK"
"A2_P4_M24_L001","T_cell"
"A3_P1_M24_L001","T_cell"
"A3_P2_M24_L001","T_cell"
"A3_P3_M24_L001","T_cell"
"A3_P4_M24_L001","T_cell"
"A4_P1_M24_L001","NK"
"A4_P2_M24_L001","T_cell"
"A4_P3_M24_L001","T_cell"
"A4_P4_M24_L001","T_cell"
"A5_P1_M24_L001","T_cell"
"A5_P2_M24_L001","T_cell"
"A5_P3_M24_L001","T_cell"
"A5_P4_M24_L001","T_cell"
"A6_P1_M24_L001","NK"
"A6_P2_M24_L001","T_cell"
"A6_P3_M24_L001","T_cell"
"A6_P4_M24_L001","NK"
"A7_P1_M24_L001","T_cell"
"A7_P4_M24_L001","NK"
"A8_P1_M24_L001","T_cell"
"A8_P2_M24_L001","T_cell"
"A8_P3_M24_L001","T_cell"
"A8_P4_M24_L001","T_cell"
"A9_P1_M24_L001","T_cell"
"A9_P2_M24_L001","T_cell"
"A9_P3_M24_L001","T_cell"
"A9_P4_M24_L001","T_cell"
"B10_P1_M24_L001","T_cell"
"B10_P2_M24_L001","T_cell"
"B10_P3_M24_L001","T_cell"
"B10_P4_M24_L001","T_cell"
"B11_P1_M24_L001","T_cell"
"B11_P2_M24_L001","NK"
"B11_P3_M24_L001","T_cell"
"B11_P4_M24_L001","T_cell"
"B12_P1_M24_L001","T_cell"
"B12_P2_M24_L001","T_cell"
"B12_P3_M24_L001","NK"
"B12_P4_M24_L001","T_cell"
"B1_P1_M24_L001","T_cell"
"B1_P2_M24_L001","T_cell"
"B1_P3_M24_L001","NK"
"B1_P4_M24_L001","T_cell"
"B2_P1_M24_L001","T_cell"
"B2_P2_M24_L001","T_cell"
"B2_P3_M24_L001","T_cell"
"B2_P4_M24_L001","T_cell"
"B3_P1_M24_L001","NK"
"B3_P2_M24_L001","NK"
"B3_P4_M24_L001","T_cell"
"B4_P1_M24_L001","T_cell"
"B4_P2_M24_L001","T_cell"
"B4_P3_M24_L001","T_cell"
"B4_P4_M24_L001","NK"
"B5_P1_M24_L001","T_cell"
"B5_P2_M24_L001","T_cell"
"B5_P3_M24_L001","T_cell"
"B5_P4_M24_L001","T_cell"
"B6_P1_M24_L001","T_cell"
"B6_P2_M24_L001","T_cell"
"B6_P3_M24_L001","T_cell"
"B6_P4_M24_L001","NK"
"B7_P1_M24_L001","T_cell"
"B7_P2_M24_L001","T_cell"
"B7_P3_M24_L001","T_cell"
"B7_P4_M24_L001","NK"
"B8_P1_M24_L001","NK"
"B8_P3_M24_L001","T_cell"
"B8_P4_M24_L001","T_cell"
"B9_P1_M24_L001","NK"
"B9_P2_M24_L001","T_cell"
"B9_P3_M24_L001","NK"
"B9_P4_M24_L001","T_cell"
"C10_P1_M24_L001","NK"
"C10_P2_M24_L001","T_cell"
"C10_P3_M24_L001","T_cell"
"C10_P4_M24_L001","T_cell"
"C11_P1_M24_L001","T_cell"
"C11_P2_M24_L001","NK"
"C11_P3_M24_L001","T_cell"
"C11_P4_M24_L001","NK"
"C12_P1_M24_L001","T_cell"
"C12_P2_M24_L001","T_cell"
"C12_P3_M24_L001","T_cell"
"C12_P4_M24_L001","NK"
"C1_P1_M24_L001","T_cell"
"C1_P2_M24_L001","T_cell"
"C1_P3_M24_L001","T_cell"
"C1_P4_M24_L001","T_cell"
"C2_P1_M24_L001","NK"
"C2_P2_M24_L001","T_cell"
"C2_P3_M24_L001","NK"
"C2_P4_M24_L001","NK"
"C3_P1_M24_L001","T_cell"
"C3_P2_M24_L001","T_cell"
"C3_P3_M24_L001","T_cell"
"C3_P4_M24_L001","T_cell"
"C4_P1_M24_L001","T_cell"
"C4_P2_M24_L001","NK"
"C4_P3_M24_L001","T_cell"
"C4_P4_M24_L001","T_cell"
"C5_P1_M24_L001","T_cell"
"C5_P2_M24_L001","NK"
"C5_P3_M24_L001","T_cell"
"C5_P4_M24_L001","T_cell"
"C6_P1_M24_L001","T_cell"
"C6_P2_M24_L001","T_cell"
"C6_P3_M24_L001","T_cell"
"C6_P4_M24_L001","T_cell"
"C7_P1_M24_L001","NK"
"C7_P2_M24_L001","NK"
"C7_P3_M24_L001","T_cell"
"C7_P4_M24_L001","NK"
"C8_P1_M24_L001","T_cell"
"C8_P2_M24_L001","T_cell"
"C8_P3_M24_L001","T_cell"
"C8_P4_M24_L001","T_cell"
"C9_P1_M24_L001","T_cell"
"C9_P2_M24_L001","T_cell"
"C9_P3_M24_L001","T_cell"
"C9_P4_M24_L001","T_cell"
"D10_P1_M24_L001","T_cell"
"D10_P2_M24_L001","T_cell"
"D10_P3_M24_L001","T_cell"
"D10_P4_M24_L001","T_cell"
"D11_P1_M24_L001","T_cell"
"D11_P2_M24_L001","NK"
"D11_P3_M24_L001","T_cell"
"D11_P4_M24_L001","T_cell"
"D12_P1_M24_L001","T_cell"
"D12_P3_M24_L001","T_cell"
"D12_P4_M24_L001","T_cell"
"D1_P1_M24_L001","NK"
"D1_P2_M24_L001","T_cell"
"D1_P4_M24_L001","T_cell"
"D2_P1_M24_L001","T_cell"
"D2_P2_M24_L001","T_cell"
"D2_P3_M24_L001","T_cell"
"D2_P4_M24_L001","T_cell"
"D3_P1_M24_L001","T_cell"
"D3_P2_M24_L001","T_cell"
"D3_P3_M24_L001","NK"
"D3_P4_M24_L001","T_cell"
"D4_P1_M24_L001","T_cell"
"D4_P2_M24_L001","T_cell"
"D4_P3_M24_L001","T_cell"
"D4_P4_M24_L001","NK"
"D5_P1_M24_L001","T_cell"
"D5_P2_M24_L001","NK"
"D5_P3_M24_L001","T_cell"
"D5_P4_M24_L001","T_cell"
"D6_P1_M24_L001","T_cell"
"D6_P2_M24_L001","NK"
"D6_P3_M24_L001","NK"
"D6_P4_M24_L001","T_cell"
"D7_P1_M24_L001","T_cell"
"D7_P2_M24_L001","T_cell"
"D7_P3_M24_L001","T_cell"
"D7_P4_M24_L001","NK"
"D8_P1_M24_L001","NK"
"D8_P2_M24_L001","NK"
"D8_P3_M24_L001","T_cell"
"D8_P4_M24_L001","T_cell"
"D9_P1_M24_L001","T_cell"
"D9_P2_M24_L001","T_cell"
"D9_P3_M24_L001","T_cell"
"D9_P4_M24_L001","NK"
"E10_P1_M24_L001","T_cell"
"E10_P2_M24_L001","T_cell"
"E10_P3_M24_L001","T_cell"
"E10_P4_M24_L001","T_cell"
"E11_P1_M24_L001","NK"
"E11_P2_M24_L001","T_cell"
"E11_P3_M24_L001","NK"
"E11_P4_M24_L001","T_cell"
"E12_P1_M24_L001","T_cell"
"E12_P2_M24_L001","NK"
"E12_P3_M24_L001","T_cell"
"E12_P4_M24_L001","T_cell"
"E1_P1_M24_L001","NK"
"E1_P2_M24_L001","T_cell"
"E1_P3_M24_L001","T_cell"
"E1_P4_M24_L001","T_cell"
"E2_P1_M24_L001","NK"
"E2_P2_M24_L001","NK"
"E2_P3_M24_L001","NK"
"E2_P4_M24_L001","T_cell"
"E3_P1_M24_L001","T_cell"
"E3_P2_M24_L001","T_cell"
"E3_P3_M24_L001","T_cell"
"E3_P4_M24_L001","NK"
"E4_P1_M24_L001","NK"
"E4_P2_M24_L001","NK"
"E4_P3_M24_L001","NK"
"E4_P4_M24_L001","T_cell"
"E5_P1_M24_L001","T_cell"
"E5_P2_M24_L001","T_cell"
"E5_P3_M24_L001","T_cell"
"E5_P4_M24_L001","T_cell"
"E6_P1_M24_L001","T_cell"
"E6_P2_M24_L001","T_cell"
"E6_P3_M24_L001","T_cell"
"E6_P4_M24_L001","T_cell"
"E7_P1_M24_L001","T_cell"
"E7_P2_M24_L001","T_cell"
"E7_P3_M24_L001","T_cell"
"E7_P4_M24_L001","T_cell"
"E8_P1_M24_L001","NK"
"E8_P2_M24_L001","T_cell"
"E8_P3_M24_L001","T_cell"
"E8_P4_M24_L001","T_cell"
"E9_P1_M24_L001","T_cell"
"E9_P2_M24_L001","T_cell"
"E9_P3_M24_L001","NK"
"E9_P4_M24_L001","T_cell"
"F10_P1_M24_L001","T_cell"
"F10_P2_M24_L001","NK"
"F10_P3_M24_L001","T_cell"
"F10_P4_M24_L001","NK"
"F11_P1_M24_L001","T_cell"
"F11_P2_M24_L001","T_cell"
"F11_P3_M24_L001","T_cell"
"F11_P4_M24_L001","T_cell"
"F12_P1_M24_L001","T_cell"
"F12_P2_M24_L001","T_cell"
"F12_P3_M24_L001","T_cell"
"F12_P4_M24_L001","T_cell"
"F1_P1_M24_L001","NK"
"F1_P2_M24_L001","NK"
"F1_P3_M24_L001","T_cell"
"F1_P4_M24_L001","T_cell"
"F2_P1_M24_L001","T_cell"
"F2_P2_M24_L001","T_cell"
"F2_P3_M24_L001","T_cell"
"F2_P4_M24_L001","T_cell"
"F3_P1_M24_L001","T_cell"
"F3_P2_M24_L001","NK"
"F3_P3_M24_L001","NK"
"F3_P4_M24_L001","T_cell"
"F4_P1_M24_L001","T_cell"
"F4_P2_M24_L001","NK"
"F4_P3_M24_L001","T_cell"
"F4_P4_M24_L001","T_cell"
"F5_P1_M24_L001","T_cell"
"F5_P2_M24_L001","NK"
"F5_P3_M24_L001","NK"
"F5_P4_M24_L001","T_cell"
"F6_P1_M24_L001","T_cell"
"F6_P2_M24_L001","T_cell"
"F6_P3_M24_L001","T_cell"
"F6_P4_M24_L001","T_cell"
"F7_P1_M24_L001","T_cell"
"F7_P2_M24_L001","NK"
"F7_P3_M24_L001","NK"
"F7_P4_M24_L001","T_cell"
"F8_P1_M24_L001","T_cell"
"F8_P2_M24_L001","NK"
"F8_P3_M24_L001","T_cell"
"F8_P4_M24_L001","NK"
"F9_P1_M24_L001","T_cell"
"F9_P2_M24_L001","T_cell"
"F9_P3_M24_L001","T_cell"
"F9_P4_M24_L001","T_cell"
"G10_P1_M24_L001","T_cell"
"G10_P4_M24_L001","T_cell"
"G11_P1_M24_L001","T_cell"
"G11_P2_M24_L001","T_cell"
"G11_P3_M24_L001","T_cell"
"G11_P4_M24_L001","T_cell"
"G12_P1_M24_L001","T_cell"
"G12_P2_M24_L001","NK"
"G12_P3_M24_L001","NK"
"G12_P4_M24_L001","T_cell"
"G1_P1_M24_L001","T_cell"
"G1_P2_M24_L001","T_cell"
"G1_P3_M24_L001","T_cell"
"G1_P4_M24_L001","T_cell"
"G2_P1_M24_L001","T_cell"
"G2_P2_M24_L001","T_cell"
"G2_P3_M24_L001","T_cell"
"G2_P4_M24_L001","T_cell"
"G3_P1_M24_L001","T_cell"
"G3_P2_M24_L001","T_cell"
"G3_P3_M24_L001","NK"
"G3_P4_M24_L001","T_cell"
"G4_P1_M24_L001","T_cell"
"G4_P2_M24_L001","NK"
"G4_P3_M24_L001","T_cell"
"G4_P4_M24_L001","T_cell"
"G5_P1_M24_L001","T_cell"
"G5_P2_M24_L001","T_cell"
"G5_P3_M24_L001","NK"
"G5_P4_M24_L001","T_cell"
"G6_P1_M24_L001","T_cell"
"G6_P2_M24_L001","T_cell"
"G6_P3_M24_L001","T_cell"
"G6_P4_M24_L001","T_cell"
"G7_P1_M24_L001","T_cell"
"G7_P2_M24_L001","T_cell"
"G7_P3_M24_L001","T_cell"
"G7_P4_M24_L001","NK"
"G8_P1_M24_L001","T_cell"
"G8_P2_M24_L001","T_cell"
"G8_P3_M24_L001","T_cell"
"G8_P4_M24_L001","T_cell"
"G9_P1_M24_L001","NK"
"G9_P2_M24_L001","T_cell"
"G9_P3_M24_L001","T_cell"
"G9_P4_M24_L001","T_cell"
"H10_P1_M24_L001","T_cell"
"H10_P2_M24_L001","T_cell"
"H10_P3_M24_L001","T_cell"
"H10_P4_M24_L001","T_cell"
"H11_P1_M24_L001","T_cell"
"H11_P2_M24_L001","T_cell"
"H11_P3_M24_L001","T_cell"
"H11_P4_M24_L001","T_cell"
"H12_P1_M24_L001","T_cell"
"H12_P2_M24_L001","T_cell"
"H12_P3_M24_L001","NK"
"H12_P4_M24_L001","NK"
"H1_P1_M24_L001","T_cell"
"H1_P2_M24_L001","T_cell"
"H1_P3_M24_L001","T_cell"
"H1_P4_M24_L001","T_cell"
"H2_P1_M24_L001","T_cell"
"H2_P2_M24_L001","T_cell"
"H2_P3_M24_L001","T_cell"
"H2_P4_M24_L001","T_cell"
"H3_P1_M24_L001","NK"
"H3_P2_M24_L001","T_cell"
"H3_P3_M24_L001","T_cell"
"H3_P4_M24_L001","T_cell"
"H4_P1_M24_L001","T_cell"
"H4_P2_M24_L001","T_cell"
"H4_P3_M24_L001","T_cell"
"H4_P4_M24_L001","T_cell"
"H5_P1_M24_L001","T_cell"
"H5_P2_M24_L001","T_cell"
"H5_P3_M24_L001","NK"
"H5_P4_M24_L001","T_cell"
"H6_P1_M24_L001","T_cell"
"H6_P2_M24_L001","T_cell"
"H6_P3_M24_L001","T_cell"
"H6_P4_M24_L001","T_cell"
"H7_P1_M24_L001","T_cell"
"H7_P2_M24_L001","NK"
"H7_P4_M24_L001","T_cell"
"H8_P1_M24_L001","T_cell"
"H8_P2_M24_L001","T_cell"
"H8_P3_M24_L001","NK"
"H8_P4_M24_L001","T_cell"
"H9_P1_M24_L001","NK"
"H9_P2_M24_L001","T_cell"
"H9_P3_M24_L001","T_cell"
"H9_P4_M24_L001","T_cell"
"A10_P1_M29_L001","T_cell"
"A10_P2_M29_L001","B_cell"
"A10_P4_M29_L001","T_cell"
"A10_P5_M29_L001","T_cell"
"A11_P1_M29_L001","Myeloid"
"A11_P2_M29_L001","B_cell"
"A11_P4_M29_L001","NK"
"A11_P5_M29_L001","B_cell"
"A12_P1_M29_L001","B_cell"
"A12_P2_M29_L001","T_cell"
"A12_P4_M29_L001","B_cell"
"A12_P5_M29_L001","B_cell"
"A1_P1_M29_L001","T_cell"
"A1_P2_M29_L001","B_cell"
"A1_P4_M29_L001","B_cell"
"A1_P5_M29_L001","B_cell"
"A2_P1_M29_L001","B_cell"
"A2_P2_M29_L001","T_cell"
"A2_P4_M29_L001","Myeloid"
"A2_P5_M29_L001","B_cell"
"A3_P1_M29_L001","T_cell"
"A3_P2_M29_L001","T_cell"
"A3_P4_M29_L001","B_cell"
"A4_P1_M29_L001","T_cell"
"A4_P2_M29_L001","T_cell"
"A4_P4_M29_L001","B_cell"
"A4_P5_M29_L001","B_cell"
"A5_P1_M29_L001","B_cell"
"A5_P2_M29_L001","T_cell"
"A5_P4_M29_L001","Myeloid"
"A5_P5_M29_L001","B_cell"
"A6_P1_M29_L001","T_cell"
"A6_P2_M29_L001","T_cell"
"A6_P4_M29_L001","B_cell"
"A6_P5_M29_L001","T_cell"
"A7_P1_M29_L001","B_cell"
"A7_P2_M29_L001","B_cell"
"A7_P5_M29_L001","T_cell"
"A8_P1_M29_L001","B_cell"
"A8_P4_M29_L001","B_cell"
"A8_P5_M29_L001","T_cell"
"A9_P1_M29_L001","B_cell"
"A9_P2_M29_L001","B_cell"
"A9_P4_M29_L001","T_cell"
"A9_P5_M29_L001","B_cell"
"B10_P1_M29_L001","B_cell"
"B10_P2_M29_L001","T_cell"
"B10_P4_M29_L001","Myeloid"
"B10_P5_M29_L001","B_cell"
"B11_P1_M29_L001","Myeloid"
"B11_P2_M29_L001","T_cell"
"B11_P4_M29_L001","B_cell"
"B11_P5_M29_L001","B_cell"
"B12_P1_M29_L001","T_cell"
"B12_P2_M29_L001","T_cell"
"B12_P5_M29_L001","B_cell"
"B1_P1_M29_L001","B_cell"
"B1_P2_M29_L001","B_cell"
"B1_P4_M29_L001","T_cell"
"B1_P5_M29_L001","T_cell"
"B2_P4_M29_L001","T_cell"
"B2_P5_M29_L001","T_cell"
"B3_P1_M29_L001","T_cell"
"B3_P2_M29_L001","T_cell"
"B3_P4_M29_L001","B_cell"
"B3_P5_M29_L001","B_cell"
"B4_P1_M29_L001","B_cell"
"B4_P2_M29_L001","B_cell"
"B4_P5_M29_L001","T_cell"
"B5_P1_M29_L001","B_cell"
"B5_P2_M29_L001","T_cell"
"B5_P4_M29_L001","T_cell"
"B5_P5_M29_L001","B_cell"
"B6_P1_M29_L001","B_cell"
"B6_P2_M29_L001","T_cell"
"B6_P4_M29_L001","Myeloid"
"B6_P5_M29_L001","B_cell"
"B7_P1_M29_L001","B_cell"
"B7_P2_M29_L001","B_cell"
"B7_P4_M29_L001","B_cell"
"B8_P1_M29_L001","B_cell"
"B8_P4_M29_L001","T_cell"
"B8_P5_M29_L001","B_cell"
"B9_P1_M29_L001","B_cell"
"B9_P2_M29_L001","B_cell"
"B9_P4_M29_L001","B_cell"
"B9_P5_M29_L001","T_cell"
"C10_P1_M29_L001","Myeloid"
"C10_P2_M29_L001","B_cell"
"C10_P4_M29_L001","B_cell"
"C10_P5_M29_L001","T_cell"
"C11_P1_M29_L001","B_cell"
"C11_P2_M29_L001","B_cell"
"C11_P4_M29_L001","B_cell"
"C11_P5_M29_L001","T_cell"
"C12_P1_M29_L001","B_cell"
"C12_P4_M29_L001","T_cell"
"C1_P1_M29_L001","B_cell"
"C1_P2_M29_L001","B_cell"
"C1_P4_M29_L001","B_cell"
"C1_P5_M29_L001","T_cell"
"C2_P1_M29_L001","B_cell"
"C2_P2_M29_L001","B_cell"
"C2_P4_M29_L001","B_cell"
"C2_P5_M29_L001","B_cell"
"C3_P1_M29_L001","B_cell"
"C3_P2_M29_L001","T_cell"
"C3_P4_M29_L001","T_cell"
"C3_P5_M29_L001","T_cell"
"C4_P1_M29_L001","Myeloid"
"C4_P4_M29_L001","T_cell"
"C4_P5_M29_L001","B_cell"
"C5_P1_M29_L001","B_cell"
"C5_P2_M29_L001","T_cell"
"C5_P4_M29_L001","NK"
"C6_P1_M29_L001","B_cell"
"C6_P2_M29_L001","NK"
"C6_P5_M29_L001","T_cell"
"C7_P1_M29_L001","B_cell"
"C7_P2_M29_L001","B_cell"
"C7_P4_M29_L001","T_cell"
"C8_P1_M29_L001","B_cell"
"C8_P2_M29_L001","B_cell"
"C8_P4_M29_L001","B_cell"
"C8_P5_M29_L001","B_cell"
"C9_P1_M29_L001","B_cell"
"C9_P4_M29_L001","T_cell"
"C9_P5_M29_L001","B_cell"
"D10_P1_M29_L001","B_cell"
"D10_P2_M29_L001","B_cell"
"D10_P4_M29_L001","T_cell"
"D10_P5_M29_L001","B_cell"
"D11_P1_M29_L001","T_cell"
"D11_P2_M29_L001","B_cell"
"D11_P5_M29_L001","B_cell"
"D12_P1_M29_L001","Myeloid"
"D12_P2_M29_L001","B_cell"
"D12_P4_M29_L001","B_cell"
"D12_P5_M29_L001","B_cell"
"D1_P1_M29_L001","B_cell"
"D1_P2_M29_L001","B_cell"
"D1_P4_M29_L001","B_cell"
"D1_P5_M29_L001","T_cell"
"D2_P1_M29_L001","B_cell"
"D2_P2_M29_L001","T_cell"
"D2_P4_M29_L001","B_cell"
"D2_P5_M29_L001","T_cell"
"D3_P1_M29_L001","B_cell"
"D3_P2_M29_L001","T_cell"
"D3_P4_M29_L001","T_cell"
"D3_P5_M29_L001","T_cell"
"D4_P1_M29_L001","T_cell"
"D4_P2_M29_L001","T_cell"
"D4_P4_M29_L001","T_cell"
"D4_P5_M29_L001","B_cell"
"D5_P2_M29_L001","B_cell"
"D5_P4_M29_L001","T_cell"
"D5_P5_M29_L001","B_cell"
"D6_P2_M29_L001","B_cell"
"D6_P4_M29_L001","B_cell"
"D6_P5_M29_L001","T_cell"
"D7_P1_M29_L001","B_cell"
"D7_P2_M29_L001","T_cell"
"D7_P4_M29_L001","B_cell"
"D7_P5_M29_L001","B_cell"
"D8_P1_M29_L001","B_cell"
"D8_P2_M29_L001","B_cell"
"D8_P4_M29_L001","B_cell"
"D8_P5_M29_L001","Myeloid"
"D9_P1_M29_L001","T_cell"
"D9_P2_M29_L001","B_cell"
"D9_P4_M29_L001","B_cell"
"D9_P5_M29_L001","B_cell"
"E10_P2_M29_L001","B_cell"
"E10_P4_M29_L001","B_cell"
"E10_P5_M29_L001","B_cell"
"E11_P1_M29_L001","B_cell"
"E11_P2_M29_L001","B_cell"
"E11_P4_M29_L001","B_cell"
"E11_P5_M29_L001","B_cell"
"E12_P1_M29_L001","B_cell"
"E12_P2_M29_L001","B_cell"
"E12_P5_M29_L001","T_cell"
"E1_P1_M29_L001","T_cell"
"E1_P5_M29_L001","NK"
"E2_P1_M29_L001","B_cell"
"E2_P2_M29_L001","T_cell"
"E2_P4_M29_L001","T_cell"
"E2_P5_M29_L001","T_cell"
"E3_P1_M29_L001","T_cell"
"E3_P2_M29_L001","T_cell"
"E3_P4_M29_L001","B_cell"
"E3_P5_M29_L001","B_cell"
"E4_P1_M29_L001","T_cell"
"E4_P4_M29_L001","B_cell"
"E5_P1_M29_L001","T_cell"
"E5_P2_M29_L001","B_cell"
"E5_P5_M29_L001","T_cell"
"E6_P1_M29_L001","T_cell"
"E6_P2_M29_L001","T_cell"
"E6_P5_M29_L001","Myeloid"
"E7_P1_M29_L001","B_cell"
"E7_P2_M29_L001","B_cell"
"E7_P4_M29_L001","T_cell"
"E8_P1_M29_L001","T_cell"
"E8_P2_M29_L001","B_cell"
"E8_P4_M29_L001","B_cell"
"E8_P5_M29_L001","B_cell"
"E9_P1_M29_L001","B_cell"
"E9_P2_M29_L001","B_cell"
"E9_P4_M29_L001","T_cell"
"E9_P5_M29_L001","Myeloid"
"F10_P1_M29_L001","B_cell"
"F10_P2_M29_L001","B_cell"
"F10_P4_M29_L001","B_cell"
"F11_P1_M29_L001","B_cell"
"F11_P4_M29_L001","B_cell"
"F11_P5_M29_L001","B_cell"
"F12_P2_M29_L001","Myeloid"
"F12_P4_M29_L001","T_cell"
"F12_P5_M29_L001","T_cell"
"F1_P1_M29_L001","T_cell"
"F1_P4_M29_L001","B_cell"
"F2_P1_M29_L001","NK"
"F2_P4_M29_L001","T_cell"
"F2_P5_M29_L001","T_cell"
"F3_P1_M29_L001","T_cell"
"F3_P2_M29_L001","B_cell"
"F3_P5_M29_L001","T_cell"
"F4_P1_M29_L001","B_cell"
"F4_P2_M29_L001","B_cell"
"F4_P5_M29_L001","T_cell"
"F5_P1_M29_L001","T_cell"
"F5_P2_M29_L001","B_cell"
"F5_P4_M29_L001","T_cell"
"F6_P1_M29_L001","B_cell"
"F6_P2_M29_L001","B_cell"
"F6_P4_M29_L001","B_cell"
"F7_P1_M29_L001","B_cell"
"F7_P2_M29_L001","B_cell"
"F7_P4_M29_L001","B_cell"
"F7_P5_M29_L001","B_cell"
"F8_P1_M29_L001","Unassigned (all modules low)"
"F8_P2_M29_L001","B_cell"
"F9_P1_M29_L001","B_cell"
"F9_P2_M29_L001","B_cell"
"F9_P4_M29_L001","B_cell"
"F9_P5_M29_L001","Myeloid"
"G10_P1_M29_L001","T_cell"
"G10_P2_M29_L001","B_cell"
"G10_P4_M29_L001","B_cell"
"G10_P5_M29_L001","B_cell"
"G11_P1_M29_L001","B_cell"
"G11_P2_M29_L001","B_cell"
"G11_P4_M29_L001","NK"
"G11_P5_M29_L001","B_cell"
"G12_P1_M29_L001","T_cell"
"G12_P2_M29_L001","B_cell"
"G12_P4_M29_L001","B_cell"
"G12_P5_M29_L001","Myeloid"
"G1_P1_M29_L001","NK"
"G1_P4_M29_L001","NK"
"G1_P5_M29_L001","B_cell"
"G2_P2_M29_L001","B_cell"
"G2_P4_M29_L001","T_cell"
"G2_P5_M29_L001","T_cell"
"G3_P1_M29_L001","T_cell"
"G3_P2_M29_L001","B_cell"
"G3_P4_M29_L001","NK"
"G3_P5_M29_L001","T_cell"
"G4_P1_M29_L001","B_cell"
"G4_P4_M29_L001","B_cell"
"G4_P5_M29_L001","T_cell"
"G5_P1_M29_L001","B_cell"
"G5_P2_M29_L001","B_cell"
"G5_P4_M29_L001","B_cell"
"G5_P5_M29_L001","T_cell"
"G6_P1_M29_L001","B_cell"
"G6_P4_M29_L001","B_cell"
"G6_P5_M29_L001","B_cell"
"G7_P1_M29_L001","T_cell"
"G7_P2_M29_L001","B_cell"
"G7_P5_M29_L001","B_cell"
"G8_P1_M29_L001","B_cell"
"G8_P2_M29_L001","T_cell"
"G8_P4_M29_L001","B_cell"
"G8_P5_M29_L001","T_cell"
"G9_P1_M29_L001","T_cell"
"G9_P2_M29_L001","B_cell"
"G9_P4_M29_L001","T_cell"
"G9_P5_M29_L001","B_cell"
"H10_P2_M29_L001","B_cell"
"H10_P4_M29_L001","B_cell"
"H11_P2_M29_L001","T_cell"
"H11_P4_M29_L001","B_cell"
"H11_P5_M29_L001","B_cell"
"H12_P1_M29_L001","B_cell"
"H12_P2_M29_L001","T_cell"
"H12_P4_M29_L001","T_cell"
"H12_P5_M29_L001","T_cell"
"H1_P2_M29_L001","T_cell"
"H1_P5_M29_L001","T_cell"
"H2_P1_M29_L001","B_cell"
"H2_P2_M29_L001","B_cell"
"H2_P4_M29_L001","B_cell"
"H2_P5_M29_L001","T_cell"
"H3_P1_M29_L001","T_cell"
"H3_P2_M29_L001","T_cell"
"H3_P4_M29_L001","T_cell"
"H3_P5_M29_L001","T_cell"
"H4_P1_M29_L001","B_cell"
"H4_P2_M29_L001","B_cell"
"H4_P4_M29_L001","T_cell"
"H4_P5_M29_L001","B_cell"
"H5_P1_M29_L001","B_cell"
"H5_P2_M29_L001","B_cell"
"H5_P4_M29_L001","B_cell"
"H5_P5_M29_L001","B_cell"
"H6_P1_M29_L001","B_cell"
"H6_P2_M29_L001","B_cell"
"H6_P4_M29_L001","B_cell"
"H6_P5_M29_L001","B_cell"
"H7_P1_M29_L001","B_cell"
"H7_P2_M29_L001","B_cell"
"H7_P4_M29_L001","B_cell"
"H7_P5_M29_L001","B_cell"
"H8_P1_M29_L001","B_cell"
"H8_P2_M29_L001","T_cell"
"H8_P4_M29_L001","B_cell"
"H8_P5_M29_L001","T_cell"
"H9_P1_M29_L001","T_cell"
"H9_P2_M29_L001","B_cell"
"H9_P4_M29_L001","T_cell"
"A10_P1_M91_L001","T_cell"
"A10_P4_M91_L001","T_cell"
"A11_P1_M91_L001","T_cell"
"A11_P3_M91_L001","Myeloid"
"A11_P4_M91_L001","T_cell"
"A11_P5_M91_L001","T_cell"
"A12_P1_M91_L001","Myeloid"
"A12_P3_M91_L001","T_cell"
"A12_P5_M91_L001","T_cell"
"A2_P1_M91_L001","NK"
"A2_P3_M91_L001","T_cell"
"A2_P4_M91_L001","T_cell"
"A3_P1_M91_L001","T_cell"
"A3_P3_M91_L001","T_cell"
"A3_P4_M91_L001","T_cell"
"A3_P5_M91_L001","T_cell"
"A4_P1_M91_L001","T_cell"
"A4_P3_M91_L001","T_cell"
"A4_P5_M91_L001","T_cell"
"A5_P1_M91_L001","T_cell"
"A5_P3_M91_L001","T_cell"
"A5_P4_M91_L001","T_cell"
"A6_P1_M91_L001","T_cell"
"A6_P3_M91_L001","NK"
"A6_P4_M91_L001","T_cell"
"A6_P5_M91_L001","T_cell"
"A7_P1_M91_L001","T_cell"
"A7_P3_M91_L001","T_cell"
"A7_P5_M91_L001","T_cell"
"A8_P1_M91_L001","T_cell"
"A8_P3_M91_L001","T_cell"
"A8_P4_M91_L001","T_cell"
"A8_P5_M91_L001","T_cell"
"A9_P1_M91_L001","T_cell"
"A9_P3_M91_L001","T_cell"
"A9_P4_M91_L001","T_cell"
"A9_P5_M91_L001","B_cell"
"B10_P1_M91_L001","T_cell"
"B10_P3_M91_L001","T_cell"
"B10_P4_M91_L001","T_cell"
"B10_P5_M91_L001","T_cell"
"B11_P1_M91_L001","Myeloid"
"B11_P3_M91_L001","NK"
"B11_P4_M91_L001","T_cell"
"B11_P5_M91_L001","NK"
"B12_P1_M91_L001","T_cell"
"B12_P3_M91_L001","T_cell"
"B12_P4_M91_L001","T_cell"
"B12_P5_M91_L001","T_cell"
"B1_P1_M91_L001","T_cell"
"B1_P3_M91_L001","T_cell"
"B1_P4_M91_L001","T_cell"
"B1_P5_M91_L001","T_cell"
"B2_P1_M91_L001","T_cell"
"B2_P3_M91_L001","T_cell"
"B2_P4_M91_L001","T_cell"
"B2_P5_M91_L001","T_cell"
"B3_P1_M91_L001","T_cell"
"B3_P3_M91_L001","T_cell"
"B3_P4_M91_L001","T_cell"
"B3_P5_M91_L001","T_cell"
"B4_P1_M91_L001","T_cell"
"B4_P3_M91_L001","NK"
"B4_P4_M91_L001","T_cell"
"B4_P5_M91_L001","T_cell"
"B5_P1_M91_L001","T_cell"
"B5_P3_M91_L001","T_cell"
"B5_P4_M91_L001","T_cell"
"B5_P5_M91_L001","T_cell"
"B6_P1_M91_L001","T_cell"
"B6_P3_M91_L001","T_cell"
"B6_P4_M91_L001","T_cell"
"B6_P5_M91_L001","T_cell"
"B7_P1_M91_L001","T_cell"
"B7_P3_M91_L001","T_cell"
"B7_P5_M91_L001","T_cell"
"B8_P1_M91_L001","T_cell"
"B8_P3_M91_L001","Myeloid"
"B8_P4_M91_L001","T_cell"
"B9_P1_M91_L001","T_cell"
"B9_P3_M91_L001","T_cell"
"B9_P4_M91_L001","T_cell"
"B9_P5_M91_L001","T_cell"
"C10_P3_M91_L001","T_cell"
"C10_P5_M91_L001","T_cell"
"C11_P1_M91_L001","T_cell"
"C11_P3_M91_L001","T_cell"
"C11_P4_M91_L001","T_cell"
"C11_P5_M91_L001","T_cell"
"C12_P1_M91_L001","T_cell"
"C12_P4_M91_L001","T_cell"
"C12_P5_M91_L001","T_cell"
"C1_P1_M91_L001","T_cell"
"C1_P3_M91_L001","Myeloid"
"C1_P5_M91_L001","T_cell"
"C2_P1_M91_L001","T_cell"
"C2_P3_M91_L001","T_cell"
"C2_P4_M91_L001","T_cell"
"C3_P1_M91_L001","T_cell"
"C3_P3_M91_L001","T_cell"
"C3_P4_M91_L001","T_cell"
"C3_P5_M91_L001","T_cell"
"C4_P3_M91_L001","T_cell"
"C4_P4_M91_L001","T_cell"
"C4_P5_M91_L001","T_cell"
"C5_P1_M91_L001","T_cell"
"C5_P3_M91_L001","T_cell"
"C5_P4_M91_L001","Myeloid"
"C5_P5_M91_L001","T_cell"
"C6_P1_M91_L001","T_cell"
"C6_P3_M91_L001","T_cell"
"C6_P4_M91_L001","T_cell"
"C6_P5_M91_L001","T_cell"
"C7_P1_M91_L001","T_cell"
"C7_P3_M91_L001","T_cell"
"C7_P4_M91_L001","T_cell"
"C7_P5_M91_L001","T_cell"
"C8_P3_M91_L001","T_cell"
"C8_P4_M91_L001","T_cell"
"C8_P5_M91_L001","T_cell"
"C9_P1_M91_L001","T_cell"
"C9_P4_M91_L001","T_cell"
"C9_P5_M91_L001","T_cell"
"D10_P1_M91_L001","T_cell"
"D10_P3_M91_L001","T_cell"
"D10_P4_M91_L001","T_cell"
"D10_P5_M91_L001","T_cell"
"D11_P1_M91_L001","T_cell"
"D11_P3_M91_L001","T_cell"
"D11_P4_M91_L001","T_cell"
"D11_P5_M91_L001","T_cell"
"D12_P1_M91_L001","T_cell"
"D12_P3_M91_L001","T_cell"
"D12_P4_M91_L001","T_cell"
"D12_P5_M91_L001","T_cell"
"D1_P1_M91_L001","T_cell"
"D1_P3_M91_L001","NK"
"D1_P4_M91_L001","T_cell"
"D1_P5_M91_L001","T_cell"
"D2_P1_M91_L001","T_cell"
"D2_P3_M91_L001","T_cell"
"D2_P4_M91_L001","T_cell"
"D2_P5_M91_L001","T_cell"
"D3_P1_M91_L001","T_cell"
"D3_P3_M91_L001","T_cell"
"D3_P4_M91_L001","T_cell"
"D3_P5_M91_L001","T_cell"
"D4_P1_M91_L001","T_cell"
"D4_P3_M91_L001","T_cell"
"D4_P4_M91_L001","T_cell"
"D4_P5_M91_L001","T_cell"
"D5_P1_M91_L001","T_cell"
"D5_P3_M91_L001","T_cell"
"D5_P4_M91_L001","T_cell"
"D5_P5_M91_L001","T_cell"
"D6_P3_M91_L001","T_cell"
"D6_P4_M91_L001","T_cell"
"D6_P5_M91_L001","Myeloid"
"D7_P1_M91_L001","T_cell"
"D7_P4_M91_L001","T_cell"
"D7_P5_M91_L001","T_cell"
"D8_P1_M91_L001","T_cell"
"D8_P3_M91_L001","NK"
"D8_P4_M91_L001","T_cell"
"D8_P5_M91_L001","NK"
"D9_P1_M91_L001","T_cell"
"D9_P3_M91_L001","T_cell"
"D9_P4_M91_L001","T_cell"
"D9_P5_M91_L001","T_cell"
"E10_P1_M91_L001","T_cell"
"E10_P3_M91_L001","T_cell"
"E10_P4_M91_L001","Myeloid"
"E10_P5_M91_L001","T_cell"
"E11_P3_M91_L001","T_cell"
"E11_P4_M91_L001","T_cell"
"E11_P5_M91_L001","T_cell"
"E12_P1_M91_L001","NK"
"E12_P3_M91_L001","T_cell"
"E12_P4_M91_L001","T_cell"
"E1_P1_M91_L001","T_cell"
"E1_P3_M91_L001","T_cell"
"E1_P4_M91_L001","T_cell"
"E1_P5_M91_L001","T_cell"
"E2_P1_M91_L001","T_cell"
"E2_P3_M91_L001","T_cell"
"E2_P4_M91_L001","T_cell"
"E2_P5_M91_L001","T_cell"
"E3_P1_M91_L001","T_cell"
"E3_P3_M91_L001","T_cell"
"E3_P4_M91_L001","T_cell"
"E4_P1_M91_L001","T_cell"
"E4_P3_M91_L001","T_cell"
"E4_P4_M91_L001","NK"
"E4_P5_M91_L001","T_cell"
"E5_P3_M91_L001","T_cell"
"E5_P4_M91_L001","T_cell"
"E5_P5_M91_L001","T_cell"
"E6_P1_M91_L001","T_cell"
"E6_P3_M91_L001","T_cell"
"E6_P4_M91_L001","Myeloid"
"E6_P5_M91_L001","T_cell"
"E7_P1_M91_L001","NK"
"E7_P3_M91_L001","T_cell"
"E7_P4_M91_L001","T_cell"
"E7_P5_M91_L001","T_cell"
"E8_P1_M91_L001","T_cell"
"E8_P3_M91_L001","T_cell"
"E8_P5_M91_L001","T_cell"
"E9_P1_M91_L001","T_cell"
"E9_P3_M91_L001","T_cell"
"E9_P4_M91_L001","T_cell"
"E9_P5_M91_L001","T_cell"
"F10_P1_M91_L001","T_cell"
"F10_P3_M91_L001","T_cell"
"F10_P4_M91_L001","T_cell"
"F10_P5_M91_L001","T_cell"
"F11_P1_M91_L001","T_cell"
"F11_P3_M91_L001","Myeloid"
"F11_P4_M91_L001","T_cell"
"F11_P5_M91_L001","Myeloid"
"F12_P1_M91_L001","T_cell"
"F12_P3_M91_L001","T_cell"
"F12_P4_M91_L001","T_cell"
"F12_P5_M91_L001","T_cell"
"F1_P1_M91_L001","T_cell"
"F1_P3_M91_L001","T_cell"
"F1_P4_M91_L001","T_cell"
"F2_P3_M91_L001","T_cell"
"F2_P5_M91_L001","T_cell"
"F3_P1_M91_L001","T_cell"
"F3_P4_M91_L001","T_cell"
"F4_P1_M91_L001","T_cell"
"F4_P3_M91_L001","T_cell"
"F4_P5_M91_L001","T_cell"
"F5_P1_M91_L001","T_cell"
"F5_P3_M91_L001","T_cell"
"F5_P4_M91_L001","T_cell"
"F5_P5_M91_L001","T_cell"
"F6_P1_M91_L001","T_cell"
"F6_P3_M91_L001","T_cell"
"F6_P4_M91_L001","T_cell"
"F6_P5_M91_L001","T_cell"
"F7_P1_M91_L001","Myeloid"
"F7_P3_M91_L001","T_cell"
"F7_P4_M91_L001","NK"
"F7_P5_M91_L001","T_cell"
"F8_P1_M91_L001","T_cell"
"F8_P3_M91_L001","T_cell"
"F8_P4_M91_L001","T_cell"
"F8_P5_M91_L001","T_cell"
"F9_P1_M91_L001","NK"
"F9_P3_M91_L001","T_cell"
"F9_P4_M91_L001","T_cell"
"F9_P5_M91_L001","T_cell"
"G10_P1_M91_L001","T_cell"
"G10_P3_M91_L001","T_cell"
"G10_P5_M91_L001","T_cell"
"G11_P1_M91_L001","T_cell"
"G11_P3_M91_L001","T_cell"
"G11_P4_M91_L001","T_cell"
"G11_P5_M91_L001","T_cell"
"G12_P1_M91_L001","T_cell"
"G12_P3_M91_L001","Myeloid"
"G12_P5_M91_L001","T_cell"
"G1_P1_M91_L001","T_cell"
"G1_P3_M91_L001","Myeloid"
"G1_P4_M91_L001","T_cell"
"G2_P1_M91_L001","T_cell"
"G2_P3_M91_L001","T_cell"
"G2_P4_M91_L001","T_cell"
"G2_P5_M91_L001","T_cell"
"G3_P1_M91_L001","T_cell"
"G3_P3_M91_L001","Myeloid"
"G3_P4_M91_L001","T_cell"
"G3_P5_M91_L001","T_cell"
"G4_P1_M91_L001","T_cell"
"G4_P3_M91_L001","T_cell"
"G4_P4_M91_L001","T_cell"
"G4_P5_M91_L001","T_cell"
"G5_P1_M91_L001","T_cell"
"G5_P3_M91_L001","T_cell"
"G5_P4_M91_L001","T_cell"
"G5_P5_M91_L001","T_cell"
"G6_P1_M91_L001","T_cell"
"G6_P3_M91_L001","T_cell"
"G6_P4_M91_L001","T_cell"
"G6_P5_M91_L001","T_cell"
"G7_P1_M91_L001","T_cell"
"G7_P3_M91_L001","T_cell"
"G7_P4_M91_L001","T_cell"
"G7_P5_M91_L001","T_cell"
"G8_P1_M91_L001","NK"
"G8_P3_M91_L001","T_cell"
"G8_P4_M91_L001","T_cell"
"G8_P5_M91_L001","T_cell"
"G9_P3_M91_L001","T_cell"
"G9_P4_M91_L001","T_cell"
"G9_P5_M91_L001","T_cell"
"H10_P1_M91_L001","T_cell"
"H10_P3_M91_L001","T_cell"
"H10_P4_M91_L001","T_cell"
"H10_P5_M91_L001","T_cell"
"H11_P1_M91_L001","Myeloid"
"H11_P3_M91_L001","T_cell"
"H11_P4_M91_L001","T_cell"
"H11_P5_M91_L001","T_cell"
"H12_P1_M91_L001","T_cell"
"H12_P4_M91_L001","NK"
"H12_P5_M91_L001","Myeloid"
"H1_P1_M91_L001","T_cell"
"H1_P3_M91_L001","T_cell"
"H1_P5_M91_L001","T_cell"
"H2_P1_M91_L001","T_cell"
"H2_P3_M91_L001","T_cell"
"H2_P4_M91_L001","T_cell"
"H2_P5_M91_L001","T_cell"
"H3_P1_M91_L001","T_cell"
"H3_P3_M91_L001","T_cell"
"H3_P4_M91_L001","T_cell"
"H3_P5_M91_L001","T_cell"
"H4_P1_M91_L001","T_cell"
"H4_P3_M91_L001","T_cell"
"H4_P4_M91_L001","T_cell"
"H4_P5_M91_L001","T_cell"
"H5_P1_M91_L001","T_cell"
"H5_P3_M91_L001","T_cell"
"H5_P4_M91_L001","T_cell"
"H5_P5_M91_L001","T_cell"
"H6_P1_M91_L001","T_cell"
"H6_P3_M91_L001","T_cell"
"H6_P4_M91_L001","Myeloid"
"H6_P5_M91_L001","NK"
"H7_P1_M91_L001","T_cell"
"H7_P3_M91_L001","T_cell"
"H7_P4_M91_L001","T_cell"
"H7_P5_M91_L001","T_cell"
"H8_P1_M91_L001","T_cell"
"H8_P3_M91_L001","T_cell"
"H8_P4_M91_L001","T_cell"
"H8_P5_M91_L001","T_cell"
"H9_P1_M91_L001","T_cell"
"H9_P3_M91_L001","T_cell"
"H9_P5_M91_L001","T_cell"
"A10_P1_M81_L001","T_cell"
"A10_P2_M81_L001","T_cell"
"A10_P3_M81_L001","NK"
"A10_P4_M81_L001","T_cell"
"A11_P1_M81_L001","T_cell"
"A11_P2_M81_L001","T_cell"
"A11_P3_M81_L001","T_cell"
"A12_P1_M81_L001","T_cell"
"A12_P2_M81_L001","NK"
"A12_P3_M81_L001","T_cell"
"A12_P4_M81_L001","T_cell"
"A1_P1_M81_L001","T_cell"
"A1_P2_M81_L001","T_cell"
"A1_P4_M81_L001","NK"
"A2_P2_M81_L001","T_cell"
"A2_P3_M81_L001","T_cell"
"A2_P4_M81_L001","T_cell"
"A3_P1_M81_L001","T_cell"
"A3_P3_M81_L001","T_cell"
"A3_P4_M81_L001","T_cell"
"A4_P1_M81_L001","T_cell"
"A4_P2_M81_L001","T_cell"
"A4_P3_M81_L001","T_cell"
"A4_P4_M81_L001","T_cell"
"A5_P2_M81_L001","T_cell"
"A5_P4_M81_L001","T_cell"
"A6_P1_M81_L001","T_cell"
"A6_P2_M81_L001","T_cell"
"A6_P3_M81_L001","T_cell"
"A6_P4_M81_L001","T_cell"
"A7_P1_M81_L001","T_cell"
"A7_P2_M81_L001","T_cell"
"A7_P3_M81_L001","T_cell"
"A7_P4_M81_L001","NK"
"A8_P1_M81_L001","T_cell"
"A8_P2_M81_L001","T_cell"
"A8_P3_M81_L001","T_cell"
"A8_P4_M81_L001","NK"
"A9_P1_M81_L001","T_cell"
"A9_P2_M81_L001","T_cell"
"A9_P3_M81_L001","T_cell"
"A9_P4_M81_L001","T_cell"
"B10_P1_M81_L001","T_cell"
"B10_P2_M81_L001","T_cell"
"B10_P3_M81_L001","NK"
"B10_P4_M81_L001","NK"
"B11_P1_M81_L001","NK"
"B11_P2_M81_L001","T_cell"
"B11_P3_M81_L001","NK"
"B11_P4_M81_L001","T_cell"
"B12_P1_M81_L001","Myeloid"
"B12_P2_M81_L001","T_cell"
"B12_P3_M81_L001","T_cell"
"B12_P4_M81_L001","T_cell"
"B1_P1_M81_L001","NK"
"B1_P3_M81_L001","T_cell"
"B1_P4_M81_L001","T_cell"
"B2_P1_M81_L001","T_cell"
"B2_P2_M81_L001","T_cell"
"B2_P4_M81_L001","T_cell"
"B3_P2_M81_L001","T_cell"
"B3_P4_M81_L001","T_cell"
"B4_P1_M81_L001","T_cell"
"B5_P2_M81_L001","T_cell"
"B5_P4_M81_L001","T_cell"
"B6_P1_M81_L001","T_cell"
"B6_P3_M81_L001","Myeloid"
"B7_P1_M81_L001","T_cell"
"B7_P2_M81_L001","B_cell"
"B7_P3_M81_L001","T_cell"
"B7_P4_M81_L001","Myeloid"
"B8_P1_M81_L001","T_cell"
"B8_P2_M81_L001","T_cell"
"B8_P4_M81_L001","T_cell"
"B9_P1_M81_L001","NK"
"B9_P2_M81_L001","NK"
"B9_P3_M81_L001","T_cell"
"C10_P1_M81_L001","T_cell"
"C10_P2_M81_L001","T_cell"
"C10_P3_M81_L001","T_cell"
"C10_P4_M81_L001","NK"
"C11_P1_M81_L001","NK"
"C11_P2_M81_L001","T_cell"
"C11_P3_M81_L001","T_cell"
"C11_P4_M81_L001","T_cell"
"C12_P1_M81_L001","T_cell"
"C12_P2_M81_L001","T_cell"
"C12_P3_M81_L001","T_cell"
"C12_P4_M81_L001","B_cell"
"C1_P1_M81_L001","T_cell"
"C1_P2_M81_L001","T_cell"
"C1_P3_M81_L001","T_cell"
"C1_P4_M81_L001","T_cell"
"C2_P1_M81_L001","T_cell"
"C2_P2_M81_L001","T_cell"
"C2_P3_M81_L001","T_cell"
"C2_P4_M81_L001","T_cell"
"C3_P1_M81_L001","T_cell"
"C3_P2_M81_L001","NK"
"C3_P3_M81_L001","T_cell"
"C3_P4_M81_L001","T_cell"
"C4_P1_M81_L001","T_cell"
"C4_P2_M81_L001","T_cell"
"C4_P3_M81_L001","T_cell"
"C4_P4_M81_L001","T_cell"
"C5_P1_M81_L001","T_cell"
"C5_P2_M81_L001","T_cell"
"C5_P3_M81_L001","T_cell"
"C5_P4_M81_L001","T_cell"
"C6_P1_M81_L001","NK"
"C6_P3_M81_L001","T_cell"
"C7_P1_M81_L001","T_cell"
"C7_P2_M81_L001","T_cell"
"C7_P4_M81_L001","T_cell"
"C8_P1_M81_L001","T_cell"
"C8_P2_M81_L001","T_cell"
"C8_P3_M81_L001","T_cell"
"C9_P1_M81_L001","T_cell"
"C9_P2_M81_L001","T_cell"
"C9_P3_M81_L001","T_cell"
"C9_P4_M81_L001","T_cell"
"D10_P1_M81_L001","T_cell"
"D10_P2_M81_L001","T_cell"
"D10_P3_M81_L001","T_cell"
"D10_P4_M81_L001","NK"
"D11_P1_M81_L001","T_cell"
"D11_P2_M81_L001","T_cell"
"D11_P3_M81_L001","T_cell"
"D11_P4_M81_L001","T_cell"
"D12_P1_M81_L001","T_cell"
"D12_P2_M81_L001","T_cell"
"D12_P3_M81_L001","T_cell"
"D12_P4_M81_L001","T_cell"
"D1_P1_M81_L001","T_cell"
"D1_P3_M81_L001","T_cell"
"D1_P4_M81_L001","T_cell"
"D2_P1_M81_L001","T_cell"
"D2_P2_M81_L001","T_cell"
"D2_P4_M81_L001","T_cell"
"D3_P1_M81_L001","T_cell"
"D3_P3_M81_L001","T_cell"
"D4_P1_M81_L001","NK"
"D4_P2_M81_L001","T_cell"
"D4_P4_M81_L001","NK"
"D5_P1_M81_L001","T_cell"
"D5_P2_M81_L001","T_cell"
"D5_P3_M81_L001","T_cell"
"D5_P4_M81_L001","T_cell"
"D6_P2_M81_L001","T_cell"
"D6_P3_M81_L001","T_cell"
"D7_P1_M81_L001","T_cell"
"D7_P2_M81_L001","NK"
"D7_P3_M81_L001","T_cell"
"D7_P4_M81_L001","T_cell"
"D8_P2_M81_L001","T_cell"
"D8_P3_M81_L001","T_cell"
"D8_P4_M81_L001","T_cell"
"D9_P2_M81_L001","T_cell"
"D9_P3_M81_L001","T_cell"
"D9_P4_M81_L001","T_cell"
"E10_P1_M81_L001","NK"
"E10_P2_M81_L001","T_cell"
"E10_P3_M81_L001","T_cell"
"E10_P4_M81_L001","T_cell"
"E11_P1_M81_L001","T_cell"
"E11_P2_M81_L001","T_cell"
"E11_P3_M81_L001","T_cell"
"E11_P4_M81_L001","T_cell"
"E12_P1_M81_L001","T_cell"
"E12_P3_M81_L001","T_cell"
"E12_P4_M81_L001","T_cell"
"E1_P1_M81_L001","T_cell"
"E1_P2_M81_L001","T_cell"
"E1_P3_M81_L001","T_cell"
"E1_P4_M81_L001","T_cell"
"E2_P1_M81_L001","T_cell"
"E2_P2_M81_L001","T_cell"
"E2_P3_M81_L001","T_cell"
"E3_P1_M81_L001","T_cell"
"E3_P2_M81_L001","T_cell"
"E3_P4_M81_L001","T_cell"
"E4_P2_M81_L001","T_cell"
"E4_P3_M81_L001","T_cell"
"E4_P4_M81_L001","T_cell"
"E5_P1_M81_L001","B_cell"
"E5_P2_M81_L001","T_cell"
"E5_P3_M81_L001","T_cell"
"E5_P4_M81_L001","T_cell"
"E6_P1_M81_L001","T_cell"
"E6_P2_M81_L001","T_cell"
"E6_P3_M81_L001","T_cell"
"E6_P4_M81_L001","T_cell"
"E7_P1_M81_L001","T_cell"
"E7_P2_M81_L001","T_cell"
"E7_P4_M81_L001","T_cell"
"E8_P1_M81_L001","T_cell"
"E8_P2_M81_L001","T_cell"
"E8_P3_M81_L001","NK"
"E8_P4_M81_L001","T_cell"
"E9_P1_M81_L001","T_cell"
"E9_P2_M81_L001","T_cell"
"E9_P3_M81_L001","T_cell"
"E9_P4_M81_L001","NK"
"F10_P1_M81_L001","T_cell"
"F10_P2_M81_L001","T_cell"
"F10_P3_M81_L001","T_cell"
"F10_P4_M81_L001","T_cell"
"F11_P1_M81_L001","T_cell"
"F11_P2_M81_L001","T_cell"
"F11_P3_M81_L001","T_cell"
"F11_P4_M81_L001","NK"
"F12_P2_M81_L001","T_cell"
"F12_P3_M81_L001","T_cell"
"F12_P4_M81_L001","T_cell"
"F1_P1_M81_L001","T_cell"
"F1_P3_M81_L001","T_cell"
"F1_P4_M81_L001","T_cell"
"F2_P1_M81_L001","T_cell"
"F2_P2_M81_L001","T_cell"
"F2_P3_M81_L001","T_cell"
"F2_P4_M81_L001","T_cell"
"F3_P1_M81_L001","T_cell"
"F3_P2_M81_L001","T_cell"
"F3_P3_M81_L001","T_cell"
"F3_P4_M81_L001","T_cell"
"F4_P1_M81_L001","T_cell"
"F4_P2_M81_L001","T_cell"
"F4_P3_M81_L001","T_cell"
"F4_P4_M81_L001","B_cell"
"F5_P1_M81_L001","T_cell"
"F5_P2_M81_L001","T_cell"
"F5_P3_M81_L001","T_cell"
"F5_P4_M81_L001","T_cell"
"F6_P1_M81_L001","T_cell"
"F6_P2_M81_L001","NK"
"F6_P3_M81_L001","T_cell"
"F6_P4_M81_L001","T_cell"
"F7_P1_M81_L001","T_cell"
"F7_P2_M81_L001","T_cell"
"F7_P3_M81_L001","T_cell"
"F7_P4_M81_L001","T_cell"
"F8_P1_M81_L001","T_cell"
"F8_P2_M81_L001","Unassigned (all modules low)"
"F8_P3_M81_L001","T_cell"
"F8_P4_M81_L001","T_cell"
"F9_P1_M81_L001","T_cell"
"F9_P2_M81_L001","T_cell"
"F9_P3_M81_L001","T_cell"
"F9_P4_M81_L001","T_cell"
"G10_P1_M81_L001","T_cell"
"G10_P2_M81_L001","T_cell"
"G10_P3_M81_L001","T_cell"
"G10_P4_M81_L001","T_cell"
"G11_P1_M81_L001","T_cell"
"G11_P2_M81_L001","T_cell"
"G11_P3_M81_L001","T_cell"
"G11_P4_M81_L001","T_cell"
"G12_P1_M81_L001","T_cell"
"G12_P2_M81_L001","T_cell"
"G12_P3_M81_L001","T_cell"
"G12_P4_M81_L001","Myeloid"
"G1_P1_M81_L001","T_cell"
"G1_P2_M81_L001","T_cell"
"G1_P3_M81_L001","T_cell"
"G1_P4_M81_L001","T_cell"
"G2_P1_M81_L001","T_cell"
"G2_P2_M81_L001","T_cell"
"G2_P3_M81_L001","T_cell"
"G2_P4_M81_L001","NK"
"G3_P2_M81_L001","T_cell"
"G3_P3_M81_L001","T_cell"
"G3_P4_M81_L001","T_cell"
"G4_P1_M81_L001","T_cell"
"G4_P2_M81_L001","T_cell"
"G4_P3_M81_L001","T_cell"
"G4_P4_M81_L001","NK"
"G5_P1_M81_L001","T_cell"
"G5_P2_M81_L001","T_cell"
"G5_P3_M81_L001","T_cell"
"G5_P4_M81_L001","T_cell"
"G6_P1_M81_L001","T_cell"
"G6_P2_M81_L001","NK"
"G6_P3_M81_L001","T_cell"
"G6_P4_M81_L001","T_cell"
"G7_P1_M81_L001","T_cell"
"G7_P2_M81_L001","T_cell"
"G7_P3_M81_L001","T_cell"
"G7_P4_M81_L001","T_cell"
"G8_P1_M81_L001","T_cell"
"G8_P2_M81_L001","T_cell"
"G8_P3_M81_L001","T_cell"
"G8_P4_M81_L001","NK"
"G9_P1_M81_L001","T_cell"
"G9_P2_M81_L001","T_cell"
"G9_P4_M81_L001","NK"
"H10_P1_M81_L001","T_cell"
"H10_P2_M81_L001","T_cell"
"H10_P3_M81_L001","T_cell"
"H11_P1_M81_L001","T_cell"
"H11_P2_M81_L001","NK"
"H11_P3_M81_L001","T_cell"
"H11_P4_M81_L001","T_cell"
"H12_P1_M81_L001","T_cell"
"H12_P2_M81_L001","T_cell"
"H12_P3_M81_L001","B_cell"
"H12_P4_M81_L001","T_cell"
"H1_P2_M81_L001","T_cell"
"H1_P3_M81_L001","T_cell"
"H1_P4_M81_L001","T_cell"
"H2_P1_M81_L001","T_cell"
"H2_P3_M81_L001","T_cell"
"H2_P4_M81_L001","T_cell"
"H3_P1_M81_L001","T_cell"
"H3_P2_M81_L001","T_cell"
"H3_P4_M81_L001","T_cell"
"H4_P1_M81_L001","T_cell"
"H4_P2_M81_L001","T_cell"
"H4_P3_M81_L001","NK"
"H4_P4_M81_L001","NK"
"H5_P1_M81_L001","T_cell"
"H5_P2_M81_L001","T_cell"
"H5_P3_M81_L001","T_cell"
"H5_P4_M81_L001","T_cell"
"H6_P1_M81_L001","T_cell"
"H6_P2_M81_L001","T_cell"
"H6_P3_M81_L001","T_cell"
"H6_P4_M81_L001","T_cell"
"H7_P1_M81_L001","T_cell"
"H7_P2_M81_L001","T_cell"
"H7_P3_M81_L001","T_cell"
"H7_P4_M81_L001","T_cell"
"H8_P2_M81_L001","T_cell"
"H8_P3_M81_L001","T_cell"
"H8_P4_M81_L001","T_cell"
"H9_P1_M81_L001","T_cell"
"H9_P3_M81_L001","T_cell"
"H9_P4_M81_L001","T_cell"
"A10_P10_M86_L001","Myeloid"
"A10_P6_M86_L001","Myeloid"
"A10_P8_M86_L001","T_cell"
"A10_P9_M86_L001","Myeloid"
"A11_P10_M86_L001","Myeloid"
"A11_P6_M86_L001","Myeloid"
"A11_P8_M86_L001","Myeloid"
"A11_P9_M86_L001","Myeloid"
"A12_P10_M86_L001","Myeloid"
"A12_P6_M86_L001","Myeloid"
"A12_P8_M86_L001","Myeloid"
"A12_P9_M86_L001","Myeloid"
"A2_P10_M86_L001","Myeloid"
"A2_P6_M86_L001","Myeloid"
"A2_P8_M86_L001","Myeloid"
"A2_P9_M86_L001","Myeloid"
"A3_P10_M86_L001","Myeloid"
"A3_P6_M86_L001","Myeloid"
"A3_P8_M86_L001","Myeloid"
"A3_P9_M86_L001","Myeloid"
"A4_P10_M86_L001","Myeloid"
"A4_P6_M86_L001","Myeloid"
"A4_P8_M86_L001","Myeloid"
"A4_P9_M86_L001","Myeloid"
"A5_P10_M86_L001","Myeloid"
"A5_P6_M86_L001","Myeloid"
"A5_P8_M86_L001","Myeloid"
"A5_P9_M86_L001","T_cell"
"A6_P10_M86_L001","Myeloid"
"A6_P6_M86_L001","Myeloid"
"A6_P8_M86_L001","Myeloid"
"A6_P9_M86_L001","Myeloid"
"A7_P10_M86_L001","Myeloid"
"A7_P6_M86_L001","Myeloid"
"A7_P9_M86_L001","T_cell"
"A8_P10_M86_L001","Myeloid"
"A8_P6_M86_L001","Myeloid"
"A8_P8_M86_L001","Myeloid"
"A8_P9_M86_L001","Myeloid"
"A9_P10_M86_L001","Myeloid"
"A9_P6_M86_L001","Myeloid"
"A9_P8_M86_L001","Myeloid"
"A9_P9_M86_L001","Myeloid"
"B10_P10_M86_L001","Myeloid"
"B10_P6_M86_L001","Myeloid"
"B10_P8_M86_L001","T_cell"
"B10_P9_M86_L001","T_cell"
"B11_P10_M86_L001","Myeloid"
"B11_P6_M86_L001","Myeloid"
"B11_P8_M86_L001","Myeloid"
"B11_P9_M86_L001","Myeloid"
"B12_P10_M86_L001","Myeloid"
"B12_P6_M86_L001","Myeloid"
"B12_P8_M86_L001","Myeloid"
"B12_P9_M86_L001","Myeloid"
"B1_P10_M86_L001","Myeloid"
"B1_P6_M86_L001","Myeloid"
"B1_P8_M86_L001","Myeloid"
"B1_P9_M86_L001","Myeloid"
"B2_P10_M86_L001","T_cell"
"B2_P6_M86_L001","Myeloid"
"B2_P8_M86_L001","Myeloid"
"B2_P9_M86_L001","Myeloid"
"B3_P10_M86_L001","Myeloid"
"B3_P6_M86_L001","Myeloid"
"B3_P8_M86_L001","Myeloid"
"B3_P9_M86_L001","Myeloid"
"B4_P10_M86_L001","Myeloid"
"B4_P6_M86_L001","Myeloid"
"B4_P8_M86_L001","Myeloid"
"B5_P10_M86_L001","Myeloid"
"B5_P6_M86_L001","Myeloid"
"B5_P8_M86_L001","Myeloid"
"B5_P9_M86_L001","Myeloid"
"B6_P10_M86_L001","Myeloid"
"B6_P6_M86_L001","Myeloid"
"B6_P8_M86_L001","Myeloid"
"B6_P9_M86_L001","Myeloid"
"B7_P10_M86_L001","Myeloid"
"B7_P6_M86_L001","Myeloid"
"B7_P8_M86_L001","Myeloid"
"B7_P9_M86_L001","Myeloid"
"B8_P10_M86_L001","Myeloid"
"B8_P6_M86_L001","Myeloid"
"B8_P8_M86_L001","Myeloid"
"B8_P9_M86_L001","Myeloid"
"B9_P10_M86_L001","Myeloid"
"B9_P6_M86_L001","Myeloid"
"B9_P8_M86_L001","Myeloid"
"B9_P9_M86_L001","Myeloid"
"C10_P10_M86_L001","Myeloid"
"C10_P6_M86_L001","Myeloid"
"C10_P8_M86_L001","Myeloid"
"C10_P9_M86_L001","Myeloid"
"C11_P10_M86_L001","Myeloid"
"C11_P6_M86_L001","Myeloid"
"C11_P8_M86_L001","Myeloid"
"C11_P9_M86_L001","Myeloid"
"C12_P10_M86_L001","Myeloid"
"C12_P6_M86_L001","Myeloid"
"C12_P8_M86_L001","Myeloid"
"C12_P9_M86_L001","Myeloid"
"C1_P10_M86_L001","Myeloid"
"C1_P6_M86_L001","Myeloid"
"C1_P8_M86_L001","Myeloid"
"C1_P9_M86_L001","Myeloid"
"C2_P10_M86_L001","Myeloid"
"C2_P6_M86_L001","Myeloid"
"C2_P8_M86_L001","Myeloid"
"C2_P9_M86_L001","Myeloid"
"C3_P10_M86_L001","Myeloid"
"C3_P6_M86_L001","Myeloid"
"C3_P8_M86_L001","Myeloid"
"C3_P9_M86_L001","Myeloid"
"C4_P10_M86_L001","Myeloid"
"C4_P6_M86_L001","Myeloid"
"C4_P8_M86_L001","Myeloid"
"C4_P9_M86_L001","Myeloid"
"C5_P10_M86_L001","Myeloid"
"C5_P6_M86_L001","Myeloid"
"C5_P8_M86_L001","Myeloid"
"C5_P9_M86_L001","Myeloid"
"C6_P10_M86_L001","Myeloid"
"C6_P6_M86_L001","Myeloid"
"C6_P8_M86_L001","Myeloid"
"C6_P9_M86_L001","Myeloid"
"C7_P10_M86_L001","Myeloid"
"C7_P6_M86_L001","Myeloid"
"C7_P8_M86_L001","Myeloid"
"C7_P9_M86_L001","Myeloid"
"C8_P10_M86_L001","Myeloid"
"C8_P6_M86_L001","Myeloid"
"C8_P8_M86_L001","Myeloid"
"C8_P9_M86_L001","Myeloid"
"C9_P10_M86_L001","Myeloid"
"C9_P6_M86_L001","Myeloid"
"C9_P8_M86_L001","Myeloid"
"C9_P9_M86_L001","Myeloid"
"D10_P10_M86_L001","Myeloid"
"D10_P6_M86_L001","Myeloid"
"D10_P8_M86_L001","Myeloid"
"D10_P9_M86_L001","Myeloid"
"D11_P10_M86_L001","Myeloid"
"D11_P6_M86_L001","Myeloid"
"D11_P8_M86_L001","Myeloid"
"D11_P9_M86_L001","Myeloid"
"D12_P10_M86_L001","Myeloid"
"D12_P6_M86_L001","Myeloid"
"D12_P8_M86_L001","Myeloid"
"D12_P9_M86_L001","Myeloid"
"D1_P10_M86_L001","Myeloid"
"D1_P6_M86_L001","Myeloid"
"D1_P8_M86_L001","Myeloid"
"D1_P9_M86_L001","T_cell"
"D2_P10_M86_L001","Myeloid"
"D2_P6_M86_L001","Myeloid"
"D2_P8_M86_L001","Myeloid"
"D2_P9_M86_L001","Myeloid"
"D3_P10_M86_L001","Myeloid"
"D3_P6_M86_L001","Myeloid"
"D3_P8_M86_L001","Myeloid"
"D3_P9_M86_L001","Myeloid"
"D4_P10_M86_L001","Myeloid"
"D4_P6_M86_L001","Myeloid"
"D4_P8_M86_L001","Myeloid"
"D4_P9_M86_L001","Myeloid"
"D5_P10_M86_L001","Myeloid"
"D5_P6_M86_L001","Myeloid"
"D5_P8_M86_L001","Myeloid"
"D5_P9_M86_L001","Myeloid"
"D6_P10_M86_L001","Myeloid"
"D6_P6_M86_L001","Myeloid"
"D6_P8_M86_L001","Myeloid"
"D6_P9_M86_L001","Myeloid"
"D7_P10_M86_L001","Myeloid"
"D7_P6_M86_L001","Myeloid"
"D7_P8_M86_L001","Myeloid"
"D7_P9_M86_L001","T_cell"
"D8_P10_M86_L001","Myeloid"
"D8_P6_M86_L001","Myeloid"
"D8_P8_M86_L001","Myeloid"
"D8_P9_M86_L001","Myeloid"
"D9_P10_M86_L001","Myeloid"
"D9_P6_M86_L001","Myeloid"
"D9_P8_M86_L001","Myeloid"
"D9_P9_M86_L001","Myeloid"
"E10_P10_M86_L001","Myeloid"
"E10_P6_M86_L001","Myeloid"
"E10_P8_M86_L001","Myeloid"
"E10_P9_M86_L001","Myeloid"
"E11_P10_M86_L001","Myeloid"
"E11_P6_M86_L001","Myeloid"
"E11_P8_M86_L001","Myeloid"
"E11_P9_M86_L001","Myeloid"
"E12_P10_M86_L001","Myeloid"
"E12_P6_M86_L001","Myeloid"
"E12_P8_M86_L001","T_cell"
"E12_P9_M86_L001","Myeloid"
"E1_P10_M86_L001","Myeloid"
"E1_P6_M86_L001","Myeloid"
"E1_P8_M86_L001","Myeloid"
"E1_P9_M86_L001","Myeloid"
"E2_P10_M86_L001","Myeloid"
"E2_P6_M86_L001","Myeloid"
"E2_P8_M86_L001","Myeloid"
"E2_P9_M86_L001","Myeloid"
"E3_P10_M86_L001","Myeloid"
"E3_P6_M86_L001","Myeloid"
"E3_P8_M86_L001","Myeloid"
"E3_P9_M86_L001","Myeloid"
"E4_P10_M86_L001","Myeloid"
"E4_P6_M86_L001","Myeloid"
"E4_P8_M86_L001","Myeloid"
"E4_P9_M86_L001","Myeloid"
"E5_P10_M86_L001","Myeloid"
"E5_P6_M86_L001","Myeloid"
"E5_P8_M86_L001","Myeloid"
"E5_P9_M86_L001","Myeloid"
"E6_P10_M86_L001","Myeloid"
"E6_P6_M86_L001","Myeloid"
"E6_P8_M86_L001","Myeloid"
"E6_P9_M86_L001","Myeloid"
"E7_P10_M86_L001","Myeloid"
"E7_P6_M86_L001","Myeloid"
"E7_P8_M86_L001","Myeloid"
"E7_P9_M86_L001","Myeloid"
"E8_P10_M86_L001","Myeloid"
"E8_P6_M86_L001","Myeloid"
"E8_P8_M86_L001","Myeloid"
"E8_P9_M86_L001","Myeloid"
"E9_P10_M86_L001","Myeloid"
"E9_P6_M86_L001","T_cell"
"E9_P8_M86_L001","Myeloid"
"E9_P9_M86_L001","Myeloid"
"F10_P10_M86_L001","Myeloid"
"F10_P6_M86_L001","Myeloid"
"F10_P8_M86_L001","Myeloid"
"F10_P9_M86_L001","Myeloid"
"F11_P10_M86_L001","Myeloid"
"F11_P6_M86_L001","Myeloid"
"F11_P8_M86_L001","Myeloid"
"F11_P9_M86_L001","Myeloid"
"F12_P10_M86_L001","Myeloid"
"F12_P6_M86_L001","Myeloid"
"F12_P8_M86_L001","Myeloid"
"F12_P9_M86_L001","Myeloid"
"F1_P10_M86_L001","Myeloid"
"F1_P6_M86_L001","Myeloid"
"F1_P8_M86_L001","Myeloid"
"F1_P9_M86_L001","Myeloid"
"F2_P10_M86_L001","Myeloid"
"F2_P8_M86_L001","Myeloid"
"F2_P9_M86_L001","Myeloid"
"F3_P10_M86_L001","Myeloid"
"F3_P6_M86_L001","Myeloid"
"F3_P9_M86_L001","Myeloid"
"F4_P10_M86_L001","Myeloid"
"F4_P6_M86_L001","Myeloid"
"F4_P8_M86_L001","Myeloid"
"F4_P9_M86_L001","Myeloid"
"F5_P10_M86_L001","Myeloid"
"F5_P6_M86_L001","Myeloid"
"F5_P8_M86_L001","T_cell"
"F5_P9_M86_L001","Myeloid"
"F6_P10_M86_L001","Myeloid"
"F6_P6_M86_L001","Myeloid"
"F6_P8_M86_L001","T_cell"
"F6_P9_M86_L001","Myeloid"
"F7_P10_M86_L001","Myeloid"
"F7_P6_M86_L001","Myeloid"
"F7_P8_M86_L001","Myeloid"
"F7_P9_M86_L001","Myeloid"
"F8_P10_M86_L001","Myeloid"
"F8_P6_M86_L001","Myeloid"
"F8_P8_M86_L001","Myeloid"
"F8_P9_M86_L001","Myeloid"
"F9_P10_M86_L001","Myeloid"
"F9_P6_M86_L001","Myeloid"
"F9_P8_M86_L001","Myeloid"
"F9_P9_M86_L001","Myeloid"
"G10_P10_M86_L001","Myeloid"
"G10_P6_M86_L001","Myeloid"
"G10_P8_M86_L001","Myeloid"
"G10_P9_M86_L001","Myeloid"
"G11_P10_M86_L001","Myeloid"
"G11_P6_M86_L001","T_cell"
"G11_P8_M86_L001","Myeloid"
"G11_P9_M86_L001","T_cell"
"G12_P10_M86_L001","Myeloid"
"G12_P6_M86_L001","Myeloid"
"G12_P8_M86_L001","Myeloid"
"G12_P9_M86_L001","Myeloid"
"G1_P10_M86_L001","Myeloid"
"G1_P6_M86_L001","Myeloid"
"G1_P8_M86_L001","Myeloid"
"G1_P9_M86_L001","Myeloid"
"G2_P10_M86_L001","Myeloid"
"G2_P6_M86_L001","Myeloid"
"G2_P8_M86_L001","Myeloid"
"G2_P9_M86_L001","Myeloid"
"G3_P10_M86_L001","Myeloid"
"G3_P6_M86_L001","Myeloid"
"G3_P8_M86_L001","Myeloid"
"G3_P9_M86_L001","Myeloid"
"G4_P10_M86_L001","Myeloid"
"G4_P6_M86_L001","Myeloid"
"G4_P8_M86_L001","Myeloid"
"G4_P9_M86_L001","Myeloid"
"G5_P10_M86_L001","Myeloid"
"G5_P6_M86_L001","Myeloid"
"G5_P8_M86_L001","Myeloid"
"G5_P9_M86_L001","Myeloid"
"G6_P10_M86_L001","Myeloid"
"G6_P6_M86_L001","Myeloid"
"G6_P9_M86_L001","Myeloid"
"G7_P10_M86_L001","Myeloid"
"G7_P6_M86_L001","Myeloid"
"G7_P8_M86_L001","T_cell"
"G8_P10_M86_L001","Myeloid"
"G8_P6_M86_L001","Myeloid"
"G8_P8_M86_L001","T_cell"
"G8_P9_M86_L001","Myeloid"
"G9_P10_M86_L001","Myeloid"
"G9_P6_M86_L001","Myeloid"
"G9_P9_M86_L001","Myeloid"
"H10_P10_M86_L001","Myeloid"
"H10_P6_M86_L001","Myeloid"
"H10_P8_M86_L001","Myeloid"
"H11_P10_M86_L001","Myeloid"
"H11_P6_M86_L001","Myeloid"
"H11_P8_M86_L001","T_cell"
"H11_P9_M86_L001","Myeloid"
"H12_P10_M86_L001","Myeloid"
"H12_P6_M86_L001","Myeloid"
"H12_P8_M86_L001","Myeloid"
"H12_P9_M86_L001","Myeloid"
"H1_P10_M86_L001","Myeloid"
"H1_P6_M86_L001","Myeloid"
"H1_P8_M86_L001","Myeloid"
"H1_P9_M86_L001","Myeloid"
"H2_P10_M86_L001","Myeloid"
"H2_P6_M86_L001","Myeloid"
"H2_P8_M86_L001","Myeloid"
"H2_P9_M86_L001","Myeloid"
"H3_P10_M86_L001","Myeloid"
"H3_P6_M86_L001","Myeloid"
"H3_P8_M86_L001","Myeloid"
"H3_P9_M86_L001","Myeloid"
"H4_P10_M86_L001","Myeloid"
"H4_P6_M86_L001","Myeloid"
"H4_P8_M86_L001","Myeloid"
"H4_P9_M86_L001","Myeloid"
"H5_P10_M86_L001","Myeloid"
"H5_P6_M86_L001","Myeloid"
"H5_P8_M86_L001","Myeloid"
"H5_P9_M86_L001","T_cell"
"H6_P6_M86_L001","Myeloid"
"H6_P8_M86_L001","Myeloid"
"H6_P9_M86_L001","Myeloid"
"H7_P10_M86_L001","Myeloid"
"H7_P6_M86_L001","Myeloid"
"H7_P8_M86_L001","Myeloid"
"H7_P9_M86_L001","Myeloid"
"H8_P10_M86_L001","Myeloid"
"H8_P8_M86_L001","Myeloid"
"H8_P9_M86_L001","Myeloid"
"H9_P10_M86_L001","Myeloid"
"H9_P6_M86_L001","Myeloid"
"H9_P9_M86_L001","Myeloid"
"A10_P1_M89_L001","T_cell"
"A10_P3_M89_L001","T_cell"
"A10_P4_M89_L001","T_cell"
"A10_P5_M89_L001","Myeloid"
"A11_P1_M89_L001","Myeloid"
"A11_P3_M89_L001","Myeloid"
"A11_P4_M89_L001","Myeloid"
"A11_P5_M89_L001","T_cell"
"A12_P1_M89_L001","T_cell"
"A12_P3_M89_L001","Myeloid"
"A12_P4_M89_L001","T_cell"
"A12_P5_M89_L001","T_cell"
"A2_P1_M89_L001","T_cell"
"A2_P3_M89_L001","T_cell"
"A2_P4_M89_L001","T_cell"
"A2_P5_M89_L001","NK"
"A3_P1_M89_L001","NK"
"A3_P3_M89_L001","T_cell"
"A3_P4_M89_L001","NK"
"A3_P5_M89_L001","Myeloid"
"A4_P1_M89_L001","Myeloid"
"A4_P3_M89_L001","T_cell"
"A4_P4_M89_L001","Myeloid"
"A4_P5_M89_L001","T_cell"
"A5_P1_M89_L001","Myeloid"
"A5_P3_M89_L001","T_cell"
"A5_P4_M89_L001","T_cell"
"A5_P5_M89_L001","T_cell"
"A6_P1_M89_L001","T_cell"
"A6_P3_M89_L001","T_cell"
"A6_P4_M89_L001","T_cell"
"A6_P5_M89_L001","Myeloid"
"A7_P1_M89_L001","T_cell"
"A7_P3_M89_L001","T_cell"
"A7_P4_M89_L001","T_cell"
"A7_P5_M89_L001","Myeloid"
"A8_P1_M89_L001","Myeloid"
"A8_P3_M89_L001","T_cell"
"A8_P4_M89_L001","T_cell"
"A8_P5_M89_L001","Myeloid"
"A9_P1_M89_L001","T_cell"
"A9_P3_M89_L001","T_cell"
"A9_P4_M89_L001","Myeloid"
"A9_P5_M89_L001","T_cell"
"B10_P3_M89_L001","Myeloid"
"B10_P4_M89_L001","T_cell"
"B10_P5_M89_L001","T_cell"
"B11_P1_M89_L001","T_cell"
"B11_P3_M89_L001","Myeloid"
"B11_P4_M89_L001","Myeloid"
"B11_P5_M89_L001","T_cell"
"B12_P1_M89_L001","T_cell"
"B12_P3_M89_L001","T_cell"
"B12_P4_M89_L001","T_cell"
"B12_P5_M89_L001","T_cell"
"B1_P1_M89_L001","T_cell"
"B1_P3_M89_L001","T_cell"
"B1_P4_M89_L001","Myeloid"
"B1_P5_M89_L001","T_cell"
"B2_P1_M89_L001","NK"
"B2_P3_M89_L001","T_cell"
"B2_P4_M89_L001","T_cell"
"B2_P5_M89_L001","T_cell"
"B3_P1_M89_L001","T_cell"
"B3_P3_M89_L001","T_cell"
"B3_P4_M89_L001","T_cell"
"B3_P5_M89_L001","T_cell"
"B4_P1_M89_L001","T_cell"
"B4_P3_M89_L001","T_cell"
"B4_P4_M89_L001","T_cell"
"B4_P5_M89_L001","T_cell"
"B5_P1_M89_L001","T_cell"
"B5_P3_M89_L001","T_cell"
"B5_P4_M89_L001","T_cell"
"B5_P5_M89_L001","NK"
"B6_P1_M89_L001","T_cell"
"B6_P3_M89_L001","T_cell"
"B6_P4_M89_L001","T_cell"
"B6_P5_M89_L001","T_cell"
"B7_P1_M89_L001","T_cell"
"B7_P3_M89_L001","Myeloid"
"B7_P5_M89_L001","Myeloid"
"B8_P1_M89_L001","Myeloid"
"B8_P3_M89_L001","Myeloid"
"B8_P4_M89_L001","T_cell"
"B9_P1_M89_L001","T_cell"
"B9_P3_M89_L001","T_cell"
"B9_P4_M89_L001","Myeloid"
"B9_P5_M89_L001","T_cell"
"C10_P1_M89_L001","T_cell"
"C10_P3_M89_L001","T_cell"
"C10_P4_M89_L001","Myeloid"
"C10_P5_M89_L001","Myeloid"
"C11_P1_M89_L001","Myeloid"
"C11_P3_M89_L001","T_cell"
"C11_P4_M89_L001","Myeloid"
"C11_P5_M89_L001","Myeloid"
"C12_P1_M89_L001","T_cell"
"C12_P3_M89_L001","T_cell"
"C12_P4_M89_L001","T_cell"
"C12_P5_M89_L001","T_cell"
"C1_P1_M89_L001","Myeloid"
"C1_P3_M89_L001","Myeloid"
"C1_P4_M89_L001","NK"
"C1_P5_M89_L001","T_cell"
"C2_P1_M89_L001","T_cell"
"C2_P3_M89_L001","NK"
"C2_P4_M89_L001","T_cell"
"C2_P5_M89_L001","T_cell"
"C3_P1_M89_L001","T_cell"
"C3_P3_M89_L001","Myeloid"
"C3_P4_M89_L001","T_cell"
"C3_P5_M89_L001","T_cell"
"C4_P1_M89_L001","T_cell"
"C4_P3_M89_L001","T_cell"
"C4_P4_M89_L001","T_cell"
"C4_P5_M89_L001","T_cell"
"C5_P1_M89_L001","Myeloid"
"C5_P3_M89_L001","T_cell"
"C5_P4_M89_L001","T_cell"
"C5_P5_M89_L001","Myeloid"
"C6_P1_M89_L001","T_cell"
"C6_P3_M89_L001","T_cell"
"C6_P4_M89_L001","Myeloid"
"C6_P5_M89_L001","T_cell"
"C7_P1_M89_L001","T_cell"
"C7_P3_M89_L001","T_cell"
"C7_P4_M89_L001","T_cell"
"C7_P5_M89_L001","Myeloid"
"C8_P1_M89_L001","T_cell"
"C8_P3_M89_L001","T_cell"
"C8_P4_M89_L001","T_cell"
"C8_P5_M89_L001","Myeloid"
"C9_P1_M89_L001","T_cell"
"C9_P3_M89_L001","T_cell"
"C9_P4_M89_L001","T_cell"
"C9_P5_M89_L001","T_cell"
"D10_P3_M89_L001","T_cell"
"D10_P4_M89_L001","Myeloid"
"D10_P5_M89_L001","T_cell"
"D11_P1_M89_L001","T_cell"
"D11_P3_M89_L001","Myeloid"
"D11_P4_M89_L001","T_cell"
"D11_P5_M89_L001","T_cell"
"D12_P3_M89_L001","NK"
"D12_P4_M89_L001","T_cell"
"D12_P5_M89_L001","Myeloid"
"D1_P1_M89_L001","T_cell"
"D1_P3_M89_L001","T_cell"
"D1_P4_M89_L001","T_cell"
"D1_P5_M89_L001","NK"
"D2_P1_M89_L001","T_cell"
"D2_P3_M89_L001","T_cell"
"D2_P4_M89_L001","T_cell"
"D2_P5_M89_L001","T_cell"
"D3_P1_M89_L001","T_cell"
"D3_P3_M89_L001","Myeloid"
"D3_P4_M89_L001","Myeloid"
"D3_P5_M89_L001","T_cell"
"D4_P1_M89_L001","Myeloid"
"D4_P3_M89_L001","T_cell"
"D4_P4_M89_L001","T_cell"
"D4_P5_M89_L001","T_cell"
"D5_P1_M89_L001","Myeloid"
"D5_P3_M89_L001","Myeloid"
"D5_P4_M89_L001","T_cell"
"D5_P5_M89_L001","T_cell"
"D6_P1_M89_L001","T_cell"
"D6_P3_M89_L001","T_cell"
"D6_P4_M89_L001","Myeloid"
"D6_P5_M89_L001","T_cell"
"D7_P1_M89_L001","Myeloid"
"D7_P3_M89_L001","T_cell"
"D7_P4_M89_L001","T_cell"
"D7_P5_M89_L001","T_cell"
"D8_P1_M89_L001","T_cell"
"D8_P3_M89_L001","T_cell"
"D8_P4_M89_L001","Myeloid"
"D8_P5_M89_L001","T_cell"
"D9_P1_M89_L001","Myeloid"
"D9_P3_M89_L001","Myeloid"
"D9_P4_M89_L001","Myeloid"
"D9_P5_M89_L001","T_cell"
"E10_P1_M89_L001","Myeloid"
"E10_P3_M89_L001","T_cell"
"E10_P4_M89_L001","NK"
"E10_P5_M89_L001","T_cell"
"E11_P1_M89_L001","T_cell"
"E11_P3_M89_L001","T_cell"
"E11_P4_M89_L001","T_cell"
"E11_P5_M89_L001","T_cell"
"E12_P1_M89_L001","T_cell"
"E12_P3_M89_L001","Myeloid"
"E12_P4_M89_L001","T_cell"
"E12_P5_M89_L001","Myeloid"
"E1_P1_M89_L001","Myeloid"
"E1_P3_M89_L001","T_cell"
"E1_P4_M89_L001","T_cell"
"E1_P5_M89_L001","T_cell"
"E2_P1_M89_L001","T_cell"
"E2_P3_M89_L001","T_cell"
"E2_P4_M89_L001","Myeloid"
"E2_P5_M89_L001","T_cell"
"E3_P1_M89_L001","T_cell"
"E3_P3_M89_L001","Myeloid"
"E3_P4_M89_L001","NK"
"E3_P5_M89_L001","Myeloid"
"E4_P1_M89_L001","T_cell"
"E4_P3_M89_L001","T_cell"
"E4_P4_M89_L001","T_cell"
"E4_P5_M89_L001","T_cell"
"E5_P1_M89_L001","T_cell"
"E5_P3_M89_L001","T_cell"
"E5_P4_M89_L001","T_cell"
"E5_P5_M89_L001","T_cell"
"E6_P1_M89_L001","T_cell"
"E6_P3_M89_L001","T_cell"
"E6_P4_M89_L001","Myeloid"
"E6_P5_M89_L001","Myeloid"
"E7_P1_M89_L001","T_cell"
"E7_P3_M89_L001","Myeloid"
"E7_P4_M89_L001","T_cell"
"E7_P5_M89_L001","T_cell"
"E8_P1_M89_L001","T_cell"
"E8_P3_M89_L001","T_cell"
"E8_P4_M89_L001","T_cell"
"E8_P5_M89_L001","T_cell"
"E9_P1_M89_L001","T_cell"
"E9_P3_M89_L001","T_cell"
"E9_P4_M89_L001","T_cell"
"E9_P5_M89_L001","T_cell"
"F10_P1_M89_L001","Myeloid"
"F10_P3_M89_L001","T_cell"
"F10_P4_M89_L001","T_cell"
"F10_P5_M89_L001","T_cell"
"F11_P1_M89_L001","T_cell"
"F11_P3_M89_L001","T_cell"
"F11_P4_M89_L001","T_cell"
"F11_P5_M89_L001","Myeloid"
"F12_P1_M89_L001","T_cell"
"F12_P3_M89_L001","T_cell"
"F12_P4_M89_L001","T_cell"
"F12_P5_M89_L001","Myeloid"
"F1_P1_M89_L001","T_cell"
"F1_P3_M89_L001","NK"
"F1_P4_M89_L001","Myeloid"
"F1_P5_M89_L001","Myeloid"
"F2_P1_M89_L001","T_cell"
"F2_P3_M89_L001","T_cell"
"F2_P4_M89_L001","T_cell"
"F2_P5_M89_L001","T_cell"
"F3_P1_M89_L001","T_cell"
"F3_P3_M89_L001","Myeloid"
"F3_P4_M89_L001","T_cell"
"F3_P5_M89_L001","T_cell"
"F4_P1_M89_L001","T_cell"
"F4_P3_M89_L001","T_cell"
"F4_P4_M89_L001","Myeloid"
"F4_P5_M89_L001","T_cell"
"F5_P1_M89_L001","T_cell"
"F5_P3_M89_L001","T_cell"
"F5_P4_M89_L001","T_cell"
"F5_P5_M89_L001","T_cell"
"F6_P1_M89_L001","Myeloid"
"F6_P3_M89_L001","T_cell"
"F6_P4_M89_L001","T_cell"
"F6_P5_M89_L001","T_cell"
"F7_P1_M89_L001","T_cell"
"F7_P3_M89_L001","T_cell"
"F7_P4_M89_L001","T_cell"
"F7_P5_M89_L001","T_cell"
"F8_P1_M89_L001","T_cell"
"F8_P3_M89_L001","Myeloid"
"F8_P4_M89_L001","T_cell"
"F8_P5_M89_L001","T_cell"
"F9_P1_M89_L001","NK"
"F9_P3_M89_L001","T_cell"
"F9_P4_M89_L001","T_cell"
"F9_P5_M89_L001","T_cell"
"G10_P1_M89_L001","T_cell"
"G10_P3_M89_L001","T_cell"
"G10_P4_M89_L001","T_cell"
"G10_P5_M89_L001","T_cell"
"G11_P1_M89_L001","T_cell"
"G11_P3_M89_L001","T_cell"
"G11_P4_M89_L001","T_cell"
"G11_P5_M89_L001","Myeloid"
"G12_P1_M89_L001","T_cell"
"G12_P3_M89_L001","T_cell"
"G12_P4_M89_L001","Myeloid"
"G12_P5_M89_L001","T_cell"
"G1_P1_M89_L001","Myeloid"
"G1_P3_M89_L001","T_cell"
"G1_P4_M89_L001","T_cell"
"G1_P5_M89_L001","T_cell"
"G2_P1_M89_L001","T_cell"
"G2_P3_M89_L001","T_cell"
"G2_P4_M89_L001","T_cell"
"G2_P5_M89_L001","Myeloid"
"G3_P1_M89_L001","T_cell"
"G3_P3_M89_L001","T_cell"
"G3_P4_M89_L001","Myeloid"
"G3_P5_M89_L001","T_cell"
"G4_P1_M89_L001","Myeloid"
"G4_P3_M89_L001","Myeloid"
"G4_P4_M89_L001","Myeloid"
"G4_P5_M89_L001","Myeloid"
"G5_P1_M89_L001","Myeloid"
"G5_P3_M89_L001","Myeloid"
"G5_P4_M89_L001","T_cell"
"G5_P5_M89_L001","T_cell"
"G6_P1_M89_L001","Myeloid"
"G6_P3_M89_L001","T_cell"
"G6_P4_M89_L001","T_cell"
"G6_P5_M89_L001","T_cell"
"G7_P1_M89_L001","T_cell"
"G7_P3_M89_L001","Myeloid"
"G7_P4_M89_L001","Myeloid"
"G7_P5_M89_L001","T_cell"
"G8_P1_M89_L001","T_cell"
"G8_P3_M89_L001","T_cell"
"G8_P4_M89_L001","T_cell"
"G8_P5_M89_L001","T_cell"
"G9_P1_M89_L001","T_cell"
"G9_P3_M89_L001","NK"
"G9_P4_M89_L001","Myeloid"
"G9_P5_M89_L001","T_cell"
"H10_P1_M89_L001","T_cell"
"H10_P3_M89_L001","T_cell"
"H10_P4_M89_L001","T_cell"
"H10_P5_M89_L001","T_cell"
"H11_P1_M89_L001","T_cell"
"H11_P3_M89_L001","Myeloid"
"H11_P4_M89_L001","Myeloid"
"H11_P5_M89_L001","Myeloid"
"H12_P1_M89_L001","T_cell"
"H12_P3_M89_L001","T_cell"
"H12_P4_M89_L001","T_cell"
"H12_P5_M89_L001","T_cell"
"H1_P3_M89_L001","Myeloid"
"H1_P4_M89_L001","T_cell"
"H1_P5_M89_L001","T_cell"
"H2_P1_M89_L001","T_cell"
"H2_P3_M89_L001","Myeloid"
"H2_P4_M89_L001","NK"
"H2_P5_M89_L001","Myeloid"
"H3_P1_M89_L001","T_cell"
"H3_P3_M89_L001","T_cell"
"H3_P4_M89_L001","T_cell"
"H3_P5_M89_L001","T_cell"
"H4_P1_M89_L001","T_cell"
"H4_P3_M89_L001","T_cell"
"H4_P4_M89_L001","T_cell"
"H4_P5_M89_L001","T_cell"
"H5_P1_M89_L001","T_cell"
"H5_P3_M89_L001","T_cell"
"H5_P4_M89_L001","T_cell"
"H5_P5_M89_L001","Myeloid"
"H6_P1_M89_L001","T_cell"
"H6_P3_M89_L001","T_cell"
"H6_P4_M89_L001","Myeloid"
"H6_P5_M89_L001","T_cell"
"H7_P1_M89_L001","T_cell"
"H7_P3_M89_L001","NK"
"H7_P5_M89_L001","T_cell"
"H8_P1_M89_L001","T_cell"
"H8_P3_M89_L001","Myeloid"
"H8_P4_M89_L001","T_cell"
"H9_P1_M89_L001","T_cell"
"H9_P3_M89_L001","T_cell"
"H9_P4_M89_L001","Myeloid"
"H9_P5_M89_L001","Myeloid"
"A10_P1_M50_L001","T_cell"
"A10_P4_M50_L001","T_cell"
"A11_P1_M50_L001","T_cell"
"A12_P1_M50_L001","T_cell"
"A12_P4_M50_L001","T_cell"
"A2_P1_M50_L001","Myeloid"
"A2_P4_M50_L001","B_cell"
"A3_P1_M50_L001","T_cell"
"A3_P4_M50_L001","T_cell"
"A4_P1_M50_L001","T_cell"
"A4_P4_M50_L001","Myeloid"
"A5_P1_M50_L001","Myeloid"
"A6_P1_M50_L001","T_cell"
"A6_P4_M50_L001","T_cell"
"A7_P4_M50_L001","T_cell"
"A8_P4_M50_L001","NK"
"A9_P1_M50_L001","T_cell"
"B10_P1_M50_L001","T_cell"
"B10_P4_M50_L001","T_cell"
"B11_P1_M50_L001","B_cell"
"B11_P4_M50_L001","B_cell"
"B12_P1_M50_L001","T_cell"
"B12_P4_M50_L001","T_cell"
"B1_P1_M50_L001","T_cell"
"B1_P4_M50_L001","T_cell"
"B2_P1_M50_L001","NK"
"B2_P4_M50_L001","T_cell"
"B3_P1_M50_L001","T_cell"
"B3_P4_M50_L001","T_cell"
"B4_P1_M50_L001","T_cell"
"B4_P4_M50_L001","T_cell"
"B5_P1_M50_L001","T_cell"
"B5_P4_M50_L001","T_cell"
"B6_P1_M50_L001","T_cell"
"B6_P4_M50_L001","Myeloid"
"B7_P1_M50_L001","T_cell"
"B7_P4_M50_L001","B_cell"
"B8_P1_M50_L001","T_cell"
"B8_P4_M50_L001","Mast"
"B9_P1_M50_L001","T_cell"
"B9_P4_M50_L001","T_cell"
"C10_P1_M50_L001","T_cell"
"C10_P4_M50_L001","T_cell"
"C11_P1_M50_L001","T_cell"
"C11_P4_M50_L001","Myeloid"
"C12_P1_M50_L001","T_cell"
"C1_P1_M50_L001","T_cell"
"C1_P4_M50_L001","NK"
"C2_P1_M50_L001","T_cell"
"C2_P4_M50_L001","T_cell"
"C4_P1_M50_L001","T_cell"
"C4_P4_M50_L001","T_cell"
"C5_P1_M50_L001","T_cell"
"C5_P4_M50_L001","T_cell"
"C6_P4_M50_L001","T_cell"
"C7_P1_M50_L001","T_cell"
"C7_P4_M50_L001","T_cell"
"C8_P1_M50_L001","T_cell"
"C9_P1_M50_L001","T_cell"
"C9_P4_M50_L001","Mast"
"D10_P1_M50_L001","T_cell"
"D10_P4_M50_L001","B_cell"
"D11_P1_M50_L001","T_cell"
"D11_P4_M50_L001","B_cell"
"D12_P4_M50_L001","T_cell"
"D1_P1_M50_L001","NK"
"D1_P4_M50_L001","T_cell"
"D2_P4_M50_L001","T_cell"
"D3_P1_M50_L001","T_cell"
"D3_P4_M50_L001","T_cell"
"D4_P1_M50_L001","T_cell"
"D4_P4_M50_L001","T_cell"
"D5_P1_M50_L001","T_cell"
"D5_P4_M50_L001","T_cell"
"D6_P1_M50_L001","T_cell"
"D6_P4_M50_L001","T_cell"
"D7_P1_M50_L001","T_cell"
"D7_P4_M50_L001","T_cell"
"D8_P1_M50_L001","Myeloid"
"D8_P4_M50_L001","B_cell"
"D9_P1_M50_L001","T_cell"
"E10_P1_M50_L001","T_cell"
"E10_P4_M50_L001","Myeloid"
"E11_P1_M50_L001","T_cell"
"E11_P4_M50_L001","T_cell"
"E12_P1_M50_L001","T_cell"
"E12_P4_M50_L001","T_cell"
"E1_P1_M50_L001","T_cell"
"E2_P1_M50_L001","T_cell"
"E2_P4_M50_L001","T_cell"
"E3_P1_M50_L001","NK"
"E3_P4_M50_L001","Myeloid"
"E4_P1_M50_L001","T_cell"
"E5_P1_M50_L001","T_cell"
"E5_P4_M50_L001","T_cell"
"E6_P1_M50_L001","T_cell"
"E6_P4_M50_L001","B_cell"
"E7_P1_M50_L001","T_cell"
"E7_P4_M50_L001","B_cell"
"E8_P1_M50_L001","T_cell"
"E8_P4_M50_L001","T_cell"
"E9_P1_M50_L001","T_cell"
"E9_P4_M50_L001","T_cell"
"F10_P1_M50_L001","T_cell"
"F10_P4_M50_L001","T_cell"
"F11_P1_M50_L001","T_cell"
"F11_P4_M50_L001","T_cell"
"F12_P1_M50_L001","T_cell"
"F12_P4_M50_L001","T_cell"
"F1_P1_M50_L001","T_cell"
"F1_P4_M50_L001","T_cell"
"F2_P1_M50_L001","T_cell"
"F3_P1_M50_L001","T_cell"
"F3_P4_M50_L001","T_cell"
"F4_P4_M50_L001","T_cell"
"F5_P4_M50_L001","T_cell"
"F6_P1_M50_L001","B_cell"
"F6_P4_M50_L001","Myeloid"
"F7_P1_M50_L001","T_cell"
"F7_P4_M50_L001","T_cell"
"F8_P1_M50_L001","T_cell"
"F8_P4_M50_L001","T_cell"
"F9_P1_M50_L001","T_cell"
"F9_P4_M50_L001","T_cell"
"G10_P1_M50_L001","T_cell"
"G10_P4_M50_L001","T_cell"
"G11_P1_M50_L001","T_cell"
"G11_P4_M50_L001","T_cell"
"G12_P1_M50_L001","Myeloid"
"G12_P4_M50_L001","T_cell"
"G1_P4_M50_L001","T_cell"
"G2_P1_M50_L001","T_cell"
"G2_P4_M50_L001","T_cell"
"G4_P4_M50_L001","T_cell"
"G5_P1_M50_L001","T_cell"
"G5_P4_M50_L001","T_cell"
"G6_P1_M50_L001","B_cell"
"G7_P1_M50_L001","Myeloid"
"G7_P4_M50_L001","T_cell"
"G8_P1_M50_L001","B_cell"
"G8_P4_M50_L001","T_cell"
"G9_P1_M50_L001","T_cell"
"G9_P4_M50_L001","T_cell"
"H10_P1_M50_L001","T_cell"
"H10_P4_M50_L001","T_cell"
"H11_P1_M50_L001","Myeloid"
"H11_P4_M50_L001","T_cell"
"H12_P1_M50_L001","T_cell"
"H12_P4_M50_L001","T_cell"
"H1_P4_M50_L001","T_cell"
"H2_P1_M50_L001","T_cell"
"H2_P4_M50_L001","T_cell"
"H3_P1_M50_L001","T_cell"
"H4_P1_M50_L001","T_cell"
"H4_P4_M50_L001","T_cell"
"H5_P4_M50_L001","T_cell"
"H6_P1_M50_L001","T_cell"
"H6_P4_M50_L001","T_cell"
"H7_P1_M50_L001","T_cell"
"H8_P1_M50_L001","T_cell"
"H8_P4_M50_L001","T_cell"
"H9_P1_M50_L001","T_cell"
"H9_P4_M50_L001","B_cell"
"A10_P1_M90-7-24-17","T_cell"
"A10_P1_M90-7-31-17","Myeloid"
"A10_P2_M90-7-24-17","Myeloid"
"A10_P2_M90-7-31-17","T_cell"
"A11_P1_M90-7-24-17","T_cell"
"A11_P1_M90-7-31-17","T_cell"
"A11_P2_M90-7-24-17","T_cell"
"A11_P2_M90-7-31-17","T_cell"
"A12_P1_M90-7-24-17","Myeloid"
"A12_P1_M90-7-31-17","T_cell"
"A12_P2_M90-7-24-17","T_cell"
"A12_P2_M90-7-31-17","T_cell"
"A2_P1_M90-7-24-17","Myeloid"
"A2_P1_M90-7-31-17","T_cell"
"A2_P2_M90-7-24-17","T_cell"
"A2_P2_M90-7-31-17","NK"
"A3_P1_M90-7-24-17","T_cell"
"A3_P1_M90-7-31-17","T_cell"
"A3_P2_M90-7-24-17","T_cell"
"A3_P2_M90-7-31-17","Myeloid"
"A4_P1_M90-7-24-17","T_cell"
"A4_P1_M90-7-31-17","T_cell"
"A4_P2_M90-7-24-17","T_cell"
"A4_P2_M90-7-31-17","T_cell"
"A5_P1_M90-7-24-17","NK"
"A5_P1_M90-7-31-17","Unassigned (all modules low)"
"A5_P2_M90-7-24-17","T_cell"
"A5_P2_M90-7-31-17","T_cell"
"A6_P1_M90-7-24-17","Myeloid"
"A6_P1_M90-7-31-17","T_cell"
"A6_P2_M90-7-24-17","T_cell"
"A6_P2_M90-7-31-17","Myeloid"
"A7_P1_M90-7-24-17","T_cell"
"A7_P2_M90-7-24-17","T_cell"
"A7_P2_M90-7-31-17","T_cell"
"A8_P1_M90-7-24-17","T_cell"
"A8_P1_M90-7-31-17","Myeloid"
"A8_P2_M90-7-24-17","T_cell"
"A8_P2_M90-7-31-17","T_cell"
"A9_P1_M90-7-24-17","T_cell"
"A9_P1_M90-7-31-17","T_cell"
"A9_P2_M90-7-24-17","T_cell"
"A9_P2_M90-7-31-17","Myeloid"
"B10_P1_M90-7-24-17","T_cell"
"B10_P1_M90-7-31-17","T_cell"
"B10_P2_M90-7-24-17","T_cell"
"B10_P2_M90-7-31-17","Myeloid"
"B11_P1_M90-7-24-17","T_cell"
"B11_P1_M90-7-31-17","Myeloid"
"B11_P2_M90-7-24-17","T_cell"
"B11_P2_M90-7-31-17","T_cell"
"B12_P1_M90-7-24-17","NK"
"B12_P1_M90-7-31-17","T_cell"
"B12_P2_M90-7-24-17","T_cell"
"B12_P2_M90-7-31-17","T_cell"
"B1_P1_M90-7-24-17","NK"
"B1_P1_M90-7-31-17","T_cell"
"B1_P2_M90-7-24-17","T_cell"
"B1_P2_M90-7-31-17","T_cell"
"B2_P1_M90-7-24-17","Myeloid"
"B2_P1_M90-7-31-17","Myeloid"
"B2_P2_M90-7-24-17","T_cell"
"B2_P2_M90-7-31-17","T_cell"
"B3_P1_M90-7-24-17","T_cell"
"B3_P1_M90-7-31-17","NK"
"B3_P2_M90-7-24-17","Unassigned (all modules low)"
"B3_P2_M90-7-31-17","Myeloid"
"B4_P1_M90-7-24-17","NK"
"B4_P1_M90-7-31-17","T_cell"
"B4_P2_M90-7-24-17","T_cell"
"B4_P2_M90-7-31-17","T_cell"
"B5_P1_M90-7-24-17","B_cell"
"B5_P1_M90-7-31-17","Myeloid"
"B5_P2_M90-7-24-17","T_cell"
"B5_P2_M90-7-31-17","T_cell"
"B6_P1_M90-7-24-17","T_cell"
"B6_P1_M90-7-31-17","T_cell"
"B6_P2_M90-7-24-17","T_cell"
"B6_P2_M90-7-31-17","T_cell"
"B7_P1_M90-7-24-17","T_cell"
"B7_P1_M90-7-31-17","T_cell"
"B7_P2_M90-7-24-17","T_cell"
"B7_P2_M90-7-31-17","T_cell"
"B8_P1_M90-7-24-17","T_cell"
"B8_P1_M90-7-31-17","T_cell"
"B8_P2_M90-7-24-17","NK"
"B8_P2_M90-7-31-17","T_cell"
"B9_P1_M90-7-24-17","T_cell"
"B9_P1_M90-7-31-17","T_cell"
"B9_P2_M90-7-24-17","Myeloid"
"B9_P2_M90-7-31-17","T_cell"
"C10_P1_M90-7-31-17","T_cell"
"C10_P2_M90-7-24-17","Myeloid"
"C10_P2_M90-7-31-17","T_cell"
"C11_P1_M90-7-24-17","T_cell"
"C11_P1_M90-7-31-17","Myeloid"
"C11_P2_M90-7-24-17","T_cell"
"C11_P2_M90-7-31-17","T_cell"
"C12_P1_M90-7-24-17","T_cell"
"C12_P1_M90-7-31-17","T_cell"
"C12_P2_M90-7-24-17","T_cell"
"C12_P2_M90-7-31-17","T_cell"
"C1_P1_M90-7-24-17","Myeloid"
"C1_P1_M90-7-31-17","T_cell"
"C1_P2_M90-7-24-17","T_cell"
"C1_P2_M90-7-31-17","T_cell"
"C2_P1_M90-7-24-17","Myeloid"
"C2_P1_M90-7-31-17","T_cell"
"C2_P2_M90-7-24-17","T_cell"
"C2_P2_M90-7-31-17","T_cell"
"C3_P1_M90-7-24-17","T_cell"
"C3_P1_M90-7-31-17","Myeloid"
"C3_P2_M90-7-24-17","T_cell"
"C3_P2_M90-7-31-17","T_cell"
"C4_P1_M90-7-24-17","T_cell"
"C4_P1_M90-7-31-17","Myeloid"
"C4_P2_M90-7-24-17","T_cell"
"C4_P2_M90-7-31-17","T_cell"
"C5_P1_M90-7-24-17","T_cell"
"C5_P1_M90-7-31-17","T_cell"
"C5_P2_M90-7-24-17","T_cell"
"C5_P2_M90-7-31-17","T_cell"
"C6_P1_M90-7-24-17","T_cell"
"C6_P1_M90-7-31-17","T_cell"
"C6_P2_M90-7-24-17","T_cell"
"C6_P2_M90-7-31-17","T_cell"
"C7_P1_M90-7-24-17","T_cell"
"C7_P1_M90-7-31-17","T_cell"
"C7_P2_M90-7-24-17","NK"
"C7_P2_M90-7-31-17","T_cell"
"C8_P1_M90-7-24-17","T_cell"
"C8_P1_M90-7-31-17","T_cell"
"C8_P2_M90-7-24-17","T_cell"
"C8_P2_M90-7-31-17","T_cell"
"C9_P1_M90-7-24-17","T_cell"
"C9_P1_M90-7-31-17","Myeloid"
"C9_P2_M90-7-24-17","T_cell"
"C9_P2_M90-7-31-17","T_cell"
"D10_P1_M90-7-24-17","T_cell"
"D10_P1_M90-7-31-17","T_cell"
"D10_P2_M90-7-24-17","T_cell"
"D10_P2_M90-7-31-17","T_cell"
"D11_P1_M90-7-24-17","T_cell"
"D11_P1_M90-7-31-17","Myeloid"
"D11_P2_M90-7-24-17","T_cell"
"D11_P2_M90-7-31-17","T_cell"
"D12_P1_M90-7-24-17","T_cell"
"D12_P1_M90-7-31-17","T_cell"
"D12_P2_M90-7-24-17","T_cell"
"D12_P2_M90-7-31-17","B_cell"
"D1_P1_M90-7-24-17","Myeloid"
"D1_P1_M90-7-31-17","Myeloid"
"D1_P2_M90-7-24-17","T_cell"
"D1_P2_M90-7-31-17","T_cell"
"D2_P1_M90-7-24-17","T_cell"
"D2_P1_M90-7-31-17","T_cell"
"D2_P2_M90-7-24-17","NK"
"D2_P2_M90-7-31-17","T_cell"
"D3_P1_M90-7-24-17","T_cell"
"D3_P1_M90-7-31-17","NK"
"D3_P2_M90-7-24-17","Myeloid"
"D3_P2_M90-7-31-17","T_cell"
"D4_P1_M90-7-24-17","T_cell"
"D4_P1_M90-7-31-17","T_cell"
"D4_P2_M90-7-24-17","Myeloid"
"D4_P2_M90-7-31-17","T_cell"
"D5_P1_M90-7-24-17","T_cell"
"D5_P1_M90-7-31-17","Myeloid"
"D5_P2_M90-7-24-17","Myeloid"
"D5_P2_M90-7-31-17","T_cell"
"D6_P1_M90-7-24-17","T_cell"
"D6_P1_M90-7-31-17","Myeloid"
"D6_P2_M90-7-24-17","T_cell"
"D6_P2_M90-7-31-17","T_cell"
"D7_P1_M90-7-24-17","T_cell"
"D7_P1_M90-7-31-17","Myeloid"
"D7_P2_M90-7-31-17","T_cell"
"D8_P1_M90-7-24-17","Myeloid"
"D8_P1_M90-7-31-17","T_cell"
"D8_P2_M90-7-24-17","NK"
"D8_P2_M90-7-31-17","Myeloid"
"D9_P1_M90-7-31-17","Myeloid"
"D9_P2_M90-7-24-17","T_cell"
"D9_P2_M90-7-31-17","T_cell"
"E10_P1_M90-7-24-17","T_cell"
"E10_P1_M90-7-31-17","T_cell"
"E10_P2_M90-7-24-17","T_cell"
"E10_P2_M90-7-31-17","T_cell"
"E11_P1_M90-7-24-17","Myeloid"
"E11_P1_M90-7-31-17","T_cell"
"E11_P2_M90-7-24-17","T_cell"
"E11_P2_M90-7-31-17","T_cell"
"E12_P1_M90-7-24-17","Myeloid"
"E12_P1_M90-7-31-17","T_cell"
"E12_P2_M90-7-24-17","Myeloid"
"E12_P2_M90-7-31-17","Myeloid"
"E1_P1_M90-7-24-17","NK"
"E1_P1_M90-7-31-17","T_cell"
"E1_P2_M90-7-24-17","T_cell"
"E1_P2_M90-7-31-17","T_cell"
"E2_P1_M90-7-24-17","T_cell"
"E2_P1_M90-7-31-17","T_cell"
"E2_P2_M90-7-24-17","T_cell"
"E2_P2_M90-7-31-17","T_cell"
"E3_P1_M90-7-24-17","T_cell"
"E3_P1_M90-7-31-17","Myeloid"
"E3_P2_M90-7-24-17","T_cell"
"E3_P2_M90-7-31-17","T_cell"
"E4_P1_M90-7-24-17","T_cell"
"E4_P1_M90-7-31-17","T_cell"
"E4_P2_M90-7-24-17","T_cell"
"E4_P2_M90-7-31-17","T_cell"
"E5_P1_M90-7-24-17","NK"
"E5_P1_M90-7-31-17","T_cell"
"E5_P2_M90-7-24-17","Myeloid"
"E5_P2_M90-7-31-17","Myeloid"
"E6_P1_M90-7-24-17","T_cell"
"E6_P1_M90-7-31-17","T_cell"
"E6_P2_M90-7-24-17","B_cell"
"E6_P2_M90-7-31-17","Unassigned (all modules low)"
"E7_P1_M90-7-24-17","B_cell"
"E7_P1_M90-7-31-17","T_cell"
"E7_P2_M90-7-24-17","T_cell"
"E7_P2_M90-7-31-17","T_cell"
"E8_P1_M90-7-24-17","T_cell"
"E8_P2_M90-7-24-17","T_cell"
"E8_P2_M90-7-31-17","Myeloid"
"E9_P1_M90-7-24-17","T_cell"
"E9_P1_M90-7-31-17","T_cell"
"E9_P2_M90-7-24-17","Myeloid"
"E9_P2_M90-7-31-17","T_cell"
"F10_P1_M90-7-24-17","T_cell"
"F10_P1_M90-7-31-17","T_cell"
"F10_P2_M90-7-24-17","T_cell"
"F10_P2_M90-7-31-17","T_cell"
"F11_P1_M90-7-24-17","T_cell"
"F11_P1_M90-7-31-17","T_cell"
"F11_P2_M90-7-24-17","Myeloid"
"F11_P2_M90-7-31-17","Myeloid"
"F12_P1_M90-7-24-17","T_cell"
"F12_P1_M90-7-31-17","T_cell"
"F12_P2_M90-7-24-17","T_cell"
"F12_P2_M90-7-31-17","Myeloid"
"F1_P1_M90-7-24-17","T_cell"
"F1_P2_M90-7-24-17","T_cell"
"F1_P2_M90-7-31-17","T_cell"
"F2_P1_M90-7-24-17","NK"
"F2_P1_M90-7-31-17","T_cell"
"F2_P2_M90-7-24-17","B_cell"
"F2_P2_M90-7-31-17","T_cell"
"F3_P1_M90-7-24-17","T_cell"
"F3_P1_M90-7-31-17","T_cell"
"F3_P2_M90-7-24-17","T_cell"
"F3_P2_M90-7-31-17","T_cell"
"F4_P1_M90-7-24-17","T_cell"
"F4_P1_M90-7-31-17","T_cell"
"F4_P2_M90-7-24-17","T_cell"
"F4_P2_M90-7-31-17","T_cell"
"F5_P1_M90-7-24-17","T_cell"
"F5_P1_M90-7-31-17","T_cell"
"F5_P2_M90-7-24-17","T_cell"
"F5_P2_M90-7-31-17","Myeloid"
"F6_P1_M90-7-24-17","T_cell"
"F6_P1_M90-7-31-17","T_cell"
"F6_P2_M90-7-24-17","NK"
"F6_P2_M90-7-31-17","B_cell"
"F7_P1_M90-7-24-17","T_cell"
"F7_P1_M90-7-31-17","Myeloid"
"F7_P2_M90-7-24-17","T_cell"
"F7_P2_M90-7-31-17","T_cell"
"F8_P1_M90-7-24-17","T_cell"
"F8_P1_M90-7-31-17","T_cell"
"F8_P2_M90-7-24-17","T_cell"
"F8_P2_M90-7-31-17","Myeloid"
"F9_P1_M90-7-24-17","Myeloid"
"F9_P1_M90-7-31-17","T_cell"
"F9_P2_M90-7-24-17","T_cell"
"F9_P2_M90-7-31-17","Myeloid"
"G10_P1_M90-7-24-17","NK"
"G10_P1_M90-7-31-17","T_cell"
"G10_P2_M90-7-24-17","Myeloid"
"G10_P2_M90-7-31-17","T_cell"
"G11_P1_M90-7-24-17","Myeloid"
"G11_P1_M90-7-31-17","T_cell"
"G11_P2_M90-7-24-17","Myeloid"
"G11_P2_M90-7-31-17","T_cell"
"G12_P1_M90-7-24-17","T_cell"
"G12_P1_M90-7-31-17","T_cell"
"G12_P2_M90-7-24-17","T_cell"
"G12_P2_M90-7-31-17","NK"
"G1_P1_M90-7-24-17","T_cell"
"G1_P1_M90-7-31-17","T_cell"
"G1_P2_M90-7-24-17","T_cell"
"G1_P2_M90-7-31-17","T_cell"
"G2_P1_M90-7-24-17","Myeloid"
"G2_P1_M90-7-31-17","T_cell"
"G2_P2_M90-7-24-17","Myeloid"
"G2_P2_M90-7-31-17","Myeloid"
"G3_P1_M90-7-24-17","Myeloid"
"G3_P1_M90-7-31-17","T_cell"
"G3_P2_M90-7-24-17","T_cell"
"G3_P2_M90-7-31-17","T_cell"
"G4_P1_M90-7-24-17","T_cell"
"G4_P1_M90-7-31-17","T_cell"
"G4_P2_M90-7-24-17","T_cell"
"G4_P2_M90-7-31-17","T_cell"
"G5_P1_M90-7-24-17","T_cell"
"G5_P1_M90-7-31-17","Myeloid"
"G5_P2_M90-7-24-17","T_cell"
"G5_P2_M90-7-31-17","T_cell"
"G6_P1_M90-7-24-17","T_cell"
"G6_P1_M90-7-31-17","NK"
"G6_P2_M90-7-24-17","Myeloid"
"G7_P1_M90-7-24-17","Myeloid"
"G7_P1_M90-7-31-17","Myeloid"
"G7_P2_M90-7-24-17","Myeloid"
"G7_P2_M90-7-31-17","T_cell"
"G8_P1_M90-7-24-17","T_cell"
"G8_P1_M90-7-31-17","Myeloid"
"G8_P2_M90-7-24-17","T_cell"
"G8_P2_M90-7-31-17","Myeloid"
"G9_P1_M90-7-24-17","T_cell"
"G9_P1_M90-7-31-17","Myeloid"
"G9_P2_M90-7-24-17","T_cell"
"G9_P2_M90-7-31-17","T_cell"
"H10_P1_M90-7-24-17","NK"
"H10_P1_M90-7-31-17","T_cell"
"H10_P2_M90-7-24-17","T_cell"
"H10_P2_M90-7-31-17","T_cell"
"H11_P1_M90-7-24-17","T_cell"
"H11_P2_M90-7-24-17","T_cell"
"H11_P2_M90-7-31-17","T_cell"
"H12_P1_M90-7-24-17","T_cell"
"H12_P1_M90-7-31-17","T_cell"
"H12_P2_M90-7-24-17","T_cell"
"H12_P2_M90-7-31-17","T_cell"
"H1_P1_M90-7-24-17","Myeloid"
"H1_P1_M90-7-31-17","T_cell"
"H1_P2_M90-7-24-17","T_cell"
"H1_P2_M90-7-31-17","Myeloid"
"H2_P1_M90-7-24-17","T_cell"
"H2_P1_M90-7-31-17","T_cell"
"H2_P2_M90-7-24-17","T_cell"
"H2_P2_M90-7-31-17","NK"
"H3_P1_M90-7-24-17","T_cell"
"H3_P2_M90-7-24-17","T_cell"
"H4_P1_M90-7-24-17","T_cell"
"H4_P1_M90-7-31-17","T_cell"
"H4_P2_M90-7-24-17","T_cell"
"H4_P2_M90-7-31-17","T_cell"
"H5_P1_M90-7-31-17","T_cell"
"H5_P2_M90-7-24-17","T_cell"
"H5_P2_M90-7-31-17","Myeloid"
"H6_P1_M90-7-24-17","T_cell"
"H6_P1_M90-7-31-17","T_cell"
"H6_P2_M90-7-24-17","T_cell"
"H6_P2_M90-7-31-17","T_cell"
"H7_P1_M90-7-24-17","T_cell"
"H7_P1_M90-7-31-17","NK"
"H7_P2_M90-7-24-17","T_cell"
"H7_P2_M90-7-31-17","T_cell"
"H8_P1_M90-7-24-17","T_cell"
"H8_P1_M90-7-31-17","T_cell"
"H8_P2_M90-7-24-17","T_cell"
"H8_P2_M90-7-31-17","T_cell"
"H9_P1_M90-7-24-17","T_cell"
"H9_P1_M90-7-31-17","T_cell"
"H9_P2_M90-7-24-17","T_cell"
"H9_P2_M90-7-31-17","T_cell"
"A10_P1_M77_L001","T_cell"
"A10_P2_M77_L001","T_cell"
"A10_P3_M77_L001","NK"
"A10_P4_M77_L001","T_cell"
"A11_P1_M77_L001","NK"
"A11_P2_M77_L001","B_cell"
"A11_P4_M77_L001","T_cell"
"A12_P1_M77_L001","NK"
"A12_P2_M77_L001","NK"
"A12_P3_M77_L001","NK"
"A12_P4_M77_L001","T_cell"
"A2_P1_M77_L001","NK"
"A2_P2_M77_L001","T_cell"
"A2_P3_M77_L001","T_cell"
"A2_P4_M77_L001","T_cell"
"A3_P1_M77_L001","T_cell"
"A3_P2_M77_L001","NK"
"A3_P3_M77_L001","NK"
"A3_P4_M77_L001","T_cell"
"A4_P1_M77_L001","T_cell"
"A4_P2_M77_L001","T_cell"
"A4_P3_M77_L001","T_cell"
"A4_P4_M77_L001","T_cell"
"A5_P1_M77_L001","T_cell"
"A5_P2_M77_L001","T_cell"
"A5_P3_M77_L001","T_cell"
"A5_P4_M77_L001","NK"
"A6_P1_M77_L001","T_cell"
"A6_P2_M77_L001","NK"
"A6_P3_M77_L001","NK"
"A6_P4_M77_L001","T_cell"
"A7_P1_M77_L001","T_cell"
"A7_P2_M77_L001","T_cell"
"A7_P3_M77_L001","NK"
"A7_P4_M77_L001","T_cell"
"A8_P1_M77_L001","T_cell"
"A8_P2_M77_L001","T_cell"
"A8_P3_M77_L001","NK"
"A8_P4_M77_L001","NK"
"A9_P1_M77_L001","T_cell"
"A9_P2_M77_L001","NK"
"A9_P3_M77_L001","NK"
"A9_P4_M77_L001","T_cell"
"B10_P2_M77_L001","Unassigned (all modules low)"
"B10_P3_M77_L001","NK"
"B10_P4_M77_L001","T_cell"
"B11_P1_M77_L001","T_cell"
"B11_P2_M77_L001","NK"
"B11_P3_M77_L001","T_cell"
"B11_P4_M77_L001","T_cell"
"B12_P1_M77_L001","T_cell"
"B12_P2_M77_L001","T_cell"
"B12_P3_M77_L001","T_cell"
"B12_P4_M77_L001","T_cell"
"B1_P1_M77_L001","NK"
"B1_P2_M77_L001","T_cell"
"B1_P3_M77_L001","NK"
"B1_P4_M77_L001","T_cell"
"B2_P1_M77_L001","T_cell"
"B2_P2_M77_L001","T_cell"
"B2_P3_M77_L001","T_cell"
"B2_P4_M77_L001","NK"
"B3_P1_M77_L001","T_cell"
"B3_P2_M77_L001","T_cell"
"B3_P3_M77_L001","T_cell"
"B3_P4_M77_L001","Unassigned (all modules low)"
"B4_P1_M77_L001","T_cell"
"B4_P2_M77_L001","T_cell"
"B4_P3_M77_L001","T_cell"
"B4_P4_M77_L001","NK"
"B5_P1_M77_L001","NK"
"B5_P2_M77_L001","B_cell"
"B5_P3_M77_L001","T_cell"
"B5_P4_M77_L001","T_cell"
"B6_P1_M77_L001","T_cell"
"B6_P2_M77_L001","T_cell"
"B6_P3_M77_L001","NK"
"B6_P4_M77_L001","NK"
"B7_P1_M77_L001","NK"
"B7_P2_M77_L001","NK"
"B7_P3_M77_L001","T_cell"
"B7_P4_M77_L001","NK"
"B8_P1_M77_L001","T_cell"
"B8_P2_M77_L001","T_cell"
"B8_P3_M77_L001","T_cell"
"B8_P4_M77_L001","T_cell"
"B9_P1_M77_L001","NK"
"B9_P2_M77_L001","T_cell"
"B9_P3_M77_L001","T_cell"
"B9_P4_M77_L001","NK"
"C10_P2_M77_L001","T_cell"
"C10_P3_M77_L001","T_cell"
"C10_P4_M77_L001","T_cell"
"C11_P1_M77_L001","NK"
"C11_P2_M77_L001","T_cell"
"C11_P3_M77_L001","T_cell"
"C11_P4_M77_L001","T_cell"
"C12_P1_M77_L001","NK"
"C12_P2_M77_L001","T_cell"
"C12_P3_M77_L001","NK"
"C12_P4_M77_L001","NK"
"C1_P1_M77_L001","T_cell"
"C1_P2_M77_L001","T_cell"
"C1_P3_M77_L001","T_cell"
"C2_P1_M77_L001","T_cell"
"C2_P2_M77_L001","T_cell"
"C2_P3_M77_L001","T_cell"
"C2_P4_M77_L001","T_cell"
"C3_P1_M77_L001","T_cell"
"C3_P2_M77_L001","T_cell"
"C3_P3_M77_L001","NK"
"C3_P4_M77_L001","T_cell"
"C4_P1_M77_L001","NK"
"C4_P2_M77_L001","T_cell"
"C4_P3_M77_L001","T_cell"
"C4_P4_M77_L001","B_cell"
"C5_P2_M77_L001","T_cell"
"C5_P3_M77_L001","T_cell"
"C5_P4_M77_L001","NK"
"C6_P1_M77_L001","T_cell"
"C6_P2_M77_L001","T_cell"
"C7_P1_M77_L001","NK"
"C7_P2_M77_L001","T_cell"
"C8_P1_M77_L001","T_cell"
"C8_P3_M77_L001","T_cell"
"C9_P1_M77_L001","T_cell"
"C9_P2_M77_L001","T_cell"
"C9_P3_M77_L001","T_cell"
"C9_P4_M77_L001","T_cell"
"D10_P1_M77_L001","NK"
"D10_P2_M77_L001","T_cell"
"D10_P4_M77_L001","T_cell"
"D11_P1_M77_L001","T_cell"
"D11_P2_M77_L001","T_cell"
"D11_P3_M77_L001","NK"
"D11_P4_M77_L001","NK"
"D12_P1_M77_L001","T_cell"
"D12_P2_M77_L001","T_cell"
"D12_P3_M77_L001","T_cell"
"D12_P4_M77_L001","T_cell"
"D1_P1_M77_L001","T_cell"
"D1_P2_M77_L001","NK"
"D1_P3_M77_L001","T_cell"
"D1_P4_M77_L001","NK"
"D2_P1_M77_L001","T_cell"
"D2_P2_M77_L001","T_cell"
"D2_P3_M77_L001","T_cell"
"D2_P4_M77_L001","T_cell"
"D3_P1_M77_L001","T_cell"
"D3_P2_M77_L001","T_cell"
"D3_P3_M77_L001","T_cell"
"D3_P4_M77_L001","NK"
"D4_P1_M77_L001","T_cell"
"D4_P2_M77_L001","NK"
"D4_P4_M77_L001","T_cell"
"D5_P1_M77_L001","T_cell"
"D5_P2_M77_L001","Myeloid"
"D5_P3_M77_L001","T_cell"
"D6_P1_M77_L001","NK"
"D6_P2_M77_L001","T_cell"
"D6_P3_M77_L001","T_cell"
"D6_P4_M77_L001","NK"
"D7_P1_M77_L001","NK"
"D7_P2_M77_L001","NK"
"D7_P3_M77_L001","T_cell"
"D7_P4_M77_L001","NK"
"D8_P1_M77_L001","T_cell"
"D8_P2_M77_L001","NK"
"D8_P3_M77_L001","T_cell"
"D8_P4_M77_L001","T_cell"
"D9_P1_M77_L001","T_cell"
"D9_P2_M77_L001","T_cell"
"D9_P3_M77_L001","T_cell"
"D9_P4_M77_L001","T_cell"
"E10_P1_M77_L001","T_cell"
"E10_P2_M77_L001","NK"
"E10_P3_M77_L001","T_cell"
"E10_P4_M77_L001","T_cell"
"E11_P1_M77_L001","T_cell"
"E11_P2_M77_L001","T_cell"
"E11_P3_M77_L001","T_cell"
"E11_P4_M77_L001","NK"
"E12_P1_M77_L001","NK"
"E12_P2_M77_L001","T_cell"
"E12_P3_M77_L001","NK"
"E1_P1_M77_L001","NK"
"E1_P2_M77_L001","T_cell"
"E1_P3_M77_L001","T_cell"
"E1_P4_M77_L001","T_cell"
"E2_P1_M77_L001","T_cell"
"E2_P2_M77_L001","NK"
"E2_P3_M77_L001","NK"
"E2_P4_M77_L001","NK"
"E3_P1_M77_L001","T_cell"
"E3_P2_M77_L001","NK"
"E3_P3_M77_L001","T_cell"
"E3_P4_M77_L001","T_cell"
"E4_P1_M77_L001","T_cell"
"E4_P2_M77_L001","T_cell"
"E4_P3_M77_L001","T_cell"
"E5_P1_M77_L001","NK"
"E5_P2_M77_L001","T_cell"
"E5_P3_M77_L001","NK"
"E6_P1_M77_L001","T_cell"
"E6_P2_M77_L001","T_cell"
"E6_P3_M77_L001","T_cell"
"E6_P4_M77_L001","T_cell"
"E7_P1_M77_L001","T_cell"
"E7_P2_M77_L001","T_cell"
"E7_P3_M77_L001","T_cell"
"E7_P4_M77_L001","Myeloid"
"E8_P1_M77_L001","T_cell"
"E8_P3_M77_L001","NK"
"E8_P4_M77_L001","T_cell"
"E9_P1_M77_L001","T_cell"
"E9_P2_M77_L001","T_cell"
"E9_P3_M77_L001","Myeloid"
"E9_P4_M77_L001","T_cell"
"F10_P1_M77_L001","T_cell"
"F10_P2_M77_L001","T_cell"
"F10_P3_M77_L001","T_cell"
"F10_P4_M77_L001","T_cell"
"F11_P1_M77_L001","T_cell"
"F11_P2_M77_L001","T_cell"
"F11_P3_M77_L001","T_cell"
"F11_P4_M77_L001","T_cell"
"F12_P1_M77_L001","T_cell"
"F12_P2_M77_L001","T_cell"
"F12_P3_M77_L001","NK"
"F12_P4_M77_L001","NK"
"F1_P1_M77_L001","T_cell"
"F1_P2_M77_L001","T_cell"
"F1_P3_M77_L001","T_cell"
"F1_P4_M77_L001","T_cell"
"F2_P1_M77_L001","T_cell"
"F2_P2_M77_L001","T_cell"
"F2_P3_M77_L001","B_cell"
"F2_P4_M77_L001","NK"
"F3_P1_M77_L001","T_cell"
"F3_P2_M77_L001","T_cell"
"F3_P3_M77_L001","NK"
"F3_P4_M77_L001","NK"
"F4_P1_M77_L001","NK"
"F4_P2_M77_L001","T_cell"
"F4_P3_M77_L001","T_cell"
"F4_P4_M77_L001","NK"
"F5_P1_M77_L001","NK"
"F5_P2_M77_L001","T_cell"
"F5_P3_M77_L001","T_cell"
"F5_P4_M77_L001","T_cell"
"F6_P1_M77_L001","NK"
"F6_P2_M77_L001","T_cell"
"F6_P3_M77_L001","T_cell"
"F6_P4_M77_L001","Myeloid"
"F7_P1_M77_L001","NK"
"F7_P3_M77_L001","T_cell"
"F7_P4_M77_L001","T_cell"
"F8_P1_M77_L001","T_cell"
"F8_P2_M77_L001","T_cell"
"F8_P3_M77_L001","T_cell"
"F9_P1_M77_L001","NK"
"F9_P2_M77_L001","B_cell"
"F9_P3_M77_L001","NK"
"G10_P1_M77_L001","T_cell"
"G10_P2_M77_L001","T_cell"
"G10_P3_M77_L001","T_cell"
"G10_P4_M77_L001","T_cell"
"G11_P1_M77_L001","T_cell"
"G11_P2_M77_L001","T_cell"
"G11_P3_M77_L001","T_cell"
"G11_P4_M77_L001","Unassigned (all modules low)"
"G12_P1_M77_L001","T_cell"
"G12_P2_M77_L001","T_cell"
"G12_P3_M77_L001","T_cell"
"G12_P4_M77_L001","T_cell"
"G1_P1_M77_L001","NK"
"G1_P2_M77_L001","B_cell"
"G1_P3_M77_L001","T_cell"
"G1_P4_M77_L001","NK"
"G2_P1_M77_L001","T_cell"
"G2_P2_M77_L001","T_cell"
"G2_P3_M77_L001","NK"
"G2_P4_M77_L001","T_cell"
"G3_P1_M77_L001","NK"
"G3_P2_M77_L001","T_cell"
"G3_P3_M77_L001","T_cell"
"G4_P1_M77_L001","T_cell"
"G4_P2_M77_L001","T_cell"
"G4_P3_M77_L001","T_cell"
"G5_P1_M77_L001","T_cell"
"G5_P2_M77_L001","T_cell"
"G5_P3_M77_L001","T_cell"
"G6_P1_M77_L001","NK"
"G6_P2_M77_L001","T_cell"
"G6_P3_M77_L001","NK"
"G6_P4_M77_L001","NK"
"G7_P1_M77_L001","T_cell"
"G7_P2_M77_L001","T_cell"
"G7_P3_M77_L001","T_cell"
"G8_P1_M77_L001","T_cell"
"G8_P2_M77_L001","T_cell"
"G8_P3_M77_L001","T_cell"
"G8_P4_M77_L001","T_cell"
"G9_P2_M77_L001","T_cell"
"G9_P3_M77_L001","T_cell"
"G9_P4_M77_L001","NK"
"H10_P1_M77_L001","T_cell"
"H10_P2_M77_L001","T_cell"
"H10_P3_M77_L001","NK"
"H10_P4_M77_L001","T_cell"
"H11_P1_M77_L001","T_cell"
"H11_P2_M77_L001","NK"
"H11_P3_M77_L001","NK"
"H11_P4_M77_L001","T_cell"
"H12_P2_M77_L001","T_cell"
"H12_P3_M77_L001","NK"
"H12_P4_M77_L001","T_cell"
"H1_P1_M77_L001","NK"
"H1_P2_M77_L001","T_cell"
"H1_P3_M77_L001","T_cell"
"H1_P4_M77_L001","NK"
"H2_P1_M77_L001","T_cell"
"H2_P2_M77_L001","T_cell"
"H2_P3_M77_L001","Unassigned (all modules low)"
"H2_P4_M77_L001","NK"
"H3_P1_M77_L001","T_cell"
"H3_P2_M77_L001","NK"
"H3_P3_M77_L001","T_cell"
"H3_P4_M77_L001","NK"
"H4_P1_M77_L001","Unassigned (all modules low)"
"H4_P2_M77_L001","T_cell"
"H4_P3_M77_L001","T_cell"
"H5_P1_M77_L001","T_cell"
"H5_P2_M77_L001","NK"
"H5_P3_M77_L001","T_cell"
"H5_P4_M77_L001","T_cell"
"H6_P1_M77_L001","T_cell"
"H6_P2_M77_L001","T_cell"
"H6_P3_M77_L001","NK"
"H6_P4_M77_L001","T_cell"
"H7_P1_M77_L001","T_cell"
"H7_P2_M77_L001","T_cell"
"H7_P3_M77_L001","T_cell"
"H8_P1_M77_L001","NK"
"H8_P2_M77_L001","T_cell"
"H8_P3_M77_L001","T_cell"
"H8_P4_M77_L001","T_cell"
"H9_P1_M77_L001","T_cell"
"H9_P2_M77_L001","T_cell"
"H9_P3_M77_L001","T_cell"
"H9_P4_M77_L001","T_cell"
"A10_P2_M76_L001","T_cell"
"A10_P3_M76_L001","B_cell"
"A10_P4_M76_L001","T_cell"
"A10_P5_M76_L001","T_cell"
"A11_P2_M76_L001","B_cell"
"A11_P3_M76_L001","T_cell"
"A11_P4_M76_L001","T_cell"
"A11_P5_M76_L001","T_cell"
"A12_P2_M76_L001","T_cell"
"A12_P3_M76_L001","T_cell"
"A12_P4_M76_L001","T_cell"
"A12_P5_M76_L001","T_cell"
"A2_P2_M76_L001","T_cell"
"A2_P3_M76_L001","T_cell"
"A2_P4_M76_L001","B_cell"
"A2_P5_M76_L001","T_cell"
"A3_P2_M76_L001","T_cell"
"A3_P3_M76_L001","T_cell"
"A3_P4_M76_L001","T_cell"
"A3_P5_M76_L001","T_cell"
"A4_P2_M76_L001","B_cell"
"A4_P3_M76_L001","T_cell"
"A4_P4_M76_L001","B_cell"
"A4_P5_M76_L001","B_cell"
"A5_P2_M76_L001","T_cell"
"A5_P3_M76_L001","T_cell"
"A5_P4_M76_L001","T_cell"
"A5_P5_M76_L001","T_cell"
"A6_P2_M76_L001","T_cell"
"A6_P4_M76_L001","B_cell"
"A6_P5_M76_L001","T_cell"
"A7_P2_M76_L001","T_cell"
"A7_P3_M76_L001","T_cell"
"A7_P4_M76_L001","T_cell"
"A7_P5_M76_L001","T_cell"
"A8_P2_M76_L001","B_cell"
"A8_P3_M76_L001","T_cell"
"A8_P4_M76_L001","T_cell"
"A8_P5_M76_L001","T_cell"
"A9_P2_M76_L001","T_cell"
"A9_P3_M76_L001","T_cell"
"A9_P4_M76_L001","T_cell"
"A9_P5_M76_L001","T_cell"
"B10_P2_M76_L001","B_cell"
"B10_P3_M76_L001","NK"
"B10_P4_M76_L001","T_cell"
"B10_P5_M76_L001","B_cell"
"B11_P2_M76_L001","T_cell"
"B11_P3_M76_L001","T_cell"
"B11_P5_M76_L001","T_cell"
"B12_P2_M76_L001","T_cell"
"B12_P3_M76_L001","NK"
"B12_P4_M76_L001","T_cell"
"B12_P5_M76_L001","T_cell"
"B1_P2_M76_L001","T_cell"
"B1_P3_M76_L001","T_cell"
"B1_P4_M76_L001","T_cell"
"B1_P5_M76_L001","B_cell"
"B2_P2_M76_L001","T_cell"
"B2_P4_M76_L001","T_cell"
"B2_P5_M76_L001","T_cell"
"B3_P2_M76_L001","NK"
"B3_P3_M76_L001","T_cell"
"B3_P4_M76_L001","T_cell"
"B3_P5_M76_L001","T_cell"
"B4_P2_M76_L001","T_cell"
"B4_P3_M76_L001","T_cell"
"B4_P4_M76_L001","B_cell"
"B4_P5_M76_L001","T_cell"
"B5_P2_M76_L001","T_cell"
"B5_P3_M76_L001","T_cell"
"B5_P4_M76_L001","T_cell"
"B5_P5_M76_L001","T_cell"
"B6_P2_M76_L001","T_cell"
"B6_P4_M76_L001","T_cell"
"B6_P5_M76_L001","T_cell"
"B7_P2_M76_L001","T_cell"
"B7_P3_M76_L001","T_cell"
"B7_P4_M76_L001","T_cell"
"B7_P5_M76_L001","T_cell"
"B8_P2_M76_L001","T_cell"
"B8_P3_M76_L001","T_cell"
"B8_P4_M76_L001","T_cell"
"B8_P5_M76_L001","B_cell"
"B9_P2_M76_L001","T_cell"
"B9_P3_M76_L001","T_cell"
"B9_P4_M76_L001","T_cell"
"B9_P5_M76_L001","T_cell"
"C10_P2_M76_L001","T_cell"
"C10_P3_M76_L001","T_cell"
"C10_P4_M76_L001","T_cell"
"C10_P5_M76_L001","T_cell"
"C11_P2_M76_L001","T_cell"
"C11_P3_M76_L001","T_cell"
"C11_P4_M76_L001","T_cell"
"C11_P5_M76_L001","T_cell"
"C12_P2_M76_L001","T_cell"
"C12_P3_M76_L001","T_cell"
"C12_P4_M76_L001","T_cell"
"C12_P5_M76_L001","B_cell"
"C1_P2_M76_L001","T_cell"
"C1_P3_M76_L001","T_cell"
"C1_P4_M76_L001","T_cell"
"C2_P2_M76_L001","T_cell"
"C2_P3_M76_L001","T_cell"
"C2_P4_M76_L001","T_cell"
"C2_P5_M76_L001","T_cell"
"C3_P2_M76_L001","T_cell"
"C3_P3_M76_L001","T_cell"
"C3_P4_M76_L001","T_cell"
"C3_P5_M76_L001","T_cell"
"C4_P2_M76_L001","T_cell"
"C4_P3_M76_L001","B_cell"
"C4_P4_M76_L001","T_cell"
"C4_P5_M76_L001","T_cell"
"C5_P2_M76_L001","B_cell"
"C5_P3_M76_L001","T_cell"
"C5_P4_M76_L001","T_cell"
"C5_P5_M76_L001","T_cell"
"C6_P2_M76_L001","B_cell"
"C6_P3_M76_L001","T_cell"
"C6_P4_M76_L001","T_cell"
"C6_P5_M76_L001","T_cell"
"C7_P2_M76_L001","T_cell"
"C7_P3_M76_L001","T_cell"
"C7_P4_M76_L001","T_cell"
"C7_P5_M76_L001","B_cell"
"C8_P2_M76_L001","T_cell"
"C8_P3_M76_L001","T_cell"
"C8_P4_M76_L001","T_cell"
"C8_P5_M76_L001","T_cell"
"C9_P2_M76_L001","T_cell"
"C9_P3_M76_L001","T_cell"
"C9_P4_M76_L001","T_cell"
"C9_P5_M76_L001","T_cell"
"D10_P2_M76_L001","T_cell"
"D10_P3_M76_L001","T_cell"
"D10_P4_M76_L001","T_cell"
"D10_P5_M76_L001","T_cell"
"D11_P2_M76_L001","T_cell"
"D11_P3_M76_L001","T_cell"
"D11_P4_M76_L001","T_cell"
"D12_P2_M76_L001","T_cell"
"D12_P3_M76_L001","B_cell"
"D12_P4_M76_L001","T_cell"
"D12_P5_M76_L001","T_cell"
"D1_P2_M76_L001","T_cell"
"D1_P3_M76_L001","T_cell"
"D1_P4_M76_L001","T_cell"
"D1_P5_M76_L001","B_cell"
"D2_P2_M76_L001","T_cell"
"D2_P3_M76_L001","B_cell"
"D2_P4_M76_L001","T_cell"
"D2_P5_M76_L001","B_cell"
"D3_P2_M76_L001","T_cell"
"D3_P3_M76_L001","T_cell"
"D3_P4_M76_L001","T_cell"
"D3_P5_M76_L001","T_cell"
"D4_P2_M76_L001","T_cell"
"D4_P3_M76_L001","T_cell"
"D4_P4_M76_L001","T_cell"
"D4_P5_M76_L001","T_cell"
"D5_P2_M76_L001","T_cell"
"D5_P3_M76_L001","T_cell"
"D5_P4_M76_L001","B_cell"
"D5_P5_M76_L001","T_cell"
"D6_P3_M76_L001","T_cell"
"D6_P4_M76_L001","T_cell"
"D6_P5_M76_L001","T_cell"
"D7_P2_M76_L001","T_cell"
"D7_P3_M76_L001","T_cell"
"D7_P4_M76_L001","T_cell"
"D7_P5_M76_L001","T_cell"
"D8_P2_M76_L001","T_cell"
"D8_P3_M76_L001","NK"
"D8_P4_M76_L001","T_cell"
"D8_P5_M76_L001","T_cell"
"D9_P2_M76_L001","T_cell"
"D9_P3_M76_L001","B_cell"
"D9_P4_M76_L001","T_cell"
"D9_P5_M76_L001","T_cell"
"E10_P2_M76_L001","T_cell"
"E10_P3_M76_L001","T_cell"
"E10_P4_M76_L001","B_cell"
"E10_P5_M76_L001","T_cell"
"E11_P2_M76_L001","T_cell"
"E11_P3_M76_L001","B_cell"
"E11_P4_M76_L001","B_cell"
"E11_P5_M76_L001","B_cell"
"E12_P2_M76_L001","T_cell"
"E12_P3_M76_L001","T_cell"
"E12_P4_M76_L001","T_cell"
"E12_P5_M76_L001","T_cell"
"E1_P2_M76_L001","T_cell"
"E1_P3_M76_L001","T_cell"
"E1_P4_M76_L001","T_cell"
"E2_P2_M76_L001","T_cell"
"E2_P3_M76_L001","T_cell"
"E2_P4_M76_L001","T_cell"
"E2_P5_M76_L001","T_cell"
"E3_P2_M76_L001","T_cell"
"E3_P3_M76_L001","T_cell"
"E3_P4_M76_L001","T_cell"
"E3_P5_M76_L001","T_cell"
"E4_P2_M76_L001","T_cell"
"E4_P3_M76_L001","T_cell"
"E4_P4_M76_L001","B_cell"
"E4_P5_M76_L001","T_cell"
"E5_P2_M76_L001","T_cell"
"E5_P3_M76_L001","T_cell"
"E5_P4_M76_L001","T_cell"
"E5_P5_M76_L001","T_cell"
"E6_P2_M76_L001","B_cell"
"E6_P3_M76_L001","B_cell"
"E6_P4_M76_L001","T_cell"
"E6_P5_M76_L001","T_cell"
"E7_P2_M76_L001","T_cell"
"E7_P3_M76_L001","T_cell"
"E7_P4_M76_L001","T_cell"
"E7_P5_M76_L001","T_cell"
"E8_P2_M76_L001","T_cell"
"E8_P3_M76_L001","T_cell"
"E8_P4_M76_L001","T_cell"
"E8_P5_M76_L001","T_cell"
"E9_P2_M76_L001","B_cell"
"E9_P4_M76_L001","T_cell"
"E9_P5_M76_L001","T_cell"
"F10_P2_M76_L001","T_cell"
"F10_P3_M76_L001","T_cell"
"F10_P4_M76_L001","T_cell"
"F10_P5_M76_L001","T_cell"
"F11_P2_M76_L001","T_cell"
"F11_P3_M76_L001","T_cell"
"F11_P4_M76_L001","T_cell"
"F11_P5_M76_L001","T_cell"
"F12_P2_M76_L001","B_cell"
"F12_P3_M76_L001","T_cell"
"F12_P4_M76_L001","T_cell"
"F12_P5_M76_L001","T_cell"
"F1_P2_M76_L001","T_cell"
"F1_P4_M76_L001","T_cell"
"F1_P5_M76_L001","T_cell"
"F2_P2_M76_L001","T_cell"
"F2_P3_M76_L001","T_cell"
"F2_P4_M76_L001","T_cell"
"F2_P5_M76_L001","T_cell"
"F3_P2_M76_L001","T_cell"
"F3_P3_M76_L001","T_cell"
"F3_P4_M76_L001","T_cell"
"F3_P5_M76_L001","B_cell"
"F4_P2_M76_L001","T_cell"
"F4_P3_M76_L001","T_cell"
"F4_P4_M76_L001","T_cell"
"F4_P5_M76_L001","T_cell"
"F5_P2_M76_L001","T_cell"
"F5_P3_M76_L001","T_cell"
"F5_P4_M76_L001","B_cell"
"F5_P5_M76_L001","T_cell"
"F6_P2_M76_L001","T_cell"
"F6_P3_M76_L001","T_cell"
"F6_P4_M76_L001","B_cell"
"F6_P5_M76_L001","T_cell"
"F7_P2_M76_L001","T_cell"
"F7_P3_M76_L001","T_cell"
"F7_P4_M76_L001","B_cell"
"F7_P5_M76_L001","T_cell"
"F8_P2_M76_L001","T_cell"
"F8_P3_M76_L001","T_cell"
"F8_P4_M76_L001","B_cell"
"F8_P5_M76_L001","B_cell"
"F9_P2_M76_L001","T_cell"
"F9_P3_M76_L001","T_cell"
"F9_P4_M76_L001","B_cell"
"F9_P5_M76_L001","B_cell"
"G10_P2_M76_L001","T_cell"
"G10_P3_M76_L001","B_cell"
"G10_P4_M76_L001","T_cell"
"G10_P5_M76_L001","T_cell"
"G11_P2_M76_L001","B_cell"
"G11_P3_M76_L001","T_cell"
"G11_P4_M76_L001","T_cell"
"G11_P5_M76_L001","B_cell"
"G12_P2_M76_L001","B_cell"
"G12_P3_M76_L001","T_cell"
"G12_P4_M76_L001","T_cell"
"G12_P5_M76_L001","T_cell"
"G1_P2_M76_L001","T_cell"
"G1_P3_M76_L001","B_cell"
"G1_P4_M76_L001","B_cell"
"G1_P5_M76_L001","T_cell"
"G2_P2_M76_L001","T_cell"
"G2_P3_M76_L001","T_cell"
"G2_P4_M76_L001","T_cell"
"G3_P2_M76_L001","T_cell"
"G3_P3_M76_L001","T_cell"
"G3_P5_M76_L001","T_cell"
"G4_P2_M76_L001","T_cell"
"G4_P3_M76_L001","T_cell"
"G4_P4_M76_L001","T_cell"
"G4_P5_M76_L001","B_cell"
"G5_P2_M76_L001","B_cell"
"G5_P3_M76_L001","T_cell"
"G5_P5_M76_L001","T_cell"
"G6_P2_M76_L001","T_cell"
"G6_P3_M76_L001","T_cell"
"G6_P4_M76_L001","T_cell"
"G6_P5_M76_L001","T_cell"
"G7_P2_M76_L001","T_cell"
"G7_P3_M76_L001","T_cell"
"G7_P4_M76_L001","T_cell"
"G7_P5_M76_L001","T_cell"
"G8_P2_M76_L001","T_cell"
"G8_P3_M76_L001","B_cell"
"G8_P4_M76_L001","T_cell"
"G8_P5_M76_L001","T_cell"
"G9_P2_M76_L001","T_cell"
"G9_P3_M76_L001","T_cell"
"G9_P4_M76_L001","T_cell"
"G9_P5_M76_L001","T_cell"
"H10_P2_M76_L001","NK"
"H10_P3_M76_L001","T_cell"
"H10_P4_M76_L001","T_cell"
"H10_P5_M76_L001","T_cell"
"H11_P2_M76_L001","T_cell"
"H11_P3_M76_L001","T_cell"
"H11_P4_M76_L001","T_cell"
"H11_P5_M76_L001","T_cell"
"H12_P2_M76_L001","T_cell"
"H12_P3_M76_L001","T_cell"
"H12_P4_M76_L001","T_cell"
"H12_P5_M76_L001","T_cell"
"H1_P2_M76_L001","T_cell"
"H1_P3_M76_L001","T_cell"
"H1_P4_M76_L001","T_cell"
"H1_P5_M76_L001","T_cell"
"H2_P2_M76_L001","T_cell"
"H2_P3_M76_L001","T_cell"
"H2_P4_M76_L001","T_cell"
"H2_P5_M76_L001","T_cell"
"H3_P2_M76_L001","T_cell"
"H3_P3_M76_L001","T_cell"
"H3_P4_M76_L001","T_cell"
"H3_P5_M76_L001","T_cell"
"H4_P2_M76_L001","T_cell"
"H4_P4_M76_L001","T_cell"
"H4_P5_M76_L001","T_cell"
"H5_P2_M76_L001","T_cell"
"H5_P3_M76_L001","T_cell"
"H5_P4_M76_L001","B_cell"
"H5_P5_M76_L001","T_cell"
"H6_P2_M76_L001","B_cell"
"H6_P3_M76_L001","T_cell"
"H6_P4_M76_L001","T_cell"
"H6_P5_M76_L001","T_cell"
"H7_P2_M76_L001","T_cell"
"H7_P3_M76_L001","T_cell"
"H7_P4_M76_L001","T_cell"
"H7_P5_M76_L001","T_cell"
"H8_P2_M76_L001","T_cell"
"H8_P3_M76_L001","T_cell"
"H8_P4_M76_L001","T_cell"
"H8_P5_M76_L001","T_cell"
"H9_P2_M76_L001","T_cell"
"H9_P3_M76_L001","T_cell"
"H9_P4_M76_L001","B_cell"
"H9_P5_M76_L001","T_cell"
"A10_P6_M76_L001","B_cell"
"A11_P6_M76_L001","T_cell"
"A12_P6_M76_L001","B_cell"
"A2_P6_M76_L001","T_cell"
"A3_P6_M76_L001","T_cell"
"A5_P6_M76_L001","T_cell"
"A6_P6_M76_L001","T_cell"
"A7_P6_M76_L001","B_cell"
"B10_P6_M76_L001","T_cell"
"B11_P6_M76_L001","T_cell"
"B12_P6_M76_L001","T_cell"
"B1_P6_M76_L001","T_cell"
"B2_P6_M76_L001","T_cell"
"B3_P6_M76_L001","T_cell"
"B4_P6_M76_L001","T_cell"
"B5_P6_M76_L001","T_cell"
"B6_P6_M76_L001","T_cell"
"B7_P6_M76_L001","T_cell"
"B8_P6_M76_L001","T_cell"
"B9_P6_M76_L001","T_cell"
"C10_P6_M76_L001","B_cell"
"C11_P6_M76_L001","T_cell"
"C12_P6_M76_L001","T_cell"
"C1_P6_M76_L001","B_cell"
"C2_P6_M76_L001","T_cell"
"C4_P6_M76_L001","T_cell"
"C6_P6_M76_L001","T_cell"
"C7_P6_M76_L001","T_cell"
"C8_P6_M76_L001","T_cell"
"C9_P6_M76_L001","T_cell"
"D10_P6_M76_L001","T_cell"
"D11_P6_M76_L001","T_cell"
"D12_P6_M76_L001","T_cell"
"D1_P6_M76_L001","T_cell"
"D2_P6_M76_L001","T_cell"
"D3_P6_M76_L001","T_cell"
"D4_P6_M76_L001","T_cell"
"D5_P6_M76_L001","T_cell"
"D6_P6_M76_L001","T_cell"
"D7_P6_M76_L001","B_cell"
"D8_P6_M76_L001","T_cell"
"E10_P6_M76_L001","B_cell"
"E11_P6_M76_L001","B_cell"
"E12_P6_M76_L001","T_cell"
"E2_P6_M76_L001","T_cell"
"E3_P6_M76_L001","NK"
"E4_P6_M76_L001","T_cell"
"E5_P6_M76_L001","B_cell"
"E6_P6_M76_L001","T_cell"
"E8_P6_M76_L001","T_cell"
"E9_P6_M76_L001","T_cell"
"F10_P6_M76_L001","T_cell"
"F11_P6_M76_L001","T_cell"
"F12_P6_M76_L001","T_cell"
"F1_P6_M76_L001","T_cell"
"F2_P6_M76_L001","T_cell"
"F3_P6_M76_L001","T_cell"
"F5_P6_M76_L001","T_cell"
"F6_P6_M76_L001","B_cell"
"F7_P6_M76_L001","T_cell"
"F8_P6_M76_L001","T_cell"
"F9_P6_M76_L001","T_cell"
"G10_P6_M76_L001","T_cell"
"G11_P6_M76_L001","T_cell"
"G12_P6_M76_L001","T_cell"
"G1_P6_M76_L001","B_cell"
"G2_P6_M76_L001","T_cell"
"G3_P6_M76_L001","T_cell"
"G4_P6_M76_L001","T_cell"
"G5_P6_M76_L001","T_cell"
"G6_P6_M76_L001","T_cell"
"G7_P6_M76_L001","T_cell"
"G8_P6_M76_L001","T_cell"
"G9_P6_M76_L001","T_cell"
"H10_P6_M76_L001","T_cell"
"H11_P6_M76_L001","T_cell"
"H12_P6_M76_L001","T_cell"
"H1_P6_M76_L001","T_cell"
"H2_P6_M76_L001","B_cell"
"H3_P6_M76_L001","T_cell"
"H4_P6_M76_L001","T_cell"
"H5_P6_M76_L001","T_cell"
"H6_P6_M76_L001","NK"
"H7_P6_M76_L001","T_cell"
"H8_P6_M76_L001","T_cell"
"H9_P6_M76_L001","T_cell"
"A10_P1_M41_L001","T_cell"
"A10_P2_M41_L001","B_cell"
"A10_P3_M41_L001","B_cell"
"A11_P1_M41_L001","NK"
"A11_P2_M41_L001","B_cell"
"A11_P3_M41_L001","B_cell"
"A12_P1_M41_L001","B_cell"
"A12_P2_M41_L001","NK"
"A12_P3_M41_L001","T_cell"
"A2_P1_M41_L001","T_cell"
"A2_P2_M41_L001","NK"
"A2_P3_M41_L001","B_cell"
"A3_P1_M41_L001","NK"
"A3_P2_M41_L001","NK"
"A4_P1_M41_L001","B_cell"
"A4_P3_M41_L001","T_cell"
"A5_P1_M41_L001","Unassigned (all modules low)"
"A5_P2_M41_L001","B_cell"
"A5_P3_M41_L001","B_cell"
"A6_P1_M41_L001","T_cell"
"A7_P1_M41_L001","T_cell"
"A7_P2_M41_L001","NK"
"A7_P3_M41_L001","T_cell"
"A8_P1_M41_L001","B_cell"
"A8_P2_M41_L001","T_cell"
"A8_P3_M41_L001","B_cell"
"A9_P1_M41_L001","B_cell"
"A9_P2_M41_L001","T_cell"
"A9_P3_M41_L001","T_cell"
"B10_P2_M41_L001","T_cell"
"B10_P3_M41_L001","T_cell"
"B11_P1_M41_L001","B_cell"
"B11_P3_M41_L001","T_cell"
"B12_P1_M41_L001","B_cell"
"B12_P2_M41_L001","B_cell"
"B12_P3_M41_L001","T_cell"
"B1_P2_M41_L001","B_cell"
"B1_P3_M41_L001","T_cell"
"B2_P1_M41_L001","B_cell"
"B2_P2_M41_L001","T_cell"
"B2_P3_M41_L001","B_cell"
"B3_P1_M41_L001","Unassigned (all modules low)"
"B3_P2_M41_L001","B_cell"
"B3_P3_M41_L001","T_cell"
"B4_P1_M41_L001","B_cell"
"B4_P2_M41_L001","B_cell"
"B4_P3_M41_L001","T_cell"
"B5_P1_M41_L001","B_cell"
"B5_P3_M41_L001","T_cell"
"B6_P1_M41_L001","B_cell"
"B6_P2_M41_L001","B_cell"
"B6_P3_M41_L001","T_cell"
"B7_P2_M41_L001","NK"
"B7_P3_M41_L001","B_cell"
"B8_P1_M41_L001","T_cell"
"B8_P2_M41_L001","T_cell"
"B9_P2_M41_L001","B_cell"
"B9_P3_M41_L001","B_cell"
"C10_P2_M41_L001","B_cell"
"C11_P2_M41_L001","NK"
"C11_P3_M41_L001","T_cell"
"C12_P1_M41_L001","T_cell"
"C12_P2_M41_L001","T_cell"
"C12_P3_M41_L001","B_cell"
"C1_P1_M41_L001","B_cell"
"C1_P2_M41_L001","T_cell"
"C1_P3_M41_L001","B_cell"
"C2_P1_M41_L001","T_cell"
"C2_P2_M41_L001","NK"
"C2_P3_M41_L001","B_cell"
"C3_P1_M41_L001","B_cell"
"C3_P2_M41_L001","B_cell"
"C3_P3_M41_L001","T_cell"
"C4_P1_M41_L001","B_cell"
"C4_P3_M41_L001","B_cell"
"C5_P1_M41_L001","B_cell"
"C5_P2_M41_L001","T_cell"
"C5_P3_M41_L001","T_cell"
"C6_P1_M41_L001","B_cell"
"C6_P2_M41_L001","T_cell"
"C6_P3_M41_L001","Unassigned (all modules low)"
"C7_P1_M41_L001","NK"
"C7_P2_M41_L001","B_cell"
"C8_P1_M41_L001","T_cell"
"C8_P2_M41_L001","NK"
"C8_P3_M41_L001","T_cell"
"C9_P1_M41_L001","B_cell"
"C9_P2_M41_L001","B_cell"
"C9_P3_M41_L001","B_cell"
"D10_P1_M41_L001","B_cell"
"D10_P2_M41_L001","NK"
"D10_P3_M41_L001","NK"
"D11_P1_M41_L001","B_cell"
"D11_P2_M41_L001","B_cell"
"D11_P3_M41_L001","B_cell"
"D12_P1_M41_L001","B_cell"
"D12_P2_M41_L001","B_cell"
"D1_P1_M41_L001","T_cell"
"D1_P2_M41_L001","T_cell"
"D1_P3_M41_L001","T_cell"
"D2_P1_M41_L001","T_cell"
"D2_P2_M41_L001","Unassigned (all modules low)"
"D2_P3_M41_L001","Unassigned (all modules low)"
"D3_P2_M41_L001","B_cell"
"D3_P3_M41_L001","B_cell"
"D4_P1_M41_L001","B_cell"
"D4_P2_M41_L001","T_cell"
"D5_P2_M41_L001","T_cell"
"D5_P3_M41_L001","B_cell"
"D6_P1_M41_L001","B_cell"
"D6_P2_M41_L001","T_cell"
"D6_P3_M41_L001","T_cell"
"D7_P1_M41_L001","B_cell"
"D7_P2_M41_L001","T_cell"
"D7_P3_M41_L001","T_cell"
"D8_P1_M41_L001","T_cell"
"D8_P2_M41_L001","B_cell"
"D8_P3_M41_L001","T_cell"
"D9_P1_M41_L001","T_cell"
"D9_P2_M41_L001","T_cell"
"E10_P1_M41_L001","B_cell"
"E10_P2_M41_L001","B_cell"
"E10_P3_M41_L001","T_cell"
"E11_P1_M41_L001","T_cell"
"E11_P2_M41_L001","NK"
"E11_P3_M41_L001","T_cell"
"E12_P1_M41_L001","T_cell"
"E12_P3_M41_L001","B_cell"
"E1_P1_M41_L001","T_cell"
"E1_P2_M41_L001","T_cell"
"E1_P3_M41_L001","T_cell"
"E2_P2_M41_L001","Myeloid"
"E2_P3_M41_L001","NK"
"E3_P1_M41_L001","B_cell"
"E3_P2_M41_L001","T_cell"
"E3_P3_M41_L001","B_cell"
"E4_P1_M41_L001","T_cell"
"E4_P2_M41_L001","NK"
"E4_P3_M41_L001","T_cell"
"E5_P1_M41_L001","NK"
"E5_P2_M41_L001","B_cell"
"E5_P3_M41_L001","T_cell"
"E6_P2_M41_L001","B_cell"
"E6_P3_M41_L001","B_cell"
"E7_P2_M41_L001","T_cell"
"E8_P1_M41_L001","B_cell"
"E8_P2_M41_L001","T_cell"
"E8_P3_M41_L001","T_cell"
"E9_P1_M41_L001","B_cell"
"E9_P2_M41_L001","T_cell"
"E9_P3_M41_L001","B_cell"
"F10_P1_M41_L001","B_cell"
"F10_P2_M41_L001","B_cell"
"F11_P1_M41_L001","B_cell"
"F11_P3_M41_L001","T_cell"
"F12_P2_M41_L001","T_cell"
"F1_P1_M41_L001","T_cell"
"F1_P2_M41_L001","T_cell"
"F2_P2_M41_L001","B_cell"
"F2_P3_M41_L001","T_cell"
"F3_P1_M41_L001","T_cell"
"F3_P2_M41_L001","T_cell"
"F3_P3_M41_L001","NK"
"F4_P1_M41_L001","T_cell"
"F4_P2_M41_L001","T_cell"
"F4_P3_M41_L001","B_cell"
"F5_P1_M41_L001","T_cell"
"F6_P1_M41_L001","B_cell"
"F6_P2_M41_L001","B_cell"
"F7_P1_M41_L001","T_cell"
"F7_P2_M41_L001","T_cell"
"F7_P3_M41_L001","T_cell"
"F8_P1_M41_L001","NK"
"F8_P3_M41_L001","T_cell"
"F9_P1_M41_L001","T_cell"
"F9_P2_M41_L001","T_cell"
"F9_P3_M41_L001","T_cell"
"G10_P1_M41_L001","T_cell"
"G10_P2_M41_L001","B_cell"
"G10_P3_M41_L001","T_cell"
"G11_P1_M41_L001","B_cell"
"G11_P2_M41_L001","T_cell"
"G11_P3_M41_L001","T_cell"
"G12_P1_M41_L001","B_cell"
"G12_P2_M41_L001","T_cell"
"G12_P3_M41_L001","B_cell"
"G1_P1_M41_L001","B_cell"
"G1_P2_M41_L001","T_cell"
"G1_P3_M41_L001","T_cell"
"G2_P2_M41_L001","B_cell"
"G2_P3_M41_L001","T_cell"
"G3_P1_M41_L001","B_cell"
"G3_P2_M41_L001","B_cell"
"G3_P3_M41_L001","T_cell"
"G4_P1_M41_L001","B_cell"
"G4_P3_M41_L001","T_cell"
"G5_P3_M41_L001","B_cell"
"G6_P1_M41_L001","T_cell"
"G6_P2_M41_L001","B_cell"
"G6_P3_M41_L001","T_cell"
"G7_P1_M41_L001","NK"
"G7_P2_M41_L001","B_cell"
"G7_P3_M41_L001","B_cell"
"G8_P1_M41_L001","NK"
"G8_P2_M41_L001","T_cell"
"G8_P3_M41_L001","B_cell"
"G9_P1_M41_L001","T_cell"
"G9_P2_M41_L001","T_cell"
"G9_P3_M41_L001","B_cell"
"H10_P1_M41_L001","B_cell"
"H10_P2_M41_L001","B_cell"
"H11_P1_M41_L001","B_cell"
"H12_P1_M41_L001","T_cell"
"H12_P2_M41_L001","B_cell"
"H12_P3_M41_L001","B_cell"
"H1_P1_M41_L001","B_cell"
"H1_P2_M41_L001","NK"
"H1_P3_M41_L001","B_cell"
"H2_P1_M41_L001","B_cell"
"H2_P3_M41_L001","B_cell"
"H3_P1_M41_L001","T_cell"
"H3_P2_M41_L001","T_cell"
"H3_P3_M41_L001","T_cell"
"H4_P1_M41_L001","B_cell"
"H4_P2_M41_L001","NK"
"H4_P3_M41_L001","T_cell"
"H5_P1_M41_L001","B_cell"
"H5_P2_M41_L001","B_cell"
"H5_P3_M41_L001","T_cell"
"H6_P2_M41_L001","NK"
"H6_P3_M41_L001","T_cell"
"H7_P1_M41_L001","T_cell"
"H7_P3_M41_L001","T_cell"
"H8_P1_M41_L001","T_cell"
"H8_P2_M41_L001","B_cell"
"H8_P3_M41_L001","B_cell"
"H9_P1_M41_L001","B_cell"
"H9_P3_M41_L001","T_cell"
"A3_P7_MMD9_L001_myeloid_enriched","B_cell"
"A5_P7_MMD9_L001_myeloid_enriched","B_cell"
"A8_P7_MMD9_L001_myeloid_enriched","B_cell"
"B10_P7_MMD9_L001_myeloid_enriched","B_cell"
"B12_P7_MMD9_L001_myeloid_enriched","B_cell"
"B1_P7_MMD9_L001_myeloid_enriched","B_cell"
"B3_P7_MMD9_L001_myeloid_enriched","B_cell"
"B4_P7_MMD9_L001_myeloid_enriched","B_cell"
"B5_P7_MMD9_L001_myeloid_enriched","B_cell"
"B6_P7_MMD9_L001_myeloid_enriched","B_cell"
"B8_P7_MMD9_L001_myeloid_enriched","B_cell"
"B9_P7_MMD9_L001_myeloid_enriched","B_cell"
"C10_P7_MMD9_L001_myeloid_enriched","B_cell"
"C12_P7_MMD9_L001_myeloid_enriched","B_cell"
"C2_P7_MMD9_L001_myeloid_enriched","T_cell"
"C5_P7_MMD9_L001_myeloid_enriched","B_cell"
"D10_P7_MMD9_L001_myeloid_enriched","B_cell"
"E10_P7_MMD9_L001_myeloid_enriched","B_cell"
"E11_P7_MMD9_L001_myeloid_enriched","Myeloid"
"E12_P7_MMD9_L001_myeloid_enriched","B_cell"
"E2_P7_MMD9_L001_myeloid_enriched","B_cell"
"E3_P7_MMD9_L001_myeloid_enriched","Myeloid"
"E4_P7_MMD9_L001_myeloid_enriched","Unassigned (all modules low)"
"E5_P7_MMD9_L001_myeloid_enriched","B_cell"
"E7_P7_MMD9_L001_myeloid_enriched","B_cell"
"F10_P7_MMD9_L001_myeloid_enriched","B_cell"
"F11_P7_MMD9_L001_myeloid_enriched","B_cell"
"F3_P7_MMD9_L001_myeloid_enriched","B_cell"
"F4_P7_MMD9_L001_myeloid_enriched","B_cell"
"F5_P7_MMD9_L001_myeloid_enriched","B_cell"
"F8_P7_MMD9_L001_myeloid_enriched","B_cell"
"G10_P7_MMD9_L001_myeloid_enriched","B_cell"
"G12_P7_MMD9_L001_myeloid_enriched","B_cell"
"G2_P7_MMD9_L001_myeloid_enriched","B_cell"
"G3_P7_MMD9_L001_myeloid_enriched","B_cell"
"G4_P7_MMD9_L001_myeloid_enriched","B_cell"
"G5_P7_MMD9_L001_myeloid_enriched","B_cell"
"G8_P7_MMD9_L001_myeloid_enriched","B_cell"
"H10_P7_MMD9_L001_myeloid_enriched","B_cell"
"H12_P7_MMD9_L001_myeloid_enriched","B_cell"
"H3_P7_MMD9_L001_myeloid_enriched","B_cell"
"H7_P7_MMD9_L001_myeloid_enriched","B_cell"
"H8_P7_MMD9_L001_myeloid_enriched","B_cell"
"A10_P7_MMD7_L001_myeloid_enriched","B_cell"
"A11_P7_MMD7_L001_myeloid_enriched","B_cell"
"A2_P7_MMD7_L001_myeloid_enriched","NK"
"A4_P7_MMD7_L001_myeloid_enriched","NK"
"A5_P7_MMD7_L001_myeloid_enriched","Myeloid"
"A6_P7_MMD7_L001_myeloid_enriched","NK"
"A7_P7_MMD7_L001_myeloid_enriched","NK"
"A9_P7_MMD7_L001_myeloid_enriched","B_cell"
"B10_P7_MMD7_L001_myeloid_enriched","B_cell"
"B11_P7_MMD7_L001_myeloid_enriched","B_cell"
"B12_P7_MMD7_L001_myeloid_enriched","B_cell"
"B1_P7_MMD7_L001_myeloid_enriched","Myeloid"
"B2_P7_MMD7_L001_myeloid_enriched","NK"
"B3_P7_MMD7_L001_myeloid_enriched","B_cell"
"B4_P7_MMD7_L001_myeloid_enriched","B_cell"
"B6_P7_MMD7_L001_myeloid_enriched","B_cell"
"B7_P7_MMD7_L001_myeloid_enriched","Myeloid"
"B8_P7_MMD7_L001_myeloid_enriched","NK"
"B9_P7_MMD7_L001_myeloid_enriched","NK"
"C10_P7_MMD7_L001_myeloid_enriched","B_cell"
"C1_P7_MMD7_L001_myeloid_enriched","B_cell"
"C2_P7_MMD7_L001_myeloid_enriched","NK"
"C3_P7_MMD7_L001_myeloid_enriched","B_cell"
"C6_P7_MMD7_L001_myeloid_enriched","B_cell"
"C7_P7_MMD7_L001_myeloid_enriched","NK"
"C8_P7_MMD7_L001_myeloid_enriched","Unassigned (all modules low)"
"C9_P7_MMD7_L001_myeloid_enriched","B_cell"
"D11_P7_MMD7_L001_myeloid_enriched","B_cell"
"D12_P7_MMD7_L001_myeloid_enriched","NK"
"D1_P7_MMD7_L001_myeloid_enriched","B_cell"
"D2_P7_MMD7_L001_myeloid_enriched","Myeloid"
"D4_P7_MMD7_L001_myeloid_enriched","Myeloid"
"D5_P7_MMD7_L001_myeloid_enriched","NK"
"D6_P7_MMD7_L001_myeloid_enriched","B_cell"
"D7_P7_MMD7_L001_myeloid_enriched","B_cell"
"D8_P7_MMD7_L001_myeloid_enriched","B_cell"
"D9_P7_MMD7_L001_myeloid_enriched","Myeloid"
"E10_P7_MMD7_L001_myeloid_enriched","B_cell"
"E11_P7_MMD7_L001_myeloid_enriched","B_cell"
"E12_P7_MMD7_L001_myeloid_enriched","B_cell"
"E1_P7_MMD7_L001_myeloid_enriched","B_cell"
"E2_P7_MMD7_L001_myeloid_enriched","B_cell"
"E4_P7_MMD7_L001_myeloid_enriched","Myeloid"
"E5_P7_MMD7_L001_myeloid_enriched","B_cell"
"E6_P7_MMD7_L001_myeloid_enriched","B_cell"
"E7_P7_MMD7_L001_myeloid_enriched","B_cell"
"E8_P7_MMD7_L001_myeloid_enriched","B_cell"
"E9_P7_MMD7_L001_myeloid_enriched","B_cell"
"F11_P7_MMD7_L001_myeloid_enriched","NK"
"F12_P7_MMD7_L001_myeloid_enriched","NK"
"F3_P7_MMD7_L001_myeloid_enriched","B_cell"
"F4_P7_MMD7_L001_myeloid_enriched","Myeloid"
"F6_P7_MMD7_L001_myeloid_enriched","B_cell"
"F7_P7_MMD7_L001_myeloid_enriched","Myeloid"
"F9_P7_MMD7_L001_myeloid_enriched","B_cell"
"G11_P7_MMD7_L001_myeloid_enriched","B_cell"
"G12_P7_MMD7_L001_myeloid_enriched","NK"
"G1_P7_MMD7_L001_myeloid_enriched","B_cell"
"G2_P7_MMD7_L001_myeloid_enriched","B_cell"
"G4_P7_MMD7_L001_myeloid_enriched","Myeloid"
"G5_P7_MMD7_L001_myeloid_enriched","Myeloid"
"G7_P7_MMD7_L001_myeloid_enriched","Myeloid"
"G8_P7_MMD7_L001_myeloid_enriched","Myeloid"
"G9_P7_MMD7_L001_myeloid_enriched","Myeloid"
"H10_P7_MMD7_L001_myeloid_enriched","B_cell"
"H11_P7_MMD7_L001_myeloid_enriched","Myeloid"
"H12_P7_MMD7_L001_myeloid_enriched","B_cell"
"H1_P7_MMD7_L001_myeloid_enriched","NK"
"H2_P7_MMD7_L001_myeloid_enriched","B_cell"
"H4_P7_MMD7_L001_myeloid_enriched","B_cell"
"H5_P7_MMD7_L001_myeloid_enriched","B_cell"
"H6_P7_MMD7_L001_myeloid_enriched","B_cell"
"H7_P7_MMD7_L001_myeloid_enriched","Myeloid"
"H8_P7_MMD7_L001_myeloid_enriched","B_cell"
"H9_P7_MMD7_L001_myeloid_enriched","B_cell"
"A10_P1_M39_T_enriched","T_cell"
"A11_P1_M39_T_enriched","T_cell"
"A12_P1_M39_T_enriched","T_cell"
"A1_P1_M39_T_enriched","T_cell"
"A3_P1_M39_T_enriched","T_cell"
"A4_P1_M39_T_enriched","T_cell"
"A5_P1_M39_T_enriched","T_cell"
"A6_P1_M39_T_enriched","T_cell"
"A7_P1_M39_T_enriched","T_cell"
"A8_P1_M39_T_enriched","T_cell"
"A9_P1_M39_T_enriched","T_cell"
"B10_P1_M39_T_enriched","T_cell"
"B11_P1_M39_T_enriched","T_cell"
"B12_P1_M39_T_enriched","T_cell"
"B1_P1_M39_T_enriched","T_cell"
"B2_P1_M39_T_enriched","T_cell"
"B3_P1_M39_T_enriched","T_cell"
"B4_P1_M39_T_enriched","T_cell"
"B5_P1_M39_T_enriched","T_cell"
"B7_P1_M39_T_enriched","T_cell"
"B9_P1_M39_T_enriched","T_cell"
"C12_P1_M39_T_enriched","T_cell"
"C1_P1_M39_T_enriched","T_cell"
"C2_P1_M39_T_enriched","T_cell"
"C3_P1_M39_T_enriched","T_cell"
"C4_P1_M39_T_enriched","T_cell"
"C5_P1_M39_T_enriched","T_cell"
"C6_P1_M39_T_enriched","T_cell"
"C7_P1_M39_T_enriched","T_cell"
"C8_P1_M39_T_enriched","T_cell"
"C9_P1_M39_T_enriched","T_cell"
"D10_P1_M39_T_enriched","T_cell"
"D11_P1_M39_T_enriched","T_cell"
"D12_P1_M39_T_enriched","T_cell"
"D1_P1_M39_T_enriched","B_cell"
"D2_P1_M39_T_enriched","T_cell"
"D3_P1_M39_T_enriched","T_cell"
"D4_P1_M39_T_enriched","T_cell"
"D5_P1_M39_T_enriched","T_cell"
"D6_P1_M39_T_enriched","T_cell"
"D8_P1_M39_T_enriched","NK"
"E10_P1_M39_T_enriched","T_cell"
"E11_P1_M39_T_enriched","B_cell"
"E2_P1_M39_T_enriched","T_cell"
"E3_P1_M39_T_enriched","T_cell"
"E4_P1_M39_T_enriched","NK"
"E5_P1_M39_T_enriched","T_cell"
"E7_P1_M39_T_enriched","T_cell"
"E8_P1_M39_T_enriched","T_cell"
"E9_P1_M39_T_enriched","T_cell"
"F10_P1_M39_T_enriched","T_cell"
"F11_P1_M39_T_enriched","T_cell"
"F1_P1_M39_T_enriched","T_cell"
"F2_P1_M39_T_enriched","T_cell"
"F3_P1_M39_T_enriched","T_cell"
"F5_P1_M39_T_enriched","T_cell"
"F6_P1_M39_T_enriched","T_cell"
"F7_P1_M39_T_enriched","T_cell"
"F8_P1_M39_T_enriched","T_cell"
"F9_P1_M39_T_enriched","T_cell"
"G10_P1_M39_T_enriched","NK"
"G12_P1_M39_T_enriched","T_cell"
"G1_P1_M39_T_enriched","T_cell"
"G3_P1_M39_T_enriched","NK"
"G4_P1_M39_T_enriched","T_cell"
"G5_P1_M39_T_enriched","T_cell"
"G6_P1_M39_T_enriched","T_cell"
"G8_P1_M39_T_enriched","T_cell"
"G9_P1_M39_T_enriched","T_cell"
"H10_P1_M39_T_enriched","T_cell"
"H11_P1_M39_T_enriched","NK"
"H12_P1_M39_T_enriched","T_cell"
"H1_P1_M39_T_enriched","T_cell"
"H2_P1_M39_T_enriched","T_cell"
"H3_P1_M39_T_enriched","T_cell"
"H5_P1_M39_T_enriched","NK"
"H6_P1_M39_T_enriched","T_cell"
"H8_P1_M39_T_enriched","T_cell"
"H9_P1_M39_T_enriched","T_cell"
"A10_P7_M47_T_enriched","T_cell"
"A10_P8_M47_T_enriched","T_cell"
"A10_P9_M47_T_enriched","NK"
"A11_P7_M47_T_enriched","T_cell"
"A11_P8_M47_T_enriched","T_cell"
"A11_P9_M47_T_enriched","T_cell"
"A12_P7_M47_T_enriched","B_cell"
"A12_P8_M47_T_enriched","T_cell"
"A12_P9_M47_T_enriched","T_cell"
"A1_P9_M47_T_enriched","T_cell"
"A2_P7_M47_T_enriched","T_cell"
"A2_P9_M47_T_enriched","NK"
"A3_P7_M47_T_enriched","T_cell"
"A3_P8_M47_T_enriched","T_cell"
"A3_P9_M47_T_enriched","T_cell"
"A4_P7_M47_T_enriched","T_cell"
"A4_P8_M47_T_enriched","T_cell"
"A4_P9_M47_T_enriched","T_cell"
"A5_P7_M47_T_enriched","T_cell"
"A5_P8_M47_T_enriched","T_cell"
"A5_P9_M47_T_enriched","T_cell"
"A6_P7_M47_T_enriched","T_cell"
"A6_P8_M47_T_enriched","T_cell"
"A6_P9_M47_T_enriched","T_cell"
"A7_P7_M47_T_enriched","T_cell"
"A7_P8_M47_T_enriched","T_cell"
"A7_P9_M47_T_enriched","T_cell"
"A8_P7_M47_T_enriched","T_cell"
"A8_P8_M47_T_enriched","T_cell"
"A8_P9_M47_T_enriched","T_cell"
"A9_P7_M47_T_enriched","T_cell"
"A9_P8_M47_T_enriched","T_cell"
"A9_P9_M47_T_enriched","T_cell"
"B10_P7_M47_T_enriched","T_cell"
"B10_P8_M47_T_enriched","T_cell"
"B10_P9_M47_T_enriched","T_cell"
"B11_P7_M47_T_enriched","T_cell"
"B11_P9_M47_T_enriched","T_cell"
"B12_P7_M47_T_enriched","T_cell"
"B12_P8_M47_T_enriched","T_cell"
"B12_P9_M47_T_enriched","T_cell"
"B1_P7_M47_T_enriched","T_cell"
"B1_P8_M47_T_enriched","T_cell"
"B1_P9_M47_T_enriched","T_cell"
"B2_P7_M47_T_enriched","T_cell"
"B2_P8_M47_T_enriched","T_cell"
"B2_P9_M47_T_enriched","T_cell"
"B3_P7_M47_T_enriched","T_cell"
"B3_P8_M47_T_enriched","T_cell"
"B3_P9_M47_T_enriched","T_cell"
"B4_P7_M47_T_enriched","T_cell"
"B4_P8_M47_T_enriched","B_cell"
"B5_P7_M47_T_enriched","T_cell"
"B5_P8_M47_T_enriched","T_cell"
"B5_P9_M47_T_enriched","T_cell"
"B6_P7_M47_T_enriched","T_cell"
"B7_P7_M47_T_enriched","T_cell"
"B7_P8_M47_T_enriched","T_cell"
"B7_P9_M47_T_enriched","T_cell"
"B8_P9_M47_T_enriched","T_cell"
"B9_P7_M47_T_enriched","T_cell"
"C10_P7_M47_T_enriched","T_cell"
"C10_P8_M47_T_enriched","B_cell"
"C10_P9_M47_T_enriched","T_cell"
"C11_P7_M47_T_enriched","T_cell"
"C11_P9_M47_T_enriched","T_cell"
"C12_P8_M47_T_enriched","T_cell"
"C1_P7_M47_T_enriched","T_cell"
"C1_P8_M47_T_enriched","T_cell"
"C1_P9_M47_T_enriched","Myeloid"
"C2_P7_M47_T_enriched","T_cell"
"C2_P8_M47_T_enriched","B_cell"
"C2_P9_M47_T_enriched","T_cell"
"C3_P7_M47_T_enriched","T_cell"
"C3_P8_M47_T_enriched","T_cell"
"C3_P9_M47_T_enriched","T_cell"
"C4_P7_M47_T_enriched","T_cell"
"C4_P8_M47_T_enriched","T_cell"
"C4_P9_M47_T_enriched","T_cell"
"C5_P7_M47_T_enriched","T_cell"
"C5_P8_M47_T_enriched","T_cell"
"C5_P9_M47_T_enriched","T_cell"
"C6_P7_M47_T_enriched","T_cell"
"C6_P8_M47_T_enriched","T_cell"
"C6_P9_M47_T_enriched","T_cell"
"C7_P7_M47_T_enriched","T_cell"
"C7_P8_M47_T_enriched","T_cell"
"C7_P9_M47_T_enriched","T_cell"
"C8_P7_M47_T_enriched","NK"
"C8_P8_M47_T_enriched","T_cell"
"C8_P9_M47_T_enriched","T_cell"
"C9_P7_M47_T_enriched","T_cell"
"C9_P8_M47_T_enriched","T_cell"
"C9_P9_M47_T_enriched","T_cell"
"D10_P7_M47_T_enriched","T_cell"
"D10_P8_M47_T_enriched","T_cell"
"D10_P9_M47_T_enriched","T_cell"
"D11_P7_M47_T_enriched","T_cell"
"D11_P8_M47_T_enriched","T_cell"
"D12_P7_M47_T_enriched","B_cell"
"D12_P8_M47_T_enriched","T_cell"
"D12_P9_M47_T_enriched","T_cell"
"D1_P7_M47_T_enriched","T_cell"
"D1_P8_M47_T_enriched","T_cell"
"D1_P9_M47_T_enriched","T_cell"
"D2_P7_M47_T_enriched","T_cell"
"D2_P8_M47_T_enriched","T_cell"
"D2_P9_M47_T_enriched","T_cell"
"D3_P7_M47_T_enriched","T_cell"
"D3_P8_M47_T_enriched","T_cell"
"D3_P9_M47_T_enriched","T_cell"
"D4_P7_M47_T_enriched","T_cell"
"D4_P8_M47_T_enriched","T_cell"
"D4_P9_M47_T_enriched","T_cell"
"D5_P7_M47_T_enriched","T_cell"
"D5_P8_M47_T_enriched","T_cell"
"D6_P7_M47_T_enriched","T_cell"
"D6_P8_M47_T_enriched","T_cell"
"D6_P9_M47_T_enriched","T_cell"
"D7_P7_M47_T_enriched","T_cell"
"D7_P8_M47_T_enriched","T_cell"
"D7_P9_M47_T_enriched","T_cell"
"D8_P7_M47_T_enriched","T_cell"
"D8_P8_M47_T_enriched","T_cell"
"D8_P9_M47_T_enriched","T_cell"
"D9_P7_M47_T_enriched","T_cell"
"D9_P8_M47_T_enriched","T_cell"
"D9_P9_M47_T_enriched","T_cell"
"E10_P8_M47_T_enriched","T_cell"
"E11_P7_M47_T_enriched","T_cell"
"E11_P8_M47_T_enriched","T_cell"
"E11_P9_M47_T_enriched","T_cell"
"E12_P7_M47_T_enriched","T_cell"
"E12_P8_M47_T_enriched","T_cell"
"E12_P9_M47_T_enriched","T_cell"
"E1_P7_M47_T_enriched","T_cell"
"E1_P8_M47_T_enriched","T_cell"
"E1_P9_M47_T_enriched","T_cell"
"E2_P8_M47_T_enriched","T_cell"
"E3_P7_M47_T_enriched","T_cell"
"E3_P8_M47_T_enriched","T_cell"
"E3_P9_M47_T_enriched","T_cell"
"E4_P7_M47_T_enriched","B_cell"
"E4_P8_M47_T_enriched","T_cell"
"E5_P7_M47_T_enriched","T_cell"
"E5_P8_M47_T_enriched","Malignant"
"E5_P9_M47_T_enriched","T_cell"
"E6_P7_M47_T_enriched","T_cell"
"E6_P9_M47_T_enriched","T_cell"
"E7_P7_M47_T_enriched","T_cell"
"E7_P8_M47_T_enriched","T_cell"
"E7_P9_M47_T_enriched","T_cell"
"E8_P7_M47_T_enriched","T_cell"
"E8_P8_M47_T_enriched","T_cell"
"E8_P9_M47_T_enriched","T_cell"
"E9_P7_M47_T_enriched","T_cell"
"E9_P8_M47_T_enriched","T_cell"
"E9_P9_M47_T_enriched","T_cell"
"F10_P7_M47_T_enriched","T_cell"
"F10_P8_M47_T_enriched","NK"
"F11_P7_M47_T_enriched","T_cell"
"F11_P8_M47_T_enriched","NK"
"F11_P9_M47_T_enriched","T_cell"
"F12_P7_M47_T_enriched","NK"
"F12_P9_M47_T_enriched","T_cell"
"F1_P7_M47_T_enriched","T_cell"
"F1_P8_M47_T_enriched","T_cell"
"F2_P7_M47_T_enriched","T_cell"
"F2_P8_M47_T_enriched","T_cell"
"F2_P9_M47_T_enriched","T_cell"
"F3_P7_M47_T_enriched","T_cell"
"F3_P8_M47_T_enriched","T_cell"
"F3_P9_M47_T_enriched","T_cell"
"F4_P7_M47_T_enriched","T_cell"
"F4_P8_M47_T_enriched","T_cell"
"F4_P9_M47_T_enriched","T_cell"
"F5_P8_M47_T_enriched","NK"
"F5_P9_M47_T_enriched","T_cell"
"F6_P7_M47_T_enriched","T_cell"
"F6_P8_M47_T_enriched","T_cell"
"F6_P9_M47_T_enriched","T_cell"
"F7_P7_M47_T_enriched","T_cell"
"F7_P8_M47_T_enriched","T_cell"
"F7_P9_M47_T_enriched","T_cell"
"F8_P8_M47_T_enriched","T_cell"
"F9_P7_M47_T_enriched","T_cell"
"F9_P8_M47_T_enriched","T_cell"
"F9_P9_M47_T_enriched","T_cell"
"G10_P7_M47_T_enriched","T_cell"
"G10_P8_M47_T_enriched","T_cell"
"G10_P9_M47_T_enriched","T_cell"
"G11_P7_M47_T_enriched","T_cell"
"G11_P9_M47_T_enriched","T_cell"
"G12_P7_M47_T_enriched","T_cell"
"G12_P8_M47_T_enriched","T_cell"
"G12_P9_M47_T_enriched","T_cell"
"G1_P7_M47_T_enriched","T_cell"
"G1_P8_M47_T_enriched","T_cell"
"G1_P9_M47_T_enriched","T_cell"
"G2_P7_M47_T_enriched","T_cell"
"G2_P8_M47_T_enriched","T_cell"
"G2_P9_M47_T_enriched","NK"
"G3_P8_M47_T_enriched","T_cell"
"G3_P9_M47_T_enriched","T_cell"
"G4_P7_M47_T_enriched","T_cell"
"G4_P8_M47_T_enriched","T_cell"
"G4_P9_M47_T_enriched","T_cell"
"G5_P7_M47_T_enriched","T_cell"
"G5_P8_M47_T_enriched","T_cell"
"G5_P9_M47_T_enriched","T_cell"
"G6_P7_M47_T_enriched","T_cell"
"G6_P8_M47_T_enriched","T_cell"
"G6_P9_M47_T_enriched","T_cell"
"G7_P7_M47_T_enriched","T_cell"
"G7_P9_M47_T_enriched","T_cell"
"G8_P7_M47_T_enriched","T_cell"
"G8_P8_M47_T_enriched","NK"
"G8_P9_M47_T_enriched","T_cell"
"G9_P7_M47_T_enriched","T_cell"
"G9_P8_M47_T_enriched","T_cell"
"G9_P9_M47_T_enriched","T_cell"
"H10_P7_M47_T_enriched","T_cell"
"H10_P8_M47_T_enriched","B_cell"
"H10_P9_M47_T_enriched","T_cell"
"H11_P8_M47_T_enriched","T_cell"
"H12_P7_M47_T_enriched","T_cell"
"H12_P8_M47_T_enriched","T_cell"
"H12_P9_M47_T_enriched","T_cell"
"H1_P7_M47_T_enriched","T_cell"
"H1_P8_M47_T_enriched","T_cell"
"H1_P9_M47_T_enriched","T_cell"
"H2_P7_M47_T_enriched","T_cell"
"H2_P8_M47_T_enriched","T_cell"
"H2_P9_M47_T_enriched","T_cell"
"H3_P7_M47_T_enriched","T_cell"
"H3_P8_M47_T_enriched","T_cell"
"H3_P9_M47_T_enriched","T_cell"
"H4_P7_M47_T_enriched","T_cell"
"H4_P8_M47_T_enriched","B_cell"
"H4_P9_M47_T_enriched","T_cell"
"H5_P7_M47_T_enriched","T_cell"
"H5_P8_M47_T_enriched","T_cell"
"H5_P9_M47_T_enriched","T_cell"
"H6_P7_M47_T_enriched","NK"
"H6_P9_M47_T_enriched","T_cell"
"H7_P7_M47_T_enriched","T_cell"
"H7_P8_M47_T_enriched","NK"
"H7_P9_M47_T_enriched","T_cell"
"H8_P7_M47_T_enriched","T_cell"
"H8_P8_M47_T_enriched","T_cell"
"H8_P9_M47_T_enriched","T_cell"
"H9_P7_M47_T_enriched","T_cell"
"H9_P8_M47_T_enriched","T_cell"
"H9_P9_M47_T_enriched","T_cell"
"A10_P12_MMD2-36B_T_enriched","B_cell"
"A11_P12_MMD2-36B_T_enriched","T_cell"
"A12_P12_MMD2-36B_T_enriched","T_cell"
"A2_P12_MMD2-36B_T_enriched","NK"
"A3_P12_MMD2-36B_T_enriched","T_cell"
"A4_P12_MMD2-36B_T_enriched","T_cell"
"A5_P12_MMD2-36B_T_enriched","T_cell"
"A6_P12_MMD2-36B_T_enriched","T_cell"
"A7_P12_MMD2-36B_T_enriched","T_cell"
"A8_P12_MMD2-36B_T_enriched","T_cell"
"A9_P12_MMD2-36B_T_enriched","T_cell"
"B10_P12_MMD2-36B_T_enriched","NK"
"B11_P12_MMD2-36B_T_enriched","T_cell"
"B12_P12_MMD2-36B_T_enriched","T_cell"
"B1_P12_MMD2-36B_T_enriched","T_cell"
"B2_P12_MMD2-36B_T_enriched","T_cell"
"B3_P12_MMD2-36B_T_enriched","T_cell"
"B4_P12_MMD2-36B_T_enriched","T_cell"
"B5_P12_MMD2-36B_T_enriched","T_cell"
"B6_P12_MMD2-36B_T_enriched","NK"
"B7_P12_MMD2-36B_T_enriched","T_cell"
"B8_P12_MMD2-36B_T_enriched","T_cell"
"B9_P12_MMD2-36B_T_enriched","T_cell"
"C10_P12_MMD2-36B_T_enriched","NK"
"C11_P12_MMD2-36B_T_enriched","T_cell"
"C12_P12_MMD2-36B_T_enriched","T_cell"
"C2_P12_MMD2-36B_T_enriched","T_cell"
"C3_P12_MMD2-36B_T_enriched","NK"
"C4_P12_MMD2-36B_T_enriched","T_cell"
"C5_P12_MMD2-36B_T_enriched","T_cell"
"C6_P12_MMD2-36B_T_enriched","T_cell"
"C7_P12_MMD2-36B_T_enriched","T_cell"
"C8_P12_MMD2-36B_T_enriched","T_cell"
"C9_P12_MMD2-36B_T_enriched","T_cell"
"D10_P12_MMD2-36B_T_enriched","NK"
"D11_P12_MMD2-36B_T_enriched","NK"
"D12_P12_MMD2-36B_T_enriched","T_cell"
"D1_P12_MMD2-36B_T_enriched","NK"
"D2_P12_MMD2-36B_T_enriched","NK"
"D3_P12_MMD2-36B_T_enriched","NK"
"D5_P12_MMD2-36B_T_enriched","T_cell"
"D7_P12_MMD2-36B_T_enriched","T_cell"
"D8_P12_MMD2-36B_T_enriched","T_cell"
"D9_P12_MMD2-36B_T_enriched","T_cell"
"E10_P12_MMD2-36B_T_enriched","T_cell"
"E11_P12_MMD2-36B_T_enriched","T_cell"
"E12_P12_MMD2-36B_T_enriched","T_cell"
"E1_P12_MMD2-36B_T_enriched","T_cell"
"E2_P12_MMD2-36B_T_enriched","T_cell"
"E3_P12_MMD2-36B_T_enriched","T_cell"
"E4_P12_MMD2-36B_T_enriched","T_cell"
"E5_P12_MMD2-36B_T_enriched","T_cell"
"E6_P12_MMD2-36B_T_enriched","T_cell"
"E7_P12_MMD2-36B_T_enriched","T_cell"
"E8_P12_MMD2-36B_T_enriched","T_cell"
"F10_P12_MMD2-36B_T_enriched","NK"
"F11_P12_MMD2-36B_T_enriched","T_cell"
"F12_P12_MMD2-36B_T_enriched","NK"
"F1_P12_MMD2-36B_T_enriched","T_cell"
"F2_P12_MMD2-36B_T_enriched","T_cell"
"F3_P12_MMD2-36B_T_enriched","T_cell"
"F4_P12_MMD2-36B_T_enriched","T_cell"
"F5_P12_MMD2-36B_T_enriched","T_cell"
"F7_P12_MMD2-36B_T_enriched","T_cell"
"F8_P12_MMD2-36B_T_enriched","NK"
"F9_P12_MMD2-36B_T_enriched","T_cell"
"G11_P12_MMD2-36B_T_enriched","T_cell"
"G12_P12_MMD2-36B_T_enriched","NK"
"G1_P12_MMD2-36B_T_enriched","T_cell"
"G2_P12_MMD2-36B_T_enriched","T_cell"
"G3_P12_MMD2-36B_T_enriched","NK"
"G4_P12_MMD2-36B_T_enriched","T_cell"
"G5_P12_MMD2-36B_T_enriched","B_cell"
"G6_P12_MMD2-36B_T_enriched","T_cell"
"G7_P12_MMD2-36B_T_enriched","T_cell"
"G8_P12_MMD2-36B_T_enriched","T_cell"
"H10_P12_MMD2-36B_T_enriched","T_cell"
"H11_P12_MMD2-36B_T_enriched","NK"
"H12_P12_MMD2-36B_T_enriched","T_cell"
"H1_P12_MMD2-36B_T_enriched","T_cell"
"H2_P12_MMD2-36B_T_enriched","NK"
"H3_P12_MMD2-36B_T_enriched","T_cell"
"H4_P12_MMD2-36B_T_enriched","T_cell"
"H5_P12_MMD2-36B_T_enriched","T_cell"
"H6_P12_MMD2-36B_T_enriched","T_cell"
"H7_P12_MMD2-36B_T_enriched","T_cell"
"H8_P12_MMD2-36B_T_enriched","NK"
"H9_P12_MMD2-36B_T_enriched","NK"
"A10_P6_M74_T_enriched","NK"
"A10_P7_M74_T_enriched","T_cell"
"A11_P6_M74_T_enriched","T_cell"
"A11_P7_M74_T_enriched","T_cell"
"A12_P6_M74_T_enriched","T_cell"
"A12_P7_M74_T_enriched","T_cell"
"A2_P6_M74_T_enriched","NK"
"A2_P7_M74_T_enriched","NK"
"A3_P6_M74_T_enriched","NK"
"A3_P7_M74_T_enriched","NK"
"A4_P6_M74_T_enriched","T_cell"
"A4_P7_M74_T_enriched","T_cell"
"A5_P6_M74_T_enriched","T_cell"
"A5_P7_M74_T_enriched","T_cell"
"A6_P6_M74_T_enriched","T_cell"
"A6_P7_M74_T_enriched","T_cell"
"A7_P6_M74_T_enriched","T_cell"
"A7_P7_M74_T_enriched","Unassigned (all modules low)"
"A8_P6_M74_T_enriched","NK"
"A8_P7_M74_T_enriched","T_cell"
"A9_P6_M74_T_enriched","T_cell"
"A9_P7_M74_T_enriched","NK"
"B10_P6_M74_T_enriched","NK"
"B10_P7_M74_T_enriched","T_cell"
"B11_P6_M74_T_enriched","T_cell"
"B11_P7_M74_T_enriched","T_cell"
"B12_P6_M74_T_enriched","NK"
"B12_P7_M74_T_enriched","T_cell"
"B1_P6_M74_T_enriched","T_cell"
"B1_P7_M74_T_enriched","T_cell"
"B2_P6_M74_T_enriched","NK"
"B2_P7_M74_T_enriched","T_cell"
"B3_P6_M74_T_enriched","T_cell"
"B3_P7_M74_T_enriched","T_cell"
"B4_P6_M74_T_enriched","T_cell"
"B5_P6_M74_T_enriched","T_cell"
"B6_P6_M74_T_enriched","T_cell"
"B6_P7_M74_T_enriched","T_cell"
"B7_P6_M74_T_enriched","T_cell"
"B7_P7_M74_T_enriched","T_cell"
"B8_P6_M74_T_enriched","NK"
"B8_P7_M74_T_enriched","T_cell"
"B9_P6_M74_T_enriched","T_cell"
"B9_P7_M74_T_enriched","T_cell"
"C10_P6_M74_T_enriched","T_cell"
"C10_P7_M74_T_enriched","T_cell"
"C11_P6_M74_T_enriched","T_cell"
"C11_P7_M74_T_enriched","T_cell"
"C12_P6_M74_T_enriched","T_cell"
"C12_P7_M74_T_enriched","T_cell"
"C1_P6_M74_T_enriched","NK"
"C1_P7_M74_T_enriched","T_cell"
"C2_P6_M74_T_enriched","NK"
"C2_P7_M74_T_enriched","T_cell"
"C3_P6_M74_T_enriched","T_cell"
"C3_P7_M74_T_enriched","T_cell"
"C4_P6_M74_T_enriched","T_cell"
"C4_P7_M74_T_enriched","T_cell"
"C5_P6_M74_T_enriched","T_cell"
"C5_P7_M74_T_enriched","T_cell"
"C6_P6_M74_T_enriched","T_cell"
"C6_P7_M74_T_enriched","T_cell"
"C7_P6_M74_T_enriched","T_cell"
"C7_P7_M74_T_enriched","T_cell"
"C8_P6_M74_T_enriched","T_cell"
"C8_P7_M74_T_enriched","NK"
"C9_P6_M74_T_enriched","T_cell"
"C9_P7_M74_T_enriched","T_cell"
"D10_P6_M74_T_enriched","T_cell"
"D10_P7_M74_T_enriched","T_cell"
"D11_P6_M74_T_enriched","T_cell"
"D11_P7_M74_T_enriched","T_cell"
"D12_P6_M74_T_enriched","T_cell"
"D12_P7_M74_T_enriched","NK"
"D1_P6_M74_T_enriched","NK"
"D1_P7_M74_T_enriched","T_cell"
"D2_P6_M74_T_enriched","T_cell"
"D2_P7_M74_T_enriched","T_cell"
"D3_P6_M74_T_enriched","T_cell"
"D3_P7_M74_T_enriched","T_cell"
"D4_P6_M74_T_enriched","T_cell"
"D4_P7_M74_T_enriched","T_cell"
"D5_P6_M74_T_enriched","T_cell"
"D5_P7_M74_T_enriched","T_cell"
"D6_P6_M74_T_enriched","T_cell"
"D6_P7_M74_T_enriched","T_cell"
"D7_P6_M74_T_enriched","T_cell"
"D7_P7_M74_T_enriched","NK"
"D8_P6_M74_T_enriched","T_cell"
"D8_P7_M74_T_enriched","NK"
"D9_P6_M74_T_enriched","NK"
"D9_P7_M74_T_enriched","NK"
"E10_P6_M74_T_enriched","T_cell"
"E10_P7_M74_T_enriched","T_cell"
"E11_P6_M74_T_enriched","NK"
"E11_P7_M74_T_enriched","T_cell"
"E12_P6_M74_T_enriched","T_cell"
"E12_P7_M74_T_enriched","NK"
"E1_P6_M74_T_enriched","T_cell"
"E1_P7_M74_T_enriched","NK"
"E2_P6_M74_T_enriched","T_cell"
"E2_P7_M74_T_enriched","T_cell"
"E3_P6_M74_T_enriched","T_cell"
"E3_P7_M74_T_enriched","NK"
"E4_P6_M74_T_enriched","T_cell"
"E4_P7_M74_T_enriched","T_cell"
"E5_P6_M74_T_enriched","NK"
"E5_P7_M74_T_enriched","T_cell"
"E6_P6_M74_T_enriched","T_cell"
"E6_P7_M74_T_enriched","T_cell"
"E7_P6_M74_T_enriched","T_cell"
"E7_P7_M74_T_enriched","T_cell"
"E8_P6_M74_T_enriched","T_cell"
"E8_P7_M74_T_enriched","T_cell"
"E9_P6_M74_T_enriched","NK"
"E9_P7_M74_T_enriched","NK"
"F10_P6_M74_T_enriched","NK"
"F10_P7_M74_T_enriched","T_cell"
"F11_P6_M74_T_enriched","NK"
"F11_P7_M74_T_enriched","NK"
"F12_P6_M74_T_enriched","T_cell"
"F12_P7_M74_T_enriched","T_cell"
"F1_P6_M74_T_enriched","T_cell"
"F1_P7_M74_T_enriched","NK"
"F2_P6_M74_T_enriched","T_cell"
"F2_P7_M74_T_enriched","T_cell"
"F3_P6_M74_T_enriched","T_cell"
"F3_P7_M74_T_enriched","T_cell"
"F4_P6_M74_T_enriched","T_cell"
"F4_P7_M74_T_enriched","NK"
"F5_P6_M74_T_enriched","T_cell"
"F5_P7_M74_T_enriched","NK"
"F6_P6_M74_T_enriched","NK"
"F6_P7_M74_T_enriched","T_cell"
"F7_P6_M74_T_enriched","T_cell"
"F7_P7_M74_T_enriched","T_cell"
"F8_P6_M74_T_enriched","T_cell"
"F8_P7_M74_T_enriched","T_cell"
"F9_P7_M74_T_enriched","T_cell"
"G10_P6_M74_T_enriched","T_cell"
"G11_P6_M74_T_enriched","T_cell"
"G11_P7_M74_T_enriched","T_cell"
"G12_P6_M74_T_enriched","T_cell"
"G12_P7_M74_T_enriched","NK"
"G1_P6_M74_T_enriched","T_cell"
"G1_P7_M74_T_enriched","NK"
"G2_P7_M74_T_enriched","T_cell"
"G3_P6_M74_T_enriched","T_cell"
"G3_P7_M74_T_enriched","T_cell"
"G4_P6_M74_T_enriched","T_cell"
"G4_P7_M74_T_enriched","T_cell"
"G5_P6_M74_T_enriched","NK"
"G5_P7_M74_T_enriched","T_cell"
"G6_P6_M74_T_enriched","T_cell"
"G6_P7_M74_T_enriched","T_cell"
"G7_P6_M74_T_enriched","T_cell"
"G7_P7_M74_T_enriched","NK"
"G8_P6_M74_T_enriched","T_cell"
"G8_P7_M74_T_enriched","T_cell"
"G9_P6_M74_T_enriched","NK"
"G9_P7_M74_T_enriched","T_cell"
"H10_P6_M74_T_enriched","T_cell"
"H10_P7_M74_T_enriched","T_cell"
"H11_P6_M74_T_enriched","T_cell"
"H11_P7_M74_T_enriched","T_cell"
"H12_P6_M74_T_enriched","NK"
"H12_P7_M74_T_enriched","T_cell"
"H1_P6_M74_T_enriched","NK"
"H1_P7_M74_T_enriched","NK"
"H2_P7_M74_T_enriched","T_cell"
"H3_P6_M74_T_enriched","T_cell"
"H3_P7_M74_T_enriched","NK"
"H4_P6_M74_T_enriched","T_cell"
"H4_P7_M74_T_enriched","NK"
"H5_P6_M74_T_enriched","T_cell"
"H5_P7_M74_T_enriched","T_cell"
"H6_P6_M74_T_enriched","T_cell"
"H6_P7_M74_T_enriched","NK"
"H7_P6_M74_T_enriched","NK"
"H7_P7_M74_T_enriched","T_cell"
"H8_P6_M74_T_enriched","T_cell"
"H8_P7_M74_T_enriched","T_cell"
"H9_P6_M74_T_enriched","T_cell"
"H9_P7_M74_T_enriched","T_cell"
"A10_P8_MMD5_T_enriched","T_cell"
"A11_P8_MMD5_T_enriched","T_cell"
"A12_P8_MMD5_T_enriched","T_cell"
"A2_P8_MMD5_T_enriched","T_cell"
"A3_P8_MMD5_T_enriched","T_cell"
"A4_P8_MMD5_T_enriched","NK"
"A5_P8_MMD5_T_enriched","T_cell"
"A6_P8_MMD5_T_enriched","NK"
"A7_P8_MMD5_T_enriched","T_cell"
"A8_P8_MMD5_T_enriched","T_cell"
"A9_P8_MMD5_T_enriched","T_cell"
"B10_P8_MMD5_T_enriched","T_cell"
"B11_P8_MMD5_T_enriched","T_cell"
"B12_P8_MMD5_T_enriched","NK"
"B1_P8_MMD5_T_enriched","T_cell"
"B2_P8_MMD5_T_enriched","T_cell"
"B3_P8_MMD5_T_enriched","T_cell"
"B4_P8_MMD5_T_enriched","T_cell"
"B7_P8_MMD5_T_enriched","NK"
"B8_P8_MMD5_T_enriched","T_cell"
"B9_P8_MMD5_T_enriched","T_cell"
"C10_P8_MMD5_T_enriched","T_cell"
"C12_P8_MMD5_T_enriched","T_cell"
"C2_P8_MMD5_T_enriched","T_cell"
"C3_P8_MMD5_T_enriched","T_cell"
"C4_P8_MMD5_T_enriched","T_cell"
"C5_P8_MMD5_T_enriched","T_cell"
"C6_P8_MMD5_T_enriched","NK"
"C7_P8_MMD5_T_enriched","T_cell"
"C8_P8_MMD5_T_enriched","T_cell"
"C9_P8_MMD5_T_enriched","T_cell"
"D10_P8_MMD5_T_enriched","T_cell"
"D11_P8_MMD5_T_enriched","T_cell"
"D12_P8_MMD5_T_enriched","T_cell"
"D1_P8_MMD5_T_enriched","NK"
"D3_P8_MMD5_T_enriched","T_cell"
"D5_P8_MMD5_T_enriched","T_cell"
"D6_P8_MMD5_T_enriched","T_cell"
"D7_P8_MMD5_T_enriched","T_cell"
"D9_P8_MMD5_T_enriched","T_cell"
"E10_P8_MMD5_T_enriched","NK"
"E11_P8_MMD5_T_enriched","T_cell"
"E12_P8_MMD5_T_enriched","T_cell"
"E1_P8_MMD5_T_enriched","T_cell"
"E2_P8_MMD5_T_enriched","T_cell"
"E3_P8_MMD5_T_enriched","T_cell"
"E4_P8_MMD5_T_enriched","T_cell"
"E5_P8_MMD5_T_enriched","T_cell"
"E6_P8_MMD5_T_enriched","T_cell"
"E8_P8_MMD5_T_enriched","NK"
"E9_P8_MMD5_T_enriched","T_cell"
"F10_P8_MMD5_T_enriched","T_cell"
"F11_P8_MMD5_T_enriched","T_cell"
"F12_P8_MMD5_T_enriched","T_cell"
"F1_P8_MMD5_T_enriched","T_cell"
"F2_P8_MMD5_T_enriched","T_cell"
"F3_P8_MMD5_T_enriched","T_cell"
"F5_P8_MMD5_T_enriched","NK"
"F6_P8_MMD5_T_enriched","NK"
"F7_P8_MMD5_T_enriched","T_cell"
"F9_P8_MMD5_T_enriched","T_cell"
"G10_P8_MMD5_T_enriched","T_cell"
"G11_P8_MMD5_T_enriched","NK"
"G12_P8_MMD5_T_enriched","T_cell"
"G1_P8_MMD5_T_enriched","NK"
"G2_P8_MMD5_T_enriched","T_cell"
"G3_P8_MMD5_T_enriched","T_cell"
"G4_P8_MMD5_T_enriched","T_cell"
"G6_P8_MMD5_T_enriched","T_cell"
"G8_P8_MMD5_T_enriched","T_cell"
"G9_P8_MMD5_T_enriched","T_cell"
"H11_P8_MMD5_T_enriched","T_cell"
"H12_P8_MMD5_T_enriched","T_cell"
"H1_P8_MMD5_T_enriched","NK"
"H2_P8_MMD5_T_enriched","T_cell"
"H3_P8_MMD5_T_enriched","T_cell"
"H4_P8_MMD5_T_enriched","NK"
"H5_P8_MMD5_T_enriched","T_cell"
"H6_P8_MMD5_T_enriched","T_cell"
"H7_P8_MMD5_T_enriched","T_cell"
"H8_P8_MMD5_T_enriched","T_cell"
"H9_P8_MMD5_T_enriched","T_cell"
"A10_P6_MMD8_L001_T_enriched","T_cell"
"A11_P6_MMD8_L001_T_enriched","T_cell"
"A12_P6_MMD8_L001_T_enriched","T_cell"
"A2_P6_MMD8_L001_T_enriched","T_cell"
"A3_P6_MMD8_L001_T_enriched","T_cell"
"A4_P6_MMD8_L001_T_enriched","T_cell"
"A5_P6_MMD8_L001_T_enriched","T_cell"
"A6_P6_MMD8_L001_T_enriched","T_cell"
"A7_P6_MMD8_L001_T_enriched","T_cell"
"A8_P6_MMD8_L001_T_enriched","NK"
"A9_P6_MMD8_L001_T_enriched","T_cell"
"B10_P6_MMD8_L001_T_enriched","T_cell"
"B11_P6_MMD8_L001_T_enriched","T_cell"
"B12_P6_MMD8_L001_T_enriched","T_cell"
"B1_P6_MMD8_L001_T_enriched","T_cell"
"B2_P6_MMD8_L001_T_enriched","T_cell"
"B3_P6_MMD8_L001_T_enriched","T_cell"
"B4_P6_MMD8_L001_T_enriched","T_cell"
"B5_P6_MMD8_L001_T_enriched","T_cell"
"B6_P6_MMD8_L001_T_enriched","T_cell"
"B7_P6_MMD8_L001_T_enriched","T_cell"
"B8_P6_MMD8_L001_T_enriched","T_cell"
"B9_P6_MMD8_L001_T_enriched","T_cell"
"C10_P6_MMD8_L001_T_enriched","T_cell"
"C11_P6_MMD8_L001_T_enriched","NK"
"C12_P6_MMD8_L001_T_enriched","T_cell"
"C1_P6_MMD8_L001_T_enriched","T_cell"
"C2_P6_MMD8_L001_T_enriched","T_cell"
"C3_P6_MMD8_L001_T_enriched","T_cell"
"C4_P6_MMD8_L001_T_enriched","T_cell"
"C5_P6_MMD8_L001_T_enriched","T_cell"
"C6_P6_MMD8_L001_T_enriched","T_cell"
"C7_P6_MMD8_L001_T_enriched","T_cell"
"C8_P6_MMD8_L001_T_enriched","T_cell"
"C9_P6_MMD8_L001_T_enriched","T_cell"
"D10_P6_MMD8_L001_T_enriched","T_cell"
"D11_P6_MMD8_L001_T_enriched","T_cell"
"D12_P6_MMD8_L001_T_enriched","T_cell"
"D1_P6_MMD8_L001_T_enriched","T_cell"
"D2_P6_MMD8_L001_T_enriched","T_cell"
"D3_P6_MMD8_L001_T_enriched","T_cell"
"D4_P6_MMD8_L001_T_enriched","T_cell"
"D5_P6_MMD8_L001_T_enriched","T_cell"
"D6_P6_MMD8_L001_T_enriched","T_cell"
"D7_P6_MMD8_L001_T_enriched","T_cell"
"D8_P6_MMD8_L001_T_enriched","T_cell"
"D9_P6_MMD8_L001_T_enriched","T_cell"
"E10_P6_MMD8_L001_T_enriched","T_cell"
"E11_P6_MMD8_L001_T_enriched","T_cell"
"E12_P6_MMD8_L001_T_enriched","T_cell"
"E1_P6_MMD8_L001_T_enriched","T_cell"
"E2_P6_MMD8_L001_T_enriched","T_cell"
"E3_P6_MMD8_L001_T_enriched","T_cell"
"E4_P6_MMD8_L001_T_enriched","T_cell"
"E5_P6_MMD8_L001_T_enriched","T_cell"
"E6_P6_MMD8_L001_T_enriched","T_cell"
"E7_P6_MMD8_L001_T_enriched","T_cell"
"E9_P6_MMD8_L001_T_enriched","T_cell"
"F10_P6_MMD8_L001_T_enriched","T_cell"
"F11_P6_MMD8_L001_T_enriched","T_cell"
"F12_P6_MMD8_L001_T_enriched","T_cell"
"F1_P6_MMD8_L001_T_enriched","NK"
"F2_P6_MMD8_L001_T_enriched","NK"
"F3_P6_MMD8_L001_T_enriched","T_cell"
"F4_P6_MMD8_L001_T_enriched","T_cell"
"F5_P6_MMD8_L001_T_enriched","T_cell"
"F6_P6_MMD8_L001_T_enriched","T_cell"
"F7_P6_MMD8_L001_T_enriched","NK"
"F8_P6_MMD8_L001_T_enriched","T_cell"
"F9_P6_MMD8_L001_T_enriched","T_cell"
"G10_P6_MMD8_L001_T_enriched","NK"
"G11_P6_MMD8_L001_T_enriched","NK"
"G12_P6_MMD8_L001_T_enriched","T_cell"
"G1_P6_MMD8_L001_T_enriched","T_cell"
"G2_P6_MMD8_L001_T_enriched","T_cell"
"G3_P6_MMD8_L001_T_enriched","T_cell"
"G4_P6_MMD8_L001_T_enriched","T_cell"
"G5_P6_MMD8_L001_T_enriched","T_cell"
"G6_P6_MMD8_L001_T_enriched","T_cell"
"G7_P6_MMD8_L001_T_enriched","T_cell"
"G8_P6_MMD8_L001_T_enriched","T_cell"
"G9_P6_MMD8_L001_T_enriched","T_cell"
"H10_P6_MMD8_L001_T_enriched","T_cell"
"H11_P6_MMD8_L001_T_enriched","T_cell"
"H12_P6_MMD8_L001_T_enriched","T_cell"
"H1_P6_MMD8_L001_T_enriched","T_cell"
"H2_P6_MMD8_L001_T_enriched","T_cell"
"H3_P6_MMD8_L001_T_enriched","T_cell"
"H4_P6_MMD8_L001_T_enriched","T_cell"
"H5_P6_MMD8_L001_T_enriched","T_cell"
"H6_P6_MMD8_L001_T_enriched","T_cell"
"H7_P6_MMD8_L001_T_enriched","T_cell"
"H8_P6_MMD8_L001_T_enriched","T_cell"
"H9_P6_MMD8_L001_T_enriched","T_cell"
"A10_P5_M67_L001_T_enriched","T_cell"
"A11_P5_M67_L001_T_enriched","T_cell"
"A12_P5_M67_L001_T_enriched","T_cell"
"A2_P5_M67_L001_T_enriched","T_cell"
"A3_P5_M67_L001_T_enriched","T_cell"
"A4_P5_M67_L001_T_enriched","T_cell"
"A5_P5_M67_L001_T_enriched","T_cell"
"A6_P5_M67_L001_T_enriched","T_cell"
"A7_P5_M67_L001_T_enriched","T_cell"
"A8_P5_M67_L001_T_enriched","T_cell"
"A9_P5_M67_L001_T_enriched","T_cell"
"B10_P5_M67_L001_T_enriched","NK"
"B11_P5_M67_L001_T_enriched","T_cell"
"B12_P5_M67_L001_T_enriched","T_cell"
"B1_P5_M67_L001_T_enriched","T_cell"
"B2_P5_M67_L001_T_enriched","T_cell"
"B3_P5_M67_L001_T_enriched","NK"
"B4_P5_M67_L001_T_enriched","T_cell"
"B5_P5_M67_L001_T_enriched","T_cell"
"B7_P5_M67_L001_T_enriched","T_cell"
"B8_P5_M67_L001_T_enriched","T_cell"
"B9_P5_M67_L001_T_enriched","T_cell"
"C10_P5_M67_L001_T_enriched","NK"
"C11_P5_M67_L001_T_enriched","T_cell"
"C12_P5_M67_L001_T_enriched","NK"
"C1_P5_M67_L001_T_enriched","T_cell"
"C2_P5_M67_L001_T_enriched","T_cell"
"C3_P5_M67_L001_T_enriched","T_cell"
"C4_P5_M67_L001_T_enriched","T_cell"
"C5_P5_M67_L001_T_enriched","T_cell"
"C6_P5_M67_L001_T_enriched","T_cell"
"C7_P5_M67_L001_T_enriched","T_cell"
"C8_P5_M67_L001_T_enriched","T_cell"
"C9_P5_M67_L001_T_enriched","T_cell"
"D10_P5_M67_L001_T_enriched","T_cell"
"D11_P5_M67_L001_T_enriched","NK"
"D12_P5_M67_L001_T_enriched","NK"
"D1_P5_M67_L001_T_enriched","NK"
"D2_P5_M67_L001_T_enriched","T_cell"
"D3_P5_M67_L001_T_enriched","T_cell"
"D5_P5_M67_L001_T_enriched","T_cell"
"D6_P5_M67_L001_T_enriched","T_cell"
"D7_P5_M67_L001_T_enriched","T_cell"
"D8_P5_M67_L001_T_enriched","T_cell"
"E10_P5_M67_L001_T_enriched","T_cell"
"E11_P5_M67_L001_T_enriched","T_cell"
"E12_P5_M67_L001_T_enriched","T_cell"
"E1_P5_M67_L001_T_enriched","NK"
"E2_P5_M67_L001_T_enriched","T_cell"
"E3_P5_M67_L001_T_enriched","T_cell"
"E4_P5_M67_L001_T_enriched","T_cell"
"E5_P5_M67_L001_T_enriched","T_cell"
"E6_P5_M67_L001_T_enriched","T_cell"
"E7_P5_M67_L001_T_enriched","T_cell"
"E8_P5_M67_L001_T_enriched","T_cell"
"E9_P5_M67_L001_T_enriched","T_cell"
"F10_P5_M67_L001_T_enriched","T_cell"
"F11_P5_M67_L001_T_enriched","T_cell"
"F12_P5_M67_L001_T_enriched","T_cell"
"F1_P5_M67_L001_T_enriched","NK"
"F2_P5_M67_L001_T_enriched","T_cell"
"F3_P5_M67_L001_T_enriched","T_cell"
"F4_P5_M67_L001_T_enriched","NK"
"F5_P5_M67_L001_T_enriched","T_cell"
"F6_P5_M67_L001_T_enriched","T_cell"
"F7_P5_M67_L001_T_enriched","T_cell"
"F8_P5_M67_L001_T_enriched","T_cell"
"F9_P5_M67_L001_T_enriched","T_cell"
"G10_P5_M67_L001_T_enriched","T_cell"
"G11_P5_M67_L001_T_enriched","T_cell"
"G12_P5_M67_L001_T_enriched","T_cell"
"G1_P5_M67_L001_T_enriched","NK"
"G2_P5_M67_L001_T_enriched","T_cell"
"G3_P5_M67_L001_T_enriched","NK"
"G4_P5_M67_L001_T_enriched","NK"
"G5_P5_M67_L001_T_enriched","T_cell"
"G6_P5_M67_L001_T_enriched","T_cell"
"G7_P5_M67_L001_T_enriched","T_cell"
"G8_P5_M67_L001_T_enriched","T_cell"
"G9_P5_M67_L001_T_enriched","T_cell"
"H10_P5_M67_L001_T_enriched","T_cell"
"H11_P5_M67_L001_T_enriched","T_cell"
"H12_P5_M67_L001_T_enriched","T_cell"
"H1_P5_M67_L001_T_enriched","T_cell"
"H2_P5_M67_L001_T_enriched","T_cell"
"H3_P5_M67_L001_T_enriched","T_cell"
"H4_P5_M67_L001_T_enriched","T_cell"
"H5_P5_M67_L001_T_enriched","T_cell"
"H6_P5_M67_L001_T_enriched","T_cell"
"H7_P5_M67_L001_T_enriched","NK"
"H8_P5_M67_L001_T_enriched","NK"
"H9_P5_M67_L001_T_enriched","NK"
