"source","target","ligand.complex","receptor.complex","aggregate_rank","mean_rank","natmi.edge_specificity","natmi.rank","connectome.weight_sc","connectome.rank","logfc.logfc_comb","logfc.rank","sca.LRscore","sca.rank"
"Myeloid","Myeloid","SERPINA1","LRP1",2.76942438022127e-07,81.5,0.950388275844503,9,2.1885127861131,1,2.66464188793153,3,0.905846832693849,313
"Myeloid","Myeloid","VCAN","TLR2",3.79811501315076e-07,158.5,0.975534771922307,2,1.94301586006053,10,2.39068058207021,5,0.883306054269779,617
"Myeloid","Myeloid","CD14","TLR4",1.86319027921178e-06,252.25,0.947321456602003,11,1.73309139864293,17,2.13581298874428,13,0.855250347456759,968
"Myeloid","Myeloid","SERPING1","LRP1",2.6000587468829e-06,165.25,0.915726272846772,19,1.95150761217785,9,2.26309317328968,9,0.882772196580923,624
"Myeloid","Myeloid","C1QB","LRP1",3.03192371823673e-06,256.75,0.935918009273746,15,1.70055796424591,20,2.08304035325847,16,0.854566060822886,976
"Myeloid","Myeloid","S100A8","CD36",3.50907033238829e-06,210.5,0.917726397118196,18,1.6963916557836,21,2.34522042071138,7,0.867912652582119,796
"Myeloid","Myeloid","S100A9","CD36",3.50907033238829e-06,176.25,0.90405511364068,21,1.76132832003801,15,2.43651605839137,4,0.879208308398749,665
"Myeloid","Myeloid","S100A9","TLR4",7.44835699476714e-06,284,0.940247669376881,12,1.64651021295891,27,2.05787580034093,18,0.847936051824146,1079
"Myeloid","Myeloid","S100A8","CD68",8.30517996762004e-06,90.5,0.855328178894128,28,1.98229102235002,7,2.70701075864695,2,0.904847066611426,325
"Myeloid","Myeloid","S100A9","CD68",1.02105745625909e-05,64,0.84258643578127,30,2.04722768660444,4,2.79830639632694,1,0.913299737559032,221
"Myeloid","B_cell","TNFSF13","TNFRSF17",1.12635994868773e-05,267.25,0.842292387748436,31,2.03626685075404,5,2.00714637715952,21,0.852117448740629,1012
"Myeloid","Myeloid","S100A8","TLR4",1.35814230658158e-05,336,0.954466263169642,6,1.58157354870449,33,1.96658016266094,22,0.834267269248442,1283
"Myeloid","Myeloid","PLAU","LRP1",1.61964132652367e-05,333,0.867184721045818,26,1.63308387042468,28,1.8444006376787,35,0.837023412712874,1243
"Myeloid","B_cell","FN1","CD79A",1.91263044743065e-05,215,0.824554683551311,37,2.17984966933801,2,2.14178897721422,12,0.867030355275963,809
"Myeloid","Myeloid","FN1","C5AR1",2.23887995543886e-05,335.75,0.873105533170003,24,1.53178229185514,39,1.88267518001506,30,0.836549806424733,1250
"Myeloid","Myeloid","PLAU","PLAUR",3.21160697288119e-05,238,0.79478908578222,44,1.68069072548935,23,2.19850761496919,10,0.862098646250864,875
"Myeloid","Myeloid","CXCL9","FCGR2A",3.43484637173002e-05,476.75,0.794544390119621,45,1.50579734963268,42,1.82209965504307,40,0.805497656459725,1780
"Myeloid","B_cell","TNFSF13B","TNFRSF17",3.66816332080198e-05,220,0.788715540808546,46,2.00734389003028,6,2.03417132104403,20,0.867063682271662,808
"Myeloid","Myeloid","GRN","TNFRSF1A",3.71917097092256e-05,113,0.383028375157896,192,1.43566720750819,48,1.9251593228993,24,0.915710772843007,188
"Myeloid","Myeloid","FN1","PLAUR",3.91177723390078e-05,218.25,0.785309995628316,47,1.67623036776409,24,2.27241817686098,8,0.868077701954482,794
"Myeloid","B_cell","FN1","SDC1",4.16590732778143e-05,425.5,0.862487556536317,27,1.9665468523054,8,1.75908447793793,48,0.815708052577822,1619
"Myeloid","Myeloid","VCAN","TLR1",4.16590732778143e-05,342.75,0.783961655313254,48,1.49223654846124,43,1.91347532335899,27,0.836302514617262,1253
"Myeloid","Myeloid","PSAP","LRP1",4.64756401330429e-05,112.25,0.370562144277414,203,1.58145677977498,34,1.78110417592973,43,0.91713876445573,169
"Myeloid","Myeloid","CD14","TLR1",4.70659193966423e-05,285.5,0.776762390586151,50,1.56092354240873,36,2.07134143235783,17,0.8505273923756,1039
"Myeloid","Myeloid","RNASE2","TLR2",5.29196694951484e-05,476.25,0.98314051093654,1,1.49184944841816,44,1.72485396301868,52,0.803707237378622,1808
"Myeloid","Myeloid","APOE","LRP1",5.60195930192234e-05,481.5,0.918798473751332,17,1.5077500819613,41,1.7166384622964,53,0.803327995981754,1815
"Myeloid","Myeloid","C1QA","CD33",6.96237953331978e-05,418.5,0.970093755762068,4,1.39930345033677,57,1.86255710343039,31,0.817174062842219,1582
"B_cell","Myeloid","IGHG1_IGLC1","FCGR2B",7.13024771917291e-05,170.75,0.519372075367038,108,2.15975656728847,3,2.38413330476099,6,0.887446726934584,566
"Myeloid","Myeloid","PTGS2","ALOX5",7.33368500581321e-05,398.25,0.741557448248672,58,1.52466504435713,40,1.77234559835597,45,0.824593035254687,1450
"Myeloid","B_cell","TNFSF13B","TNFRSF13B",8.52595599413072e-05,418.75,0.780522320086334,49,1.53223707051036,38,1.65897082740094,61,0.820214248740812,1527
"Myeloid","Myeloid","APP","LRP1",8.52595599413072e-05,278,0.711563514455013,61,1.61089949984792,32,1.88935676867566,29,0.853773400397663,990
"Myeloid","Myeloid","ADM","GPR84",8.95022003091891e-05,451,0.904272050751765,20,1.37295048683752,62,1.76124988034057,47,0.812199986396065,1675
"Myeloid","Myeloid","SERPINF1","PLXDC2",9.3882648539613e-05,360.75,0.704395496111506,63,1.47644445318259,45,1.95215313549205,23,0.832588506672789,1312
"Myeloid","Myeloid","C1QB","CD33",9.84030652723259e-05,434,0.951293760275072,8,1.36553732737387,64,1.84297687600148,36,0.815202736039024,1628
"Myeloid","B_cell","TNFSF13","TNFRSF13B",0.000103065609176587,494.5,0.833542607772771,32,1.56116003123412,35,1.63194588351642,65,0.801208307880817,1846
"Myeloid","Myeloid","TIMP1","CD63",0.000107872436951168,116.5,0.304230322000667,309,1.36341232616513,66,1.85232439299066,33,0.924573969837577,58
"Myeloid","Myeloid","CCL2","CCR1",0.000117927561053934,275.5,0.750544445513143,56,1.35540984672889,68,1.92229060216264,25,0.855963964955754,953
"Myeloid","Myeloid","HBEGF","CD9",0.000123180160927225,288.75,0.691315628154125,69,1.42015119393664,52,1.91279156898232,28,0.852470730390018,1006
"Myeloid","Myeloid","CD14","ITGB2",0.000132940386194524,144.75,0.327891502234579,264,1.24894318784464,86,1.61989871778374,70,0.91788123260397,159
"Myeloid","Myeloid","C3","LRP1",0.000134146180401724,536,0.936151488831889,14,1.4763983203686,46,1.61958739415913,71,0.789191083679676,2013
"Myeloid","T_cell","LYZ","ITGAL",0.00013701489275755,165.75,0.326907972351036,266,1.24106153174182,91,1.77344138875631,44,0.909838520432773,262
"Myeloid","Myeloid","C1QA","CD93",0.000139863891725111,527,0.950106137800506,10,1.34914622687774,71,1.6132175465727,72,0.793759305275284,1955
"Myeloid","Myeloid","S100A9","ITGB2",0.000145444159151452,171.25,0.325443088653773,270,1.16236200216061,112,1.5419615293804,84,0.913411303007979,219
"Myeloid","Myeloid","THBS1","LRP1",0.000145740928636563,420.5,0.679046448883893,73,1.41474488876198,54,1.71072637367657,55,0.821609564852634,1500
"Myeloid","NK","LYZ","ITGAL",0.000147610887732548,171,0.324097775344521,271,1.23582905549518,93,1.71145507522424,54,0.909483781926382,266
"Myeloid","Myeloid","VEGFA","SIRPA",0.000157981540992649,406,0.828410084035836,34,1.61814950494244,31,1.59833829484736,75,0.822895170090996,1484
"Myeloid","Myeloid","PLTP","ABCA1",0.000177590860768159,485,0.634309690878059,78,1.3512935194164,69,1.57371724903101,78,0.809933068559258,1715
"Myeloid","Myeloid","HLA-DMB","CD4",0.000183107174484077,148.75,0.418755401169648,145,1.21514266736516,101,1.650668983869,63,0.907511755542751,286
"Myeloid","Myeloid","ANXA2","TLR2",0.000196251590235142,147,0.393674374922244,175,1.40119160938907,56,1.63024783621566,66,0.907214629013115,291
"Myeloid","Myeloid","TNFSF13","TNFRSF1A",0.000206156516295113,202.75,0.611303489999759,82,1.39857021556777,58,1.84015716746241,37,0.881778202190182,634
"Myeloid","Myeloid","ANXA1","FPR1",0.000212944793413641,148.75,0.414878109970188,148,1.31450031258074,77,1.61058219659518,73,0.906888667146924,297
"Myeloid","B_cell","THBS1","SDC1",0.000213744235374584,540.75,0.683520386687462,72,1.75266822836796,16,1.55149965204401,83,0.790400882313385,1992
"Myeloid","Myeloid","TNFSF13","SDC2",0.000221514721948866,582.75,0.828846471843774,33,1.26721685500554,84,1.5829066919648,76,0.779279950118412,2138
"Myeloid","Myeloid","HLA-DQB1","CD4",0.000233741358073688,204.75,0.305519431336468,304,1.02644580251873,179,1.33463378421061,144,0.915376596841744,192
"Myeloid","Myeloid","LILRB4","LAIR1",0.000237612472649395,150.75,0.60148084470665,86,1.68656150866232,22,2.19662838306022,11,0.895226611918826,484
"Myeloid","Myeloid","S100A12","CD36",0.000263182772358055,638.75,0.930772891482903,16,1.24571214961499,89,1.62630866653078,67,0.761679705822523,2383
"Myeloid","Myeloid","LGALS9","LRP1",0.000279865721529159,116.25,0.578517212012867,92,1.62759984166172,29,1.92035295616482,26,0.905173477469761,318
"Myeloid","Myeloid","TNFSF13B","HLA-DPB1",0.000279865721529159,191,0.300756296246969,318,1.10665920955817,139,1.4597611022856,103,0.914515928589257,204
"Myeloid","Myeloid","PLAU","ITGAM",0.000290512141694539,439.5,0.60169765338419,85,1.2404495781629,92,1.52218622247755,87,0.821941240941151,1494
"Myeloid","Myeloid","S100A8","ITGB2",0.000294214935460636,207.5,0.330364497375048,257,1.0974253379062,143,1.4506658917004,108,0.904968377143849,322
"Myeloid","Myeloid","CD14","TLR6",0.000300022665941338,541.5,0.576726097100624,93,1.4097706909208,55,1.75193519848896,49,0.792696319176829,1969
"Myeloid","Myeloid","HEBP1","FPR3",0.000309737061606056,497.75,0.755678203396949,55,1.23340375444026,94,1.55213601868301,82,0.807045448986428,1760
"Myeloid","Myeloid","CD1D","LILRB2",0.000309737061606056,261.25,0.574641183958201,94,1.70952097284155,19,2.04335112559814,19,0.859149841511475,913
"B_cell","Myeloid","HSP90B1","LRP1",0.000340586238243381,209.75,0.293278456154084,334,1.30635648058512,79,1.45226621155872,107,0.905145861123365,319
"Myeloid","Myeloid","C3","ITGAX",0.00035067531997937,495.5,0.686574257050674,70,1.22354509201664,98,1.50548050963415,91,0.809335886065095,1723
"Myeloid","Myeloid","APOE","ABCA1",0.000361440526643356,594.5,0.795157780927121,43,1.28262539657639,81,1.46634026961521,99,0.778200101911056,2155
"Myeloid","Myeloid","VCAN","CD44",0.000361443169067342,223.75,0.290045273145494,339,1.09202101043891,145,1.35494045904174,139,0.90838352321932,272
"Myeloid","Myeloid","HLA-DMA","CD4",0.000365726893227686,231.25,0.289741273403482,340,0.998377068948284,203,1.28569886624123,180,0.914850570130617,202
"Myeloid","Myeloid","HLA-DRA","CD4",0.000370048582172168,184.5,0.289435336408355,341,1.02578550222783,180,1.32941306096306,147,0.92361019556022,70
"Myeloid","B_cell","C3","CD19",0.000387011286953512,640,0.952336777915109,7,1.78485314999106,14,1.44734416704529,109,0.757658375860649,2430
"B_cell","B_cell","IGHG1_IGLC1","FCGR2B",0.000387011286953512,271.75,0.350467468311605,236,1.87860668087559,13,2.11205456170883,14,0.866255139181499,824
"Myeloid","B_cell","CCL2","CCR10",0.000418554872865641,753.5,0.808321888879163,40,1.23031964645911,96,1.45940294398667,104,0.72708077339364,2774
"B_cell","Myeloid","IGHG1_IGLC1","FCGR3B",0.000418554872865641,199,0.533564092789903,104,1.94191449308184,11,2.08870347198237,15,0.878842229150117,666
"Myeloid","Myeloid","GRN","SORT1",0.000430649991225659,376.75,0.533375380985581,105,1.33794083010301,72,1.57251659298031,79,0.836470144857265,1251
"Myeloid","Myeloid","PLAU","ITGA5",0.00044297404560695,434.75,0.6560128634221,75,1.19865211818209,106,1.4647565678186,101,0.824046179349226,1457
"Myeloid","Myeloid","CXCL10","TLR4",0.000455529111918292,606,0.694297732450877,68,1.19369108390875,107,1.51067914779316,88,0.777634520520339,2161
"Myeloid","NK","CD14","ITGB2",0.000496484261093101,216.75,0.275121807096942,367,1.07290501793779,157,1.48379500470934,96,0.911021117162952,247
"Myeloid","NK","S100A9","ITGB2",0.000529756819239944,253.5,0.273067432511809,373,0.986323832253768,216,1.405857816306,120,0.906215927666086,305
"Myeloid","Myeloid","HSP90B1","LRP1",0.000547006652758559,242.25,0.272745822069589,376,1.24879090547164,87,1.3439732114115,142,0.901983877489228,364
"Myeloid","Myeloid","THBS1","CD36",0.000550056872673896,543.75,0.652715386272837,76,1.15997067499128,114,1.62419696138111,68,0.79663071792648,1917
"Myeloid","B_cell","CD14","TLR9",0.000564534530683065,548.75,0.492917563173079,115,1.33134040057786,74,1.66952981283647,57,0.794187203838083,1949
"Myeloid","Myeloid","HLA-DQA1","CD4",0.000570657612484589,287.25,0.270610984144081,380,0.917455460776624,281,1.24341130600335,199,0.907381102404135,289
"Myeloid","Myeloid","GNAI2","C5AR1",0.000609473366178237,213.25,0.475473758719542,118,1.37681140913121,60,1.65086107597605,62,0.883534919173035,613
"Myeloid","Myeloid","GNAI2","FPR1",0.000624961779277219,187.25,0.475066129789935,119,1.43341479924011,50,1.8017794081915,41,0.890794106650301,539
"Myeloid","Myeloid","IL1B","IL1R2_IL1RAP",0.000640708011805964,550,0.685739010790246,71,1.14653913095784,120,1.66430814714468,58,0.793946428650069,1951
"Myeloid","Myeloid","VEGFA","NRP1",0.000672982126470053,601.25,0.677467265479888,74,1.24469651422771,90,1.39342761786169,122,0.781033415581646,2119
"T_cell","Myeloid","HMGB1","TLR2",0.000679834586751349,306.5,0.26655511546107,395,1.00577980013192,195,1.18091964335891,239,0.899853614306978,397
"B_cell","Myeloid","PSAP","LRP1",0.00068671022954658,240.25,0.265864333921613,398,1.27292870913893,82,1.37285432572733,134,0.903616840971302,347
"Myeloid","Myeloid","APP","FPR2",0.000706312073100237,624.5,0.727147308886799,60,1.13899983745229,124,1.39327358065918,123,0.775713883731329,2191
"NK","Myeloid","CCL5","CCR1",0.000707650339034593,338.25,0.376745701015904,196,0.824358540614682,372,0.980130734430948,401,0.900790473560993,384
"Myeloid","Myeloid","HBEGF","CD44",0.000714735643908958,334.75,0.268106895931277,391,0.925193677030912,266,1.10755235325709,280,0.899385565889413,402
"T_cell","Myeloid","HMGB1","CD163",0.000743610242128687,305.5,0.264499734867938,406,0.940336343986072,251,1.27898815137496,182,0.900818493074272,383
"Myeloid","Myeloid","C3","C3AR1",0.000758322394302798,632.5,0.853643979984558,29,1.13301728099452,127,1.41062363684955,118,0.771273101015172,2256
"Myeloid","Myeloid","MMP9","LRP1",0.000776204756338837,725.5,0.701312085274762,66,1.30497892949589,80,1.38442512299239,128,0.740560646477679,2628
"B_cell","Myeloid","HSP90B1","TLR2",0.000788551555430018,239,0.299151122143843,323,1.21537561510039,100,1.39983024353759,121,0.898701955826221,412
"Myeloid","T_cell","VCAN","CD44",0.000796235314108777,283.75,0.262960784461195,413,0.984411094152937,217,1.29668462118445,170,0.904221791332539,335
"NK","B_cell","CCL5","SDC1",0.000843523760679704,194,0.480858381905365,117,1.65271856353024,26,1.22097429293,214,0.898287776536337,419
"Myeloid","T_cell","CD14","ITGB2",0.000843523760679704,248.25,0.261264119391662,419,1.02667617434839,178,1.38459655775025,127,0.9089040315455,269
"B_cell","B_cell","LAMA5","SDC1",0.000850516334403605,528,0.474966983606341,120,1.72556942256631,18,1.37528532216753,132,0.801624962818215,1842
"Myeloid","B_cell","ICAM1","CAV1",0.000869799899559089,426.5,0.446469545755921,129,1.11545199519352,133,1.38320221872571,129,0.832298370440336,1315
"Myeloid","Myeloid","HLA-DRB5","CD4",0.000892887922919158,276,0.259540074473282,425,0.930001239644469,262,1.13066957734093,264,0.918315121869522,153
"Myeloid","NK","CFP","NCR1",0.000909228000473174,550.5,0.709408843526033,62,1.11122912054622,135,1.5539804653842,81,0.796159513966472,1924
"Myeloid","T_cell","S100A9","ITGB2",0.000909814237418129,295,0.259313222177991,427,0.940094988664367,252,1.30665936934691,162,0.903996559727163,339
"B_cell","Myeloid","HLA-DOB","CD4",0.000929376575731534,301.5,0.530809905928918,106,1.32322860031643,75,1.36921090935506,136,0.861094873671507,889
"Myeloid","Myeloid","LGALS3","ENG",0.000929376575731534,203.75,0.433549150210354,136,1.20718735188837,104,1.66047066604759,60,0.892695354737125,515
"Myeloid","T_cell","CXCL16","CXCR6",0.000949817523906456,243.75,0.589463278772544,90,1.10935608010692,137,1.85661808982585,32,0.873708936462782,716
"Myeloid","Myeloid","LY86","CD180",0.000970552859821605,567.75,0.431406751551975,138,1.22186835386225,99,1.52787020904645,86,0.794216474561092,1948
"Myeloid","T_cell","CD14","ITGA4",0.000988979263682449,236.5,0.316072703705116,284,1.0879187593153,149,1.57911115634903,77,0.897571424298424,436
"T_cell","Myeloid","HLA-G","LILRB2",0.00100725091507399,258.25,0.256037606650062,438,1.15543832022461,118,1.38672734217371,125,0.903081450191454,352
"Myeloid","Myeloid","TNFSF12","CD163",0.00101291474431477,596.25,0.550096846870041,97,1.10628042673096,140,1.50155780133164,92,0.785555243163531,2056
"B_cell","B_cell","COL4A4","SDC1",0.00104092564540588,773.5,0.880838009654913,23,1.93794255381248,12,1.24410651046515,197,0.715157872301013,2862
"Myeloid","Myeloid","CALR","LRP1",0.00105403767288033,253.25,0.255023941795843,443,1.14600327027395,121,1.21976105661862,215,0.91201244736531,234
"Myeloid","NK","S100A8","ITGB2",0.00106358721710742,310.25,0.277196807172733,362,0.921387167999351,276,1.31456217862601,159,0.897150407805839,444
"T_cell","Myeloid","RPS19","C5AR1",0.00106358721710742,281.25,0.254982465874599,444,1.00246361884012,196,1.13601106477779,261,0.912928353663185,224
"Myeloid","Myeloid","SEMA4A","LILRB2",0.00107871573639461,216.75,0.419682144526386,143,1.4588475417064,47,1.83336265046855,38,0.881319498236455,639
"Myeloid","Myeloid","GAS6","AXL",0.00114727463436891,611.25,0.415622560364872,146,1.10107954468574,141,1.40785732895039,119,0.786523210425463,2039
"T_cell","Myeloid","CD99","PILRA",0.00115248169627179,308.25,0.251841951909698,453,0.953273991915479,244,1.28822244362156,178,0.902293904687474,358
"B_cell","Myeloid","CIRBP","TREM1",0.00119372978143002,307,0.268846220628628,385,1.02847075582803,177,1.22560944779297,209,0.896477867977668,457
"Myeloid","Myeloid","LGALS3BP","CD33",0.00119453939699152,468.75,0.6164435050386,80,1.08889239643514,148,1.46107931324566,102,0.819494277473797,1545
"Myeloid","Myeloid","HMGB1","TLR2",0.0012042125267305,371,0.250962633962249,458,0.947135355837288,248,1.04270899504699,332,0.897104702583356,446
"Myeloid","B_cell","BST1","CAV1",0.00121864541285109,667.75,0.798320011446621,42,1.17942328716601,109,1.3281935058135,149,0.762654342886765,2371
"T_cell","Myeloid","HLA-A","LILRB2",0.00124306984063674,206.5,0.242255455841003,505,1.18565276940915,108,1.325159752215,150,0.924356795731187,63
"T_cell","Myeloid","HLA-F","LILRB2",0.00125766563047736,219.5,0.249127705560495,463,1.16037542787442,113,1.35035527368895,141,0.91773178336552,161
"Myeloid","Myeloid","HMGB1","CD163",0.00126856624396464,367,0.249027485478773,464,0.881691899691438,320,1.14077750306303,260,0.898093066875512,424
"Myeloid","Myeloid","HLA-G","LILRB2",0.00129057989525892,283,0.248808571585673,466,1.11581110466432,132,1.30194104481838,165,0.901820809215359,369
"Myeloid","Myeloid","LGALS9","HAVCR2",0.00130169354391711,427.75,0.248759444450608,467,0.725748084846968,459,0.939588091063615,431,0.902987712649656,354
"NK","Myeloid","RPS19","C5AR1",0.00133546546083632,310,0.248487191093068,470,0.939553436610259,253,1.10576372854189,282,0.911897313448881,235
"Myeloid","Myeloid","CD14","ITGB1",0.00141682021524137,244.75,0.307359038655922,298,1.14933722007564,119,1.52965988728113,85,0.895697302102041,477
"T_cell","Myeloid","HLA-A","LILRA1",0.00141682021524137,418,0.247474592823037,477,0.901129103645031,297,0.911865943484095,465,0.897726118872272,433
"Myeloid","Myeloid","HLA-B","LILRB2",0.0014501663833367,236,0.234811507583347,567,1.065832539502,158,1.31611209838466,158,0.924452873666938,61
"T_cell","Myeloid","HLA-C","LILRA3",0.00145280116051662,368.5,0.247235932447833,480,0.956637233668309,240,0.956241290768071,417,0.904079924897816,337
"NK","Myeloid","ANXA1","FPR1",0.00146494572279153,247.25,0.32018530493507,277,1.13845933958661,125,1.4535445199859,106,0.895358255015577,481
"Myeloid","Myeloid","HSP90B1","TLR2",0.00147716626745471,283,0.278207338520955,360,1.15781003998692,115,1.29153724339038,175,0.895349998701983,482
"T_cell","Myeloid","CSF1","CSF3R",0.00150526342464639,649.25,0.474246468540637,122,1.06204060873793,160,1.43082882672195,112,0.775107225088139,2203
"T_cell","Myeloid","CCL5","CCR1",0.00153941981879861,388.25,0.331656726019134,253,0.705013046147229,484,1.04669812508414,329,0.894947390196429,487
"Myeloid","Myeloid","TNFSF13B","CD40",0.00156172120330463,276.75,0.402249990626276,162,1.36079853343498,67,1.84982888902251,34,0.865047110928369,844
"NK","Myeloid","HLA-A","LILRA1",0.00156486423584463,440.25,0.245694762670222,489,0.85664868786421,347,0.888326385424965,484,0.897394288360705,441
"B_cell","B_cell","ST6GAL1","CD22",0.00159046528673779,318.75,0.401538132132256,163,1.36361390215151,65,1.32227454370463,152,0.860832884412619,895
"Myeloid","T_cell","S100A8","ITGB2",0.00160362064849321,362.25,0.263234603204848,408,0.87515832440995,330,1.21536373166691,219,0.894741425763664,492
"NK","Myeloid","HLA-C","LILRA3",0.00161669801730607,390.5,0.245290325545833,493,0.892226523811288,305,0.949761429959211,421,0.903736811618989,343
"Myeloid","Myeloid","HLA-DRB1","CD4",0.00162985520701723,303,0.244952734298541,494,0.886472904670881,311,1.06980346598754,315,0.921198420286717,92
"Myeloid","Myeloid","ALCAM","NRP1",0.00164899365976706,585.25,0.507796768936911,110,1.04772596502407,165,1.37727540956092,130,0.795204515806375,1936
"NK","Myeloid","CALR","LRP1",0.00165641034637219,287.75,0.244853753120928,496,1.08311599270846,152,1.16725705285275,249,0.910365846198026,254
"Myeloid","Myeloid","SPP1","ITGA5_ITGB1",0.00167878187063367,335.25,0.402455382776988,161,1.04271901798529,166,1.49234101629269,95,0.858848200753979,919
"NK","Myeloid","HLA-A","LILRB2",0.00167878187063367,217.5,0.240513161571231,516,1.14117235362833,123,1.30162019415587,166,0.924104064405018,65
"B_cell","Myeloid","RPS19","C5AR1",0.00169684983711944,345.5,0.244013671737656,499,0.896225028294419,302,1.03805692516341,336,0.911164802179078,245
"T_cell","Myeloid","B2M","LILRB2",0.00170892204196445,213.25,0.237227249933804,545,1.20329368976389,105,1.29932164282209,167,0.927901839037535,36
"NK","Myeloid","CCL5","CCRL2",0.00171049278225913,373.75,0.379920849801118,195,0.79596688459191,404,0.983612063165662,396,0.893871031622301,500
"T_cell","Myeloid","HLA-C","LILRB2",0.00173941612946842,221.5,0.237840128500736,541,1.17492371807516,111,1.29788336053714,168,0.9238850992398,66
"Myeloid","T_cell","HBEGF","CD44",0.00175191555555688,425,0.243071017531043,503,0.81758376074494,383,1.0492965153998,325,0.894862404395936,489
"T_cell","Myeloid","HLA-C","LILRA1",0.00176588889061521,435.75,0.242964141935895,504,0.890400052311041,307,0.884589551806234,487,0.89710684369468,445
"Myeloid","Myeloid","C3","ITGAM",0.00177026608688412,665.75,0.64955036726541,77,1.08376402810683,151,1.29737297895798,169,0.77089401405742,2266
"T_cell","Myeloid","HLA-B","LILRA1",0.00179408615996633,430.75,0.242200835462255,506,0.894227203319977,304,0.878520279891365,495,0.898294822513367,418
"Myeloid","B_cell","TNFSF13B","CD40",0.00180147386597961,283,0.396065297300675,170,1.34987986045686,70,1.78314753195118,42,0.86414012162105,850
"Myeloid","Myeloid","RPS19","C5AR1",0.00180831075765665,348.75,0.24183125212179,507,0.875087136464726,331,1.07655036245987,307,0.910800528615092,250
"NK","Myeloid","HLA-C","LILRA1",0.00183701354248682,456.75,0.24105215160824,509,0.82598934245402,370,0.878109690997374,496,0.896741636043435,452
"Myeloid","NK","IL1B","ADRB2",0.00186497068642971,486.75,0.40126155551106,165,1.03373826996765,172,1.62296204071625,69,0.819600808495021,1541
"NK","Myeloid","B2M","LILRB2",0.00186497068642971,222.5,0.236119303587193,554,1.13766828698901,126,1.29335827910323,172,0.927745091211895,38
"T_cell","Myeloid","CALR","LRP1",0.00188070670332084,302.25,0.240789280781098,512,1.05798336160766,162,1.11732168148053,272,0.90968055011014,263
"Myeloid","Myeloid","ICAM1","ITGAX_ITGB2",0.00189544282647764,253.75,0.240788010274019,513,1.11162325905176,134,1.43321785499058,110,0.910108231116154,258
"NK","Myeloid","HLA-B","LILRB2",0.001897263621468,234.5,0.235510484408569,563,1.10042834528046,142,1.29289663945202,173,0.924556601805891,60
"NK","Myeloid","HLA-B","LILRA1",0.00192517469587407,455.25,0.240584308131409,515,0.815904679516331,386,0.879602830721113,493,0.897988504945981,427
"T_cell","Myeloid","HLA-B","LILRB2",0.00192992216555339,221.75,0.237092919845461,547,1.1787508690841,110,1.29181408862227,174,0.924789823088426,56
"T_cell","Myeloid","CSF1","CSF2RA",0.00196294826060152,686.5,0.448830508641375,128,1.03111042843337,175,1.32291257966571,151,0.768871695516231,2292
"NK","Myeloid","HMGB1","TLR2",0.00198568639387789,405,0.240364747981414,519,0.907275944486317,289,1.04884282723298,327,0.89509619316502,485
"Myeloid","Myeloid","ADM","CALCRL",0.0019963438465575,837.5,0.771852681631636,52,1.02852523514797,176,1.2954471377792,171,0.703693220342794,2951
"NK","Myeloid","HLA-C","LILRB2",0.0019963438465575,234.75,0.235968461259643,556,1.11051300821814,136,1.29140349972828,176,0.923606844307504,71
"Myeloid","Myeloid","HLA-C","LILRA3",0.00200103462314406,442.75,0.240214748725904,520,0.72419591826121,461,0.937149081331114,434,0.902823450136809,356
"T_cell","B_cell","CCL5","SDC1",0.00201647165577666,219.75,0.423309187580775,142,1.53337306906279,37,1.28754168358319,179,0.892314914268767,521
"Myeloid","Myeloid","HLA-B","LILRA1",0.00204761349931636,460.5,0.23987027259147,523,0.78130887373788,414,0.902818289653756,474,0.897852283786885,431
"T_cell","Myeloid","CIRBP","TREM1",0.00206331899595319,360.25,0.245696641731545,488,0.963110141484716,234,1.25299967879807,195,0.892224479807044,524
"Myeloid","Myeloid","APP","APLP2",0.00209876691976654,322.25,0.39064900232698,179,1.07350750207831,156,1.41958423435142,115,0.86550043140161,839
"Myeloid","Myeloid","CD14","RIPK1",0.00213365982939546,464.5,0.390367736775438,180,1.1441774268815,122,1.56724066273448,80,0.823260188691205,1476
"Myeloid","Myeloid","HLA-DPB1","CD4",0.0021922382841208,371.75,0.23904271751644,532,0.798151159076283,402,0.978464685617521,404,0.918470315318482,149
"Myeloid","Myeloid","HLA-F","LILRB2",0.00220458506000401,267.5,0.237309910531153,544,1.05474919481785,163,1.28421032310694,181,0.915878456943845,182
"Myeloid","Myeloid","PTPN6","CLEC12A",0.00224062123525755,333.25,0.435187134273217,133,1.0197751294608,183,1.31030068496017,161,0.863704218709081,856
"Myeloid","Myeloid","VCAN","SELL",0.00224062123525755,275,0.388857791793228,183,1.21228148187236,103,1.6614860507885,59,0.870856372920482,755
"Myeloid","Myeloid","HLA-A","LILRA1",0.00225891759062584,507.5,0.238641719651691,536,0.680383393398983,509,0.862205734918773,517,0.89604554942424,468
"NK","Myeloid","HMGB1","CD163",0.00227582241939235,403.25,0.238511318766899,537,0.841832488340467,356,1.14691133524903,255,0.896101615862296,465
"T_cell","B_cell","BTLA","CD79A",0.00231385032656931,447.75,0.386192552942765,185,1.65948742736981,25,1.63649435407976,64,0.820897050740557,1517
"Myeloid","Myeloid","IL18","IL18BP",0.0023510470850785,482.5,0.528191142682583,107,1.0173761340908,186,1.43090910864997,111,0.820228361788436,1526
"Myeloid","Myeloid","HLA-DQA2","CD4",0.00245013793202714,400,0.258071908524659,431,0.847699804777492,352,1.11869316921708,270,0.889720086414778,547
"Myeloid","Myeloid","PLAU","ST14",0.00250376027477613,719,0.703869642450382,64,1.13193869347086,128,1.26235955196773,190,0.751595074879961,2494
"NK","Myeloid","A2M","LRP1",0.00250376027477613,446.25,0.384118296077312,190,1.15600620944219,117,1.32977740308867,146,0.8317244850651,1332
"Myeloid","NK","CD14","ITGB1",0.0025043324825056,294.5,0.269382662689225,383,1.07699988272526,155,1.50842238379476,90,0.88937407488262,550
"Myeloid","Myeloid","ADAM15","ITGA5",0.00254292967783347,413.75,0.468404904842697,124,1.01214163613107,191,1.37288854293365,133,0.839760515935084,1207
"NK","Myeloid","HLA-F","LILRB2",0.00254292967783347,278.75,0.235190975319894,566,1.03581037045167,170,1.26593365253384,188,0.915532300011884,191
"Myeloid","Myeloid","HLA-C","LILRA1",0.00259664847926616,522.25,0.236064271591471,555,0.657958736903942,547,0.865497342369276,512,0.895769557944214,475
"Myeloid","Myeloid","SPP1","CD44",0.00267231998853107,401.25,0.272879128721726,375,0.794632428708781,405,1.12964834607767,266,0.888530200374389,559
"Myeloid","NK","CD14","ITGA4",0.00269149350802501,341,0.259491019528475,426,0.976759909941203,225,1.32185906986021,153,0.888142044851592,560
"NK","Myeloid","CD99","PILRA",0.00269149350802501,377.25,0.235606457860506,560,0.901483447536962,296,1.17047479064674,248,0.899316847187991,405
"T_cell","B_cell","HMGB1","SDC1",0.00273014988779891,333,0.263044082750498,412,1.43468400522263,49,1.07412888974748,309,0.887805964148446,562
"Myeloid","Myeloid","S100A12","TLR4",0.00274481872315275,806.25,0.968035055309487,5,1.13089404253589,130,1.24766840848034,196,0.710015704611762,2894
"T_cell","Myeloid","CCL5","CCRL2",0.0027692211795902,413.75,0.334451872580563,251,0.676621390124458,516,1.05017945381885,324,0.887671237178226,564
"Myeloid","Myeloid","FN1","SDC2",0.00278641825576416,817,0.827855506537702,35,1.00160168110569,197,1.25659012068519,193,0.718563012505858,2843
"Myeloid","Myeloid","GRN","TNFRSF1B",0.0028284294595428,311.75,0.198234053291199,763,1.00021060916074,198,1.30260792153111,164,0.919685410311774,122
"Myeloid","Myeloid","HLA-DPA1","CD4",0.00284862034316962,340,0.234780852115104,568,0.84715101643898,354,1.03794155723325,337,0.920874891291206,101
"Myeloid","T_cell","VCAN","ITGA4",0.0028687340892371,286.5,0.319002159475068,279,1.01923176536781,184,1.42124504735019,114,0.887229987663919,569
"Myeloid","B_cell","CCL2","CCR2",0.00291369445712698,664,0.43602971593332,131,0.999805767241286,200,1.45714652342833,105,0.773905625955347,2220
"Myeloid","Myeloid","HLA-A","LILRB2",0.00295025609642007,265.75,0.233608864317807,573,0.964907059163107,230,1.27549954364968,185,0.923076326431564,75
"B_cell","Myeloid","GAS6","AXL",0.00295695203426887,673,0.372747221537937,201,1.04064716752216,168,1.31875807490759,157,0.777240238072122,2166
"B_cell","NK","IGHG1_IGLC1","FCGR3B",0.0029745049296966,394,0.289329347002605,342,1.62724839463258,30,1.82541317024794,39,0.84230840504738,1165
"Myeloid","Myeloid","CIRBP","TREM1",0.00301252848644727,408,0.232693944322883,576,0.926398273224446,265,1.17762798864522,243,0.889582187095784,548
"B_cell","Myeloid","HMGB1","TLR2",0.00303350336628521,462.75,0.232445352150136,577,0.87749052721905,326,0.930669603896679,441,0.893512830063225,507
"Myeloid","Myeloid","B2M","LILRB2",0.00305458758492696,271,0.232223887176872,578,0.906936653020285,290,1.28887682989165,177,0.927185538373354,39
"T_cell","Myeloid","HMGB1","THBD",0.0030970855565543,432.75,0.25008382886201,461,0.828110498475229,368,1.05486521322727,322,0.886682102501686,580
"Myeloid","T_cell","CD86","CTLA4",0.00313419357880313,256.25,0.502976516083607,111,0.994563447318447,205,1.68904597687298,56,0.880132488048641,653
"Myeloid","Myeloid","LRPAP1","LRP1",0.00316166205934292,246,0.356617465722969,227,1.31640317513822,76,1.47983395105696,98,0.886321873257558,583
"Myeloid","Myeloid","HLA-C","LILRB2",0.00316166205934292,273.5,0.231085773572966,583,0.942482402668065,250,1.27879115110018,183,0.922865921984633,78
"NK","Myeloid","CIRBP","TREM1",0.00320527054747271,410.75,0.23091614720938,585,0.921378833690235,277,1.1961685241167,230,0.889204957792528,551
"B_cell","Myeloid","HLA-DQA2","CD4",0.00324932860324364,491.75,0.238816151321381,534,0.797176055650674,403,0.928100632924592,443,0.885857959363126,587
"B_cell","Myeloid","HMGB1","CD163",0.00324932860324364,454.25,0.230652988627317,587,0.8120470710732,389,1.02873811191273,347,0.894531639989572,494
"Myeloid","Myeloid","CD99","PILRA",0.00333880574507988,399.5,0.2302684862022,591,0.884455542058809,313,1.11625540014356,274,0.898274572055543,420
"B_cell","Myeloid","CALR","LRP1",0.00336146083431481,345.5,0.230219647499187,592,0.992626121618156,207,1.08430130316027,303,0.907819460544767,280
"Myeloid","Myeloid","VCAN","ITGB1",0.00347647053707957,294,0.310207733588078,291,1.08065022612816,153,1.37179377828229,135,0.885190852332336,597
"Myeloid","Myeloid","CCL7","CCR1",0.00350928171078956,741.5,0.76245573587803,54,0.988852857113462,213,1.23916989818566,202,0.751436496704936,2497
"Myeloid","B_cell","HMGB1","SDC1",0.00354687783329254,392.5,0.247656983588784,474,1.376039560928,61,0.935918241435557,435,0.884768704617284,600
"Myeloid","T_cell","HLA-DRA","LAG3",0.00354687783329254,487.5,0.244574672262513,498,0.619148378159616,600,1.07168816911092,312,0.890622181630221,540
"Myeloid","Myeloid","TNFSF13B","TFRC",0.00357058286585534,389.25,0.269048815222299,384,0.868466364780897,334,1.18519523420425,238,0.884761962472051,601
"Myeloid","B_cell","PTGS2","CAV1",0.00365717722140114,777.25,0.80139636401428,41,1.08432681072453,150,1.21954152231251,216,0.733043340432141,2702
"Myeloid","Myeloid","ADAM10","GPNMB",0.00375800778694013,402,0.393946310375356,173,0.982222041208905,218,1.2621209982715,191,0.85123118379525,1026
"Myeloid","Myeloid","HMGB1","THBD",0.00378931377516921,513.25,0.235454856283711,564,0.769466054180596,422,0.916654564915348,457,0.883618406694352,610
"Myeloid","T_cell","SPP1","CD44",0.00381422290269463,476,0.247397618218579,478,0.687022512422809,502,1.07139250822038,313,0.883582200029622,611
"T_cell","Myeloid","CD28","CD86",0.00393881149006508,345,0.595023325376289,88.5,0.97899698581097,221.5,1.7411395174742,50.5,0.851461804099294,1019.5
"Myeloid","T_cell","CD86","CD28",0.00393881149006508,345,0.595023325376289,88.5,0.97899698581097,221.5,1.7411395174742,50.5,0.851461804099294,1019.5
"Myeloid","Myeloid","APP","TNFRSF21",0.00401800987623947,772.75,0.540730595519155,101,0.978879897240217,223,1.22445159335714,210,0.746459810398075,2557
"Myeloid","Myeloid","PTPN6","CD300LF",0.00401800987623947,403.75,0.434909326889837,135,0.980825468343844,219,1.21164512565632,223,0.8505674026052,1038
"B_cell","Myeloid","CD59","STAB1",0.00407138377968217,544,0.35751084646282,224,1.02535121433463,181,1.31389990519674,160,0.816015915299314,1611
"Myeloid","T_cell","CD14","ITGB1",0.00409640386621755,372.25,0.237767787082459,542,1.01677992060822,187,1.35807769240673,138,0.883081900746406,622
"Myeloid","NK","VCAN","CD44",0.00417600776918734,420.5,0.224782263365108,625,0.832723258840256,363,1.15451312601141,252,0.897210115976689,442
"NK","B_cell","HMGB1","SDC1",0.00425676625921875,419.25,0.237198691718823,546,1.33618014957702,73,0.942052073621551,430,0.882550922623875,628
"NK","Myeloid","HLA-G","LILRB2",0.00425676625921875,381.5,0.223598001364376,628,0.977614970372653,224,1.20729077607303,226,0.896988697820458,448
"NK","Myeloid","CCL4","CCR1",0.00428394424961559,438.5,0.320899486471938,276,0.726681609266763,456,0.986660335867871,393,0.882420321417534,629
"Myeloid","Myeloid","GAS6","MERTK",0.00428951914152415,755.25,0.428656815191552,139,1.03278981417974,173,1.19805161302921,228,0.752953169105282,2481
"Myeloid","B_cell","CD14","TLR6",0.0043452221113275,729.25,0.354299915280724,229,1.23255480987741,95,1.60822204133352,74,0.749818323416597,2519
"B_cell","Myeloid","HLA-C","LILRB2",0.0043662594814056,369,0.223041791010645,632,0.665660425159879,536,1.21451264640521,220,0.921595413116035,88
"NK","Myeloid","HMGB1","THBD",0.00453444296335115,539.5,0.225511847314081,619,0.729606642829624,451,0.922788397101342,450,0.881381453783914,638
"T_cell","T_cell","B2M","CD3G",0.00459968329629196,815.5,0.152953838376335,1185,0.314419822783762,1224,0.619221154487114,852,0.935474162628355,1
"T_cell","Myeloid","ANXA1","FPR1",0.00462033373618094,398.75,0.240836589460168,511,0.990944171218156,210,1.19169303284305,233,0.881246841772277,641
"Myeloid","Myeloid","RETN","TLR4",0.00463084338870969,831.25,0.97059990379081,3,1.12088887808404,131,1.19137859359892,234,0.703040614737149,2957
"Myeloid","Myeloid","ICAM1","ITGAM_ITGB2",0.00467826824822946,330,0.220941971021744,643,1.04173272709685,167,1.32916408965249,148,0.902170936282126,362
"Myeloid","Myeloid","CCL8","CCR1",0.00468940172325053,763.75,0.750502097742397,57,0.962786386601015,235,1.23403275169546,204,0.746348642072413,2559
"Myeloid","Myeloid","SEMA4A","PLXNB2",0.00468940172325053,348.25,0.350845742479508,235,1.13143656100231,129,1.49577449784727,94,0.857497764143072,935
"NK","Myeloid","HSP90B1","TLR2",0.00473674589192905,427.5,0.220699739609449,645,0.999746050005742,201,1.14459106436579,258,0.883994319644712,606
"B_cell","B_cell","HMGB1","SDC1",0.00479577005126389,470.75,0.22938360924039,595,1.30639473230976,78,0.823878850285249,563,0.880803423036635,647
"B_cell","Myeloid","CD1D","LILRB2",0.00480796705694645,440,0.350188084353453,237,1.42961209718745,51,1.76591079542635,46,0.826440724915511,1426
"Myeloid","T_cell","TNFSF13B","TFRC",0.00494574375773116,430.75,0.246094498654321,484,0.822646266025304,375,1.22282946875601,212,0.880137210075424,652
"B_cell","Myeloid","HLA-DQA1","CD4",0.0049761556205608,492.25,0.219239694102642,653,0.765115115602097,425,0.90744324573394,468,0.898147717813636,423
"Myeloid","T_cell","S100A8","CD69",0.00500670752239239,300,0.36967522950098,204,0.945563670412478,249,1.49887316826032,93,0.880030620001177,654
"B_cell","Myeloid","ANXA2","TLR2",0.0050682331606699,453.25,0.220849531604643,644,0.986954982084785,215,1.08725152589065,298,0.879856168223763,656
"Myeloid","Myeloid","TNFSF13","TNFRSF14",0.00509920775756209,336,0.307242324031583,299,0.999260167635796,202,1.27242031632459,186,0.879812445193791,657
"Myeloid","Myeloid","CCL2","CCR2",0.00511291571828614,733,0.380513295741013,193,0.955640817529089,242,1.41641755793793,116,0.76176904208318,2381
"B_cell","Myeloid","HMGB1","THBD",0.00519298383572361,598.5,0.218081816086453,660,0.699821225562357,490,0.80461517376504,586,0.879618927340884,658
"Myeloid","Myeloid","VEGFA","NRP2",0.00523834736279393,750,0.776167472407446,51,1.22719830299342,97,1.17402948938593,244,0.742668837047755,2608
"Myeloid","Myeloid","SIRPA","CD47",0.00524035396325281,403.5,0.265110437322591,401.5,1.00851114466269,192.5,1.01595013549042,358.5,0.879314054061663,661.5
"Myeloid","Myeloid","CD47","SIRPA",0.00524035396325281,403.5,0.265110437322591,401.5,1.00851114466269,192.5,1.01595013549042,358.5,0.879314054061663,661.5
"Myeloid","T_cell","HLA-DQB1","LAG3",0.0052880474349722,498.5,0.258165833226122,429,0.619808678450517,597,1.07690889235847,305,0.879297665084476,663
"B_cell","Myeloid","ICAM4","ITGAM",0.00530181016564777,801,0.473757376726275,123,1.10767278369517,138,1.17267987099379,245,0.73333102815682,2698
"B_cell","Myeloid","GRN","TNFRSF1A",0.00535214424834179,411.5,0.217185367397282,665,0.935152594305983,256,1.26906094130232,187,0.891074858707783,538
"Myeloid","Myeloid","INHBA","ENG",0.00536577335890639,806.5,0.740550325161439,59,0.95140636532383,246,1.17854313602983,241,0.734916946589808,2680
"Myeloid","Myeloid","APP","NOTCH2",0.00536577335890639,417,0.342377243800582,246,0.989266564070273,212,1.2601802572537,192,0.851481301795172,1018
"Myeloid","Myeloid","C3","NRP1",0.00543023874261031,859.5,0.766164985710606,53,0.960963106031027,236,1.17125448896517,247,0.709129349884946,2902
"Myeloid","NK","VCAN","ITGB1",0.00548208417512755,345.25,0.271879381280516,378,1.00831288877777,194,1.35055627479592,140,0.878317214151592,669
"NK","Myeloid","HSP90B1","LRP1",0.00554793429822525,395.25,0.216367160659169,671,1.09072691549047,146,1.19702703238692,229,0.891260622475148,535
"Myeloid","NK","VCAN","ITGA4",0.00578309070507747,408,0.26189605943068,416,0.908072915993716,288,1.16399296086137,250,0.876979077935406,678
"Myeloid","Myeloid","CD14","ITGA4",0.00578309070507747,465,0.214732103604719,678,0.88882775193431,309,1.2304437598449,205,0.878386257114696,668
"Myeloid","Myeloid","ANXA1","FPR2_FPR3",0.00603332179727437,332,0.411215028157564,150,0.999806992987226,199,1.14662169545754,256,0.873142808331416,723
"Myeloid","Myeloid","FN1","ITGA5_ITGB1",0.00610290765415134,492.25,0.383249663065579,191,0.934734386869576,257,1.19282777873591,232,0.834033954628965,1289
"Myeloid","NK","S100A8","CD69",0.00616762721650797,352,0.344391427559714,243,0.90853114808274,287,1.26239112894615,189,0.876240146251051,689
"Myeloid","B_cell","LY86","CD180",0.00631480349342194,697.75,0.329065489534151,260,1.09068160152427,147,1.38571450822774,126,0.771206089422991,2258
"Myeloid","Myeloid","ADAM17","ITGA5",0.00638648744413925,447.5,0.348831845721357,239,0.930698619280543,261,1.20852739784744,225,0.848917186488679,1065
"Myeloid","Myeloid","PSEN1","NOTCH2",0.00649625283093357,542.5,0.209794461156855,698,0.751854432077076,435,0.953421174906719,418,0.883192241085385,619
"NK","Myeloid","SPN","SIGLEC1",0.00653144397786935,455.5,0.359261242501219,222,0.979732136803929,220,1.13286511619577,263,0.845716405124084,1117
"NK","Myeloid","CD47","SIRPA",0.00666540499950906,460,0.245490458448292,491.5,0.958177592460704,238.5,0.973673966544853,407.5,0.875174467393112,702.5
"Myeloid","NK","SIRPA","CD47",0.00666540499950906,460,0.245490458448292,491.5,0.958177592460704,238.5,0.973673966544853,407.5,0.875174467393112,702.5
"Myeloid","NK","HBEGF","CD44",0.0069155411412373,570.25,0.207780234573915,709,0.665895925432259,535,0.907125020226762,469,0.887250988362475,568
"T_cell","Myeloid","CSF1","SIRPA",0.00697914972205638,797.5,0.47444093407915,121,0.963314359530953,232,1.12088577478736,269,0.746041648778563,2568
"Myeloid","B_cell","TIMP1","CD63",0.00705565776505823,319.25,0.200123403106049,746,1.05921434968392,161,1.46488932899272,100,0.908607948017096,270
"Myeloid","B_cell","VCAN","CD44",0.0070729298055899,504.5,0.207274123107495,713,0.763161321400507,429,1.00870489655541,368,0.893410210894481,508
"NK","Myeloid","CCL4L1","CCR1",0.00711269319218137,463,0.318033465151462,281,0.72557827520842,460,0.982749081816633,397,0.873862730544595,714
"Myeloid","Myeloid","TGM2","SDC4",0.00713271060833105,568,0.411558496642143,149,0.924979535812072,267,1.11835142575486,271,0.81714092082961,1585
"B_cell","T_cell","CD22","PTPRC",0.00715262400328424,541.25,0.231910676501574,579,0.884427812186877,314,0.826774705672922,557,0.873817506267221,715
"B_cell","Myeloid","HLA-F","LILRB2",0.00723298977689891,420.25,0.206307562932448,717,0.77765340963702,418,1.09330631369639,291,0.910325970948777,255
"Myeloid","Myeloid","NAMPT","ITGA5_ITGB1",0.00735480587511541,423,0.205387242682862,720,0.879089191856157,325,1.08708892570791,299,0.903571077514239,348
"Myeloid","Myeloid","APP","CD74",0.00743686707166042,528.5,0.204547542915556,722,0.803466011686074,397,0.921832481251773,452,0.890078320736102,543
"Myeloid","B_cell","SIRPA","CD47",0.00754040699827043,514.5,0.236237675866788,552.5,0.934440287845669,258.5,0.855305107246794,522.5,0.873060736527281,724.5
"B_cell","Myeloid","CD47","SIRPA",0.00754040699827043,514.5,0.236237675866788,552.5,0.934440287845669,258.5,0.855305107246794,522.5,0.873060736527281,724.5
"Myeloid","B_cell","ADAM9","ITGA6",0.00760656637930986,757.25,0.539460873642965,103,0.963139109207976,233,1.11183511456798,277,0.758375456918387,2416
"B_cell","NK","CD22","PTPRC",0.00768717460827024,587.25,0.228119462488242,599,0.850154473366707,351,0.741296484090782,671,0.872906000831567,728
"B_cell","Myeloid","GAS6","MERTK",0.00768748173592491,825.75,0.384436871558853,189,0.972357437016166,229,1.1089523589864,278,0.74268798359208,2607
"NK","Myeloid","SPON2","ITGAM",0.00768748173592491,436.25,0.353642728410676,231,0.918951615250847,278,1.27856801271534,184,0.849618620923962,1052
"T_cell","Myeloid","CCL4","CCR1",0.00794374817748962,558.5,0.265915436559395,397,0.616352157764666,605,0.874712958771091,498,0.872314239876029,734
"Myeloid","NK","SPP1","CD44",0.00807441710067211,642.25,0.211478668533237,689,0.535334677110128,737,0.929221013047335,442,0.875267982972974,701
"Myeloid","T_cell","TNFSF13B","HLA-DPB1",0.00852164887973421,495.25,0.200110497128949,747,0.772426743144311,420,1.00296241205892,371,0.897186725326116,443
"T_cell","B_cell","CD70","TNFRSF17",0.00852765225200048,838.75,0.365331893991416,212,1.24732383282035,88,1.098064357716,288,0.728096471257152,2767
"Myeloid","T_cell","VCAN","ITGB1",0.0085673719099945,435.75,0.239971489609164,521,0.948092926660729,247,1.20021158340789,227,0.871487022306655,748
"NK","Myeloid","SELPLG","ITGAM",0.0085673719099945,566.25,0.199773777646237,748,0.740492766273155,444,0.937203612100469,433,0.881317363501178,640
"Myeloid","T_cell","LGALS3","LAG3",0.00870564546404912,438.5,0.312059977465125,287,0.69800891375719,492,1.20999836810123,224,0.871185431691431,751
"B_cell","Myeloid","HLA-G","LILRB2",0.00875210644413694,481.25,0.19949197474388,752,0.845473584325368,355,1.10091387201619,286,0.891597790605421,532
"Myeloid","Myeloid","A2M","LRP1",0.00905929274183813,561.5,0.309647934313835,294,1.0932365567507,144,1.2437749837676,198,0.816099483965271,1610
"Myeloid","Myeloid","PSEN1","NCSTN",0.00908256118482956,649.5,0.198422060354513,759,0.623939171325285,590,0.871213672200378,504,0.871593235930748,745
"Myeloid","B_cell","GNAI2","CAV1",0.00914994149298544,554.5,0.395010600638179,172,0.924184486117207,270,1.0888860463509,295,0.823060877926524,1481
"NK","T_cell","B2M","CD3G",0.00919539849799368,865.75,0.152239482641586,1194,0.248794420008891,1401,0.613257790768261,866,0.935332730377174,2
"T_cell","Myeloid","CD47","SIRPA",0.00925125433390921,557.5,0.224793288610092,622.5,0.905080589392619,293.5,0.829410269594223,551.5,0.870283511831444,762.5
"Myeloid","T_cell","SIRPA","CD47",0.00925125433390921,557.5,0.224793288610092,622.5,0.905080589392619,293.5,0.829410269594223,551.5,0.870283511831444,762.5
"Myeloid","T_cell","HLA-DRB5","LAG3",0.00927554379727171,632.25,0.219312988666089,651,0.523364115576257,763,0.872944685488796,499,0.883329339926731,616
"Myeloid","Myeloid","CD59","STAB1",0.0097062410341964,634.5,0.306252712187465,301,0.975563214885323,226,1.2273475684435,207,0.804113821470979,1804
"B_cell","Myeloid","LRPAP1","LRP1",0.0097714542785967,376.75,0.261824220171771,417,1.15674361202297,116,1.2392201603529,201,0.869802540956233,773
"Myeloid","Myeloid","VEGFA","CD44",0.0099752847979489,567.25,0.251041580341322,457,0.818156013458931,381,0.753584432006054,654,0.869626783806402,777
"Myeloid","NK","ICAM1","SPN",0.0101822877061393,618.25,0.197313168541161,771,0.685935778033356,505,0.958067691466508,416,0.869404942854211,781
"Myeloid","Myeloid","CCL3L1","CCR1",0.0103824986883058,493,0.508395752803578,109,0.890309082001959,308,1.36533802793184,137,0.826867192073925,1418
"Myeloid","T_cell","HLA-DQA1","LAG3",0.0106059418446948,642,0.228667976685117,597,0.510818336708412,787,0.985686414151215,395,0.868383454720219,789
"Myeloid","Myeloid","FN1","CD44",0.0106598131870254,565.75,0.259856964562408,422,0.686647797593069,503,0.830135108520891,548,0.868132822925088,790
"Myeloid","Myeloid","CCL3","CCR1",0.0107138894929714,388.5,0.368970294308758,205,0.838297482806453,358,1.24286461058702,200,0.868107010275422,791
"T_cell","Myeloid","HLA-F","LILRB1",0.0109859138767974,432,0.179794143369898,906,0.910367251577821,285,1.07030528276705,314,0.913020421596038,223
"Myeloid","NK","ADM","ADRB2",0.0111919942403118,673.25,0.393703540519661,174,0.883664966825094,316,1.31998560304144,155,0.786253579082942,2048
"Myeloid","B_cell","FN1","ITGA6",0.0112959685359434,889.25,0.584417752423351,91,0.884160203899218,315,1.06528810519342,317,0.719461976337932,2834
"Myeloid","Myeloid","SEMA4A","PLXND1",0.0112959685359434,465.75,0.325948806517583,268,0.883630941995657,317,1.23019137482407,206,0.848214462314231,1072
"B_cell","Myeloid","IL16","CD4",0.0113224054245535,705.75,0.214513756333629,680,0.582068519910476,660,0.654037068153397,802,0.876761110664153,681
"Myeloid","T_cell","TNFSF13","FAS",0.0114005677883293,483.25,0.375363007681446,199,0.883281468475865,318,1.37626903629949,131,0.834199336622721,1285
"Myeloid","Myeloid","LYZ","ITGAL",0.0116074111360878,440,0.192586558355209,807,0.990960344345444,209,1.32016664094068,154,0.885654095261988,590
"Myeloid","Myeloid","MMP9","ITGAM",0.0116116477940551,888,0.486606631503949,116,0.912344637234123,284,1.06221070779124,320,0.719542698370423,2832
"T_cell","Myeloid","HSP90B1","TLR2",0.0117809768912676,568.25,0.192269649280621,810,0.921603794061183,275,0.870557914840447,506,0.876734032315814,682
"Myeloid","Myeloid","APOE","SDC2",0.0118252474991663,963.25,0.887715818754392,22,0.880728250367575,322,1.05491738341111,321,0.658605948111917,3188
"Myeloid","T_cell","APP","RPSA",0.0119564819063364,706.25,0.192064949803191,813,0.575363450980405,671,0.724229721935192,698,0.88118920775678,643
"Myeloid","Myeloid","ADAM10","NOTCH2",0.0120154170105477,636.5,0.191810762474023,814,0.679158639560258,514,0.830309091245075,546,0.877931190395904,672
"Myeloid","B_cell","HBEGF","CD44",0.0120745697210233,681.5,0.19159637097534,815,0.59633398799251,646,0.761316790770759,644,0.883130873989623,621
"Myeloid","Myeloid","VCAN","ITGA4",0.0122533388431953,543.75,0.216722304569639,668,0.820140757986822,378,1.07257765084606,311,0.86639615994017,818
"NK","Myeloid","SPON2","ITGA5",0.0123703570607734,436.75,0.385566035679653,186,0.877154155270036,327,1.22113835805639,213,0.851455499794002,1021
"B_cell","T_cell","ADAM28","ITGA4",0.0123736161149167,609.75,0.190959200627659,820,0.729876766326393,449,0.951645988289399,420,0.871342967649266,750
"Myeloid","T_cell","GRN","TNFRSF1B",0.012481296754668,465.5,0.164308108457993,1076,0.875722258561239,328,1.19312030204698,231,0.912474331435907,227
"T_cell","Myeloid","ANXA2","TLR2",0.0126168248868803,582.25,0.190785220578183,824,0.914895094381365,282,0.889747611259442,483,0.871904315151365,740
"Myeloid","B_cell","APP","CD74",0.0126781831926846,651.5,0.190516882242796,825,0.660709514659189,544,0.753283246520487,655,0.886553643878456,582
"Myeloid","T_cell","TGM2","ITGA4",0.0127397650257404,447.5,0.300378120527321,319,0.862362076428512,341,1.08020187586493,304,0.866135348635834,826
"T_cell","Myeloid","HLA-A","LILRB1",0.0128179809095218,420.25,0.174834477207678,976,0.935644593112558,255,1.0451097612931,331,0.919991760691793,119
"Myeloid","Myeloid","ADAM10","AXL",0.0129315027672614,507,0.351527198499969,234,0.872766470388475,332,1.11463916810441,275,0.840761777154816,1187
"Myeloid","Myeloid","TNF","TNFRSF1A",0.0131139805062369,432.75,0.328371978078028,261,0.816440565984432,384,1.1522420163136,254,0.865761241968085,832
"T_cell","NK","HLA-G","KLRD1",0.0133041499313821,676,0.188908047610211,835,0.489777339597268,823,0.701179064489813,723,0.904880937251167,323
"T_cell","Myeloid","HSP90B1","LRP1",0.0134320735303708,519.75,0.188495184314215,837,1.01258465954591,190,0.922993882861573,449,0.884395629169028,603
"Myeloid","Myeloid","APOE","SCARB1",0.0135088889335723,911.25,0.555096502159747,96,0.865786896956765,337,1.10216939034849,285,0.706398223672871,2927
"Myeloid","T_cell","B2M","CD3G",0.0137871478879151,1076,0.149727887147396,1221,0.0180627860401622,2205,0.608776341556681,875,0.93482780959659,3
"Myeloid","T_cell","HLA-DRB1","LAG3",0.013821383806982,676.5,0.206986594844618,714,0.479835780602669,843,0.812078574135405,582,0.887295999425755,567
"Myeloid","T_cell","CD58","CD2",0.0139530151053754,453.75,0.28535726628497,349,0.478375682954347,845,1.12392059496557,268,0.903027416455175,353
"Myeloid","Myeloid","SEMA3C","NRP1_NRP2_PLXND1",0.0141027186430929,929.25,0.598050699414724,87,0.905863689752958,291,1.03464140546514,342,0.695765744281977,2997
"T_cell","Myeloid","IFNG","IFNGR1_IFNGR2",0.0141522221652276,442.5,0.287222864412425,348,0.840967002130317,357,1.21837506471877,217,0.864405455525081,848
"Myeloid","B_cell","LGALS9","SLC1A5",0.0141522221652276,663,0.186989667675979,848,0.675387626202786,519,0.865363278799503,514,0.869852937480226,771
"Myeloid","Myeloid","APP","NCSTN",0.0142234755948188,524.5,0.323817882315865,273,0.861351303318481,343,1.17797275454736,242,0.837313437335551,1240
"Myeloid","T_cell","VEGFA","CD44",0.014353554707878,667,0.227599264704506,607,0.710546097172959,477,0.695328594148765,733,0.863968149164909,851
"Myeloid","Myeloid","TGM2","ITGB1",0.0144669933911409,451.5,0.292097132325242,336,0.923780537188861,271,1.03075060679703,345,0.863773341463425,854
"B_cell","Myeloid","HLA-DMA","CD4",0.0144889646642512,599.75,0.1862609388831,853,0.671015739651592,524,0.828731301257659,553,0.895989155411744,469
"Myeloid","NK","GRN","TNFRSF1B",0.014589757447632,489.25,0.159459525127535,1129,0.857930797055287,346,1.18010831117408,240,0.911270812327015,242
"Myeloid","NK","CXCL16","CXCR6",0.014837303892233,550.5,0.311598647605095,288,0.918259020967522,280,1.02866587770384,348,0.834161111695421,1286
"Myeloid","T_cell","IL1B","SIGIRR",0.014837303892233,513.75,0.304669483291434,307,0.856338475655577,348,1.3392097724716,143,0.835877466190909,1257
"Myeloid","B_cell","CD14","ITGA4",0.0149704561522696,569.25,0.185720606814846,860,0.831832548473864,364,1.09170157559758,294,0.870418324707667,759
"Myeloid","Myeloid","PSAP","SORT1",0.0150875521092815,498,0.367705007796641,207,0.988061931338308,214,1.02399084262305,350,0.838702470933821,1221
"T_cell","Myeloid","HMGB1","TLR4",0.0151804418117801,592.75,0.261245172028385,420,0.727168344766838,455,0.768185941034138,633,0.862960222424555,863
"B_cell","Myeloid","SEMA4A","LILRB2",0.0151931651662512,376.25,0.269767441055733,382,1.25055123194089,85,1.50972622016613,89,0.856192114962622,949
"Myeloid","Myeloid","LIN7C","ABCA1",0.0152136933739428,767.5,0.299732416151365,322,0.928859450563128,263,1.02364665258413,351,0.779809638939369,2134
"Myeloid","T_cell","GRN","NTRK1",0.0153405148675378,624.5,0.283419855967617,352,0.900829179836779,299,1.31927004943703,156,0.811105488620065,1691
"NK","Myeloid","IFNG","IFNGR1_IFNGR2",0.0154638496486928,477,0.278533203091933,359,0.830374474595163,366,1.06895626678455,316,0.862594963160023,867
"NK","Myeloid","HLA-A","LILRB1",0.0155962049042343,442.5,0.173577072676828,989,0.891164177331737,306,1.02157020323397,354,0.919725711882506,121
"NK","Myeloid","ANXA2","TLR2",0.0156070324871239,571.25,0.185018722449799,869,0.901073616576413,298,1.02348741778852,352,0.87018060066103,766
"T_cell","Myeloid","B2M","LILRB1",0.0157250766237618,419.25,0.171205647681318,1011,0.953285513467288,243,1.01927165190019,355,0.923724492299756,68
"Myeloid","T_cell","FN1","CD44",0.0157512073500646,680.5,0.235591466490676,561,0.579037881307097,664,0.771879270663602,626,0.862419603927036,871
"Myeloid","Myeloid","ADAM9","ITGB1",0.0158236682189192,555,0.256541565895641,436,0.754255918591075,433,0.893535437136005,479,0.862359289647448,872
"T_cell","Myeloid","HLA-C","LILRB1",0.0158546349250756,438.5,0.17164795889148,1002,0.924915541778568,268,1.01783336961524,356,0.919495215303515,128
"Myeloid","B_cell","APP","RPSA",0.0158963788090465,794.5,0.185078795835559,867,0.517910034518807,774,0.610410481790732,873,0.879235897186675,664
"T_cell","Myeloid","HLA-G","LILRB1",0.0158963788090465,470.25,0.184780982326145,873,0.905430143928017,292,1.10667735125181,281,0.897624681162359,435
"Myeloid","T_cell","LGALS9","HAVCR2",0.0161897298538054,661.5,0.183803926844049,877,0.57036845781271,678,0.83938879412447,538,0.888900876070743,553
"Myeloid","NK","TNFSF13B","HLA-DPB1",0.0164123933573487,559,0.183178057654475,880,0.716196169612666,469,0.995804177096236,378,0.893036902987841,509
"Myeloid","T_cell","HBEGF","CD82",0.0165127805045091,478.5,0.300886000706517,317,0.836226439779741,361,1.23508680673937,203,0.850868819671096,1033
"NK","Myeloid","B2M","LILRB1",0.0165127805045091,441.5,0.170406048681116,1023,0.887660110692417,310,1.01330828818133,361,0.923559410719369,72
"B_cell","Myeloid","HSP90B1","TLR4",0.0166373457838206,466,0.293191846015676,335,0.936764159735312,254,0.987096541212818,392,0.861449623143992,883
"Myeloid","B_cell","SPP1","CD44",0.0166373457838206,759.25,0.195006736385463,788,0.465772739670379,883,0.783412783591332,609,0.870773758722039,757
"Myeloid","T_cell","CCL2","CCR4",0.0166464914765967,824.5,0.826795658221534,36,0.833046407876097,362,1.48064249415018,97,0.722724538520538,2803
"NK","Myeloid","HLA-B","LILRB1",0.0166464914765967,464,0.169966667109959,1031,0.850420168983858,350,1.01284664853012,362,0.920202101336363,113
"T_cell","Myeloid","A2M","LRP1",0.016780900072098,633.25,0.277120392805909,363,1.0658197101689,159,1.14636544379037,257,0.807624707913565,1754
"T_cell","Myeloid","HLA-B","LILRB1",0.016780900072098,437,0.171108702369241,1013,0.928742692787504,264,1.01176409770037,363,0.920447625608489,108
"T_cell","Myeloid","CCL4L1","CCR1",0.0167885934097279,628.25,0.255660118751506,442,0.60520728762572,631,0.8273556001351,555,0.861332149645179,885
"NK","Myeloid","HLA-C","LILRB1",0.0169160078605068,467.5,0.170297186573609,1024,0.860504831921548,345,1.01135350880638,364,0.919202315658128,137
"Myeloid","Myeloid","TIMP2","CD44",0.0170173954737187,636.75,0.254053525039012,447,0.744662010248742,440,0.672504120812608,772,0.861104540949927,888
"Myeloid","NK","IL1B","SIGIRR",0.0170518164093458,572.5,0.280762825661281,356,0.8312431985419,365,1.22351892898019,211,0.83019502899943,1358
"Myeloid","NK","APP","RPSA",0.0171712240597221,793.25,0.181834601013316,890,0.491230107756749,821,0.66285133341567,792,0.878293890803221,670
"Myeloid","Myeloid","ADAM9","ITGAV",0.0173255420485541,717,0.407580992875411,153,0.828504164236941,367,1.03474030744033,341,0.789492153318633,2007
"Myeloid","Myeloid","SPINT1","ST14",0.0176020894904968,942,0.607015153473765,84,0.924478868540034,269,1.00547437123132,369,0.688173526945544,3046
"Myeloid","T_cell","TGM2","SDC4",0.0176020894904968,733.5,0.305879576732462,302,0.827512817563367,369,1.07329106446203,310,0.793919618943895,1953
"T_cell","Myeloid","HLA-G","CD4",0.0177178491906234,692.75,0.181449533765351,897,0.534105813991924,742,0.682358043085748,759,0.901437420466191,373
"Myeloid","T_cell","GNAI2","CXCR3",0.0179560690310435,780.75,0.197750054724258,767,0.472158722223416,863,0.799362662921926,593,0.860511383050267,900
"B_cell","Myeloid","FCER2","ITGAX_ITGB2",0.0180222288013928,699.5,0.299093718182099,325,0.931079285225513,260,1.0018644498205,372,0.801655653533537,1841
"T_cell","Myeloid","SEMA4D","PLXNB2",0.0180360068887631,529.5,0.239006753793795,533,0.817822444434517,382,1.08478818873082,302,0.860478006622355,901
"T_cell","Myeloid","IL16","CD4",0.0180360068887631,813.5,0.180947898862741,901,0.511563372152698,786,0.680945024069854,763,0.867269329764535,804
"Myeloid","T_cell","TNFSF13","TNFRSF14",0.0181162113538496,567.75,0.21756035393699,664,0.818478597149064,379,1.04901596961058,326,0.860334987107609,902
"B_cell","Myeloid","CD22","PTPRC",0.0182774224753066,768,0.202167777044885,734,0.615546006256548,607,0.58875503035297,904,0.866054536532677,827
"T_cell","T_cell","B2M","CD3D",0.0183749337482095,684,0.175879676940584,957,0.308838428723718,1246,0.846061395411194,529,0.933935540467904,4
"Myeloid","T_cell","CCL2","CCR5",0.0185924069740808,507.5,0.396282614182044,168,0.821808407330901,376,1.42287523889348,113,0.829627142085756,1373
"Myeloid","Myeloid","SELPLG","ITGAM",0.0186030701044196,667.75,0.179652899828717,908,0.679663409866025,512,0.827346701309271,556,0.875652069320381,695
"Myeloid","Myeloid","SPP1","ITGAV_ITGB1",0.0187367461976162,530.75,0.323469830180249,274,0.820385767220962,377,1.21710410047038,218,0.836285206102728,1254
"Myeloid","Myeloid","HMGB1","TLR4",0.0188501467896006,690,0.245963302444067,486,0.668523900472205,529,0.629975292722215,834,0.859356904386195,911
"Myeloid","Myeloid","HLA-G","LILRB1",0.0188501467896006,515,0.179563826073417,911,0.865802928367719,336,1.02189105389648,353,0.896301212959907,460
"Myeloid","NK","HLA-G","KLRD1",0.0193516754268891,749.25,0.183574366679557,878,0.45015012403697,917,0.616392767134478,857,0.90364120514553,345
"T_cell","Myeloid","SELPLG","ITGAM",0.0193516754268891,666,0.179118100081763,917,0.678046605434882,515,0.842397762636938,533,0.875489668768279,699
"Myeloid","Myeloid","APOE","TREM2",0.0197673937104534,989,0.936682887273981,13,0.875717812336275,329,0.992078671028193,384,0.650433673633062,3230
"Myeloid","NK","HLA-DQB1","LAG3",0.0197772048899323,849.75,0.179584827024263,910,0.502048404184842,800,0.677720888075176,767,0.85867384363348,922
"B_cell","Myeloid","COL4A4","CD93",0.0198549329431153,939,0.871122668946452,25,1.21484135387543,102,0.913930197983033,464,0.66468432306539,3165
"B_cell","Myeloid","HLA-C","LILRA3",0.0199493667033158,595,0.231852991011065,580,0.447373940753023,924,0.872870576636137,500,0.901258135027479,376
"Myeloid","Myeloid","LGALS9","MRC2",0.0202200446124568,714.25,0.540294598755885,102,0.903698541990519,295,0.99033296009106,387,0.784373126407672,2073
"Myeloid","Myeloid","HLA-B","LILRB1",0.0202200446124568,470.25,0.169462219243578,1037,0.815824363205407,387,1.03606210746276,339,0.920092903582967,118
"B_cell","B_cell","CD70","TNFRSF17",0.020372398755406,821,0.403505025816439,158,1.26752508003313,83,0.989992380706022,388,0.737821736265215,2655
"Myeloid","Myeloid","HBEGF","CD82",0.020372398755406,552,0.284489472390359,351,0.814485640503098,388,0.998626481968575,375,0.847278576787216,1094
"NK","Myeloid","ANXA1","FPR2_FPR3",0.0203846887449267,493.5,0.317358293967291,283,0.823766019993095,373,0.989584018848257,389,0.858087416219574,929
"Myeloid","B_cell","VCAN","ITGA4",0.0206492783241428,661.5,0.187441920603905,846,0.763145554526376,430,0.933835466598742,438,0.857769857461142,932
"Myeloid","T_cell","HLA-DPA1","LAG3",0.0210060610599171,720.75,0.19839129068384,760,0.440513892370768,936,0.780216665381116,611,0.886850376689514,576
"Myeloid","Myeloid","C1QB","C1QBP",0.0213020702697933,568.75,0.343068047755162,245,0.805262724995084,394,1.16239596259535,251,0.828837200367967,1385
"NK","Myeloid","GZMB","IGF2R",0.0213674473733812,834,0.208104075085576,708,0.472774030699941,860,0.634456220149071,828,0.857092506794873,940
"Myeloid","Myeloid","HSP90B1","TLR4",0.0214585178778602,534,0.272665275568801,377,0.879198584621835,324,0.878803541065604,494,0.857061043101648,941
"Myeloid","Myeloid","HLA-F","LILRB1",0.0216179196186778,505.5,0.171265303395873,1010,0.804741018521253,396,1.00416033218504,370,0.911071243027763,246
"Myeloid","T_cell","APP","CD74",0.0216415319200901,804.75,0.176765961106001,943,0.520799258245318,767,0.606433800502438,884,0.882731452396405,625
"B_cell","Myeloid","HSP90B1","TLR1",0.0217334766953073,584.75,0.240404561328524,518,0.76459630350111,426,0.922624984826377,451,0.856895095436132,944
"NK","Myeloid","HMGB1","TLR4",0.0219182448525379,729.5,0.235576532933336,562,0.628664489121234,587,0.636109124908209,823,0.85672923549348,946
"NK","Myeloid","SPON2","ITGB2",0.0221976029208552,822.25,0.176360997319334,949,0.457845375864515,900,0.619698486610057,851,0.885688980822973,589
"T_cell","Myeloid","CD52","SIGLEC10",0.0223853194487474,621,0.248690556796662,468,0.64890776661616,560,0.870820829557875,505,0.856045121383612,951
"Myeloid","Myeloid","HLA-G","CD4",0.0223853194487474,764.5,0.176326438532706,951,0.494478598431625,816,0.597571745730413,898,0.90015775941811,393
"Myeloid","Myeloid","SPN","SIGLEC1",0.0227470923195679,647.5,0.265056549366888,403,0.865272875302468,338,0.979343776971911,402,0.824818147021494,1447
"Myeloid","NK","TGM2","ITGB1",0.0227643217316363,527.25,0.256006472475165,439,0.851443199838476,349,1.00951310331066,366,0.855826281254523,955
"NK","T_cell","B2M","CD3D",0.0229587583603731,730.25,0.175058248350219,967,0.243213025948847,1414,0.840098031692341,535,0.933790974445753,5
"Myeloid","Myeloid","LGALS9","CD44",0.0235367436411764,528.75,0.175448555763444,963,0.685624126555369,506,0.832176865115223,544,0.920791097753559,102
"Myeloid","Myeloid","CCL2","CCR5",0.0235764249731575,595.5,0.361264667271222,219,0.790995975478602,408,1.11685099954622,273,0.822988665602867,1482
"Myeloid","Myeloid","F13A1","ITGB1",0.0237445889166503,544.5,0.304614799403534,308,0.802171281528456,399,0.967608604483393,409,0.849059790769857,1062
"T_cell","NK","B2M","KLRD1",0.0240293851144942,648.75,0.175029509185281,968,0.537632709136539,733,0.613773365138187,864,0.929276575838899,30
"T_cell","Myeloid","SPN","SIGLEC1",0.0240832260590418,597,0.290931676833882,337,0.896711308809226,301,0.963853520075462,411,0.831446110297467,1339
"NK","Myeloid","HLA-F","LILRB1",0.0240832260590418,522.75,0.1697360790958,1035,0.785802194155069,411,0.985883661611939,394,0.910707233174542,251
"Myeloid","T_cell","SPP1","ITGA4_ITGB1",0.0241288340664897,545.75,0.263177696605817,410,0.68627376428414,504,1.08543620241496,300,0.855167672389493,969
"Myeloid","T_cell","TIMP2","CD44",0.0242285913870545,749.25,0.230329953372068,590,0.63705209396277,575,0.614248282955319,862,0.855137629301184,970
"Myeloid","NK","SPP1","S1PR1",0.024253702209731,654,0.431963514557255,137,0.78579609661598,412,1.22636134875118,208,0.800415603396597,1859
"Myeloid","NK","GNAI2","S1PR5",0.0244249520446588,530,0.403548744693128,157,0.784510033310537,413,1.10343018240174,283,0.835119980120929,1267
"T_cell","NK","HLA-B","KLRD1",0.0244290336817326,671.75,0.17493039860908,972,0.513089888456755,784,0.606265810938371,886,0.926219180250005,45
"Myeloid","Myeloid","ADAM17","IL6R",0.0251177176165791,694,0.299921712173923,321,0.777683407779428,417,1.01068369712108,365,0.812220029441632,1673
"Myeloid","NK","VEGFA","CD44",0.0251403891458391,854.75,0.194554781106773,794,0.558858261860278,698,0.553157098975725,948,0.854483846773095,979
"Myeloid","T_cell","LGALS9","PTPRC",0.0252432652842502,535.25,0.174505417658612,980,0.647395197980394,564,0.84475552896916,530,0.923745864715669,67
"NK","NK","B2M","KLRD1",0.0254499644334441,688.5,0.174212051219111,982,0.472007306361668,864,0.607810001419334,877,0.929122588515233,31
"Myeloid","Myeloid","THBS1","SCARB1",0.0254687806595678,898.75,0.410249167089346,151,0.772781703757444,419,1.09625730172866,289,0.730669065094962,2736
"Myeloid","NK","ADAM9","ITGB1",0.0255537887329258,653,0.224844046928436,621,0.68191858124069,507,0.87229793364963,501,0.854343648230874,983
"Myeloid","NK","TGM2","ITGA4",0.0257623900083324,617.5,0.246605998638851,482,0.75120322705442,438,0.82294978937611,565,0.854281847704959,985
"Myeloid","Myeloid","APP","RPSA",0.0257623900083324,869.5,0.173922382901595,985,0.426160834389186,958,0.623626896906955,842,0.875896048596229,693
"NK","NK","HLA-B","KLRD1",0.0260776833122758,714.5,0.17376285610326,988,0.434767364653109,944,0.607348361768119,879,0.925990036585018,47
"T_cell","Myeloid","B2M","CD1C",0.026502565541955,856,0.200650052906882,744,0.534728905684827,741,0.553253096049156,947,0.853719584382048,992
"Myeloid","Myeloid","VEGFA","EPHB2",0.0267222717656324,934,0.820952155690353,39,1.08043783177895,154,0.945652210662436,426,0.672753001436818,3117
"Myeloid","Myeloid","IL15RA","AXL",0.0269045067350789,914.75,0.33006264850014,259,0.7642220190833,427,0.994069585144506,380,0.743410694715691,2593
"NK","Myeloid","B2M","CD1C",0.0272585770759445,893.75,0.199712936731875,750,0.469103502909956,871,0.547289732330302,955,0.853427033606229,999
"Myeloid","NK","LGALS9","PTPRC",0.0274775203710167,584.25,0.17165264953767,1001,0.613121859160224,614,0.75927730738702,648,0.923163312826121,74
"B_cell","T_cell","B2M","CD3G",0.0275386240052454,1430,0.143371764563126,1276,-0.565852320101164,3411,0.507925962232232,1027,0.933493867060771,6
"Myeloid","NK","ARPC5","ADRB2",0.0276977799540521,857.25,0.171599715019258,1003,0.512076348186546,785,0.745376239908552,663,0.854525874658466,978
"Myeloid","NK","FN1","CD44",0.0278084049985027,884,0.201386618068498,741,0.427350045994416,955,0.629707775490561,836,0.852845724362213,1004
"Myeloid","Myeloid","HSP90B1","TLR1",0.0281422690550938,672.25,0.223573666367018,629,0.707030728387634,479,0.814331984679163,574,0.852386971173566,1007
"Myeloid","NK","SPP1","ITGA4_ITGB1",0.0285920866263257,588.25,0.251062818844567,455,0.660804320655616,543,1.03198250486457,344,0.852224745452751,1011
"B_cell","Myeloid","HMGB1","TLR4",0.0287053785594613,807.75,0.227814896385021,604,0.598879071853967,641,0.517935901571907,1012,0.854660810165614,974
"Myeloid","T_cell","F13A1","ITGA4",0.0291619163847979,525.5,0.313250664945791,286,0.740752820768107,443,1.01705987355129,357,0.851633093148239,1016
"Myeloid","B_cell","VCAN","SELL",0.0293464783497593,473.5,0.255977884150019,440,1.03608101989375,169,1.30575246530078,163,0.845468188044435,1122
"Myeloid","NK","TNFSF13B","TFRC",0.0296238783514426,735,0.170643182553149,1020,0.672034648173082,523,0.883243224737252,489,0.859441586727528,908
"Myeloid","Myeloid","SPP1","ITGA4_ITGB1",0.0299739351559456,607.5,0.24759743343043,475,0.653006910327361,555,0.996893601600101,377,0.851347396726165,1023
"Myeloid","Myeloid","LGALS3BP","ITGB1",0.0300913072531334,875.75,0.196714683641,776,0.470566533890081,868,0.629820018693603,835,0.851341662781055,1024
"Myeloid","Myeloid","SEMA4A","NRP1_PLXNA1",0.0303221629357986,782,0.33660836085016,249,0.736135483421968,445,0.988982385385694,390,0.786343253017626,2044
"B_cell","Myeloid","HLA-A","LILRB2",0.0303270852236422,531.75,0.21155867261395,688,0.401970182167028,1026,1.10315321216304,284,0.919481676358292,129
"Myeloid","NK","HLA-DRA","LAG3",0.0303270852236422,836.25,0.170130569424765,1026,0.501388103893941,802,0.672500164827623,773,0.871650882755245,744
"Myeloid","NK","HLA-B","KLRD1",0.0308027951339851,725.5,0.173247141442804,991,0.400171558874658,1030,0.630563820700763,833,0.925888121312751,48
"Myeloid","NK","CD86","CTLA4",0.0309174166261268,595.75,0.273273630451484,372,0.765835106347646,424,0.923563711880362,448,0.844046597883512,1139
"NK","Myeloid","PSAP","LRP1",0.0311632335645183,548.25,0.16993102818157,1033,0.990228262690913,211,1.06362971739197,318,0.882287959040119,631
"Myeloid","NK","F13A1","ITGB1",0.0313183770683117,616,0.266977493542103,393,0.729833944178072,450,0.946371100997018,425,0.840412969662249,1196
"Myeloid","B_cell","TNFSF13","TNFRSF14",0.0314052769607265,705,0.186033802499402,856,0.754927144444509,432,0.875714380993835,497,0.850661798162744,1035
"Myeloid","T_cell","B2M","CD3D",0.032114532963009,946,0.17217019657713,999,0.0124813919801183,2235,0.835616582480761,543,0.933274874436397,7
"Myeloid","T_cell","HLA-DQB2","LAG3",0.0321398722829996,616.75,0.268745907795887,387,0.583800090108,658,0.993351162322246,381,0.850300663411009,1041
"NK","Myeloid","SEMA4D","PLXNB2",0.0323875772826733,665.5,0.202187623826424,733,0.74107048533909,442,0.927588325096771,444,0.850129608248421,1043
"Myeloid","Myeloid","HLA-A","LILRB1",0.0325119653384844,510,0.168594277979395,1044,0.71489888286651,471,0.99544955272778,379,0.918643904522248,146
"T_cell","Myeloid","LRPAP1","LRP1",0.0328872799566012,600,0.187517692859453,844,1.03158967707421,174,1.03925667390775,335,0.849708157704025,1047
"Myeloid","Myeloid","VEGFB","NRP1",0.0329554581005242,1021.75,0.352210098464202,232,0.726047126181903,458,1.02510485704895,349,0.687924767550884,3048
"B_cell","Myeloid","GRN","SORT1",0.0331638555765178,771.5,0.302435369265437,314,0.8374262169008,359,0.916418211383325,459,0.793886959979229,1954
"Myeloid","Myeloid","B2M","LILRB1",0.0333927428214345,510.5,0.167594747324701,1051,0.656928476723688,548,1.00882683896975,367,0.92297013469472,76
"Myeloid","T_cell","HLA-DPB1","LAG3",0.033520013731381,776,0.201992593643919,736,0.391514035008071,1052,0.720739793765382,704,0.883542573571636,612
"Myeloid","Myeloid","ADAM17","RHBDF2",0.0337756466160526,792.25,0.177876214621002,931,0.626437611335014,588,0.796489051157609,596,0.849529279261311,1054
"Myeloid","NK","LGALS3","LAG3",0.0339040099740601,741.75,0.217074569372566,667,0.580248639491515,662,0.810810363817936,583,0.849412893241166,1055
"Myeloid","Myeloid","HLA-C","LILRB1",0.0339040099740601,519,0.16677337677496,1055,0.692474226371469,497,0.998741160178283,374,0.918422447795649,150
"T_cell","NK","HLA-E","KLRC1_KLRD1",0.0345513236455753,830.75,0.178242607999436,927,0.388147927484558,1060,0.503645468031542,1036,0.906741815736918,300
"Myeloid","Myeloid","VEGFA","ITGAV",0.0346462542697192,843,0.426568390587368,140,0.881033474794045,321,0.911642621550928,466,0.756388647479831,2445
"Myeloid","Myeloid","GNAI2","ADCY7",0.0356062502102397,871.5,0.176186801495171,952,0.541928299247737,721,0.689180019063613,745,0.848625156835962,1068
"Myeloid","NK","ICAM1","ITGAL_ITGB2",0.0360080092854182,636.5,0.164582369406107,1071,0.639704737217107,573,0.871791874928883,503,0.899632011286917,399
"Myeloid","Myeloid","FABP5","RXRA",0.0361703171198924,612.75,0.331446165192104,254,0.713416833705512,473,0.930851817082247,440,0.834233040776939,1284
"B_cell","Myeloid","IL16","CD9",0.0361703171198924,642,0.247659718412652,473,0.716077902990433,470,0.934679885432104,436,0.840682440984887,1189
"T_cell","Myeloid","PSAP","LRP1",0.0362777310234835,632.75,0.164529116816461,1073,0.974309674846905,228,0.81226017358466,580,0.880600036015381,650
"B_cell","Myeloid","HLA-C","LILRA1",0.0364131587102776,691,0.22784698995224,602,0.381136759395755,1074,0.801218837674299,590,0.894103946504031,498
"Myeloid","Myeloid","TNF","TNFRSF1B",0.0365489652155019,957.75,0.169946960652255,1032,0.380983967636978,1075,0.529690614945407,983,0.871761386440332,741
"Myeloid","Myeloid","TNF","TRPM2",0.0366134815822632,787,0.391990933440061,177,0.713304785770198,475,0.906096579984211,472,0.787829076066296,2024
"T_cell","T_cell","HLA-B","CD3G",0.0366864875131899,837.5,0.15286722816344,1186,0.289877002103977,1287,0.611713600287299,869,0.932665277086443,8
"Myeloid","Myeloid","FN1","ITGAV_ITGB1",0.0368363568994392,742.25,0.308033408754668,297,0.71240113610525,476,0.917590862913603,456,0.808389365501173,1740
"Myeloid","T_cell","TGM2","ITGB1",0.0369586647026707,654.25,0.225961432824019,613,0.791223237721433,407,0.859168411922629,519,0.847952192567486,1078
"B_cell","Myeloid","FCER2","ITGAM_ITGB2",0.0370600960703702,808.25,0.274442051911857,369,0.861188753270605,344,0.897810684482419,477,0.786389787566666,2043
"Myeloid","Myeloid","HSPA1A","TLR4",0.0377365101444193,571.25,0.330131872572262,258,0.825773213240976,371,0.892876663018153,480,0.841247954083757,1176
"Myeloid","B_cell","NAMPT","INSR",0.0380680411072193,561.5,0.22729797109667,609,0.991794408362241,208,1.03392321763057,343,0.84763724499358,1086
"Myeloid","Myeloid","CD52","SIGLEC10",0.0387739665181168,798.25,0.217075176118963,666,0.564631618811124,686,0.685754615511854,750,0.847463046785839,1091
"Myeloid","T_cell","ICAM1","IL2RG",0.0387739665181168,585.5,0.16335726144495,1091,0.667951489118244,531,0.916405625917023,460,0.910051176764677,260
"Myeloid","Myeloid","BST2","LILRA4",0.0388812691421379,640.25,0.276301675330474,365,0.704281518118147,485,1.01373630596404,360,0.830683635321714,1351
"Myeloid","B_cell","VCAN","ITGB1",0.0393457388700779,755.5,0.163003839601534,1095,0.802831402789539,398,0.916592371273907,458,0.848231582016073,1071
"T_cell","NK","HLA-E","KLRC2_KLRD1",0.0397787002862163,860,0.17565307354548,959,0.374386465500917,1098,0.471834482444869,1098,0.90755881382001,285
"Myeloid","T_cell","SPP1","PTGER4",0.0398128342702311,558.5,0.318213895844147,280,0.700433104933626,489,1.21418340067553,221,0.836981109603506,1244
"Myeloid","T_cell","GNAI2","CCR5",0.0400693197200896,855.25,0.194299807146404,795,0.449614507267912,920,0.787011452130705,606,0.846786322640637,1100
"Myeloid","Myeloid","LGALS9","CD47",0.0400693197200896,631.75,0.16258214392542,1100,0.640257953273048,572,0.825789329193927,561,0.907111761311062,294
"Myeloid","Myeloid","ADAM10","IL6R",0.0405207558985113,659,0.259283135777633,428,0.713344611594213,474,0.881997832080575,492,0.837174212510224,1242
"B_cell","Myeloid","IL15RA","AXL",0.040758498290258,1075,0.246766989041918,481,0.695116575830889,493,0.915206447528138,461,0.714706377787315,2865
"Myeloid","T_cell","ADAM9","ITGB1",0.0409507383392767,789.5,0.198456244151518,758,0.621698619123647,592,0.7219532422616,702,0.846403117763803,1106
"NK","T_cell","HLA-B","CD3G",0.041254489934657,893,0.151846942449539,1200,0.211554478300332,1496,0.612796151117047,867,0.932454693323645,9
"T_cell","NK","HLA-E","KLRC3_KLRD1",0.0415463756682586,863.75,0.175547226617169,960,0.375285316585439,1095,0.462694456743954,1110,0.907276790819151,290
"Myeloid","B_cell","CD14","ITGB1",0.0415463756682586,658.25,0.16150694522555,1110,0.871518396737027,333,1.07445848027275,308,0.861591414088117,882
"NK","NK","HLA-E","KLRC1_KLRD1",0.0416962947786973,850.25,0.177660352283532,934,0.370559082384702,1111,0.494799845743214,1055,0.906603381937457,301
"NK","Myeloid","HLA-G","LILRB1",0.0418466192582457,636.75,0.161369491297978,1112,0.727606794076056,454,0.92724078515113,445,0.891230207327231,536
"Myeloid","NK","TNFSF13","TNFRSF14",0.0423000322154903,749,0.172755736725567,996,0.728161122454937,453,0.939026859924625,432,0.845896978449936,1115
"B_cell","Myeloid","HLA-DQB1","CD4",0.0423000322154903,771.5,0.161014194063233,1115,0.571698677898053,674,0.699758094581914,726,0.887040798363356,571
"B_cell","Myeloid","HLA-DPA1","CD4",0.0424519854787029,776.5,0.160996513817604,1116,0.520321559598928,770,0.583934914920549,910,0.905992717979969,310
"B_cell","Myeloid","HLA-C","LILRB1",0.0426043477679219,677.25,0.160968077236633,1117,0.415652248863282,985,0.934462655483306,437,0.917085324309418,170
"NK","NK","GZMB","IGF2R",0.0430638961284002,998.25,0.173478566814206,990,0.413368545544598,991,0.601606954514899,892,0.845581251752728,1120
"Myeloid","NK","LGALS9","HAVCR2",0.0432179018617117,818.75,0.16058070769675,1121,0.514816362123185,779,0.69008608617672,742,0.882054008147425,633
"Myeloid","T_cell","ICAM1","ITGAL_ITGB2",0.0435271521629405,665,0.160374982835507,1123,0.619206553545723,599,0.853185808215371,524,0.898456795967806,414
"Myeloid","NK","TIMP2","CD44",0.043838059157821,957,0.196889008928986,774,0.485364258650089,832,0.472076787782278,1097,0.845148002005512,1125
"Myeloid","NK","APP","CD74",0.0441506287525617,956.25,0.161070343289308,1113,0.361102472011006,1127,0.583469742167628,911,0.877832390963386,674
"Myeloid","T_cell","ICAM1","SPN",0.0441506287525617,826.5,0.159785259844419,1127,0.602914950038654,634,0.789056095346196,603,0.856955099204364,942
"T_cell","T_cell","LCK","CD8A_CD8B",0.0441805628305581,685.75,0.266713976471321,394,0.245885277726691,1408,0.868008046020461,507,0.897637207908052,434
"Myeloid","T_cell","SPP1","S1PR1",0.0444317387437669,853.5,0.295610876685611,329,0.680758837982819,508,1.1082525393459,279,0.768390506040062,2298
"Myeloid","Myeloid","ADAM15","ITGB1",0.0444648668638801,863.25,0.200835757067389,743,0.493226888956551,819,0.681209840984702,762,0.844779816119967,1129
"Myeloid","Myeloid","TNF","TNFRSF21",0.0449368095875192,891,0.3501844725376,238,0.680089434408219,510,0.891807444382769,482,0.765223705978415,2334
"Myeloid","T_cell","HLA-DQA2","LAG3",0.0449393654681238,811.5,0.21807237924304,661,0.44106268070928,935,0.860968277364937,518,0.844560056748835,1132
"Myeloid","NK","HLA-DQA1","LAG3",0.0450983723556675,1049.5,0.159065584031086,1133,0.393058062442737,1048,0.586498409867916,905,0.846220917482337,1112
"Myeloid","Myeloid","COPA","P2RY6",0.0452578008254937,595,0.240453484693983,517,0.80866385053933,391,1.03680313588406,338,0.84436349205018,1134
"Myeloid","T_cell","LGALS9","CD44",0.0452578008254937,647,0.159065132680152,1134,0.578014210269397,666,0.773921027257933,620,0.917141576321274,168
"Myeloid","T_cell","CD48","CD2",0.0454176516221183,628.25,0.221135957557238,641,0.358739368794753,1135,0.9216045328707,453,0.907564676687792,284
"NK","Myeloid","CD52","SIGLEC10",0.0454176516221183,844.25,0.206934822905473,715,0.53760079116026,734,0.662731268732532,793,0.844345166823412,1135
"T_cell","Myeloid","HLA-DPB1","CD4",0.0454176516221183,847,0.15904889651251,1135,0.463918692662423,884,0.521665995390832,1001,0.901856711021133,368
"B_cell","Myeloid","HLA-B","LILRB2",0.0455779254907139,526,0.220521242506613,648,0.358536936447162,1136,1.18675455894172,236,0.922230860040421,84
"Myeloid","T_cell","LGALS1","CD69",0.0455779254907139,703.25,0.158896199925462,1136,0.515253660153118,778,0.814137268651637,575,0.904849636649001,324
"Myeloid","Myeloid","NAMPT","INSR",0.0457386231771102,592.75,0.215556615605779,674,0.960088909204654,237,1.05266369466607,323,0.844180682725699,1137
"B_cell","T_cell","HLA-DQA1","LAG3",0.0457386231771102,941,0.185258914814865,864,0.358477991533885,1137,0.649718353881802,809,0.855879804589442,954
"B_cell","Myeloid","CD99","PILRA",0.0457386231771102,741,0.158850431404185,1137,0.656634945701403,549,0.773144148855765,623,0.880013397268069,655
"Myeloid","T_cell","HLA-B","CD3G",0.0458185425056225,908.25,0.15139627251856,1207,0.176958672521881,1592,0.63601161004969,824,0.932361029936747,10
"NK","Myeloid","SPON2","ITGB1",0.0458997454277937,1034,0.165317326685979,1062,0.358239408095519,1138,0.529459656107445,986,0.856171212088393,950
"B_cell","T_cell","CD59","CD2",0.0460612929899075,764.25,0.227829384662717,603,0.358229903917623,1139,0.978482116139928,403,0.859275610353057,912
"Myeloid","B_cell","FN1","CD44",0.0465484950261159,1039.5,0.18570074898628,861,0.357788108554667,1142,0.483899546034558,1071,0.847684194650835,1084
"NK","NK","HLA-E","KLRC3_KLRD1",0.0467117513185203,884.25,0.174973775761303,970,0.357696471485582,1143,0.453848834455625,1132,0.90713906981682,292
"NK","NK","HLA-E","KLRC2_KLRD1",0.0472040975427211,877.25,0.175079276925042,966,0.356797620401061,1146,0.462988860156541,1109,0.907421468960898,288
"Myeloid","Myeloid","CCL4","CCR1",0.0477003255808626,1076.5,0.16445839542531,1075,0.412771306278576,993,0.474434711937379,1089,0.843078860161052,1149
"Myeloid","Myeloid","SEMA3C","NRP1_PLXNA1",0.0477799281968576,1077,0.573553053372133,95,0.751216661309991,437,0.857199282874928,521,0.645103276200061,3255
"NK","Myeloid","HLA-G","CD4",0.0478666010680179,953.5,0.158460132592481,1142,0.356282464139963,1150,0.502921476985065,1039,0.895253304243487,483
"B_cell","NK","ADAM28","ITGA4",0.0478666010680179,848.75,0.156774682148586,1150,0.6187179169523,603,0.694393901800574,736,0.859875991703376,906
"Myeloid","B_cell","NAMPT","ADORA2A",0.0485360538605633,955,0.155980963948304,1154,0.538147292339037,731,0.652873852802156,805,0.844730976883247,1130
"Myeloid","NK","LGALS3BP","ITGB1",0.0487045085530171,1017,0.172409197728534,998,0.398229196539697,1039,0.608582515207228,876,0.842801359789897,1155
"Myeloid","B_cell","THBS1","ITGA6",0.0488413737014093,1057.75,0.463150389934473,125,0.670281579961782,525,0.857703279299499,520,0.686025404571366,3061
"B_cell","Myeloid","ICAM2","ITGAM_ITGB2",0.0490427330369723,719.75,0.155734392021001,1157,0.699044733634148,491,0.866071108148489,510,0.873249087326793,721
"T_cell","Myeloid","LGALS9","LRP1",0.0493827160493827,655.25,0.181993306223933,887,1.0134013416622,189,0.990794774208603,386,0.842616744554037,1159
"Myeloid","T_cell","NAMPT","ADORA2A",0.0493827160493827,919,0.15536999823841,1159,0.537114694123521,735,0.758852330143501,649,0.844473425332553,1133
"NK","Myeloid","TGFB1","ENG",0.0501890571540326,909.75,0.253754733076036,448,0.668253260590775,530,0.931544999806333,439,0.773515487901226,2222
"T_cell","T_cell","HLA-A","CD3G",0.0503786475036418,812.5,0.156195807390718,1153,0.296778902429032,1273,0.645059263880028,813,0.932274272490213,11
"Myeloid","Myeloid","ICAM1","ITGAL_ITGB2",0.0504132771585517,728,0.154828485063664,1165,0.60528946659566,630,0.744199514324302,667,0.89683996155287,450
"NK","Myeloid","HSP90B1","TLR4",0.0505865929494867,747,0.216303263740257,672,0.721134594640659,466,0.731857362041023,684,0.842282461183056,1166
"Myeloid","Myeloid","TGM2","ITGA4",0.0509345647918899,779.5,0.204069585704687,727,0.663271069047526,538,0.731534479360805,685,0.842097951212398,1168
"Myeloid","Myeloid","ARF1","PLD2",0.0512843287595633,1122.75,0.155611198026941,1158,0.403023850038251,1019,0.446812940024092,1144,0.841463234990356,1170
"Myeloid","NK","ICAM1","IL2RG",0.0514598847095493,666.75,0.154341600375091,1171,0.613809879206281,613,0.790268699349284,602,0.907700380541223,281
"Myeloid","Myeloid","SEMA4D","PLXNB2",0.051635890995174,799,0.176791550843906,942,0.688130658774308,501,0.812079635125826,581,0.841376474969265,1172
"Myeloid","Myeloid","LGALS9","SLC1A5",0.051635890995174,823.75,0.154247061208658,1172,0.605507864275554,629,0.821194759138858,570,0.8585635524766,924
"NK","Myeloid","LRPAP1","LRP1",0.052166619563919,694,0.164927244442864,1065,0.993540751712521,206,1.04641366953151,330,0.841326281325408,1175
"Myeloid","B_cell","C1QB","C1QBP",0.052673811208317,840.5,0.241122959472757,508,0.66200943971262,539,0.886634506743623,485,0.802358019587879,1830
"Myeloid","Myeloid","IL1B","SIGIRR",0.0529546023008309,702.25,0.237850851839144,540,0.786197676444196,410,1.09370742442737,290,0.818181738760388,1569
"B_cell","Myeloid","HLA-DRA","CD4",0.0530602458381525,795.25,0.153443103754729,1180,0.526807125088537,757,0.639772179827725,818,0.897994741230057,426
"B_cell","Myeloid","LGALS3","ENG",0.053783373349037,784.75,0.174836537427272,975,0.666414082378254,533,0.924065796729071,447,0.840840692541212,1184
"Myeloid","Myeloid","CCL4L1","CCR1",0.053965304259316,944,0.184903496573962,870,0.46865786417627,875,0.623153719447278,846,0.840826598185184,1185
"Myeloid","Myeloid","SPP1","PTGER4",0.054372771391085,663.25,0.287603929448252,345,0.660573390471134,545,0.98247994454545,399,0.829963085476496,1364
"Myeloid","Myeloid","GNAI2","CCR5",0.0545138671138922,1046,0.1771302920379,941,0.418802075415614,977,0.480987212783443,1078,0.840688053732379,1188
"Myeloid","NK","HLA-DRB5","LAG3",0.0548818919149797,1039.5,0.152558085016916,1190,0.405603841310582,1016,0.473756681205498,1091,0.863287285620772,861
"NK","T_cell","HLA-A","CD3G",0.0549348072056134,852.75,0.155072451637039,1162,0.252298486648211,1388,0.621519705820899,849,0.932046049533532,12
"Myeloid","T_cell","CD14","RIPK1",0.055524435816177,733.25,0.236599430145467,549,1.02488468290176,182,1.38805058423177,124,0.783848007704598,2078
"NK","B_cell","TNFSF9","FCRL1",0.0558147410373702,848.5,0.334171101940973,252,0.998375999419805,204,0.829760361891291,550,0.761204564183147,2388
"Myeloid","Myeloid","LGALS9","PTPRC",0.0563726564807294,825.75,0.152124830570668,1198,0.378513392050065,1082,0.606735853649209,881,0.918769029130289,142
"Myeloid","Myeloid","SIRPB2","CD47",0.0569394487403717,675.5,0.268748423902038,386,0.706933488246303,480,0.767091894913379,635,0.839896230194349,1201
"Myeloid","Myeloid","ANXA1","DYSF",0.0569855544121915,666.5,0.389151446600613,182,0.753189972292778,434,0.827783347792823,554,0.821722478034819,1496
"T_cell","Myeloid","ANXA1","FPR2_FPR3",0.0573196774618021,736,0.238710171822156,535,0.676250851624644,517,0.727732531705413,689,0.839848878441301,1203
"T_cell","Myeloid","HLA-DRB1","CD4",0.0575105043545589,889.5,0.151614674524502,1204,0.453950048761879,911,0.48187737234055,1077,0.90193225592818,366
"B_cell","Myeloid","LTB","TNFRSF1A",0.0577018073224498,711.75,0.248458633793873,471,0.641464549811262,571,0.793859811010271,600,0.83982759954458,1205
"Myeloid","Myeloid","TGFB1","ENG",0.0581717731122817,974.25,0.236639799728325,548,0.650234494690197,558,0.894954775281861,478,0.767340497438721,2313
"B_cell","Myeloid","B2M","LILRB2",0.0582785805917194,531.75,0.222365713646121,635,0.323021546878959,1208,1.1880264505672,235,0.9257076051601,49
"B_cell","T_cell","HLA-DQA2","LAG3",0.0586654910021831,945.5,0.201801143789903,738,0.390538931582463,1056,0.670375741072454,778,0.839401851728581,1210
"Myeloid","NK","LGALS9","CD47",0.0590543247408693,703,0.150549957409605,1212,0.589924401071063,650,0.783513160248355,608,0.903821359236086,342
"Myeloid","Myeloid","ARPC5","LDLR",0.0594450881711393,1070.25,0.150417176523218,1214,0.411075335637426,1000,0.521710028097781,1000,0.848713630310909,1067
"B_cell","T_cell","B2M","CD3D",0.0594870238877789,1293.25,0.164861371910922,1067,-0.571433714161208,3415,0.734766203156312,678,0.931911461572028,13
"Myeloid","Myeloid","MFNG","NOTCH2",0.0596411955120424,988.5,0.150398783702,1215,0.494878806337158,815,0.600016973642747,895,0.851106221914,1029
"Myeloid","T_cell","HLA-DMB","CD4",0.0600348654339802,743.75,0.150238623992079,1217,0.70343674917401,486,1.08867042506455,297,0.854593656455768,975
"Myeloid","NK","F13A1","ITGA4",0.0606290204027074,722,0.257174167404828,435,0.629593971394015,586,0.759807787062469,647,0.838734536437525,1220
"B_cell","Myeloid","COPA","P2RY6",0.0610275664431141,696.25,0.22061843970098,646,0.758503626463772,431,0.885757044266712,486,0.838622440548465,1222
"Myeloid","Myeloid","ADAM17","ITGB1",0.0614280741495515,1057.5,0.149566981686903,1224,0.411783872106026,999,0.516848695898492,1014,0.85369963455183,993
"Myeloid","Myeloid","VEGFA","ITGB1",0.0618305499484367,658.75,0.268492704016544,388,0.806785229148179,392,0.770437751246605,629,0.838368606642722,1226
"NK","T_cell","CCL5","CXCR3",0.0620325278936763,883.5,0.202451571458627,732,0.313301316172198,1227,0.49306658195301,1059,0.892524391441199,516
"Myeloid","B_cell","VEGFA","CD44",0.0620325278936763,1005.25,0.179401039239365,913,0.489296324420529,824,0.407348869519721,1227,0.849369626930246,1057
"B_cell","Myeloid","HLA-F","LILRB1",0.0622350002766964,719.75,0.14889107361511,1228,0.527645233340424,756,0.813256322774494,578,0.905234285614643,317
"Myeloid","T_cell","SECTM1","CD7",0.0624379679037547,645,0.384660007177706,188,0.544876291350405,717,0.924330786210878,446,0.838212124972995,1229
"Myeloid","Myeloid","TNF","FFAR2",0.0627585891086635,985,0.46045805164339,126,0.650650633329629,557,0.816523555366531,573,0.73448252211039,2684
"Myeloid","NK","LILRB4","LAIR1",0.0632192207456499,897,0.131934225439123,1392,1.01802929199229,185,1.33435031636936,145,0.800069930393357,1866
"NK","NK","HLA-G","KLRD1",0.0634602629646247,926.25,0.164973663204953,1064,0.311953989745307,1234,0.52174249838913,999,0.898888643359456,408
"Myeloid","Myeloid","IL10","IL10RA_IL10RB",0.0640190129831108,715.75,0.306253472772064,300,0.635590686557329,577,0.843231187201639,532,0.824353739164758,1454
"T_cell","T_cell","HLA-C","CD3G",0.0640352998257232,838.25,0.153348995885842,1181,0.286049851095042,1303,0.617782872202168,855,0.931848307736051,14
"Myeloid","NK","LGALS1","CD69",0.0642870958866837,843,0.148028552521663,1238,0.47822113782338,846,0.577655229337467,918,0.901755786173712,370
"Myeloid","NK","SPP1","PTGER4",0.0643365904133233,698.75,0.268148297287218,390,0.635238637319293,578,0.992123671451844,383,0.824963354282211,1444
"NK","Myeloid","HSP90B1","TLR1",0.064912502837882,918.25,0.17735926813812,940,0.548966738406457,710,0.667385805654581,782,0.837216918637567,1241
"Myeloid","NK","CD14","RIPK1",0.0652087270712879,770.5,0.223403178608672,630,1.01464709174548,188,1.41368880846722,117,0.778946582553891,2147
"Myeloid","T_cell","CD59","CD2",0.0661769949864587,891,0.195164336017465,787,0.308441904468316,1247,0.891929779386695,481,0.849656424730447,1049
"Myeloid","Myeloid","PLAU","IGF2R",0.0662629034257506,957.5,0.32740170082087,265,0.666040329302359,534,0.809776425925365,584,0.756197243542247,2447
"T_cell","Myeloid","HLA-DPA1","CD4",0.0676754846455337,908,0.145734929115367,1254,0.452720012253755,913,0.472654327344899,1094,0.901664941167458,371
"NK","Myeloid","HLA-DPB1","CD4",0.0678916137658756,928,0.145590902792447,1255,0.407688119130779,1009,0.514507760428152,1018,0.897873925914371,430
"Myeloid","NK","ADAM15","ITGB1",0.0681082601475,995,0.176021083481409,954,0.420889551606167,973,0.659972337498328,797,0.835935187930219,1256
"Myeloid","Myeloid","ICAM1","SPN",0.0681082601475,886.5,0.145574143300442,1256,0.571476516531895,675,0.804546352242646,587,0.851150637947531,1028
"T_cell","Myeloid","HLA-DRB5","CD4",0.068325424615056,948.5,0.14533033088656,1257,0.447127554070032,925,0.462559296773278,1111,0.893758499519101,501
"Myeloid","T_cell","CCL3","CCR5",0.0685431079938495,965.5,0.194813929619085,791,0.304696043408465,1258,0.743449247317858,669,0.843584793433496,1144
"NK","T_cell","HLA-C","CD3G",0.0685796372943745,886.75,0.152142226053252,1197,0.221639141238021,1465,0.611303011393308,870,0.931597008728843,15
"NK","Myeloid","CCL5","SDC4",0.0687613111098432,928,0.218318139237023,659,0.362647723130376,1123,0.39647906171134,1259,0.878033597606016,671
"Myeloid","B_cell","ARF1","INSR",0.0687613111098432,961.25,0.144934778238743,1259,0.667705124644023,532,0.529606138044154,985,0.848493598616821,1069
"Myeloid","Myeloid","TXLNA","STX4",0.0694190471505056,1046.5,0.170472804980109,1022,0.412038725769143,996,0.586428681698972,906,0.835660937490291,1262
"Myeloid","B_cell","LGALS9","CD47",0.0694190471505056,773.75,0.144875577914895,1262,0.566187096456028,684,0.665144300950296,786,0.902138477312472,363
"Myeloid","NK","SPP1","ITGA5_ITGB1",0.0695533620184192,714.75,0.230065257458085,594,0.692508574335779,496,1.13058425649613,265,0.821441679161916,1504
"Myeloid","NK","GNAI2","ADCY7",0.0698601517024895,1053.75,0.144822849127843,1263,0.468833505555922,874,0.644912853069887,814,0.835599188825802,1264
"T_cell","Myeloid","FASLG","TNFRSF1A",0.0698879386224054,694.75,0.348074087265271,241,0.620778086962586,595,0.987819842921864,391,0.819136650499348,1552
"Myeloid","NK","ICAM1","ITGAM_ITGB2",0.0705257459092853,717.25,0.144252087069684,1267,0.654849972572203,552,0.959305925593723,415,0.881677609257741,635
"Myeloid","T_cell","F13A1","ITGB1",0.0705601231118812,752.25,0.235644889714227,559,0.669613982061028,526,0.796026409608988,597,0.831862460951389,1327
"Myeloid","NK","HLA-DRB1","LAG3",0.0709721099972317,1101.25,0.143983622336865,1269,0.362075506336994,1126,0.412890569852107,1213,0.867833396339007,797
"B_cell","Myeloid","HLA-G","LILRB1",0.071196084923823,770,0.143972299779142,1270,0.595465408028772,648,0.820863881094287,571,0.885576382833653,591
"NK","T_cell","SPON2","ITGA4",0.0716456247114649,1035.25,0.170004092423759,1029,0.296820947335171,1272,0.578910925175346,917,0.858643460073419,923
"Myeloid","NK","SIRPB2","CD47",0.0718711912421754,746.25,0.248859209230935,465,0.656599936044318,550,0.724815725967808,697,0.834658824821725,1273
"Myeloid","B_cell","CALM2","INSR",0.0720972899783471,970.75,0.143487275286189,1274,0.64265633450093,570,0.520953787391553,1005,0.850795638297547,1034
"Myeloid","B_cell","TNFSF13B","HLA-DPB1",0.0727787877876326,795.75,0.143343504337444,1277,0.583910459525218,657,0.791870283528174,601,0.880748417496135,648
"Myeloid","Myeloid","VIM","CD44",0.0731200385680037,993.25,0.0985995980193872,1836,0.456625206080108,902,0.40987561318067,1219,0.931161078984972,16
"Myeloid","T_cell","LGALS3BP","ITGB1",0.0732357960406309,1193.75,0.152175173440423,1196,0.338009234422654,1178,0.458237823819198,1122,0.834353596017702,1279
"T_cell","NK","CLEC2D","KLRB1",0.0734651055984703,874.75,0.252002741923232,451,0.293331079996756,1280,0.646847508429724,810,0.855638926787968,958
"B_cell","Myeloid","LAMA5","CD44",0.0734651055984703,1072.5,0.143101749923171,1280,0.445670367853982,928,0.446335952750492,1146,0.857355325830485,936
"Myeloid","NK","TIMP1","CD63",0.0743297518674327,708.25,0.116890360914799,1578,0.816009351593617,385,1.13327490019706,262,0.883696065175465,608
"T_cell","T_cell","HLA-A","CD3D",0.0743877329893969,679.25,0.179607575952167,909,0.291197508368988,1284,0.871899504804108,502,0.930665004052295,22
"NK","T_cell","CCL5","CCR5",0.0746197413372961,939.25,0.198919294084384,757,0.290757101216694,1285,0.480715371161789,1079,0.881515551609977,636
"Myeloid","Myeloid","APP","PTGER2",0.0750284127483504,967.75,0.285021983909092,350,0.629712693708845,585,0.782651459753111,610,0.766236203564568,2326
"Myeloid","Myeloid","TNFSF10","TNFRSF10D",0.0753792824059536,987.75,0.389501082007314,181,0.613957069009542,611,0.800621787981833,592,0.746045306659681,2567
"T_cell","Myeloid","GNAI2","FPR1",0.0757879342708648,677,0.180216778978158,904,0.975075775264028,227,1.09900443820387,287,0.833998047209358,1290
"Myeloid","B_cell","TNFSF13B","TFRC",0.0762590311237206,923.25,0.141601858938069,1292,0.61406401279845,610,0.711752649489961,710,0.847791313690843,1081
"B_cell","Myeloid","SEMA4D","PLXNB2",0.0764954014421219,927.5,0.157749835590824,1143,0.648436919364753,562,0.710172074632995,712,0.833623023507039,1293
"Myeloid","B_cell","CCL7","CCR10",0.0767930476799638,1104.75,0.821150118818499,38,0.863762656843687,340,0.776282240009682,615,0.575416460392774,3426
"Myeloid","Myeloid","CXCL10","SDC4",0.077149066038797,848.25,0.317393947510685,282,0.611135903964671,616,0.992126865287833,382,0.781760709260249,2113
"Myeloid","T_cell","HLA-A","CD3G",0.0776565059202254,1016.5,0.150620860319021,1211,0.076033192182984,1939,0.595399055314707,899,0.93111784084633,17
"B_cell","Myeloid","SEMA4A","PLXNB2",0.0778642027084778,632.25,0.225520097503325,618,0.923140251236795,272,1.17213806754485,246,0.828309323444519,1393
"Myeloid","B_cell","CCL7","CCR2",0.0782233231553338,1155,0.442949594676344,130,0.633248777625861,580,0.77402581945134,619,0.635207036262676,3291
"B_cell","Myeloid","HSP90B1","TLR7",0.0784062015883822,782,0.206830510971596,716,0.706088677276709,483,0.77099731054957,628,0.833199457623107,1301
"Myeloid","NK","SECTM1","CD7",0.0786475440851586,783,0.35705287164118,226,0.49962627695464,806,0.658499852760238,798,0.833098372778776,1302
"Myeloid","T_cell","ALCAM","CD6",0.0791319001236986,596.5,0.376503163955418,197,0.606627852538118,626,1.1429176236848,259,0.832935938405328,1304
"NK","NK","SPON2","ITGB1",0.0791319001236986,1167.5,0.144891205562324,1260,0.285902070745135,1304,0.508222152621071,1026,0.847858779762112,1080
"Myeloid","Myeloid","APP","LRP10",0.0793069057186362,987.75,0.22741882157707,608,0.607529719282002,622,0.776182983409278,616,0.782331648306154,2105
"B_cell","Myeloid","HLA-B","LILRA1",0.0793069057186362,919.25,0.225272138902712,620,0.0740132706830384,1947,0.773460750210817,622,0.894936803242873,488
"T_cell","Myeloid","HSP90B1","TLR4",0.0793749153771592,958.75,0.188439518466076,838,0.6429923386961,568,0.457824212515675,1124,0.832905066759967,1305
"Myeloid","Myeloid","PLAU","ITGB1",0.0800344890525997,716,0.281275534711936,355,0.679737371007577,511,0.773077865869653,624,0.829457746752825,1374
"T_cell","T_cell","HLA-B","CD3D",0.0801073203582783,705.75,0.175780084956325,958,0.284295608043934,1308,0.838553841211379,539,0.931064612527247,18
"Myeloid","Myeloid","S100A8","CD69",0.0803525779527218,881.75,0.170004503642832,1028,0.653111189131612,554,0.766731662639882,636,0.83262132577757,1309
"Myeloid","NK","PLAU","IGF2R",0.0803998423786099,1064,0.272926793036522,374,0.606634844147015,625,0.776927160291194,613,0.739033382206747,2644
"T_cell","Myeloid","HSPA4","TLR4",0.0811336776148159,869,0.281762025351488,354,0.713977205159685,472,0.771750513261307,627,0.787978967206349,2023
"NK","Myeloid","FASLG","TNFRSF1A",0.0815021616255514,764,0.328314068629634,263,0.606074802707743,628,0.849953221959207,525,0.81476686736338,1640
"NK","NK","SPON2","ITGB2",0.0818359710238794,1078,0.147978084071242,1239,0.28180720595767,1315,0.483594773535659,1074,0.876501397979164,684
"B_cell","Myeloid","HSP90B1","ASGR1",0.0822422676688585,733.25,0.298962325535133,326,0.719098675822295,467,0.770014753362156,630,0.821130235449073,1510
"Myeloid","B_cell","TGM2","ITGA4",0.082585322606325,948.75,0.176498654152317,947,0.60627586558708,627,0.592792295113485,903,0.832206639187485,1318
"Myeloid","B_cell","CCL8","CCR2",0.0826138917901471,1174.5,0.436005113943979,132,0.607182307113413,624,0.76888867296114,631,0.628914960192371,3311
"T_cell","T_cell","HLA-C","CD3D",0.0828362463074552,706.25,0.176334063544087,950,0.280468457034998,1319,0.844623113126248,531,0.930229675201809,25
"Myeloid","B_cell","APOE","SCARB1",0.0829865647003861,1212,0.299114984501497,324,0.613877169786458,612,0.768225302077711,632,0.638485734699297,3280
"B_cell","Myeloid","HLA-DRB5","CD4",0.0833398086653787,963.75,0.139164235735983,1321,0.421057579675064,972,0.506332181958699,1031,0.891682513767321,531
"T_cell","Myeloid","LTB","TNFRSF1A",0.0835924490562012,745.25,0.221780385383362,639,0.608192194381793,620,0.98196279217119,400,0.832039562295735,1322
"T_cell","Myeloid","HLA-A","APLP2",0.0835924490562012,674.75,0.139154429776123,1322,0.607955846687432,621,0.714597611405878,706,0.925677189044347,50
"Myeloid","B_cell","SIRPB2","CD47",0.0840994526015669,829,0.239479455040188,527,0.632862631429283,582,0.606446866669748,883,0.831990729684285,1324
"B_cell","Myeloid","HLA-DMB","CD4",0.0843538174940802,915,0.13888517195808,1325,0.571914675876263,673,0.777839739108304,612,0.849643182696691,1050
"Myeloid","B_cell","PTGS2","ALOX5",0.0844877649899349,1085,0.222272295270346,636,0.734475110103875,446,0.943013945841241,429,0.720180367020037,2829
"Myeloid","Myeloid","IL1B","ADRB2",0.0848656973970006,854.25,0.222010656125535,637,0.867995440874732,335,1.25563138048225,194,0.771658755818032,2251
"NK","Myeloid","HLA-A","APLP2",0.0861505645857011,703.5,0.138153635120041,1332,0.563475430906611,689,0.691058053346748,741,0.925428513382997,52
"T_cell","B_cell","TNFSF9","FCRL1",0.0863879872513705,927.75,0.297564322609003,327,0.963927590789213,231,0.763581766477257,641,0.750500517130615,2512
"Myeloid","Myeloid","CCL3","CCR5",0.086409566476251,1167.5,0.177598983515606,938,0.273883611556167,1333,0.437425007970597,1161,0.837383567348416,1238
"Myeloid","NK","HLA-DPA1","LAG3",0.0866691519231711,1158.75,0.138004573166628,1334,0.322753618105093,1209,0.381028661097818,1289,0.867322326901824,803
"Myeloid","T_cell","HLA-C","CD3G",0.0867176479516194,1045.5,0.148994080873983,1227,0.0536085356879426,2039,0.59869066276521,897,0.930927785962617,19
"Myeloid","NK","ICAM1","ITGAX_ITGB2",0.086771204894758,798,0.132661765625911,1387,0.598646480640233,642,0.839742075807101,536,0.882560089649685,627
"Myeloid","T_cell","GNAI2","F2R",0.0869293218023431,859.5,0.22841043573247,598,0.463222974320581,887,0.774666048179307,618,0.831625187651521,1335
"Myeloid","T_cell","LGALS9","CD47",0.0869293218023431,821.75,0.137857170662063,1335,0.536827398002977,736,0.639249463297725,820,0.89992450423628,396
"NK","T_cell","GZMB","IGF2R",0.0871900769903056,1240,0.141106382431219,1297,0.357828990609034,1141,0.426253081369629,1186,0.831610750532949,1336
"Myeloid","T_cell","TIMP1","CD63",0.087540821542275,806,0.111254802737652,1666,0.799542382711697,401,0.865395824116048,513,0.881132609948163,644
"Myeloid","Myeloid","ARF1","INSR",0.0877133468020408,998.25,0.13744799449807,1338,0.635999625486436,576,0.548346615079655,952,0.845052912590312,1127
"Myeloid","NK","APP","PTGER2",0.0887032151522025,1034.5,0.25134228750401,454,0.595465742387202,647,0.813523032617774,577,0.754786189237355,2460
"Myeloid","T_cell","FN1","ITGA4_ITGB7",0.0894834684561186,816,0.274624938156132,368,0.592618340691061,649,0.83016262735315,547,0.810694063710187,1700
"Myeloid","Myeloid","CALM2","INSR",0.0903651132881403,1005.75,0.136075264085975,1348,0.610950835343344,617,0.539694264427053,966,0.847397828816039,1092
"Myeloid","NK","GNAI2","S1PR1",0.0909025994696576,869,0.224011812611306,627,0.522840582776333,764,0.6950340071554,735,0.8307834749995,1350
"Myeloid","Myeloid","C3","CD81",0.0910567894488224,1068.5,0.395888873835671,171,0.619386620105767,598,0.754146947592269,653,0.717381935325494,2852
"Myeloid","NK","LGALS9","CD44",0.0911722399207544,847,0.135970922887143,1351,0.426326374956716,957,0.631749532084893,832,0.910982612079588,248
"NK","T_cell","HLA-B","CD3D",0.0912423271747365,762,0.174606871366834,977,0.205973084240288,1514,0.839636392041127,537,0.930849393974614,20
"Myeloid","T_cell","ADAM10","TSPAN14",0.0914424797945882,1169.25,0.138198539748043,1331,0.266719871199592,1352,0.451306063443518,1137,0.863628255917048,857
"Myeloid","B_cell","ICAM1","IL2RG",0.0917133199788636,846,0.135888921262589,1353,0.502996290873897,798,0.610375845876427,874,0.902226239183395,359
"Myeloid","NK","FN1","ITGA5_ITGB1",0.091849873153734,958.75,0.219086229622541,655,0.584523943220068,655,0.831071018939353,545,0.791646743087475,1980
"T_cell","NK","B2M","KLRC1",0.0922568048328424,1083.25,0.174587936186005,979,0.298631550467517,1268,0.351754359139026,1355,0.872651131177813,731
"Myeloid","NK","PLAU","ITGB1",0.0926472496225551,824.5,0.246521959534301,483,0.607400033657192,623,0.751840362383278,657,0.819926153166908,1535
"NK","T_cell","CCL5","SDC4",0.0928027015974652,1175.75,0.162258975498457,1104,0.26518100488167,1355,0.351418700418514,1357,0.861231874982555,887
"T_cell","Myeloid","ADAM10","GPNMB",0.0930475501225516,812.25,0.218895558656637,658,0.728597248893064,452,0.944206078352082,428,0.810072335861941,1711
"Myeloid","NK","VEGFA","ITGB1",0.0934489267845281,762,0.235318537684439,565,0.734447891797795,447,0.749200247760231,659,0.829232507243975,1377
"Myeloid","Myeloid","SEMA3C","NRP2_PLXNA1",0.0942549125373676,1133.75,0.607314394752304,83,0.742467555692847,441,0.747500218637046,661,0.610741223235628,3350
"Myeloid","NK","ACTR2","ADRB2",0.0944549346605777,990.75,0.175452225955794,962,0.454587621386249,907,0.696190812098463,731,0.829997106996647,1363
"NK","Myeloid","IRAK4","TLR4",0.0946595235947772,1023.5,0.266548880375722,396,0.706921704856012,481,0.746009875541654,662,0.746745002062323,2555
"Myeloid","Myeloid","ADM","ADRB2",0.0946595235947772,1065.5,0.217828945108864,662,0.717922137732179,468,0.952654942807427,419,0.732343446430663,2713
"B_cell","Myeloid","HLA-DRB1","CD4",0.0947324370360751,1016.25,0.134727262660218,1364,0.375694815836167,1094,0.44108461300899,1153,0.896584343600412,454
"T_cell","Myeloid","MFNG","NOTCH2",0.0950105504257033,1067,0.134575325328737,1365,0.4581375236247,898,0.613697967729871,865,0.843924170129939,1140
"NK","Myeloid","CCL3","CCR1",0.0955686138329827,831.75,0.202557583998111,731,0.580517399179955,661,0.821716481529827,568,0.829837794024935,1367
"Myeloid","T_cell","HLA-B","CD3D",0.0957630815643351,783.5,0.174088651734632,983,0.171377278461837,1614,0.86285185097377,516,0.930753669869503,21
"Myeloid","T_cell","FN1","ITGA4_ITGB1",0.0958485656450916,774.75,0.250618498017321,459,0.578289133168429,665,0.78592296485819,607,0.82983459318394,1368
"Myeloid","Myeloid","IL1A","IL1R2_IL1RAP",0.0962887785487706,1160,0.703133991110633,65,0.647598367728079,563,0.744767986882403,666,0.61233440179546,3346
"Myeloid","Myeloid","HLA-A","APLP2",0.096692112295832,820.75,0.134187724243154,1371,0.387210136441384,1063,0.664937402840556,787,0.924417243414505,62
"Myeloid","Myeloid","LAMB3","CD151",0.0971099061089632,1043.75,0.54116094109527,100,0.763787656086207,428,0.744176739665706,668,0.698784845329979,2979
"Myeloid","Myeloid","LRPAP1","SORL1",0.0978254875978749,1165.25,0.133903947574795,1375,0.395073165378342,1046,0.461670797130571,1114,0.845091819245986,1126
"Myeloid","T_cell","TNF","TNFRSF1B",0.0983958970935564,1191.75,0.140862092962092,1302,0.256495617037481,1377,0.420202995461279,1197,0.86089823642736,891
"NK","Myeloid","GNAI2","FPR1",0.0995441959261199,723.5,0.167770919179673,1050,0.95572886737064,241,1.21372520830705,222,0.828985032492059,1381
"Myeloid","Myeloid","LGALS1","ITGB1",0.0995441959261199,791.25,0.133107448056095,1381,0.56750935987784,682,0.675691161589114,770,0.90462330645344,332
"T_cell","Myeloid","IL16","CD9",0.100122099755282,766.25,0.208907374732696,702,0.645572755232654,567,0.961587841348562,413,0.828954007210352,1383
"Myeloid","Myeloid","ADAM10","TREM2",0.100858845152861,909.75,0.406400349321458,156,0.668759305712883,527,0.734925811398821,677,0.769403356082872,2279
"NK","Myeloid","SEMA4A","LILRB2",0.101631113431796,993,0.113891087705748,1621,1.033971614126,171,1.18608905649207,237,0.794596432588763,1943
"Myeloid","Myeloid","TNFSF10","TNFRSF10B",0.10170395841857,727.25,0.305697993245808,303,0.568903930691062,679,0.882733181694588,490,0.825476360772857,1437
"Myeloid","T_cell","SIRPB2","CD47",0.101870916068666,884.25,0.227878021807972,601,0.603502932976232,633,0.580552029017177,914,0.828491474793444,1389
"Myeloid","Myeloid","PSEN1","CD44",0.102458914058168,935.75,0.132231922182101,1391,0.431511652748381,949,0.494421595279079,1057,0.903638451592169,346
"Myeloid","Myeloid","CCL7","CCR2",0.102979854116745,1211.75,0.386552117799276,184,0.589083827913663,652,0.733296853960944,682,0.619287795154681,3329
"T_cell","NK","HLA-G","KLRC1",0.103049453821334,1176.5,0.188431461155967,839,0.250776180928245,1393,0.439160058490653,1157,0.832248860571677,1317
"Myeloid","Myeloid","TIMP2","ITGB1",0.103345679153396,741.25,0.271714023668578,379,0.73329122593799,448,0.689357440053159,744,0.828206725360161,1394
"Myeloid","Myeloid","ADAM15","ITGAV",0.10340735000285,965.75,0.319078263144733,278,0.567475134602418,683,0.822414711289025,566,0.765140692519678,2336
"Myeloid","Myeloid","HSP90B1","TLR7",0.103940045294937,889.75,0.192350159243825,808,0.648523102163233,561,0.662704310402356,794,0.828094619457554,1396
"Myeloid","Myeloid","IL16","CD4",0.104238187936969,1149.25,0.131158561321289,1397,0.406980773505646,1011,0.469679922666962,1102,0.847629226497311,1087
"B_cell","Myeloid","GNAI2","FPR1",0.104536971515973,744.75,0.165412602510938,1060,0.952062898437019,245,1.11453864768219,276,0.827979219254051,1398
"Myeloid","NK","ADAM17","ITGB1",0.104536971515973,1186.75,0.131086926720618,1398,0.339446534755642,1172,0.495611192412117,1054,0.84527017489267,1123
"NK","T_cell","HLA-A","CD3D",0.104792824923641,720.75,0.178315843432449,926,0.246717092588167,1406,0.848359946744979,528,0.930431762834223,23
"T_cell","Myeloid","TXLNA","STX4",0.104836396949867,1155,0.152657353691842,1188,0.369461678481802,1114,0.577289156753526,919,0.827940544964827,1399
"NK","Myeloid","IL16","CD4",0.104836396949867,1162,0.130992486446924,1399,0.406631932914694,1012,0.444599144860554,1148,0.847547388380555,1089
"Myeloid","NK","APOE","SORL1",0.10556135154157,1070.75,0.3259748483758,267,0.563608849011262,688,0.757652978149814,652,0.735318485193831,2676
"Myeloid","NK","LGALS9","SLC1A5",0.10634318411583,964.25,0.130305913098759,1404,0.554412306814235,703,0.738528187587168,674,0.848009632734765,1076
"T_cell","Myeloid","HSP90B1","TLR1",0.106646479992145,1176.25,0.154512208949266,1169,0.470824482461899,867,0.393352656129234,1264,0.827599989202249,1405
"Myeloid","Myeloid","CCL8","CCR2",0.106867003704823,1229.5,0.380491826139965,194,0.563017357401216,691,0.728159707470744,688,0.612888474967165,3345
"Myeloid","NK","F11R","ITGAL_ITGB2",0.106950424167173,1229.25,0.130119542963628,1406,0.321057342264527,1214,0.446753943468447,1145,0.842851805281522,1152
"Myeloid","T_cell","CXCL10","CXCR3",0.108182624860356,776.75,0.294326910579029,331,0.561789497006494,694,1.0887143855295,296,0.805151362131742,1786
"B_cell","T_cell","LAMA5","CD44",0.108479901857077,1221.25,0.129738878380861,1411,0.338060451568011,1177,0.388080114893203,1272,0.851255170878815,1025
"Myeloid","B_cell","TIMP2","CD44",0.108787755234018,1123.75,0.181553455616614,893,0.41580232121034,984,0.326268558326275,1412,0.839767197908589,1206
"Myeloid","T_cell","ADAM15","ITGB1",0.108787755234018,1181.5,0.155363166587726,1160,0.360669589489123,1129,0.509627646110297,1025,0.827194095648919,1412
"B_cell","Myeloid","ADAM28","ITGA4",0.108787755234018,1030.5,0.12973303411771,1412,0.530785758945407,745,0.602978591785269,891,0.848076654983494,1074
"T_cell","Myeloid","CCL5","SDC4",0.109096263385681,1021,0.192189795649145,811,0.243302228662923,1413,0.463046452364527,1108,0.871042094462714,752
"B_cell","T_cell","HLA-B","CD3G",0.109301818432039,1435.75,0.142182529596904,1289,-0.530336930532961,3400,0.50665407060675,1030,0.930354090000063,24
"Myeloid","Myeloid","PTDSS1","SCARB1",0.109508239827446,1040,0.216389892948152,669,0.559465581294641,697,0.764186526584092,640,0.778293649918053,2154
"Myeloid","NK","B2M","KLRD1",0.110336862304822,836.75,0.171337959720091,1007,0.24127567239294,1417,0.603328552207754,890,0.928572881927582,33
"T_cell","B_cell","CD70","TNFRSF13B",0.110843873265762,1141,0.361536806042132,218,0.772217013300425,421,0.722863864072904,700,0.651932298219613,3225
"B_cell","Myeloid","SEMA4A","PLXND1",0.110843873265762,816.25,0.209516598683626,700,0.675334632230145,520,0.90655494452165,471,0.817529166415314,1574
"Myeloid","Myeloid","LRPAP1","SORT1",0.111291314977982,862.5,0.353867846565338,230,0.723008326701541,462,0.722720617750283,701,0.7855357790989,2057
"T_cell","Myeloid","PTPN6","CLEC12A",0.112189549675362,914.25,0.208814780524561,703,0.615729331452433,606,0.721682623199293,703,0.814457569153229,1645
"Myeloid","NK","FN1","ITGA4_ITGB1",0.112533333997795,835.75,0.239081758744404,531,0.552819689539905,705,0.732469267307793,683,0.826481356819117,1424
"NK","Myeloid","TNF","TNFRSF1A",0.112849772000126,874.25,0.179037649260069,918,0.596448660479597,645,0.866790315094204,509,0.826455742202472,1425
"Myeloid","B_cell","IL10","IFNLR1",0.113092258736797,1182,0.392052792154754,176,0.576028878246673,669,0.714777392593106,705,0.661024043652433,3178
"Myeloid","NK","TNF","TNFRSF1B",0.113166876889439,1227,0.136705380294414,1340,0.238704155531529,1426,0.407191004588381,1228,0.85909503625979,914
"Myeloid","T_cell","MRC1","PTPRC",0.113484649602041,881.5,0.287440855315436,347,0.551406763721542,706,0.498167342824652,1046,0.826241768000264,1427
"Myeloid","Myeloid","B2M","CD1C",0.113484649602041,1044.5,0.196418140248573,779,0.238371868941227,1427,0.542808283118722,964,0.852383525033509,1008
"Myeloid","NK","HLA-DPB1","LAG3",0.113484649602041,1231.75,0.140509704698038,1307,0.273753760742396,1334,0.321551789482084,1427,0.863531490130836,859
"Myeloid","T_cell","S100A4","CCR5",0.113803091074902,1111.5,0.150268882251948,1216,0.237708400353816,1428,0.502120053195079,1041,0.870370213532557,761
"Myeloid","Myeloid","ICAM2","ITGAM_ITGB2",0.113803091074902,895.25,0.12862085211993,1428,0.614083957643413,609,0.742257221909472,670,0.862279773480776,874
"Myeloid","NK","INHBA","TGFBR3",0.113999449334861,1151,0.615980333165162,81,0.564892063086675,685,0.713613828958286,707,0.670066767187288,3131
"Myeloid","T_cell","TNF","ICOS",0.114762437434551,809.5,0.328363497193045,262,0.344264245404286,1169,0.998218190348051,376,0.8257377679781,1431
"NK","T_cell","SPON2","ITGB2",0.114762437434551,1183.25,0.140524534322048,1304,0.235578362368269,1431,0.384396326576563,1281,0.873676867135645,717
"Myeloid","NK","HLA-DQB2","LAG3",0.115083563331248,1015.75,0.186944518420184,850,0.466039815842325,880,0.594163158038947,901,0.825704368428584,1432
"Myeloid","NK","CCL2","CCR5",0.11582730367354,965.5,0.207564656779664,711,0.655754720158047,551,0.920048376072532,454,0.778964936540914,2146
"Myeloid","Myeloid","F13A1","ITGA4",0.116050985515293,905,0.21281487914294,684,0.541661813387121,722,0.668392477047164,779,0.825516196930185,1435
"Myeloid","Myeloid","FN1","ITGA4_ITGB1",0.116374810879843,860,0.235781746248121,558,0.54502227921165,716,0.697380364043327,730,0.825482466698261,1436
"NK","NK","B2M","KLRC1",0.116374810879843,1131,0.173772540542741,987,0.233006147692645,1436,0.345790995420173,1368,0.872390782825785,733
"T_cell","Myeloid","IRAK4","TLR4",0.117210011343426,1047.75,0.262463031244207,415,0.703057551087011,488,0.709702097953166,714,0.745281537673114,2574
"Myeloid","T_cell","CXCL11","CXCR3",0.117673169441444,945.25,0.407333130468359,154,0.546170665048107,715,0.842206937844282,534,0.762034143691074,2378
"NK","T_cell","HLA-C","CD3D",0.118308060448122,754,0.174946414234003,971,0.216057747177977,1479,0.838143252317388,540,0.929972856254969,26
"Myeloid","NK","MRC1","PTPRC",0.118332017786717,946.25,0.282741848718951,353,0.517133424901372,776,0.412689121242511,1214,0.825055395216116,1442
"T_cell","B_cell","CALM1","INSR",0.118332017786717,1092.75,0.127014754636911,1442,0.520364010993319,769,0.4104165036719,1217,0.856929513371004,943
"NK","Myeloid","HSPA1A","TLR4",0.118602874207811,788,0.252459275972915,450,0.691056061940154,498,0.707857085574508,717,0.82250641368548,1487
"Myeloid","Myeloid","IRAK4","TLR4",0.119069422622012,1048,0.262846200484727,414,0.703419929828188,487,0.706915630483844,718,0.74541998314513,2573
"Myeloid","T_cell","F11R","ITGAL_ITGB2",0.11931982753621,1268,0.126793164691075,1445,0.300559158593144,1266,0.428147876754935,1183,0.841129155047522,1178
"NK","B_cell","TGFB1","CAV1",0.119537102884175,1190,0.270147137527343,381,0.597271383950112,644,0.704766237134614,719,0.692775471975494,3016
"Myeloid","Myeloid","THBS1","CD47",0.119650467663832,1020.25,0.190834127649138,823,0.427403000373312,954,0.616162746705677,858,0.824925553803382,1446
"NK","B_cell","CALM1","INSR",0.11998179447888,1100.75,0.126617704258078,1447,0.514060819133452,782,0.406916196615261,1229,0.856737479013464,945
"Myeloid","NK","LRPAP1","SORL1",0.120313808931459,1183.25,0.126522112996749,1448,0.372261942188179,1106,0.52084846691037,1006,0.841343683647592,1173
"Myeloid","NK","CXCL9","KIR2DL3",0.120475862422416,1186.5,0.625337922978424,79,0.609389965651292,619,0.703847997902167,721,0.620621218997259,3327
"B_cell","Myeloid","IGF1","INSR",0.120946943428583,1153,0.365290955645601,213,0.882467273935981,319,0.701839974903668,722,0.608987758383827,3358
"NK","Myeloid","HLA-DRB1","CD4",0.120979904552902,1076,0.126318031481322,1450,0.336726953269704,1180,0.433779482613893,1169,0.893558014950774,505
"Myeloid","T_cell","ICOSLG","CTLA4",0.121892512225449,840,0.314302898207938,285,0.541479498826032,724,0.976986021387981,406,0.794408750669088,1945
"T_cell","Myeloid","HLA-DRA","CD4",0.122320389323606,1092.25,0.12590199645316,1454,0.425754169652779,959,0.330773237303397,1398,0.888570988702842,558
"NK","T_cell","SPON2","ITGB1",0.122657243896963,1361,0.127886705738028,1436,0.225682108628091,1455,0.35787746123304,1344,0.839631083755089,1209
"B_cell","T_cell","HLA-C","CD3G",0.122805313490556,1366.5,0.143807669915366,1272,-0.223213441820244,3190,0.534412158070233,977,0.929779963647344,27
"Myeloid","Myeloid","APOE","SORL1",0.123319395254293,1062,0.34499359814467,242,0.586420072201425,654,0.698475308370015,727,0.74079972056007,2625
"T_cell","B_cell","CXCL13","CCR10",0.123797300971649,1088.5,0.495576290645568,113,0.540366436934039,728,0.825940893126806,560,0.703500257684177,2953
"Myeloid","T_cell","C1QB","C1QBP",0.123797300971649,985,0.203834910866986,728,0.609612256537381,618,0.813879145076843,576,0.788698717650891,2018
"B_cell","Myeloid","HLA-G","CD4",0.124011624373858,1139,0.141376598074045,1293,0.224141078092678,1459,0.396544572928221,1258,0.889782737711389,546
"Myeloid","Myeloid","APOE","LDLR",0.124276347128293,1159.25,0.357336872022689,225,0.53869161317323,729,0.713225405752885,708,0.699680314518957,2975
"Myeloid","B_cell","SPP1","ITGA4_ITGB1",0.125377190303955,1021,0.164924202978191,1066,0.48559989692783,830,0.69992180597225,725,0.82376240864118,1463
"NK","Myeloid","HSPA4","TLR4",0.125720336707054,983,0.24554018932317,490,0.668710490157759,528,0.695986247005775,732,0.776256868063802,2182
"NK","Myeloid","TNFSF9","HLA-DPA1",0.125720336707054,1075,0.125459617361126,1464,0.410361281077147,1001,0.521146740219128,1004,0.865838884151022,831
"T_cell","Myeloid","GNAI2","C5AR1",0.126064186999936,767.5,0.180371413392413,903,0.91847238515513,279,0.948086105988409,423,0.823710636250966,1465
"Myeloid","B_cell","LGALS9","CD44",0.126408742144529,990.75,0.125380238581244,1466,0.356764437516968,1147,0.48594130262889,1067,0.907639432827661,283
"Myeloid","T_cell","HLA-A","CD3D",0.12729865757799,889.25,0.173197015090541,992,0.0704517981229401,1970,0.822239296238787,567,0.92948317226748,28
"T_cell","Myeloid","CCL3","CCR1",0.127446646317683,960.25,0.185507066571247,862,0.554105451438899,704,0.652390680980538,806,0.823539215306863,1469
"Myeloid","Myeloid","ACTR2","LDLR",0.128490928848634,1223.75,0.153794127455412,1176,0.353586608837129,1152,0.472524600287692,1095,0.823407371321396,1472
"Myeloid","Myeloid","CALR","SCARF1",0.128840444944311,932.75,0.257792246393943,432,0.556154727091667,701,0.457164485499529,1125,0.82336312287522,1473
"Myeloid","B_cell","ADAM17","RHBDF2",0.128840444944311,1220.75,0.124757609088267,1473,0.423224312124321,969,0.521516974882323,1003,0.825426780059724,1438
"Myeloid","Myeloid","QDPR","DYSF",0.129621365047876,1231.5,0.37323063749961,200,0.575959391063117,670,0.69184100840414,740,0.627322531462012,3316
"Myeloid","T_cell","LGALS9","SLC1A5",0.12989327252795,1045.25,0.124322207928587,1476,0.541641793472491,723,0.61789694958735,854,0.844955362459488,1128
"Myeloid","NK","GNAI2","CXCR3",0.130245644716349,1363.5,0.124162418312151,1477,0.322396698685637,1210,0.327119232424691,1408,0.830170649630951,1359
"T_cell","Myeloid","HSPA1A","TLR4",0.130952539401792,795.75,0.25465806594136,446,0.694869694209791,494,0.679149362201909,764,0.823138523323448,1479
"B_cell","Myeloid","HLA-A","LILRA1",0.131103210905486,932.75,0.216116479942897,673,0.117446516402905,1782,0.689859403432139,743,0.891336445482542,533
"T_cell","NK","HLA-E","KLRK1",0.131307063840422,1008.5,0.140510387962117,1306,0.323072749979587,1207,0.296326219900758,1480,0.927073790201592,41
"Myeloid","T_cell","HLA-C","CD3D",0.131788094976156,916,0.171326402059288,1008,0.0480271416278987,2065,0.82553090368929,562,0.929288949638395,29
"Myeloid","T_cell","LGALS1","PTPRC",0.132018271768396,756,0.123786888188461,1482,0.540651215613617,726,0.671416506202501,774,0.927063215551384,42
"T_cell","T_cell","CD48","CD2",0.132732364916842,906.25,0.166562234703756,1056,0.213988658736576,1484,0.79482665083375,599,0.894970669640695,486
"Myeloid","Myeloid","CALR","ITGAV",0.13380893147713,1302.25,0.131418793970485,1395,0.266905016502715,1350,0.289643155113897,1487,0.854562548644608,977
"T_cell","Myeloid","CALM1","KCNN4",0.13380893147713,1219.5,0.123253064757617,1487,0.261348461801189,1362,0.377281568326699,1300,0.872878443104287,729
"Myeloid","NK","VCAN","SELL",0.133842969068555,788.75,0.169744100645443,1034,0.921733916850387,274,1.15323463072784,253,0.816691522317442,1594
"T_cell","Myeloid","LIN7C","ABCA1",0.134098054471861,1045.75,0.199713421461852,749,0.836690843530458,360,0.903217343468933,473,0.742987413373114,2601
"Myeloid","NK","NAMPT","ITGA5_ITGB1",0.134098054471861,924.75,0.11741045315481,1570,0.528878748206649,749,0.72533216591135,694,0.876309620364249,686
"Myeloid","T_cell","IL10","CD27",0.134601242775145,731.5,0.363460307820633,217,0.528415707254264,750,0.944942411247429,427,0.820062440010153,1532
"T_cell","NK","B2M","KLRC2",0.13525452464843,1146.25,0.164070396920787,1078,0.271108626500235,1341,0.28813238796568,1491,0.87744285284743,675
"NK","NK","HLA-E","KLRK1",0.135617745725426,1024.75,0.140051390097054,1311,0.30548390487973,1253,0.28748059761243,1492,0.926963106432329,43
"B_cell","B_cell","IGF1","INSR",0.137134580059812,1141,0.385188331357261,187,0.914172773093568,283,0.683099497868167,755,0.615283965532607,3339
"Myeloid","NK","HLA-G","KLRC1",0.137812459033597,1271.5,0.183111236296217,882,0.211148965367947,1498,0.354373761135318,1349,0.830240075687878,1357
"NK","Myeloid","CALM1","KCNN4",0.138180818224283,1229.75,0.122867773488156,1499,0.255045269941322,1383,0.37378126127006,1307,0.872704635968566,730
"Myeloid","T_cell","ICOSLG","CD28",0.138668527845858,952.75,0.371821645120317,202,0.525913037318555,758,1.02907956198921,346,0.751034129882543,2505
"Myeloid","NK","FN1","ITGA4_ITGB7",0.138668527845858,996.25,0.232934054699586,574,0.52764672011982,755,0.682670254165406,758,0.797735505014231,1898
"Myeloid","T_cell","ICOSLG","ICOS",0.139182172780965,921.25,0.355997584493672,228,0.525892465352922,759,1.04153780748302,333,0.763222466479759,2365
"T_cell","Myeloid","ARF1","PLD2",0.140406504771872,1468.25,0.125720560755236,1457,0.213209346999309,1490,0.282685133908202,1505,0.826712703578222,1421
"Myeloid","T_cell","CXCL11","CCR5",0.140730105654086,1023.75,0.40022617846909,166,0.523626450092602,762,0.829855727053061,549,0.741529843825905,2618
"Myeloid","Myeloid","F11R","ITGAL_ITGB2",0.14115434069419,1364,0.122408079230675,1507,0.28664207164308,1299,0.319161582863866,1432,0.838763325949155,1218
"Myeloid","B_cell","TGM2","ITGB1",0.141529376929196,1043.5,0.153487321398752,1178,0.645961713850244,566,0.575549199788651,922,0.821311161546443,1508
"T_cell","B_cell","CALM2","INSR",0.141529376929196,1200.5,0.122382959973657,1508,0.486251185411469,828,0.388779028555892,1271,0.840413700023359,1195
"T_cell","NK","LCK","CD8A_CD8B",0.142281690897752,856.25,0.248640119393608,469,0.207402791013545,1510,0.552796327431936,949,0.894368149903929,497
"Myeloid","NK","TNFSF13","FAS",0.142288552098241,958,0.198088463014159,765,0.721345539222101,465,0.837994328091238,541,0.785177248583285,2061
"Myeloid","B_cell","THBS1","SCARB1",0.142810374236873,1302.75,0.221063675916242,642,0.520871976587137,766,0.762313213457877,643,0.66571390777622,3160
"Myeloid","NK","ARPC5","LDLR",0.143415780469205,1266.75,0.122156224130971,1513,0.352551689231346,1154,0.454666469860033,1130,0.834862884399741,1270
"NK","NK","B2M","KLRC2",0.144175597511888,1198,0.163304122401709,1092,0.205483223725364,1515,0.282169024246827,1508,0.877190921943792,677
"B_cell","Myeloid","ICAM1","ITGAX_ITGB2",0.144909383408149,911.5,0.104970721556473,1755,0.634364441336894,579,0.837899613591761,542,0.869873350412523,770
"B_cell","T_cell","HLA-B","CD3D",0.14523298968252,1300.75,0.163493885721062,1087,-0.535918324593005,3403,0.73349431153083,681,0.928702684413069,32
"Myeloid","B_cell","CCL20","CCR6",0.145437069707459,1235.25,0.493450606300187,114,0.52029229487118,771,0.725135289338712,696,0.608287742112498,3360
"T_cell","NK","HLA-A","KIR3DL1",0.146088348796055,1263.75,0.203282189871302,729,0.278567577590144,1324,0.295338291130888,1482,0.820582409450127,1520
"Myeloid","NK","LGALS1","PTPRC",0.146473171370189,815.75,0.121763253087885,1521,0.506377876793447,791,0.585938284620361,907,0.926503990543064,44
"NK","Myeloid","CALR","SCARF1",0.147245096821487,1013.75,0.247511659534943,476,0.49326744952618,818,0.404660481733664,1238,0.820384264031241,1523
"Myeloid","Myeloid","INHBA","ACTR2",0.147559573896693,1006.75,0.390695003358017,178,0.614702453492446,608,0.671377088700296,775,0.754318553868767,2466
"NK","Myeloid","SELPLG","SIGLEC5",0.147632201698039,863.75,0.257261486918516,433,0.663732528825934,537,0.545076468015938,961,0.820324448467881,1524
"T_cell","NK","GNAS","PTGDR",0.148020069342547,1306.5,0.185936378050437,858,0.213837159128481,1485,0.351052735820473,1358,0.820266503451606,1525
"NK","Myeloid","ANXA1","DYSF",0.148093143495042,900,0.30033055878676,320,0.577148999298647,667,0.670745671183538,776,0.801948745911775,1837
"T_cell","Myeloid","FABP5","RXRA",0.148627892028127,1021.25,0.210120709346333,696,0.515846263342048,777,0.687434621046123,749,0.800278873595075,1863
"Myeloid","T_cell","VEGFA","ITGB1",0.149188258900452,913.75,0.207701443760907,710,0.674227929680751,521,0.5988555563722,896,0.820211112529509,1528
"Myeloid","B_cell","TGFB1","CAV1",0.150239218763059,1240,0.251926589690429,452,0.579252618049535,663,0.668176012610143,780,0.685294759551874,3065
"Myeloid","Myeloid","ADAM10","CD44",0.150363349457469,1096,0.12089692777061,1531,0.358815860231563,1134,0.371309511617435,1312,0.89919319232277,407
"T_cell","Myeloid","SIRPG","CD47",0.150559870717922,953.5,0.176528130524326,945.5,0.20039381405345,1531.5,0.726192015653887,691.5,0.880961599487246,645.5
"Myeloid","T_cell","CD47","SIRPG",0.150559870717922,953.5,0.176528130524326,945.5,0.20039381405345,1531.5,0.726192015653887,691.5,0.880961599487246,645.5
"Myeloid","NK","TIMP2","ITGB1",0.150778690552497,855.5,0.238141840584633,539,0.660953888587606,542,0.668119936566784,781,0.818620501744906,1560
"Myeloid","T_cell","HLA-DRA","CD4",0.150778690552497,962.5,0.103841924319585,1768,0.51407958403668,781,0.767414502158613,634,0.878671548165187,667
"T_cell","NK","HLA-A","KIR2DL3",0.151150590443291,1266.25,0.186202311095429,854,0.257028537097966,1375,0.271825176971603,1533,0.833096124330035,1303
"T_cell","Myeloid","CD28","CD80",0.151395501556723,915.5,0.54244896760635,98.5,0.467325077714988,877.5,1.09194419975552,292.5,0.760660239475338,2393.5
"Myeloid","T_cell","CD80","CD28",0.151395501556723,915.5,0.54244896760635,98.5,0.467325077714988,877.5,1.09194419975552,292.5,0.760660239475338,2393.5
"NK","NK","HLA-A","KIR3DL1",0.151545368138347,1309.5,0.201820190209293,737,0.234087161809323,1434,0.271798733071759,1534,0.820050455702453,1533
"Myeloid","T_cell","CXCL10","SDC4",0.151861182926,1055,0.23589435551474,557,0.513669185715966,783,0.947066503995007,424,0.755391416078745,2456
"Myeloid","T_cell","C3","IFITM1",0.152337242968988,862.5,0.321430501592921,275,0.502534132718619,799,0.629074101123475,840,0.819851016340756,1536
"T_cell","Myeloid","TGS1","RXRA",0.152404204995811,1303.5,0.220000590826845,649,0.520670255505013,768,0.665848716496523,784,0.693158845068911,3013
"T_cell","Myeloid","ADAM10","AXL",0.152404204995811,971,0.195325455454416,784,0.619141678072634,601,0.796724248184992,595,0.797395834959911,1904
"T_cell","Myeloid","CALM1","INSR",0.152734342121038,1134.25,0.120453651695319,1537,0.488658511835732,826,0.4291569807074,1180,0.853647361185423,994
"B_cell","Myeloid","SEMA4A","NRP1_PLXNA1",0.152948411974878,1190.5,0.216368452479644,670,0.527839173656456,754,0.665345955083277,785,0.74688248329977,2553
"NK","NK","GNAS","PTGDR",0.153132217109647,1320.25,0.184585948055889,875,0.207683856556266,1508,0.350273792063902,1360,0.819728542974147,1538
"T_cell","NK","B2M","KIR3DL1",0.153530868944689,1241.75,0.199062905296716,755,0.296208497944874,1276,0.269500181737975,1539,0.828086364879457,1397
"Myeloid","NK","GNAI2","F2R",0.153530868944689,1087,0.193480190302576,799,0.414960026368197,987,0.511216157467744,1023,0.819683522995799,1539
"B_cell","T_cell","HLA-C","CD3D",0.154176760882628,1235.5,0.165362613941475,1061,-0.228794835880288,3202,0.761252398994313,645,0.928115996531229,34
"Myeloid","Myeloid","HSPA4","TLR4",0.154588149737227,915,0.278703358805578,358,0.710154765382987,478,0.664548370515434,788,0.787065772835468,2036
"T_cell","T_cell","CCL5","CXCR3",0.155133264969679,998.5,0.178222140787116,928,0.193955821704746,1543,0.559633972606198,939,0.886255939914278,584
"Myeloid","NK","ITGB2","CD226",0.155133264969679,1420.5,0.135243476793188,1358,0.26032753475226,1367,0.268303946003229,1543,0.827130547708275,1414
"Myeloid","B_cell","ADAM9","ITGB1",0.155133264969679,1229.25,0.134804054607833,1363,0.476437095252458,853,0.438334030127622,1158,0.819548426576622,1543
"NK","Myeloid","CALM1","INSR",0.155133264969679,1141.75,0.120077111440809,1543,0.482355319975865,840,0.425656673650761,1188,0.853451674801144,996
"Myeloid","Myeloid","ADAM10","TSPAN14",0.155535816208001,1285.5,0.135531927909556,1355,0.257149501896005,1373,0.268136292130396,1544,0.86247682097033,870
"NK","Myeloid","ADAM10","GPNMB",0.155687246268226,906,0.194819870783972,790,0.69371484321007,495,0.884155417527319,488,0.800946512859352,1851
"T_cell","NK","HLA-C","KIR3DL1",0.155939150365799,1296.25,0.199577185962878,751,0.267838526256154,1347,0.268061899453028,1545,0.81958989604398,1542
"NK","T_cell","CCL4","CCR5",0.156343268457547,1138.5,0.169432853908914,1038,0.193080169868776,1546,0.487244972598711,1065,0.86013053498714,905
"Myeloid","T_cell","PSEN1","CD44",0.156343268457547,1080.25,0.119884077443229,1546,0.323901736462409,1205,0.436165757421789,1164,0.899285070407956,406
"Myeloid","NK","THBS1","CD47",0.156748171498374,1125.5,0.176711101823431,944,0.377069448171327,1088,0.573886577760106,923,0.819303780073511,1547
"Myeloid","T_cell","GSTP1","TRAF2",0.156748171498374,1263,0.119857416298228,1547,0.389222098611288,1058,0.569018181659486,925,0.820394603965162,1522
"B_cell","B_cell","ICAM1","CAV1",0.156791100026788,1074.75,0.194636893745895,792,0.638193177478648,574,0.787883977326889,605,0.766183823439058,2328
"Myeloid","NK","HLA-DQA2","LAG3",0.157153860504065,1267.5,0.151695094644183,1203,0.323302406443605,1206,0.461780273081639,1113,0.819221085100674,1548
"T_cell","Myeloid","CALR","SCARF1",0.158375653478048,1069.25,0.243403067033735,502,0.468134818425381,876,0.354725110361445,1348,0.819147683484403,1551
"NK","T_cell","CCL4L1","CCR5",0.158375653478048,1179,0.167919613183505,1048,0.191976835810433,1551,0.483333718547474,1075,0.850226017169715,1042
"Myeloid","Myeloid","HSP90B1","ASGR1",0.158455813147627,828.75,0.278031759697602,361,0.661533100708818,541,0.661721753214942,795,0.815737712114183,1618
"Myeloid","T_cell","VIM","CD44",0.158642805688786,1129,0.0893923467931521,1965,0.349015289794136,1160,0.351619775323381,1356,0.927951965371093,35
"B_cell","Myeloid","NUCB2","ERAP1",0.1587844965142,1414.75,0.119598147446212,1552,0.2772446296301,1325,0.318856436571256,1433,0.830881032943681,1349
"T_cell","T_cell","CD58","CD2",0.159194130604003,1074.25,0.147891720450203,1241,0.190895713000028,1553,0.692520638277709,739,0.870196110667339,764
"Myeloid","B_cell","CALM1","INSR",0.159194130604003,1250.75,0.11958491443084,1553,0.402414977813626,1021,0.321351398588481,1428,0.853194626130893,1001
"Myeloid","T_cell","VCAN","SELL",0.159773675402763,795.75,0.170482667490601,1021,0.922713265960626,273,1.08527948098824,301,0.81701628339448,1588
"NK","NK","B2M","KIR3DL1",0.160840597904109,1290.75,0.198133201737236,764,0.230583095170003,1441,0.263536818019121,1557,0.827752892626574,1401
"NK","NK","HLA-B","KIR3DL1",0.161254202571206,1346,0.197622327398259,768,0.193343153461444,1545,0.263075178367907,1558,0.821003247657214,1513
"T_cell","NK","HLA-B","KIR3DL1",0.162499803759028,1289.75,0.198950185793954,756,0.271665677265089,1339,0.261992627538159,1561,0.821494781987728,1503
"NK","NK","HLA-C","KIR3DL1",0.162916603298228,1351,0.198006626430342,766,0.203427816399133,1522,0.261582038644168,1562,0.819005060869001,1554
"Myeloid","B_cell","APP","LRP10",0.163514447012485,1139,0.193003356873209,804,0.557936409003996,699,0.685030569186411,751,0.768037580120997,2302
"NK","Myeloid","GNAI2","C5AR1",0.163752607244367,808,0.167914874464876,1049,0.899125477261742,300,1.06280687609159,319,0.818454582615068,1564
"T_cell","Myeloid","CD99","CD81",0.164171813704553,1287.25,0.11796100914154,1565,0.243779448148759,1412,0.400913342271576,1244,0.858166504475504,928
"Myeloid","B_cell","LAMA5","SDC1",0.164651762029662,1003.5,0.192720611251363,806,1.41915316828072,53,1.0485231078539,328,0.720205185703108,2827
"B_cell","T_cell","ICAM3","ITGAL",0.165012640737206,1314,0.11832361627583,1562,0.200336917313214,1533,0.259808563408925,1567,0.885464491499012,594
"Myeloid","B_cell","CD14","ITGB2",0.165222220223347,959.25,0.111739004929973,1660,0.527864736528025,753,0.775807472981409,617,0.867109865707408,807
"NK","NK","SPON2","ITGA4",0.165434263366862,1354.75,0.139570847940769,1314,0.185662097961078,1568,0.321658838686522,1426,0.846244329703291,1111
"Myeloid","T_cell","ICAM1","ITGAX_ITGB2",0.165856693444625,1016,0.117446456727117,1569,0.528210116693048,752,0.49603723653229,1053,0.876098318422695,690
"Myeloid","T_cell","CXCL9","CXCR3",0.167516073749665,1087,0.36075274072836,221,0.496215365258304,811,0.729258534051127,687,0.740356771014884,2629
"B_cell","Myeloid","GRN","TNFRSF1B",0.167516073749665,932,0.112402992799041,1647,0.499695995958528,804,0.64650953993412,811,0.896079359464056,466
"B_cell","T_cell","HLA-A","CD3G",0.167563225018985,1489.5,0.136403853381665,1343,-0.486903684813094,3384,0.423052723828072,1194,0.927869607459013,37
"T_cell","B_cell","ARF1","INSR",0.168408288060685,1257,0.117094925199123,1575,0.477890621605081,848,0.365478331928264,1324,0.834268351646271,1281
"NK","Myeloid","SELPLG","SELL",0.168836399158607,1156.25,0.117065872994463,1576,0.311411814862036,1236,0.477787527998783,1081,0.872496890838919,732
"Myeloid","NK","LGALS1","ITGB1",0.169249104966756,902,0.116661084502086,1582,0.495172022527456,814,0.654453658102739,801,0.898780056424289,411
"T_cell","T_cell","HLA-A","CD8A",0.16926532596492,1119,0.125698684699611,1458,0.182490204081449,1577,0.35902076626279,1342,0.9209287298512,99
"T_cell","NK","HSPA8","ADRB2",0.16926532596492,1234.25,0.116958974814036,1577,0.252525528960729,1387,0.434762158410935,1167,0.867157028635409,806
"B_cell","Myeloid","GNAI2","C5AR1",0.169695069515116,837.75,0.165554534250283,1058,0.895459508328121,303,0.96362031546673,412,0.817400477390258,1578
"NK","Myeloid","CCL4L1","FFAR2",0.169829193511768,956.25,0.40294908579391,159,0.554556554831704,702,0.642630297613488,815,0.778865213263009,2149
"NK","Myeloid","TGFB1","SDC2",0.170992991886717,1283.25,0.308323036295043,296,0.51971769621466,773,0.640656207429895,817,0.647212566067887,3247
"T_cell","Myeloid","CD59","STAB1",0.170992991886717,970,0.191239369693171,817,0.863848570688411,339,0.999342939009483,373,0.764365588639316,2351
"T_cell","NK","HLA-E","KIR3DL1",0.171856074712511,1288,0.20282682615086,730,0.266224295627404,1353,0.29038178763091,1486,0.817166965719269,1583
"B_cell","Myeloid","CD52","SIGLEC10",0.172290740508104,1374,0.140472093709668,1308,0.360433138291143,1130,0.298245397962142,1474,0.81715991818745,1584
"B_cell","NK","HLA-G","KLRD1",0.172726230314409,1135.5,0.147187907104125,1246,0.179812603698023,1585,0.415365594332287,1207,0.893585370364543,504
"T_cell","T_cell","CD59","CD2",0.173162545172173,1357.25,0.121870282682493,1517,0.196727260271405,1537,0.663925149952675,789,0.81704687867286,1586
"B_cell","NK","HLA-DQA1","LAG3",0.173599686122798,1438.5,0.128869454784088,1425,0.24071771726821,1419,0.250530349598503,1587,0.832019094154827,1323
"Myeloid","B_cell","APOE","LSR",0.173923643435144,1263.5,0.499684338441498,112,0.561013442711078,696,0.636322280237293,822,0.579220004860219,3424
"Myeloid","T_cell","HLA-DQB1","CD4",0.173923643435144,979.25,0.109612482223813,1690,0.514739884327581,780,0.772635225406166,625,0.866295465793529,822
"NK","Myeloid","HLA-DPA1","CD4",0.174476450471529,1146,0.116100407916508,1589,0.321453205630296,1211,0.400520552276044,1247,0.8911163737363,537
"T_cell","T_cell","B2M","CD247",0.174916075955725,1220.75,0.121177388784988,1529,0.182430571367779,1578,0.248717486085357,1590,0.915843211847446,186
"NK","NK","HLA-E","KIR3DL1",0.175356531704961,1310,0.202164262467627,735,0.248635450527548,1402,0.281536165342582,1512,0.816922412532478,1591
"T_cell","Myeloid","CALM2","INSR",0.175356531704961,1242.75,0.116061118066555,1591,0.454545686253882,908,0.407519505591393,1226,0.836824808675367,1246
"Myeloid","Myeloid","CD274","CD80",0.17569656780844,1242.5,0.375797649319631,198,0.488833616948176,825,0.666830013797664,783,0.66496482448991,3164
"B_cell","Myeloid","IL24","NOTCH2",0.17569656780844,1093.75,0.223026499738284,633,0.544594829035655,718,0.635123302817471,825,0.77524906099719,2199
"NK","NK","HLA-A","KIR2DL3",0.17623993817796,1317,0.184863149430262,871,0.212548121317145,1493,0.248285618912474,1593,0.832593703285451,1311
"Myeloid","NK","GNAS","PTGDR",0.17623993817796,1397.5,0.177823197754625,932,0.176869042762147,1593,0.297812794370513,1475,0.816954212683466,1590
"T_cell","Myeloid","SEMA4D","CD72",0.17623993817796,1292.25,0.141232088370453,1295,0.293954475127342,1279,0.521559465976199,1002,0.816788504783583,1593
"Myeloid","Myeloid","RETN","CAP1",0.17628996881866,867.5,0.325736517097094,269,0.604191703066239,632,0.635015148669772,826,0.808214828201858,1743
"B_cell","T_cell","HLA-DOB","CD4",0.17628996881866,956.5,0.190440886602004,826,0.811522682125284,390,0.80721235055061,585,0.78782799080315,2025
"B_cell","NK","ICAM2","ITGAL_ITGB2",0.176682890993067,1214.25,0.116008448364541,1594,0.297016743754402,1271,0.408698893424879,1224,0.870067665925395,768
"B_cell","B_cell","ARF1","INSR",0.177571301013785,1300.75,0.115958781610237,1596,0.47014429728367,870,0.314433372474532,1443,0.833593203157355,1294
"Myeloid","NK","C3","ITGAM",0.17807745970689,1396.25,0.196660873478841,778,0.486036688964371,829,0.69376036391484,737,0.649300611177173,3241
"Myeloid","T_cell","THBS1","ITGA4",0.178463057207217,997,0.2264961510328,612,0.399979928584533,1032,0.688854870935425,746,0.8165365129029,1598
"T_cell","T_cell","HLA-B","CD8A",0.178910192740682,1151,0.123020008249987,1498,0.175588303756395,1599,0.325675102670061,1416,0.921379712398907,91
"T_cell","NK","B2M","KIR2DL3",0.179358167965015,1253.5,0.182337533076978,884,0.274669457452697,1330,0.245987067578689,1600,0.840178641738524,1200
"Myeloid","B_cell","THBS1","CD47",0.179806983930816,1227.25,0.170050682452164,1027,0.353332143556292,1153,0.455517718462047,1128,0.816442394263762,1601
"Myeloid","Myeloid","LRPAP1","LDLR",0.180256641689339,1294.75,0.138694799077989,1326,0.347344706350147,1165,0.476420894513442,1086,0.816417164816724,1602
"Myeloid","T_cell","ADAM17","ITGB1",0.180707142292496,1384.75,0.115702503534013,1603,0.279226572638598,1321,0.345266501024087,1370,0.836929413453251,1245
"B_cell","NK","B2M","KLRD1",0.180914712206301,1374.25,0.164064464474362,1080,-0.342639433748387,3337,0.502478172883305,1040,0.927120894582935,40
"T_cell","T_cell","GZMA","F2R",0.181158486792856,1013.75,0.240959072579586,510,0.173527749522084,1604,0.660553487248356,796,0.843400337473593,1145
"T_cell","NK","HLA-C","KIR2DL3",0.181610676243645,1303.5,0.182808603605349,883,0.246299485763976,1407,0.244548785293743,1605,0.832158676015166,1319
"B_cell","T_cell","FAM3C","CLEC2D",0.181610676243645,1432,0.141936355112255,1290,0.173371237137816,1605,0.325040663303224,1418,0.826913186395162,1415
"Myeloid","B_cell","LYZ","ITGAL",0.181610676243645,825.5,0.115644825013139,1605,0.847697864471724,353,0.977377549455703,405,0.857182997851422,939
"Myeloid","Myeloid","MRC1","PTPRC",0.182063711698745,1236.25,0.250576125375615,460,0.282524957791213,1313,0.2601476675047,1566,0.816167620710039,1606
"NK","NK","HSPA8","ADRB2",0.182972324840693,1286.75,0.115266997570131,1608,0.225883992534316,1454,0.391768410087335,1266,0.866315460734082,819
"B_cell","Myeloid","SELPLG","ITGAM",0.18342790463859,1147.25,0.115106624159924,1609,0.484527370423902,836,0.476981094357806,1085,0.849323040752283,1059
"Myeloid","T_cell","CD80","CTLA4",0.18350567502023,780.5,0.458535119958952,127,0.482891539222464,838,1.0398506591543,334,0.8027981576591,1823
"Myeloid","T_cell","HLA-DMA","CD4",0.18350567502023,1032.5,0.103951686612913,1766,0.486671150757136,827,0.723700307436785,699,0.865509171800434,838
"T_cell","NK","HLA-C","KIR2DS4",0.183884334662897,1335.75,0.184594964162881,874,0.249274179795928,1398,0.242583305715556,1610,0.823784276752704,1461
"T_cell","T_cell","HLA-C","CD8A",0.184799749620063,1150.75,0.123407711159869,1486,0.171761152747459,1612,0.33174437458493,1396,0.920437496569264,109
"T_cell","T_cell","CCL5","CCR5",0.185258736669225,1060.25,0.175112606833114,965,0.171411606749242,1613,0.547282761814977,956,0.874695160577086,707
"Myeloid","B_cell","IL10","CD70",0.18533705206633,1241,0.365014813357798,214,0.481011659035829,841,0.629193807017856,839,0.683256659929806,3070
"Myeloid","NK","APOE","LDLR",0.185949957898982,1272,0.290199058631618,338,0.480167966767151,842,0.646181847515137,812,0.677371876227584,3096
"B_cell","Myeloid","CALR","SCARF1",0.186179275204396,1158.75,0.232718699565659,575,0.402777578435876,1020,0.321704732041184,1425,0.815798849129279,1615
"T_cell","T_cell","HLA-A","CD8B",0.186179275204396,1107.75,0.139225964657067,1318,0.17078793316544,1615,0.409821297906736,1220,0.90798990839735,278
"Myeloid","B_cell","TNF","PTPRS",0.186564088184636,1139.75,0.22593036942173,614,0.562044451313447,693,0.62337467845807,843,0.759454909097425,2409
"Myeloid","T_cell","ITGB2","CD226",0.186640828810649,1549,0.11582377873809,1600,0.228427846614721,1444,0.271245129489566,1536,0.815766237648801,1616
"Myeloid","NK","HLA-E","KLRC1_KLRD1",0.187103240057271,1024.75,0.17103558757377,1014,0.1704374569199,1617,0.446240678053922,1147,0.9049820218693,321
"Myeloid","T_cell","APP","PTGER2",0.187796024607615,1270.25,0.187442258576184,845,0.530489468437989,746,0.709647605985913,715,0.726638013038114,2775
"NK","NK","B2M","KIR2DL3",0.188030639719338,1304.5,0.181485943709909,895,0.209044054677825,1502,0.240023703859836,1619,0.839864089701114,1202
"T_cell","T_cell","HLA-E","CD8A",0.188030639719338,1143,0.125417112463716,1465,0.170146922118709,1619,0.354064262762812,1352,0.919235496499067,136
"NK","NK","HLA-B","KIR2DL3",0.188495630260282,1357.5,0.181017993307284,900,0.171804112969267,1611,0.239562064208622,1620,0.833493566495135,1299
"B_cell","Myeloid","HLA-DPB1","CD4",0.188495630260282,1246,0.113930186143186,1620,0.275402409043331,1329,0.310573866860089,1449,0.886070249031854,586
"T_cell","Myeloid","PTPN6","CD300LF",0.189032866300895,1030.5,0.208681480885808,706,0.576779670335479,668,0.62302706389544,847,0.797685981576248,1901
"Myeloid","T_cell","YBX1","NOTCH1",0.189895777489549,1236.25,0.1399187896122,1312,0.389484454604229,1057,0.547997846313397,953,0.815532531359655,1623
"Myeloid","T_cell","CCL7","CXCR3",0.190274618198578,1085.75,0.409720300669429,152,0.477795632670979,849,0.752105745707719,656,0.734395552875572,2686
"NK","Myeloid","TNF","TRPM2",0.190897337007356,1264.5,0.213724495205532,683,0.493312880265362,817,0.620644878764813,850,0.732748720860346,2708
"Myeloid","NK","C3","IFITM1",0.191303710501382,1005.75,0.302406877453567,315,0.441996940699356,933,0.443925568183476,1149,0.815301686901088,1626
"T_cell","NK","HLA-B","KIR2DL3",0.191303710501382,1299.75,0.182234284327379,885,0.250126636772912,1397,0.238479513378874,1626,0.833957738513977,1291
"NK","NK","HLA-C","KIR2DL3",0.192246672168762,1361,0.181370003328285,898,0.181888775906956,1581,0.238068924484883,1628,0.831606213691596,1337
"NK","Myeloid","HLA-DRB5","CD4",0.192246672168762,1202.5,0.113578061868758,1628,0.312880381416724,1228,0.369533451698013,1317,0.881473808991644,637
"NK","Myeloid","CALR","ITGAV",0.193193115536374,1403.75,0.126177898073818,1451,0.204017738937227,1521,0.237139151348032,1630,0.852015279333789,1013
"B_cell","T_cell","HLA-DQB1","LAG3",0.194143049164014,1328.5,0.136058002562161,1349,0.165061553829841,1632,0.442033202729776,1151,0.840979689864762,1182
"Myeloid","Myeloid","CALM1","INSR",0.194619327503157,1293.5,0.113407608998214,1633,0.370709478656039,1110,0.340091875623981,1386,0.84984180640555,1045
"NK","NK","HLA-C","KIR2DS4",0.195096481621993,1390.5,0.183142306238954,881,0.184863469938907,1570,0.236103444906696,1634,0.82321010556822,1477
"B_cell","Myeloid","PSAP","SORT1",0.195574512593453,853.5,0.263814446475973,407,0.679533860702252,513,0.615740992420653,859,0.814963142170966,1635
"T_cell","T_cell","HLA-B","CD8B",0.196053421491125,1138.5,0.136259017838219,1346,0.163886032840385,1636,0.376475634314007,1301,0.908507355889324,271
"B_cell","T_cell","ICAM2","ITGAL_ITGB2",0.196533209389253,1254.75,0.113042806361169,1637,0.276518560083018,1326,0.390092826711367,1269,0.868596842592157,787
"Myeloid","B_cell","F13A1","ITGA4",0.197013877362738,1083.25,0.184062409999073,876,0.484666609926675,835,0.529650292799844,984,0.814814592895186,1638
"B_cell","B_cell","CD70","TNFRSF13B",0.197192241038267,1151.5,0.399313393259476,167,0.792418260513204,406,0.614791887062925,860,0.6631213135206,3173
"Myeloid","Myeloid","TGS1","RXRA",0.199104775049292,1327.5,0.218993714846615,656,0.519793163667746,772,0.614009272082942,863,0.692670803863954,3019
"Myeloid","Myeloid","YBX1","NOTCH1",0.199430456028033,1266.5,0.13829621136214,1329,0.386229464621842,1065,0.507740148446354,1029,0.814653529451933,1643
"Myeloid","B_cell","S100A8","ITGB2",0.199430456028033,1176,0.112581753260776,1643,0.376346886589581,1089,0.606574646898072,882,0.847539490706458,1090
"B_cell","Myeloid","ARF1","PLD2",0.199916427063364,1516,0.124500724721776,1475,0.205463022677898,1516,0.23164017445447,1644,0.826013194434275,1429
"NK","B_cell","CALM2","INSR",0.199916427063364,1326.25,0.112550684011761,1644,0.413383690544392,990,0.329902061798209,1399,0.834717012436417,1272
"T_cell","Myeloid","SEMA4A","LILRB2",0.200664266678376,954.5,0.124595481056124,1474,1.04884464246507,164,1.03584299208373,340,0.801830187480364,1840
"T_cell","T_cell","HLA-C","CD8B",0.202359618123818,1141,0.136688444062985,1341,0.16005888183145,1649,0.382544906228876,1287,0.907426372448253,287
"T_cell","Myeloid","HMGB1","HAVCR2",0.202359618123818,1278.5,0.112367272762519,1649,0.194908908801899,1542,0.252590746278834,1585,0.904067949017707,338
"Myeloid","NK","HLA-B","KIR3DL1",0.203343138150931,1359,0.197035799680205,772,0.158747347682993,1651,0.28629063730055,1495,0.820784740839344,1518
"T_cell","T_cell","HLA-E","CD8B",0.203836240411847,1130.25,0.138914090541147,1324,0.1584446512027,1652,0.404864794406758,1237,0.906047869521323,308
"B_cell","B_cell","ADAM28","ITGA4",0.203836240411847,1210.25,0.112205382501281,1652,0.473790555484961,857,0.464236407537949,1107,0.838488029813741,1225
"Myeloid","NK","PTDSS1","JMJD6",0.204825134852165,1492.5,0.112149659514817,1654,0.210774331999245,1499,0.352112410639057,1353,0.823725156817351,1464
"Myeloid","B_cell","TNFSF10","CCR6",0.2049092448716,1168.75,0.310243781667949,290,0.469090735584533,872,0.688843124977839,747,0.728103178833057,2766
"Myeloid","NK","HLA-E","KLRC3_KLRD1",0.205320929203044,1063,0.168449190619496,1046,0.157574846020781,1655,0.405289666766334,1236,0.905526040190798,315
"T_cell","Myeloid","HLA-DQB1","CD4",0.205817623089817,1226.25,0.1119052221834,1656,0.417156433085121,982,0.303538685464932,1466,0.867489802372728,801
"B_cell","NK","HLA-DQA2","LAG3",0.206813713821223,1460.25,0.140376528713875,1310,0.272778657316787,1336,0.271187736789156,1537,0.813407792913429,1658
"T_cell","T_cell","HLA-F","CD8A",0.206813713821223,1143.25,0.129264477460267,1419,0.157212862546712,1658,0.384216287736737,1283,0.914031402555248,213
"Myeloid","NK","HLA-E","KLRC2_KLRD1",0.207313112842588,1057,0.168550757757566,1045,0.156675994936259,1659,0.414429692467249,1210,0.905812835395486,314
"Myeloid","NK","ADAM10","TSPAN14",0.207313112842588,1449.5,0.116631798202631,1583,0.189317649291749,1556,0.224795449004964,1659,0.853325240457124,1000
"T_cell","NK","GNAS","ADRB2",0.207313112842588,1381.75,0.111761869434179,1659,0.210709411423924,1500,0.397815795843525,1252,0.845745071693418,1116
"B_cell","T_cell","HLA-A","CD3D",0.207512999599397,1347.25,0.156849059303697,1149,-0.492485078873138,3386,0.649892964752152,808,0.926163966536252,46
"Myeloid","T_cell","TNF","FAS",0.208314623643399,1103.25,0.201632569331026,739,0.301151818892523,1265,0.688353885150683,748,0.813102565408885,1661
"T_cell","Myeloid","TNFSF9","HLA-DPA1",0.208314623643399,1199.75,0.111716141336011,1661,0.375912872446556,1093,0.454968144805094,1129,0.858956029690831,916
"Myeloid","B_cell","PSEN1","NCSTN",0.209319758724989,1291.75,0.111489178868325,1663,0.362605167670071,1124,0.458651398655631,1119,0.835742516195661,1261
"Myeloid","T_cell","APP","LRP10",0.209493379905855,1163.25,0.183278970950817,879,0.543923392109933,719,0.725449143298591,693,0.763400545686104,2362
"T_cell","T_cell","CXCL13","CXCR3",0.210328526820559,1029.75,0.247272285730281,479,0.154399412761331,1665,0.801764398824843,589,0.828790043663592,1386
"Myeloid","T_cell","THBS1","CD47",0.210328526820559,1289,0.161812682920094,1108,0.323972445103241,1204,0.429622880809476,1179,0.812692208600759,1665
"NK","Myeloid","MFNG","NOTCH2",0.210328526820559,1278.5,0.11126382282813,1665,0.40400937517428,1017,0.477377316067653,1084,0.830983094338256,1348
"T_cell","B_cell","CALM3","INSR",0.211848509994869,1141.25,0.152193396517588,1195,0.531353309517459,744,0.545646404632363,958,0.812553160490683,1668
"Myeloid","Myeloid","SELPLG","SIGLEC5",0.212866398902113,1013,0.231350544018855,582,0.602903172418804,635,0.43521955722474,1165,0.812367523873365,1670
"T_cell","Myeloid","ARF1","INSR",0.212866398902113,1307.75,0.111046243214375,1670,0.446185122447494,927,0.384218808963765,1282,0.83056912118474,1352
"NK","T_cell","HLA-E","CD8A",0.213376716680806,1162.5,0.125007419004763,1469,0.152558077018853,1671,0.345218640474483,1371,0.919113954119228,139
"T_cell","T_cell","HLA-G","CD8A",0.213887951472304,1165.75,0.132849806324576,1385,0.152275754896908,1672,0.420588356221503,1196,0.898794774124617,410
"NK","NK","GNAS","ADRB2",0.213887951472304,1393.25,0.110950158555904,1672,0.204556108851709,1520,0.397036852086954,1257,0.845268985845036,1124
"NK","NK","CLEC2B","KLRF1",0.214138579140473,916.75,0.309896532246879,292,0.463410198811853,886,0.758305485963484,651,0.801910665547398,1838
"Myeloid","NK","PLAU","ITGAM",0.214138579140473,1190,0.18217276449688,886,0.642722239020449,569,0.918573607434407,455,0.717512387372635,2850
"B_cell","Myeloid","HLA-A","LILRB1",0.214400104374497,906.25,0.15268077161278,1187,0.151962005870432,1673,0.823103221241145,564,0.91486123111902,201
"Myeloid","B_cell","S100A9","ITGB2",0.214400104374497,1059.75,0.110904633513478,1673,0.441283550843998,934,0.697870284578068,729,0.86029695019985,903
"B_cell","NK","LAMA5","CD44",0.214913176485933,1505.25,0.110902463227188,1674,0.186372616255329,1565,0.245908619720162,1602,0.841047577317383,1180
"T_cell","T_cell","FAM3C","CLEC2D",0.215942082734004,1449.25,0.129341610518266,1417,0.151097110065336,1676,0.431544715630288,1174,0.820162021382064,1530
"Myeloid","Myeloid","THBS1","SDC4",0.216148118413891,1082.75,0.310330243929376,289,0.462597387968093,889,0.727004420825347,690,0.754533606088825,2463
"Myeloid","Myeloid","TGFB1","SDC2",0.216148118413891,1328,0.287527647961646,346,0.501698930314082,801,0.604065982905424,889,0.639200220228134,3276
"Myeloid","B_cell","APP","NCSTN",0.216148118413891,1029,0.181946451608118,889,0.600017299663267,639,0.765410481002614,638,0.79415229226687,1950
"T_cell","Myeloid","SELPLG","SIGLEC5",0.216457919071017,1010,0.230661848136313,586,0.601286367987661,637,0.450270618552407,1140,0.812140204246966,1677
"Myeloid","T_cell","IL10","CD70",0.216820467396806,1235,0.330483004094207,256,0.460810411823049,890,0.737265784027835,675,0.672406030616278,3119
"NK","T_cell","CD47","SIRPG",0.21723340568958,1050,0.163463845969613,1088.5,0.150060261851465,1678.5,0.683915846708316,753.5,0.876870611169314,679.5
"T_cell","NK","SIRPG","CD47",0.21723340568958,1050,0.163463845969613,1088.5,0.150060261851465,1678.5,0.683915846708316,753.5,0.876870611169314,679.5
"NK","Myeloid","CD99","CD81",0.217492363676868,1429.5,0.11035641726385,1679,0.191988903770242,1550,0.283165689296759,1502,0.854062373319179,987
"Myeloid","T_cell","SDC2","PTPRJ",0.21749406854566,1246.25,0.304815512464013,306,0.460461667499795,891,0.634565258010906,827,0.702104099898518,2961
"NK","Myeloid","TNF","TNFRSF21",0.21816892238953,1381.25,0.190930435469774,822,0.460097528903383,892,0.606355743163371,885,0.706461444213182,2926
"Myeloid","B_cell","SPP1","ITGA8_ITGB1",0.21816892238953,936.5,0.181563349267612,892,0.885871542787996,312,0.98254857538455,398,0.779066395851035,2144
"Myeloid","T_cell","PLAU","IGF2R",0.218845029455523,1270,0.221996948333009,638,0.551095289211452,707,0.601573287145923,893,0.718630913638452,2842
"T_cell","Myeloid","COPA","P2RY6",0.219050976952528,1093.75,0.151459857330521,1205,0.583610653461996,659,0.633678998416682,829,0.811526074921874,1682
"Myeloid","T_cell","PLAU","ITGB1",0.219522390268771,993.25,0.217590026769183,663,0.547180071540149,713,0.601495670995248,894,0.810525454441228,1703
"NK","NK","CLEC2D","KLRB1",0.219572371490132,1299.5,0.205900880960691,718,0.148759950406571,1683,0.234284498831135,1639,0.842706907164388,1158
"B_cell","Myeloid","ARF1","INSR",0.219572371490132,1345.25,0.109968788516118,1683,0.438438798126083,938,0.333173849510033,1394,0.829881975883601,1366
"B_cell","T_cell","HLA-DQB2","LAG3",0.220617952363624,1316.5,0.15409477026706,1174,0.243038466802028,1415,0.524704249481808,992,0.811358539776559,1685
"NK","T_cell","GZMA","F2R",0.221667263009923,1214.25,0.230434988152839,589,0.146245515271629,1687,0.33929453218437,1387,0.840428522750526,1194
"T_cell","T_cell","CCL5","SDC4",0.223248241686006,1293,0.142839799992211,1284,0.145835510414218,1690,0.417986091071702,1200,0.853438009578994,998
"B_cell","T_cell","LGALS3","LAG3",0.223248241686006,1473.5,0.12584383086246,1455,0.157235644247075,1657,0.473593498782713,1092,0.81113531477102,1690
"Myeloid","Myeloid","MAML2","NOTCH2",0.223612912999928,1092.75,0.18151011737368,894,0.535152602184074,738,0.595314679075787,900,0.801833160878264,1839
"Myeloid","T_cell","ADAM10","CD44",0.223777109068704,1255,0.109607547196816,1691,0.251205943945591,1391,0.313053673760145,1445,0.894662395495571,493
"NK","Myeloid","HSP90B1","TLR7",0.224306915546806,1179.5,0.152589900340643,1189,0.490459112182056,822,0.515758131377774,1015,0.810981668535162,1692
"T_cell","T_cell","HLA-F","CD8B",0.224306915546806,1132.75,0.143175496333202,1279,0.145510591630703,1692,0.435016819380684,1166,0.900086386526503,394
"NK","T_cell","CD58","CD2",0.22483766223134,1204,0.125492324738942,1461,0.144052138001182,1693,0.679135006750501,765,0.860635220782383,897
"B_cell","Myeloid","ICAM2","ITGAL_ITGB2",0.22483766223134,1345,0.109133270955338,1693,0.262601473132955,1360,0.281106532820298,1514,0.866575165592725,813
"Myeloid","Myeloid","CALM1","KCNN4",0.226435554643642,1389.5,0.116043267922002,1592,0.143399428621496,1696,0.28821646324328,1490,0.869496499432297,780
"Myeloid","T_cell","CCL7","CCR5",0.227056254749583,1154.75,0.402571698475849,160,0.455251417715475,905,0.739754534916498,672,0.712408545386959,2882
"NK","Myeloid","LIN7C","ABCA1",0.228442407191475,1114,0.179731600002751,907,0.818277374613098,380,0.914332453287667,462,0.732793981729879,2707
"T_cell","NK","HLA-A","KIR3DL2",0.229117616679062,1424.25,0.181474415361624,896,0.22184725859746,1464,0.210890694465107,1701,0.814928874382003,1636
"Myeloid","B_cell","MMP9","IFNAR1",0.229137374502015,1271.25,0.303935711553891,311,0.525795807274971,760,0.585616734635819,908,0.674482363870663,3106
"Myeloid","NK","HLA-E","KLRK1",0.229571902884608,1214.25,0.134829023402726,1362,0.105362279414929,1821,0.238921429923138,1623,0.925666210658694,51
"Myeloid","Myeloid","LGALS1","PTPRC",0.229656875326048,1073.5,0.107911030185775,1702,0.271769409683288,1338,0.433396830882549,1171,0.922284676366476,83
"Myeloid","B_cell","TNFSF9","FCRL1",0.229833603200376,1254,0.189165413888073,833,0.861919985343639,342,0.585051077237855,909,0.705739178276225,2932
"Myeloid","Myeloid","CD99","CD81",0.230197085325856,1490.5,0.107856148667582,1703,0.174960998292088,1601,0.228946298793574,1653,0.852628391870807,1005
"T_cell","T_cell","CLEC2D","KLRB1",0.230738247796739,1445.75,0.147217809707031,1245,0.141793529169924,1704,0.383305860157985,1284,0.819174917862064,1550
"NK","T_cell","HLA-E","CD8B",0.23182343462802,1151.75,0.138460307216581,1328,0.140855806102844,1706,0.39601917211843,1261,0.90590851251066,312
"T_cell","NK","HLA-G","KIR2DL4",0.232912444779041,1429.5,0.150484061076087,1213,0.140720451006062,1708,0.268726726493621,1542,0.836238856765234,1255
"T_cell","Myeloid","CCL5","CCR5",0.233458386402062,1307.25,0.159638589679587,1128,0.140599174896944,1709,0.241258522467715,1613,0.869536584239279,779
"T_cell","T_cell","HLA-G","CD8B",0.234005287219462,1170.5,0.147146666524354,1247,0.140573483980899,1710,0.471388887865449,1099,0.882695407565188,626
"B_cell","T_cell","ICOSLG","CTLA4",0.234037492038889,1000.5,0.261767045703209,418,0.451228942987468,915,0.849741029026681,526,0.779070355959662,2143
"Myeloid","Myeloid","FN1","ITGA4_ITGB7",0.234742564162662,1178,0.193018422954335,803,0.463512511428891,885,0.579177533826751,916,0.782145947126973,2108
"Myeloid","Myeloid","TNF","TRADD",0.235101970929452,1203.5,0.166958338594474,1053,0.368840612524899,1115,0.565270568408707,934,0.810041772288199,1712
"B_cell","Myeloid","ICAM1","ITGAM_ITGB2",0.235448901567941,1039.75,0.0963189076311095,1875,0.564473909381985,687,0.733845848253675,680,0.858934043221391,917
"B_cell","T_cell","IL16","CCR5",0.237860544785983,1509.25,0.131875822148414,1394,0.139057978483486,1717,0.318131117355703,1435,0.822170432399841,1491
"B_cell","B_cell","LMAN1","MCFD2",0.238286913531429,1089.5,0.179010005734094,921,0.505202780151168,793,0.611197609083869,871,0.80594429407585,1773
"T_cell","Myeloid","HLA-B","CANX",0.238368465128769,1177.75,0.0874050454700976,1996,0.352402317827259,1155,0.282237303470318,1507,0.925234307406379,53
"NK","Myeloid","COPA","P2RY6",0.238415159636169,1072.5,0.147943216652361,1240,0.57471753098751,672,0.747553770240588,660,0.809722922082942,1718
"Myeloid","NK","GNAS","ADRB2",0.238415159636169,1462.5,0.106885232562881,1718,0.173741295057589,1603,0.344575854393564,1375,0.842812344604422,1154
"NK","Myeloid","LGALS9","LRP1",0.238970743810026,1031,0.114830566917288,1611,0.909369143008432,286,0.867952582915348,508,0.809624508175572,1719
"T_cell","NK","ARPC5","ADRB2",0.238970743810026,1517.5,0.106764661456528,1719,0.187931025547133,1560,0.375922517910307,1303,0.822485677684114,1488
"Myeloid","B_cell","IL1B","ADRB2",0.239462144024764,1036.75,0.173977622300796,984,0.823582102122631,374,1.12445793331747,267,0.749472678639219,2522
"NK","T_cell","HLA-A","CD8A",0.240084824644451,1171.75,0.124794663375056,1472,0.138009788300628,1721,0.335481208203661,1390,0.920665528038505,104
"NK","Myeloid","CALM2","INSR",0.240084824644451,1375.75,0.106736740379317,1721,0.381678191386805,1071,0.34864253883371,1364,0.831025768023908,1347
"Myeloid","NK","HLA-B","KIR2DL3",0.240643323564512,1370.75,0.180480745963125,902,0.137208307190815,1722,0.262777523141265,1559,0.833287210874708,1300
"T_cell","Myeloid","SPON2","ITGA5",0.24114520787179,1073,0.178407019709667,925,0.620181392443561,596,0.625338914168487,841,0.795879974076694,1930
"T_cell","Myeloid","ADAM10","NOTCH2",0.241202796327229,1215.25,0.106579305104042,1723,0.425533847244417,960,0.512394171325653,1022,0.842795039633497,1156
"NK","Myeloid","HLA-B","CANX",0.242760969737053,1223,0.086821675703488,2006,0.274079794023614,1331,0.283319854300066,1501,0.92500235266031,54
"Myeloid","T_cell","TIMP2","ITGB1",0.243450448442272,1018,0.210193402508887,694,0.600733926470562,638,0.517775245178754,1013,0.809167505955352,1727
"B_cell","NK","ICAM3","ITGAL",0.243450448442272,1359.5,0.11730647169576,1572,0.19510444106658,1541,0.197822249876852,1727,0.885025972404868,598
"B_cell","Myeloid","TXLNA","STX4",0.244580147003024,1479,0.118473470353508,1561,0.287765807082819,1297,0.363739586667819,1329,0.809127037004731,1729
"Myeloid","Myeloid","S100A4","CCR5",0.246282061007014,1356.25,0.136990208011069,1339,0.206895968501518,1511,0.196095813847818,1732,0.8650610546228,843
"Myeloid","Myeloid","HLA-B","CANX",0.247149626334566,1237.25,0.086563995713588,2011,0.239483988245162,1423,0.30653531323271,1460,0.924899187607455,55
"B_cell","Myeloid","ICAM4","ITGAV",0.248379873194845,1264.25,0.351856686173276,233,0.621208822185711,594,0.564776384690217,935,0.634289773368037,3295
"Myeloid","T_cell","GNAI2","ADCY7",0.248565077602477,1437.25,0.1060643522372,1736,0.378505465873729,1083,0.390844961507548,1268,0.813073954862944,1662
"T_cell","Myeloid","CALM3","INSR",0.249138303257005,1186,0.144331659946614,1266,0.499647810359872,805,0.564386881667864,936,0.808480503525351,1737
"T_cell","Myeloid","CD99","PILRB",0.249138303257005,1259.5,0.105869388895435,1737,0.265117631726996,1356,0.324578753497261,1419,0.892067253370577,526
"B_cell","T_cell","ICOSLG","CD28",0.252781796680213,1101,0.309671511546992,293,0.435662481479991,941,0.901834569627906,475,0.733545118875566,2695
"B_cell","T_cell","GSTP1","TRAF2",0.253178691502707,1465.5,0.105676088011142,1744,0.290286940947229,1286,0.450349014224085,1138,0.810929498646295,1694
"B_cell","T_cell","ICOSLG","ICOS",0.253519916298941,1073.5,0.296492448850201,328,0.435641909514358,942,0.914292815121724,463,0.746300423848892,2561
"Myeloid","B_cell","HBEGF","CD82",0.253759876208343,1026,0.163767841003142,1082,0.654416099821613,553,0.699965161986074,724,0.808034769777836,1745
"B_cell","T_cell","NUCB2","ERAP1",0.254925246858405,1535.25,0.105458310582414,1747,0.232615546175868,1440,0.306615699081854,1459,0.821856059300893,1495
"Myeloid","Myeloid","PKM","CD44",0.255915404488611,1108.25,0.100349804902353,1815,0.368408548488427,1117,0.313632987948455,1444,0.924638202327926,57
"NK","T_cell","CD48","CD2",0.256680823137761,1144.25,0.133689579136686,1377,0.12679760806176,1750,0.62318794001349,845,0.884180374510993,605
"Myeloid","NK","ACTR2","LDLR",0.256680823137761,1433,0.124898700651854,1470,0.29506296243105,1277,0.405481042049943,1235,0.80776453293341,1750
"NK","NK","HLA-A","KIR3DL2",0.257268025238557,1473.25,0.180169256586574,905,0.177366842816639,1591,0.187351136405978,1751,0.81438395011225,1646
"T_cell","Myeloid","TNF","TNFRSF1A",0.257268025238557,1165.75,0.139206234733772,1319,0.537771001766076,732,0.61453531557591,861,0.807662700614034,1751
"T_cell","B_cell","SIRPG","CD47",0.257562003811914,1133.75,0.157302729011123,1145.5,0.12632295723643,1751.5,0.565546987410257,932.5,0.874781492481432,705.5
"B_cell","T_cell","CD47","SIRPG",0.257562003811914,1133.75,0.157302729011123,1145.5,0.12632295723643,1751.5,0.565546987410257,932.5,0.874781492481432,705.5
"Myeloid","Myeloid","SELPLG","SELL",0.257856234258942,1320.5,0.105275195785094,1752,0.250582458454906,1394,0.367930617207585,1320,0.866474344009418,816
"NK","T_cell","HLA-A","CD8B",0.258445451349355,1160,0.138224655524179,1330,0.126307517384619,1753,0.386281739847607,1275,0.907687954726398,282
"T_cell","Myeloid","CALR","ITGAV",0.258445451349355,1462.5,0.124083396478143,1479,0.178885107836429,1587,0.187203779975813,1753,0.850956902651419,1031
"T_cell","Myeloid","SELPLG","SELL",0.260219162554968,1315.5,0.104961807311432,1756,0.248965654023762,1400,0.382981678535251,1285,0.866301787302503,821
"Myeloid","B_cell","IL10","CD27",0.260220511572978,994,0.302094825607877,316,0.43979302473877,937,0.549050655348769,951,0.80601257609454,1772
"Myeloid","T_cell","CCL8","CCR5",0.26097142080295,1181,0.396260254832912,169,0.429184947203027,952,0.734617388426299,679,0.706833496425602,2924
"T_cell","NK","GZMA","F2R",0.261406698163068,1264.75,0.204109795020206,725,0.1252648015697,1758,0.397103596536792,1256,0.832125220703222,1320
"Myeloid","Myeloid","SDC2","PTPRJ",0.262477083397168,1220.25,0.341746558502544,247,0.498178177016943,808,0.547898342897059,954,0.713923985023002,2872
"Myeloid","NK","HBEGF","CD82",0.263195616862734,1034.75,0.161411204911557,1111,0.651291343699625,556,0.710697943840631,711,0.806908094128631,1761
"T_cell","Myeloid","HLA-DMA","CD4",0.263195616862734,1274.5,0.104388017396651,1761,0.41200973106618,998,0.282483319499848,1506,0.865752771252315,833
"Myeloid","NK","C1QB","C1QBP",0.263231837573257,1105,0.175956885779596,955,0.570438042769549,677,0.788472162900428,604,0.776183718108023,2184
"T_cell","B_cell","LAMA5","SDC1",0.264665817567007,1157,0.162867811538467,1096,1.38674395433178,59,0.862908677786792,515,0.702938101207865,2958
"Myeloid","Myeloid","MIF","CD44_CD74",0.264665817567007,1211.25,0.0825078962434094,2062,0.33014417252093,1193,0.27261445970895,1531,0.92456948098808,59
"Myeloid","NK","GRN","TNFRSF1A",0.264821157421168,968.5,0.0892337148522756,1969,0.805251755921095,395,1.07685170732195,306,0.839837760386079,1204
"Myeloid","T_cell","BSG","SLC16A1",0.264993701647945,1621.75,0.105431105528684,1748,0.211537326069974,1497,0.29722415788686,1478,0.806793190303325,1764
"T_cell","Myeloid","HLA-DQA1","CD4",0.264993701647945,1277,0.104179782105901,1764,0.423907668890222,968,0.308941013452028,1456,0.858730682836983,920
"T_cell","NK","HLA-F","KIR3DL1",0.265595105551802,1320.75,0.209048854516566,701,0.253290236055407,1386,0.320533812604836,1431,0.806768551556621,1765
"Myeloid","NK","CD48","CD244",0.266800983775561,1491,0.138601190235212,1327,0.22537559146448,1456,0.326082755853826,1414,0.80651002058297,1767
"B_cell","Myeloid","PTPN6","CLEC12A",0.26778730819812,1091,0.175489786113697,961,0.556248464034709,700,0.618666174334426,853,0.800960022402396,1850
"Myeloid","NK","YBX1","NOTCH1",0.268010963621546,1364.75,0.124145601194709,1478,0.357842485850277,1140,0.483770443656863,1072,0.806365481899505,1769
"Myeloid","Myeloid","MMP9","IFNAR1",0.270849979997343,1365.25,0.263057325517156,411,0.458234296839788,896,0.541348266265219,965,0.658430268835147,3189
"NK","Myeloid","CCL4","CCR5",0.271053918826493,1391.5,0.154460734338698,1170,0.162267738016478,1642,0.18122073325145,1774,0.854472117749409,980
"T_cell","NK","HLA-G","CD8A",0.2722783275795,1309.75,0.132926492810956,1384,0.1526295841644,1670,0.180421935658223,1776,0.89882101728327,409
"B_cell","T_cell","HLA-DRA","LAG3",0.272892085189226,1359,0.129660383826832,1414,0.120170001020325,1777,0.382047287975587,1288,0.855673545380798,957
"Myeloid","B_cell","FN1","ITGA4_ITGB7",0.273933233813677,1237.25,0.181958382297809,888,0.4491457471608,922,0.539506835621543,969,0.777076853069896,2170
"Myeloid","T_cell","LGALS1","ITGB1",0.274122712709411,1066.75,0.102969684922527,1779,0.434952060410412,943,0.504108966714709,1034,0.892958485492406,511
"Myeloid","B_cell","C3","CD81",0.274707266056521,1331.25,0.264850270895374,404,0.478091812461896,847,0.538989736224635,970,0.674921027580649,3104
"Myeloid","T_cell","SNCA","LAG3",0.27548258656464,1183.5,0.435152266150455,134,0.421486285092007,971,0.731301863427707,686,0.704758739513868,2943
"NK","NK","HLA-B","KIR3DL2",0.275976452264079,1519.5,0.176421733501138,948,0.13662283446876,1724,0.178627581702125,1782,0.815359989576155,1624
"NK","B_cell","ARF1","INSR",0.275976452264079,1455.5,0.102597991367328,1782,0.379049284800805,1080,0.280588058137835,1515,0.824928452124966,1445
"Myeloid","Myeloid","C3","CD46",0.276259195709469,1114.5,0.293789647556233,333,0.503427443119324,797,0.537365176745712,972,0.763894154752981,2356
"NK","T_cell","FAM3C","CLEC2D",0.276596449666087,1650,0.110174857912071,1680,0.11720021918905,1783,0.33491921944551,1391,0.808028656829341,1746
"T_cell","Myeloid","HSPA8","LDLR",0.277217491127437,1509,0.102521375158479,1784,0.151524516411609,1674,0.211095946600165,1699,0.861767810270778,879
"Myeloid","T_cell","PSEN1","NOTCH1",0.277839577819585,1347,0.142919498321268,1283,0.320515613478962,1215,0.46546425978133,1105,0.805156970581595,1785
"Myeloid","NK","PSEN1","CD44",0.277839577819585,1350.75,0.102478452535585,1785,0.172213901149728,1608,0.293994262248749,1483,0.891955174440309,527
"T_cell","NK","HLA-B","KIR3DL2",0.278462710914641,1454.75,0.177607141461345,937,0.214945358272406,1482,0.177545030872378,1786,0.815863544955082,1614
"NK","T_cell","B2M","CD247",0.279086891585375,1280.25,0.120611441807002,1536,0.116805168592907,1787,0.242754122366504,1609,0.91566263032281,189
"NK","Myeloid","CCL4L1","CCR5",0.279712121005212,1438.25,0.153081212786145,1184,0.161164403958135,1645,0.177309479200212,1788,0.844239472996983,1136
"Myeloid","B_cell","CALM3","INSR",0.280338400348233,1317,0.138098342682558,1333,0.477331796991239,851,0.378840816770245,1295,0.805039294097888,1789
"B_cell","Myeloid","LTB","CD40",0.280945932501577,1014.25,0.174596582125434,978,0.632615828402232,583,0.77650658868586,614,0.799230165448579,1882
"Myeloid","T_cell","HLA-DRB5","CD4",0.280945932501577,1146,0.0931162763531037,1922,0.418295321453321,978,0.568671018536487,926,0.870697573263093,758
"NK","Myeloid","TXLNA","STX4",0.281594113503445,1511.5,0.112275911815746,1650,0.272954296632779,1335,0.3894096877754,1270,0.80494352452563,1791
"NK","B_cell","LAMA5","SDC1",0.282120620348713,1187.75,0.146727960902324,1249,1.36922198395041,63,0.960794776650085,414,0.691928129841351,3025
"Myeloid","Myeloid","IL16","CD9",0.282223549667083,1095.25,0.151424752050491,1206,0.540990156585603,725,0.750322739945669,658,0.804919678002475,1792
"NK","Myeloid","TNF","FFAR2",0.282518503711894,1377.25,0.251054696054225,456,0.430658727824793,950,0.531071854147133,980,0.671330762187928,3123
"NK","Myeloid","IRAK4","TLR7",0.283306726976659,1408.25,0.188035383235282,842,0.47624622239741,854,0.529910644878405,981,0.70316572466355,2956
"NK","Myeloid","IL16","CD9",0.283485587049974,1106,0.151233015831221,1208,0.54064131599465,727,0.725241962139261,695,0.804820182766297,1794
"NK","Myeloid","ARF1","PLD2",0.283485587049974,1697.5,0.110155730362583,1681,0.114368010195033,1794,0.197794860117773,1728,0.817040382171522,1587
"NK","Myeloid","CCL5","CCR5",0.284118190624616,1186.5,0.181341572956842,899,0.259944669364396,1369,0.174691131814528,1795,0.876598145718947,683
"B_cell","T_cell","HLA-DPA1","LAG3",0.28475185235941,1343.5,0.136043062643857,1350,0.113684435530716,1796,0.32621002306841,1413,0.866496494626615,815
"B_cell","Myeloid","CALM1","INSR",0.28475185235941,1584.5,0.101822820375196,1795,0.17678294763494,1594,0.17468163921855,1796,0.84283615763601,1153
"Myeloid","B_cell","LGALS3BP","ITGB1",0.285386573433693,1723.25,0.103367019153891,1773,0.192747710551464,1548,0.17461861168522,1797,0.805875363425229,1775
"T_cell","B_cell","HMGB1","TLR9",0.286022355027458,1455,0.135933090810445,1352,0.325417346701766,1202,0.301902765126333,1468,0.804405689363798,1798
"T_cell","T_cell","HMGB1","CXCR4",0.286474745930371,1496.75,0.0775915848677548,2154,0.0892723711319886,1890,0.141917266583174,1879,0.924224529205033,64
"Myeloid","T_cell","HLA-G","CD8A",0.286659198321357,1262.75,0.129098888946527,1424,0.112648539336609,1799,0.335802058866168,1389,0.8974847048703,439
"Myeloid","T_cell","ADAM28","ITGA4",0.286659198321357,1315.75,0.101747786923544,1799,0.338754698598509,1175,0.54554446466384,959,0.831753240354678,1330
"NK","Myeloid","ADAM10","AXL",0.287267233906718,1086,0.173842174898308,986,0.584259272389641,656,0.736673587360229,676,0.787820457070295,2026
"B_cell","NK","ICAM2","ITGAM_ITGB2",0.287297104496696,1291.5,0.101678331978612,1800,0.312161979109498,1231,0.496212944089719,1052,0.84771982896206,1083
"Myeloid","Myeloid","PSEN1","NOTCH1",0.288576110220209,1376.5,0.141262122138068,1294,0.317260623496575,1220,0.425206561914287,1190,0.80424039592929,1802
"T_cell","T_cell","HLA-E","KLRK1",0.288576110220209,1346.5,0.107405929834783,1707,0.140215046598791,1712,0.173737767233654,1802,0.917454402533779,165
"B_cell","NK","FCER2","ITGAM_ITGB2",0.289659062963812,1325.25,0.179182065702111,915,0.474305998745954,856,0.527952520423649,989,0.748406352446962,2541
"Myeloid","NK","ADAM17","RHBDF2",0.290502619986735,1436,0.101192813031257,1805,0.333073603084697,1190,0.505242922827895,1033,0.809826592477505,1716
"NK","Myeloid","SEMA4D","CD72",0.291146928294954,1539.75,0.119475202697836,1554,0.217202516031914,1474,0.36435960234215,1325,0.803937987969238,1806
"B_cell","NK","GNAS","ADRB2",0.291146928294954,1619,0.101172504926122,1806,0.130435060531945,1737,0.202093385375173,1719,0.839139530989624,1214
"Myeloid","T_cell","CD72","CD5",0.294384561111893,934.75,0.279478755757795,357,0.356407234084283,1149,0.949320219313985,422,0.803546193943861,1811
"Myeloid","Myeloid","CXCL11","CCR5",0.294477694619084,1185.25,0.364859754184037,215,0.492814018240304,820,0.5238314877058,995,0.732565244691286,2711
"Myeloid","B_cell","FN1","ITGA8_ITGB1",0.294477694619084,1187.25,0.172898898635004,995,0.777886911672285,416,0.683035337827776,756,0.744400733302457,2582
"B_cell","Myeloid","HLA-B","LILRB1",0.295035314245579,893.25,0.159149010753902,1131,0.108528760150566,1812,0.906704568019823,470,0.917754062125153,160
"Myeloid","Myeloid","PTDSS1","JMJD6",0.295035314245579,1688.75,0.100898317250131,1812,0.168994844205741,1622,0.208670196777224,1709,0.815917925493961,1612
"Myeloid","Myeloid","MIF","TNFRSF14",0.295687145677473,1205.75,0.100462585503902,1813,0.309870255191555,1243,0.328257194420184,1402,0.901933738116486,365
"Myeloid","NK","CXCL10","CXCR3",0.296094277368744,1263.5,0.18480066183948,872,0.412027473468715,997,0.616470955032269,856,0.766042929229387,2329
"NK","Myeloid","HSPA8","LDLR",0.296340056598077,1569,0.101038258244554,1810,0.124882979985196,1760,0.168102198276565,1814,0.860897577988436,892
"T_cell","Myeloid","FAM3C","FFAR2",0.296904514987118,1383,0.304999059843278,305,0.432949633342213,948,0.521975713397996,998,0.63817305110228,3281
"NK","T_cell","HLA-C","CD8A",0.296994048198552,1213.25,0.12243656229726,1506,0.107350442890438,1815,0.32526451377607,1417,0.920147727489977,115
"Myeloid","B_cell","GNAI2","CXCR3",0.296994048198552,1619.75,0.103870932558777,1767,0.28110044139053,1317,0.167734835934661,1815,0.817218709178293,1580
"Myeloid","B_cell","F13A1","ITGB1",0.298305278207037,1180.75,0.160064938832768,1124,0.524352458189839,761,0.51240719747501,1021,0.8030570402891,1817
"B_cell","B_cell","LTB","CD40",0.298528884302122,1050,0.171912116391917,1000,0.621697155424107,593,0.709825231614531,713,0.797984135360519,1894
"NK","T_cell","HLA-E","KLRK1",0.298962519000651,1367,0.107055072555088,1715,0.122626201498935,1769,0.164892144945325,1818,0.917330420841555,166
"Myeloid","Myeloid","MMP9","EPHB2",0.299514178278316,1297,0.695531851865505,67,0.625285032709571,589,0.488316810599175,1064,0.517231098290597,3468
"Myeloid","B_cell","ADAM10","CADM1",0.299620845245342,1401.5,0.148091882083301,1237,0.310805797162789,1239,0.371919853366291,1311,0.802997877542925,1819
"Myeloid","T_cell","CCL20","CXCR3",0.300158447820037,1060.5,0.367800972670366,206,0.41029069770516,1002,0.812392132038082,579,0.755394995265126,2455
"Myeloid","NK","TNFSF13","TNFRSF1A",0.300218634792207,1048.5,0.142414726565239,1287,0.768154763980679,423,0.991849551885053,385,0.782611951466383,2099
"Myeloid","NK","HLA-F","KIR3DL1",0.300280258135556,1459.5,0.199132267727324,754,0.147664002998838,1684,0.254388862022829,1580,0.802952190224747,1820
"T_cell","Myeloid","FLT3LG","FLT3",0.301793208031559,1371.75,0.304070617461416,310,0.4098639817427,1004,0.593893458396439,902,0.639745565976427,3271
"NK","Myeloid","SELPLG","ITGB2",0.303593664120971,1230,0.0996268262669518,1825,0.279386526886823,1320,0.278334085995185,1522,0.910584665488404,253
"Myeloid","T_cell","IL10","IL10RA_IL10RB",0.304255097520165,1171,0.204094364188908,726,0.408280541643528,1007,0.529094534216853,987,0.793017709875018,1964
"B_cell","Myeloid","PTPN6","CD300LF",0.305078328340571,1208.5,0.175377759919789,964,0.517298802917755,775,0.520010615030573,1008,0.783292993152462,2087
"Myeloid","T_cell","GNAI2","S1PR1",0.305594824046086,1228,0.153300744350675,1182,0.417803324143172,981,0.576925197750112,921,0.802428390791667,1828
"B_cell","B_cell","HSP90B1","TLR9",0.306264070604353,1191.5,0.152555829146579,1191,0.535013161670239,739,0.520813365305013,1007,0.802397436044484,1829
"Myeloid","Myeloid","GHRL","PTGIR",0.3075558279538,1378,0.41907690954065,144,0.457900747199085,899,0.51816588926872,1011,0.548520729564077,3458
"NK","NK","HLA-F","KIR3DL1",0.307605860800816,1494,0.197354219887515,769,0.128725178632655,1743,0.236112191449726,1633,0.802241682233905,1831
"B_cell","NK","HLA-B","KLRD1",0.308188035252175,1379.25,0.162703588443702,1098,-0.307124044180183,3308,0.501206281257823,1042,0.923704837682047,69
"NK","Myeloid","CD99","PILRB",0.308278406843008,1397,0.0990443074490374,1832,0.21332708734848,1488,0.206831100522445,1713,0.888816991051643,555
"B_cell","Myeloid","ALCAM","NRP1",0.308384264524173,1305.5,0.171148987984452,1012,0.617603892467918,604,0.80261608604246,588,0.69270883984718,3018
"Myeloid","T_cell","HLA-DQA1","CD4",0.310877388402245,1155.5,0.0970882328476006,1864,0.405749542585476,1015,0.681412747198906,761,0.854400242281838,982
"B_cell","B_cell","CALM1","INSR",0.311657694632584,1539.75,0.107369103089602,1709,0.208488446792526,1505,0.155941162183049,1837,0.846317115918619,1108
"T_cell","NK","B2M","CD247",0.312336872140895,1215,0.1299548725709,1408,0.220712828170554,1466,0.155931722758387,1838,0.918499295987804,148
"NK","Myeloid","HSP90B1","ASGR1",0.31254598565555,1090,0.220560454280741,647,0.503469110727641,796,0.514775574190361,1017,0.79769516629183,1900
"B_cell","NK","GNAS","PTGDR",0.313017159113961,1570.75,0.168319027048237,1047,0.133562808236503,1733,0.155330325352121,1839,0.812811395253678,1664
"B_cell","Myeloid","CALR","ITGAV",0.313698556759362,1566.5,0.118636659011701,1556,0.113527867846923,1797,0.154183401655552,1840,0.848087845440411,1073
"B_cell","Myeloid","LRPAP1","SORL1",0.313698556759362,1600.25,0.0983106550337263,1840,0.235413602263092,1432,0.221057006426513,1667,0.823772345943667,1462
"B_cell","Myeloid","ICAM4","ITGB2",0.314219797277737,1031.5,0.236261958000194,551,0.646566544308841,565,0.513810344888506,1019,0.790413391694559,1991
"Myeloid","B_cell","ADM","ADRB2",0.314219797277737,1256,0.170700643832618,1019,0.673508798980078,522,0.821481495642655,569,0.707783978166276,2914
"Myeloid","NK","HLA-B","KIR3DL2",0.314381066285335,1537.25,0.175898127499084,956,0.102027028690309,1841,0.201843040634769,1720,0.815136145021327,1632
"Myeloid","NK","HLA-G","KIR2DL4",0.315749425815233,1534.75,0.146235253377937,1251,0.101093235445763,1843,0.183940429138286,1763,0.834268336605368,1282
"Myeloid","NK","THBS1","ITGA4",0.317122247382691,1292.25,0.185949993345868,857,0.28882107921044,1294,0.4316027844466,1173,0.801298665780606,1845
"Myeloid","T_cell","HLA-G","CD8B",0.317122247382691,1260.75,0.142992087727005,1282,0.1009462684206,1845,0.386602590510114,1274,0.881204481963883,642
"T_cell","Myeloid","HLA-DQA2","CD4",0.317810334458076,1372,0.0980575601375167,1846,0.4278500575431,953,0.343848599001447,1376,0.832582733374169,1313
"Myeloid","Myeloid","THBS1","PTPRJ",0.31842715370601,1247.5,0.254807908696682,445,0.402109640698453,1024,0.566409804789319,930,0.743507449403113,2591
"B_cell","Myeloid","SEMA7A","PLXNC1",0.31842715370601,1441.5,0.215305538417266,675,0.451952996337125,914,0.510284227253308,1024,0.66699183327382,3153
"Myeloid","Myeloid","TNFSF10","RIPK1",0.319272540427051,1153.25,0.224783583129179,624,0.402076753559334,1025,0.629492403931066,837,0.780370694252341,2127
"NK","T_cell","LCK","CD8A_CD8B",0.320573886329156,1129.75,0.212690450588673,686,0.0994350711090727,1850,0.327796893350173,1404,0.88676083174867,579
"Myeloid","Myeloid","CALM3","INSR",0.321962401402203,1358.75,0.130964703405817,1400,0.445626297833652,929,0.397581293805746,1254,0.800843396837899,1852
"T_cell","NK","HLA-F","KIR3DL2",0.323355422198522,1469.5,0.186622441835308,851,0.196569917062723,1538,0.236086215939054,1635,0.800785409350406,1854
"T_cell","T_cell","VCAM1","ITGA4_ITGB7",0.323355422198522,1440.5,0.164286450897513,1077,0.0978023326634226,1854,0.414524129703324,1209,0.81560612444293,1622
"NK","Myeloid","SPON2","ITGA4",0.324053625285259,1602.25,0.115496643524216,1606,0.0977299399541844,1855,0.230243528671216,1650,0.833519359716799,1298
"NK","T_cell","HLA-B","CD8A",0.325453422926337,1218.5,0.122198932611675,1512,0.0972657799527492,1857,0.326757653499808,1410,0.921136818372101,95
"B_cell","Myeloid","MIF","CD44_CD74",0.325489994783238,1281.75,0.0798822737920286,2104,0.305325154576843,1254,0.212143068418253,1696,0.923434001344495,73
"T_cell","T_cell","CD47","SIRPG",0.32650624349173,1196.25,0.149682296153693,1222.5,0.0969632587833792,1858.5,0.539652149757686,967.5,0.872036397196335,736.5
"T_cell","T_cell","SIRPG","CD47",0.32650624349173,1196.25,0.149682296153693,1222.5,0.0969632587833792,1858.5,0.539652149757686,967.5,0.872036397196335,736.5
"NK","NK","B2M","CD247",0.326857750652482,1272.25,0.129347931225294,1416,0.155087425395682,1662,0.149968359039533,1859,0.918323905545621,152
"NK","Myeloid","ARF1","INSR",0.326857750652482,1502,0.0972981662809757,1859,0.347343785643218,1166,0.299328535173336,1472,0.821065462748602,1511
"B_cell","Myeloid","MIF","TNFRSF14",0.328266618226804,1276,0.0972655967060703,1861,0.285051237247469,1307,0.267785803129487,1547,0.900494187531631,389
"NK","T_cell","HLA-C","CD8B",0.328972757510877,1203.25,0.135612783346682,1354,0.0956481719744293,1862,0.376065045420016,1302,0.907093999538225,295
"Myeloid","NK","LRPAP1","LDLR",0.328972757510877,1505,0.112636291636252,1641,0.288821059944068,1295,0.409377336275693,1222,0.80030529407038,1862
"T_cell","Myeloid","HSP90B1","TLR7",0.331098012024965,1463.75,0.132933580593152,1383,0.412316856237498,995,0.241724981852427,1612,0.800184724025489,1865
"B_cell","Myeloid","CALM2","INSR",0.331808713163621,1600.25,0.0968880699776912,1866,0.304713490469532,1257,0.162799051721644,1822,0.824119398178488,1456
"Myeloid","Myeloid","TNFSF12","TNFRSF12A",0.332110177145818,1392,0.367148863761684,209,0.398228900945022,1040,0.545150508473094,960,0.608587133973987,3359
"Myeloid","NK","GNAI2","CCR5",0.332520557827569,1618.25,0.101770229980797,1798,0.283560820095059,1310,0.284184589309753,1498,0.799996500082664,1867
"Myeloid","Myeloid","CD99","PILRB",0.333947682635881,1454.25,0.0968003294576,1869,0.196299181870326,1539,0.152611710019259,1846,0.88767959655062,563
"Myeloid","Myeloid","ARF6","SMAP1",0.33466296523416,1624.25,0.103029548390525,1778,0.153055702968239,1668,0.144134740502119,1870,0.841001301885686,1181
"B_cell","B_cell","CALM2","INSR",0.335379396265558,1560.5,0.102165557143823,1789,0.336418989627119,1182,0.144058574686144,1871,0.827930273693997,1400
"Myeloid","NK","ALCAM","CD6",0.335583274413322,1104,0.239753627629466,524,0.42460511769347,964,0.501029161280287,1044,0.799139051144306,1884
"Myeloid","B_cell","HMGB1","TLR9",0.336096976958674,1619.25,0.127981511266105,1435,0.266772902407132,1351,0.16369211681441,1819,0.799620243817867,1872
"Myeloid","Myeloid","MIF","TNFRSF10D",0.336815708542764,1168.5,0.200233185538384,745,0.458222796993993,897,0.437852036640763,1159,0.799550887442774,1873
"T_cell","NK","HLA-F","CD8A",0.336815708542764,1289.75,0.129339094344284,1418,0.157566691814204,1656,0.144049867173458,1873,0.914054072563479,212
"NK","Myeloid","ARF6","SMAP1",0.337535592247741,1677.5,0.0989688437699741,1833,0.120286201355629,1775,0.143864758045565,1874,0.838294382868378,1228
"T_cell","NK","CLEC2B","KLRF1",0.340832237593294,1069.75,0.265591749300887,399,0.392411368337179,1050,0.638289796746075,821,0.789371316603362,2009
"NK","T_cell","CCL5","CCR4",0.341152335678852,1065,0.415021004706274,147,0.301995101761891,1263,0.538482626418482,971,0.799294461918704,1879
"B_cell","Myeloid","FARP2","PLXNA1",0.341711654657019,1407,0.253744313502166,449,0.454150980431513,909,0.496524622773744,1051,0.653238026708707,3219
"B_cell","Myeloid","LMAN1","MCFD2",0.342607141018014,1171.25,0.164487677165114,1074,0.476958218472406,852,0.607596818438773,878,0.799242443740379,1881
"Myeloid","T_cell","MIF","CD74_CXCR4",0.342731067723133,1472.5,0.0757369265654614,2193,0.156054506111396,1660,0.113283992460649,1960,0.922966109213193,77
"T_cell","T_cell","CALM1","FAS",0.344798066996719,1406,0.112274780929141,1651,0.0905907021936718,1884,0.320706898033208,1430,0.879578335373913,659
"T_cell","Myeloid","PSEN1","NOTCH2",0.344798066996719,1318.75,0.0958359503157047,1884,0.414190140882017,989,0.443111384443306,1150,0.836343293368765,1252
"Myeloid","NK","ICAM2","ITGAL_ITGB2",0.345530705393544,1448.5,0.0958112417438661,1885,0.212055967763667,1495,0.284885007185862,1496,0.858867522380536,918
"T_cell","T_cell","ICAM3","ITGAL",0.346264510721442,1538.25,0.0962765106077332,1877,0.0904244917508023,1886,0.215881768813872,1682,0.874585735785038,708
"T_cell","Myeloid","IRAK4","TLR7",0.347904320911502,1437.5,0.185153044332928,866,0.472382068628408,862,0.493602867289917,1058,0.701551079426261,2964
"Myeloid","NK","MICB","HCST_KLRK1",0.348472940679367,1645,0.129440234879359,1415,0.188274408964728,1559,0.203288807276431,1717,0.798479749942221,1889
"Myeloid","B_cell","GPI","AMFR",0.349211426122637,1612.75,0.095462364430637,1890,0.180773631656073,1584,0.174739674762507,1794,0.840950916380768,1183
"B_cell","NK","HLA-E","KLRK1",0.351328816418622,1721.5,0.1240290164581,1480,-0.308495090489294,3312,0.0937819109173497,2015,0.922742207914239,79
"T_cell","Myeloid","CALM1","PDE1B",0.351433926199435,1399.75,0.197322582582623,770,0.25671096383525,1376,0.262471391048812,1560,0.797987143876071,1893
"Myeloid","Myeloid","IRAK4","TLR7",0.351471877825503,1437.25,0.185423348882261,863,0.472744447369586,861,0.490816399820595,1062,0.701703780161976,2963
"T_cell","Myeloid","GNAS","ADCY7",0.352921475132023,1549.75,0.0951107643349134,1895,0.147042536935131,1686,0.180245564108408,1777,0.865282276402397,841
"T_cell","Myeloid","ARF6","SMAP1",0.353667017993853,1666.5,0.100122987044431,1816,0.129600028247169,1738,0.134919297592123,1896,0.839078680177939,1216
"Myeloid","T_cell","ARPC5","LDLR",0.353667017993853,1581.5,0.0950196980395635,1896,0.296356539272472,1275,0.261362608973818,1563,0.816810068512935,1592
"Myeloid","B_cell","ADAM15","ITGB1",0.354413741445848,1695,0.105532506081026,1746,0.215408065617934,1480,0.226008433976319,1657,0.797783307446605,1897
"Myeloid","Myeloid","ARPC5","ADRB2",0.354413741445848,1503.5,0.0949429737265977,1897,0.34633351909363,1168,0.378045579674543,1296,0.813756238538121,1653
"T_cell","Myeloid","CCL4L1","FFAR2",0.355060461724263,1172.75,0.323921921473956,272,0.434185567249004,946,0.487236815931955,1066,0.759494795356768,2407
"B_cell","Myeloid","HLA-B","CANX",0.355622001638444,1832.5,0.0812958448568447,2083,-0.467811614809679,3378,0.17717777378977,1789,0.922689203290395,80
"NK","Myeloid","CALM1","PDE1B",0.355910735103693,1410.5,0.196705748684933,777,0.250407771975383,1395,0.258971083992173,1571,0.797734668753467,1899
"NK","Myeloid","ADAM10","NOTCH2",0.355910735103693,1339.5,0.0948569563313316,1899,0.390651441561423,1055,0.452343510500891,1135,0.834921101787023,1269
"T_cell","B_cell","CXCL13","CXCR5",0.355960894580379,998.5,0.348629605677255,240,0.384856795350237,1067,0.826438709724573,559,0.780335277512687,2128
"Myeloid","Myeloid","FARP2","PLXNA1",0.35686264255656,1532.5,0.210191720684573,695,0.385845541738361,1066,0.485713794525638,1068,0.63161453865284,3301
"Myeloid","T_cell","RETN","CAP1",0.357765705833107,1115.25,0.260231641924378,421,0.419636175027664,975,0.485410958744935,1069,0.790210334613456,1996
"NK","T_cell","HLA-B","CD8B",0.358165111179958,1207.75,0.135349580734134,1357,0.0855635090367401,1902,0.377558185143755,1298,0.908228654301228,274
"NK","T_cell","TGFB1","CXCR4",0.358165111179958,1667.75,0.0947524299619228,1902,0.139251233323727,1715,0.210938941518327,1700,0.830567786547326,1354
"B_cell","Myeloid","IL24","IL10RB",0.358670084588349,1329.25,0.234489709884888,570,0.382565161844976,1070,0.501095257433969,1043,0.740106520346436,2634
"B_cell","Myeloid","IRAK4","TLR4",0.358670084588349,1375.75,0.178741791686153,922,0.623878968381055,591,0.485219443655965,1070,0.707136936584652,2920
"B_cell","Myeloid","B2M","LILRB1",0.359319971948477,907.5,0.160480155789546,1122,0.0730133705823621,1952,0.907976459645305,467,0.921413892347085,89
"T_cell","NK","ICAM3","ITGAL",0.359673966854011,1587,0.0954488894274914,1891,0.0851920155041687,1904,0.153895455281799,1842,0.874111487131841,711
"Myeloid","NK","VIM","CD44",0.359911397081975,1374.5,0.0764137286890723,2175,0.197327454481455,1535,0.20944828015034,1707,0.922528673971999,81
"NK","NK","ITGB2","CD226",0.361187584824596,1772.25,0.113477871429543,1631,0.0842893648454143,1906,0.132200232928831,1905,0.814223630726628,1647
"Myeloid","B_cell","PSEN1","CD44",0.361187584824596,1541.5,0.0944964743602794,1906,0.102651963709979,1837,0.148186032792746,1862,0.887985259606543,561
"Myeloid","T_cell","ADAM10","NOTCH1",0.361946182798827,1523,0.130668358898719,1401,0.247819820962144,1405,0.342352176119686,1379,0.797188295790583,1907
"NK","T_cell","CALM1","FAS",0.361946182798827,1415,0.111923807969907,1655,0.0842875103338045,1907,0.317206590976569,1438,0.879412423167394,660
"NK","Myeloid","GNAS","ADCY7",0.361946182798827,1559.25,0.0944199881118364,1907,0.140889234362916,1705,0.179466620351837,1780,0.864856854096766,845
"B_cell","Myeloid","LRPAP1","SORT1",0.36412399191054,1151.5,0.259805483119012,423,0.563348763586291,690,0.482106827046224,1076,0.758363432731416,2417
"T_cell","NK","HMGB1","CXCR4",0.364197004980133,1663.25,0.0734849982958799,2242,0.0239697342432731,2172,0.0471791484290234,2157,0.922298298787852,82
"B_cell","Myeloid","MIF","TNFRSF10D",0.364229147706181,1238.5,0.193861228775481,798,0.433403779049906,947,0.377380645350066,1299,0.796946774294542,1910
"T_cell","T_cell","VCAM1","ITGA4_ITGB1",0.364992530515382,1431,0.149925290270335,1218,0.0834731251407902,1911,0.370284467208364,1315,0.834351481312107,1280
"Myeloid","NK","ADAM10","CD44",0.364992530515382,1534.5,0.093693942202374,1911,0.0995181086329101,1849,0.170882178587105,1806,0.887038327668484,572
"Myeloid","NK","HLA-F","KIR3DL2",0.365757112668864,1633.75,0.177769689948388,933,0.0909436840061546,1882,0.169941265357048,1808,0.796880630838649,1912
"B_cell","B_cell","NUCB2","ERAP1",0.365757112668864,1706.5,0.0936723190466422,1912,0.195415824219561,1540,0.207986931956668,1711,0.813014351698842,1663
"Myeloid","Myeloid","GNAI2","S1PR4",0.366868718375705,1330,0.164065649242729,1079,0.454117767811894,910,0.556441215120395,944,0.761242739726784,2387
"T_cell","Myeloid","ENTPD1","ADORA3",0.36778626129249,1318.5,0.309352559431885,295,0.407510182254533,1010,0.478604522414621,1080,0.710774531366937,2889
"T_cell","T_cell","CCL4","CCR5",0.368058067753569,1399.75,0.140401631084046,1309,0.0827507183666783,1915,0.375297595501931,1305,0.848437683581426,1070
"Myeloid","Myeloid","LTB","TNFRSF1A",0.368058067753569,1212,0.138998837040617,1323,0.504949393089927,794,0.64071396519859,816,0.796820643163712,1915
"T_cell","Myeloid","ARPC5","LDLR",0.368058067753569,1820.25,0.093585463862489,1915,0.0869300129980132,1897,0.152256306099536,1848,0.815669443171892,1621
"T_cell","B_cell","TGFB1","CAV1",0.369625299211532,1549.75,0.169410160420966,1039,0.497650010089213,809,0.477442967523182,1082,0.641022560449378,3269
"Myeloid","B_cell","HSP90B1","TLR9",0.370369862175261,1318.5,0.141875286639639,1291,0.477447586556763,850,0.412520365157799,1215,0.79658006764085,1918
"Myeloid","T_cell","ICAM2","ITGAL_ITGB2",0.370369862175261,1490,0.0933619214838632,1918,0.191557784092283,1552,0.266278940472351,1552,0.85729070968617,938
"Myeloid","B_cell","PSEN1","NOTCH2",0.371142874930306,1418.25,0.0932934856147429,1919,0.311507803341456,1235,0.401108012222587,1243,0.834494867664508,1276
"Myeloid","T_cell","CCL3L1","CCR5",0.371917097092256,992,0.268429670174039,389,0.356707642603972,1148,0.865922664662685,511,0.796475082976406,1920
"T_cell","Myeloid","SPON2","ITGAM",0.372393738594468,1085,0.16363564053698,1085,0.661978852424371,540,0.682768568827436,757,0.79352251161548,1958
"B_cell","T_cell","GRN","TNFRSF1B",0.372692529921894,1141,0.0931662488114389,1921,0.375207645359032,1096,0.537021920449992,974,0.887009196662509,573
"NK","Myeloid","PTPN6","CLEC12A",0.37331918765367,1141,0.163565331543401,1086,0.534964832518384,740,0.653096561846541,803,0.795291413028469,1935
"Myeloid","Myeloid","ADAM10","NOTCH1",0.374247032630656,1555.75,0.129153053929975,1423,0.244564830979757,1410,0.302094478252643,1467,0.796243721498827,1923
"B_cell","NK","LRPAP1","SORL1",0.374247032630656,1617.75,0.0928910015741973,1923,0.212602379072929,1492,0.280234676206312,1516,0.819618472127678,1540
"NK","Myeloid","TNF","TNFRSF1B",0.375806393155996,1617.5,0.0926598685800259,1925,0.160992062132142,1646,0.244238913726009,1607,0.833875635958408,1292
"NK","B_cell","HMGB1","TLR9",0.376587898258822,1672.5,0.122576987721548,1502,0.226913491056161,1453,0.169825949000404,1809,0.796141258383937,1926
"Myeloid","T_cell","HLA-DQA2","CD4",0.376587898258822,1359.5,0.0925895363246837,1926,0.335993886586344,1183,0.556694610412629,941,0.828545529847058,1388
"Myeloid","T_cell","HMGB1","CXCR4",0.377031125701728,1691.5,0.0730527661344434,2260,0.0306279268373552,2146,0.00370661827125063,2275,0.922086651989857,85
"NK","Myeloid","PTPN6","CD300LF",0.377034167397287,1253.25,0.163460917480601,1090,0.49601517140143,813,0.554441002542689,945,0.777261152786759,2165
"T_cell","Myeloid","LGALS3","ENG",0.377370621607831,1467,0.0955097708964799,1889,0.500601544539252,803,0.399921672905196,1249,0.796114608490337,1927
"B_cell","T_cell","BSG","SLC16A1",0.377370621607831,1824.25,0.0925217818172343,1927,0.125285008485711,1756,0.212238493750441,1692,0.796408934537339,1922
"Myeloid","NK","CCL3","CCR5",0.378154564468407,1763.5,0.10203951672406,1790,0.138642356235612,1719,0.240622384496907,1617,0.796052738739839,1928
"B_cell","T_cell","ICAM4","ITGA4",0.379834248776887,1269.5,0.227745932233283,605,0.485542115779496,831,0.473022783453795,1093,0.747258617696981,2549
"Myeloid","Myeloid","LAMB3","CD44",0.380513722783194,1105.75,0.264650173056117,405,0.499115604635235,807,0.385391471537922,1280,0.795859844406052,1931
"B_cell","T_cell","MIF","CD74_CXCR4",0.381301605714467,1553.75,0.0733267745213201,2249,0.131235488167309,1735,0.0528126011699519,2145,0.921808534706689,86
"Myeloid","NK","PSEN1","NOTCH1",0.382092615779099,1477.75,0.126808036938543,1444,0.28887364472501,1292,0.401236857124796,1242,0.795603538137395,1933
"NK","Myeloid","HMGB1","HAVCR2",0.382883902318862,1499.75,0.101326628649399,1803,0.0964050531562942,1861,0.120513930152905,1934,0.899488366504205,401
"Myeloid","T_cell","HLA-DRB1","CD4",0.383586159539947,1204.5,0.0878827154021617,1989,0.374766986479733,1097,0.507804907183097,1028,0.875032939801524,704
"T_cell","T_cell","HLA-G","KIR2DL4",0.383676417246253,1687.25,0.120077758346964,1542,0.0797936580015726,1935,0.191521457288492,1743,0.820191659752734,1529
"Myeloid","Myeloid","MIF","CD74_CXCR4",0.385568309326584,1489.25,0.0732024546492192,2252,0.154010820272542,1666,0.115347745602317,1952,0.921747360000031,87
"B_cell","Myeloid","LGALS9","LRP1",0.386858786254666,1197.25,0.0955455380429695,1888,0.879497461543257,323,0.764849333290213,639,0.795050952766152,1939
"Myeloid","Myeloid","INHBA","SMAD3",0.387359185013878,1431,0.344224361105131,244,0.426335059488129,956,0.470695704676635,1101,0.579554572404314,3423
"B_cell","T_cell","FAM3C","PDCD1",0.387657462192872,1304.75,0.208710687761033,705,0.165479887866532,1631,0.556609246950722,943,0.794872019717304,1940
"T_cell","Myeloid","BST2","LILRA4",0.388305741453737,1247,0.162396341048939,1102,0.40870995413048,1006,0.606896466135395,880,0.789971457066994,2000
"T_cell","NK","HLA-A","CD8A",0.388457374152375,1267.5,0.125771243258323,1456,0.182844033348941,1575,0.118854345699511,1941,0.920949738329301,98
"Myeloid","NK","VEGFB","ADRB2",0.391153332765352,1450.75,0.190942380166922,821,0.373424884280522,1105,0.693690917510163,738,0.669048303002068,3139
"Myeloid","T_cell","PKM","CD44",0.392475518902531,1245.75,0.0909791189888264,1946,0.260798632202455,1365,0.255377150091166,1578,0.921150756221418,94
"Myeloid","Myeloid","TNFSF13","FAS",0.39305832972182,1147,0.16182569011861,1107,0.688220389544351,500,0.739265594074989,673,0.767633981432914,2308
"Myeloid","T_cell","GRN","TNFRSF1A",0.393251683973713,1069,0.0813759912216872,2080,0.788390896755475,409,0.882318410606762,491,0.833540756551025,1296
"Myeloid","B_cell","FN1","ITGA4_ITGB1",0.393282873778923,1357.25,0.157053795098016,1148,0.377615265812118,1086,0.400408568415476,1248,0.794257727014685,1947
"Myeloid","Myeloid","GNAS","ADCY7",0.393282873778923,1633.25,0.0909606846828708,1947,0.110074420568796,1805,0.127005622658448,1916,0.862660676262321,865
"T_cell","Myeloid","PSEN1","NCSTN",0.396524755650824,1525.75,0.0906409378627844,1951,0.286274880130226,1302,0.360903881736965,1338,0.821034865024811,1512
"T_cell","NK","HLA-B","CD8A",0.398345784025713,1305.75,0.12309102056418,1495,0.175942133023887,1598,0.085508682106781,2040,0.921400611281812,90
"T_cell","Myeloid","TIGIT","PVR",0.3988050228454,1036.75,0.42373627957873,141,0.369626227203928,1113,0.81850695149986,572,0.76654917418953,2321
"NK","NK","HLA-G","KLRC1",0.39896928839308,1520,0.164557459585334,1072,0.0729528310762841,1954,0.259723492389969,1568,0.822578063912049,1486
"B_cell","NK","GRN","TNFRSF1B",0.39896928839308,1171.25,0.0904169972669601,1954,0.35741618385308,1145,0.524009929577094,993,0.885499458998311,593
"B_cell","Myeloid","LIN7C","ABCA1",0.399767429297054,1230.75,0.161059104877613,1114,0.801070464357193,400,0.795476668767753,598,0.721918502236923,2811
"Myeloid","Myeloid","HMGB1","HAVCR2",0.400605244376224,1449.25,0.105794205805646,1740,0.136264464507266,1727,0.114380097966911,1956,0.90142204379217,374
"T_cell","NK","HLA-E","CD8A",0.401425106465607,1292.75,0.125489508487112,1463,0.170500751386201,1616,0.113897842199532,1957,0.919256915409842,135
"Myeloid","Myeloid","ICAM2","ITGAL_ITGB2",0.401425106465607,1587.75,0.0901330407673718,1957,0.17764069714222,1589,0.157292646581281,1834,0.855124097795723,971
"T_cell","Myeloid","CD96","PVR",0.401696206680199,1043.5,0.401279830312184,164,0.368409204505522,1116,0.773751428006203,621,0.770057925068685,2273
"NK","T_cell","NCAM1","PTPRA",0.403630270611191,1453.5,0.275352493956983,366,0.365388460138098,1118,0.526966334085196,990,0.615122919617672,3340
"NK","NK","HLA-F","KIR3DL2",0.403892244548003,1672.25,0.176182388117279,953,0.0720048596399713,1960,0.151664594783945,1851,0.796153788132556,1925
"B_cell","T_cell","GRN","NTRK1",0.404599285240261,1324.5,0.160705184101927,1119,0.400314566634572,1029,0.663171667840039,790,0.763782572042348,2360
"Myeloid","Myeloid","SEMA4D","CD72",0.404717145468219,1736,0.104468344662251,1759,0.164262689467133,1635,0.248850912371205,1589,0.793143487449805,1961
"NK","NK","TGFB1","CXCR4",0.404717145468219,1820.25,0.0897375941753186,1961,0.0739485964350119,1948,0.116200823364177,1950,0.826707177020324,1422
"Myeloid","Myeloid","CALM1","PDE1B",0.405543309313784,1585.5,0.185780023910372,859,0.138761930655557,1718,0.173406285965393,1803,0.7930850895186,1962
"Myeloid","T_cell","THBS1","SDC4",0.405569621752112,1312.25,0.230644451359577,588,0.365130669719387,1120,0.681944059532522,760,0.726027454633965,2781
"T_cell","Myeloid","ADAM10","IL6R",0.406370737373071,1265.25,0.144070207948418,1268,0.459719819278372,893,0.564082912161154,937,0.793071718292592,1963
"T_cell","T_cell","CCL4L1","CCR5",0.406370737373071,1496.25,0.134986889592756,1360,0.0716058482277328,1963,0.327940236865941,1403,0.835788585690028,1259
"Myeloid","Myeloid","ICAM1","IL2RG",0.406370737373071,1332.75,0.089631569054118,1963,0.22520772945558,1457,0.385601810501546,1279,0.882274122951467,632
"Myeloid","T_cell","THBS1","PTPRJ",0.406541280224576,1311.75,0.227271939795363,610,0.364393131181305,1121,0.653076719903166,804,0.732451803807465,2712
"Myeloid","Myeloid","SELPLG","ITGB2",0.407199430935105,1388.5,0.0895925804200598,1964,0.218557170479693,1471,0.168477175203987,1812,0.90616769716545,307
"T_cell","Myeloid","SELPLG","ITGB2",0.408860619726812,1378.75,0.089325876741003,1966,0.21694036604855,1475,0.183528236531654,1765,0.906040874148949,309
"NK","NK","HLA-B","CD8A",0.411089351251096,1373.25,0.122269470966533,1510,0.0976196092202413,1856,0.0865912329365288,2034,0.921157776296299,93
"Myeloid","B_cell","APP","NOTCH2",0.412198240133318,1147.5,0.152251714812639,1193,0.548919935334653,711,0.70786709456957,716,0.792667108148554,1970
"B_cell","T_cell","ICAM4","ITGAL",0.412398996342694,1259.5,0.239673654467614,525,0.484887450089158,834,0.456025468153042,1127,0.747043757266462,2552
"B_cell","NK","NUCB2","ERAP1",0.413874692430354,1725.5,0.0891448549884912,1972,0.181125944270198,1583,0.23898042037903,1622,0.809219530580893,1725
"Myeloid","NK","PLAU","ITGA5",0.415345706571648,1358,0.159371928737498,1130,0.570568568233462,676,0.762480551711849,642,0.697734970168574,2984
"B_cell","Myeloid","LRPAP1","LDLR",0.416398952618179,1741.75,0.101828040129376,1794,0.187685143234897,1562,0.235807103809384,1636,0.792122043019939,1975
"Myeloid","NK","BAG6","NCR3",0.417316793110351,1370,0.219986996065467,650,0.359194816236278,1132,0.547182701237002,957,0.730088900658829,2741
"T_cell","Myeloid","TGFB1","ENG",0.417316793110351,1318.5,0.15913042955578,1132,0.568631886729875,680,0.704221730194901,720,0.730063964412519,2742
"T_cell","T_cell","IL16","CCR5",0.418088195694521,1684.25,0.111240665104195,1667,0.0685528307257076,1977,0.345039073272161,1372,0.80938819789857,1721
"NK","Myeloid","HLA-DRA","CD4",0.418088195694521,1381.25,0.0888322663483392,1977,0.289739094322654,1288,0.28673647192957,1493,0.87010075414088,767
"Myeloid","B_cell","MMP9","TLR9",0.418304320463998,1387.75,0.364804316220886,216,0.533635610581013,743,0.452972276738685,1133,0.548466112023212,3459
"Myeloid","B_cell","S100A8","CD69",0.418934742010727,1375.75,0.0993065003098787,1828,0.549561675764219,709,0.528884474614447,988,0.791751127540494,1978
"Myeloid","T_cell","APOE","LDLR",0.419293170610791,1489.5,0.225732475923433,617,0.423972816808277,967,0.452877986628922,1134,0.649333725970383,3240
"Myeloid","T_cell","TGFB1","CXCR4",0.422333789443987,1746.5,0.0883616860192431,1982,0.12123246742315,1772,0.174348716993856,1799,0.825597584301323,1433
"Myeloid","NK","HLA-B","CD8A",0.423799071042507,1396.25,0.121906584673583,1516,0.0630238034417901,2002,0.109806691869172,1971,0.92104977411365,96
"Myeloid","Myeloid","COPA","CD74",0.424896616719593,1056,0.0882460444631562,1985,0.450004221351861,919,0.448686366067385,1142,0.916444471464145,178
"NK","NK","HLA-E","CD8A",0.426611636202935,1315.5,0.125079578535891,1468,0.152911906286345,1669,0.105052219911204,1987,0.919135402427746,138
"T_cell","NK","ACTR2","ADRB2",0.426611636202935,1637,0.105257112377772,1753,0.18882208679951,1557,0.398198706888767,1251,0.790861540288551,1987
"Myeloid","T_cell","HLA-B","CD8A",0.428028133023899,1245.25,0.121836255671083,1519,0.062669974174298,2004,0.349973112432452,1361,0.921028789941451,97
"B_cell","Myeloid","TIMP1","CD63",0.433275990498397,1376.75,0.0586302365783783,2570,0.457777510680706,901,0.604277116798513,888,0.84328992296858,1148
"T_cell","B_cell","IFNG","IFNGR1_IFNGR2",0.433523684115685,1658.5,0.100382269013272,1814,0.188372008015995,1558,0.391281186856442,1267,0.790300278885296,1995
"B_cell","T_cell","LGALS1","CD69",0.436137233215112,1474,0.0871566368765627,1998,0.124076439756994,1765,0.316975757978555,1439,0.875668722499368,694
"Myeloid","NK","TGM2","SDC4",0.436306051509616,1277.5,0.156684753334014,1151,0.689911772541615,499,0.675886705410364,769,0.733848734558306,2691
"B_cell","B_cell","LAMA5","CD44",0.437011036564134,1709.5,0.102264344489401,1788,0.116810678815581,1786,0.100100390264159,1999,0.835552015424208,1265
"B_cell","Myeloid","B2M","CD1C",0.437318718615929,1595.5,0.188079962231239,841,-0.345543237200099,3338,0.441957903794273,1152,0.849633543264088,1051
"T_cell","Myeloid","LTB","CD40",0.438762581611054,1051.5,0.155849272287802,1155,0.599343472972764,640,0.964609569846779,410,0.789961847225407,2001
"Myeloid","Myeloid","CALM2","PDE1B",0.439640325936268,1256.5,0.222913312773402,634,0.379003287342862,1081,0.373008674768465,1309,0.789945666446474,2002
"Myeloid","NK","SDC2","PTPRJ",0.440364660449487,1460.5,0.238255566449652,538,0.392486099337105,1049,0.440092530752231,1155,0.67571665452992,3100
"Myeloid","B_cell","VEGFA","ITGB1",0.440519386548624,1372.5,0.141083979930076,1298,0.528966405809562,748,0.315236344238222,1441,0.789913693798109,2003
"B_cell","Myeloid","HLA-A","APLP2",0.440692816206598,1437.75,0.121521830538707,1523,-0.175726740554694,3068,0.492591071353922,1060,0.920879883601449,100
"Myeloid","NK","CLEC2B","KLRF1",0.443422513261876,1201.75,0.239259206026689,529,0.350213220607376,1158,0.523466423618695,996,0.780560145864722,2124
"Myeloid","T_cell","PTDSS1","JMJD6",0.444934479976042,1895.5,0.0867898049076683,2008,0.11660585760043,1788,0.105123436674688,1986,0.804336286156041,1800
"Myeloid","NK","BSG","SLC16A1",0.445821465955551,1891,0.0867625552049189,2009,0.167445403505771,1625,0.116809566024303,1945,0.791148945516457,1985
"NK","Myeloid","SEMA4A","PLXNB2",0.446256310257212,1331.5,0.0952106344028879,1894,0.706560633421906,482,0.848500903870793,527,0.758144466781044,2423
"Myeloid","NK","HLA-G","CD8A",0.447599415758584,1417.25,0.129173410245901,1422,0.113002368604101,1798,0.0956356383028882,2011,0.8975112490015,438
"NK","NK","HLA-A","CD8A",0.448490382222562,1326.5,0.124866700094702,1471,0.13836361756812,1720,0.0953147876403813,2012,0.920686600424186,103
"T_cell","T_cell","CCL5","CCR4",0.451171263720857,1172.25,0.365351236334994,211,0.182649607294438,1576,0.605050017071669,887,0.788874681332447,2015
"Myeloid","Myeloid","CCL3L1","CCR5",0.452067555997494,1163,0.244709588588209,497,0.325895210751674,1201,0.559898425315424,938,0.788873585436241,2016
"Myeloid","B_cell","CXCL10","CXCR3",0.452667538104062,1480.5,0.154599252686009,1167,0.370731216173608,1109,0.457086558542238,1126,0.749675027479971,2520
"B_cell","Myeloid","COL4A4","CD44",0.452965183035252,1101.25,0.265385731916331,400,0.658043499100148,546,0.315157141048109,1442,0.788779204942068,2017
"T_cell","NK","HLA-C","CD8A",0.453864146158627,1305,0.12347894727246,1485,0.172114982014951,1610,0.0915779540216501,2018,0.920458624290564,107
"B_cell","NK","ICAM1","SPN",0.453864146158627,1625,0.0860180108253277,2018,0.208676960318488,1504,0.362749450067691,1336,0.814661666447989,1642
"T_cell","B_cell","LTB","CD40",0.454764446692772,1081.75,0.153453051090587,1179,0.588424799994638,653,0.89792821277545,476,0.788673504966323,2019
"B_cell","T_cell","CD48","CD2",0.454764446692772,1411,0.10831098304302,1699,0.0594837138878086,2019,0.418786121635219,1199,0.872958040415216,727
"Myeloid","B_cell","TNF","TRADD",0.455666085963498,1514.25,0.127722549224552,1437,0.282105841810357,1314,0.382672535020888,1286,0.78857207186372,2020
"Myeloid","T_cell","HLA-DPB1","CD4",0.455666085963498,1319.5,0.0857623540011319,2020,0.286445240885135,1301,0.416466126813074,1203,0.870930520079976,754
"Myeloid","Myeloid","CCL7","CCR5",0.45577303456576,1326,0.366998009748362,210,0.424438985863177,965,0.433730295569237,1170,0.702838680837017,2959
"T_cell","B_cell","ST6GAL1","CD22",0.456569065297269,1166.25,0.145786039476636,1253,0.778015665479561,415,0.534975925858221,976,0.788456016978298,2021
"T_cell","NK","VCAM1","ITGA4_ITGB1",0.456569065297269,1521.75,0.143023768643046,1281,0.058003681512266,2021,0.316830769657967,1440,0.831069133953996,1345
"T_cell","Myeloid","BTLA","TNFRSF14",0.457473386021211,1484.5,0.143729502486398,1273,0.213282751767745,1489,0.440809121910521,1154,0.788183185422962,2022
"B_cell","T_cell","HLA-DQA2","CD4",0.457473386021211,1533,0.0856810679011945,2022,0.285470137459527,1305,0.366102074120146,1322,0.822967286803,1483
"Myeloid","NK","HLA-A","KIR3DL1",0.458379049463102,1495,0.196026633732613,782,0.057821867344096,2023,0.245678082565567,1603,0.81789135628129,1572
"Myeloid","Myeloid","TNF","PTPRS",0.458890441075233,1400.75,0.154095049766961,1173,0.424738138636603,963,0.74487677095217,665,0.722794286242233,2802
"T_cell","T_cell","HLA-DPB1","LAG3",0.459286056951381,1460,0.134397313821349,1367,0.0572815685942115,2024,0.263941103538694,1556,0.860889600523293,893
"B_cell","Myeloid","MIF","CD74_CXCR4",0.461725745412611,1573.25,0.0708729562960416,2314,0.129191802328456,1739,0.0548763543116203,2135,0.920573047593814,105
"Myeloid","T_cell","LAMB3","CD44",0.462015156988766,1252.25,0.239937084165885,522,0.391505688349264,1053,0.327135633680632,1407,0.787780811406676,2027
"NK","B_cell","IFNG","IFNGR1_IFNGR2",0.462927553960102,1771,0.0973452965838924,1857,0.177779480480841,1588,0.241862388922226,1611,0.787743282437855,2028
"Myeloid","B_cell","ADAM10","NOTCH2",0.463841301629864,1596.25,0.0852963157890233,2029,0.238812010824638,1425,0.277995928560943,1524,0.82746894306867,1407
"Myeloid","NK","IL10","IL10RA_IL10RB",0.465160981417739,1376.5,0.170256039455618,1025,0.337629986529254,1179,0.446988753603048,1143,0.777744907496648,2159
"NK","T_cell","HMGB1","CXCR4",0.465921119790229,1763,0.0699678252655415,2331,-0.00923148451361614,2358,0.00984045045724469,2257,0.920522586435818,106
"Myeloid","T_cell","ACTR2","LDLR",0.466590662156766,1753.25,0.0971529441573829,1863,0.238867812472176,1424,0.212177181163729,1694,0.787503336115053,2032
"Myeloid","Myeloid","CCL8","CCR5",0.467261746437388,1356.25,0.361244283730447,220,0.398372515350729,1038,0.428593149079037,1181,0.697156978950497,2986
"Myeloid","NK","ADAM10","NOTCH1",0.467509825950578,1657.5,0.115937981007184,1597,0.216177852208191,1477,0.278124773463152,1523,0.78734734098631,2033
"Myeloid","T_cell","C3","CD46",0.468314113441864,1343.25,0.234626648287197,569,0.402188795949174,1022,0.428367311466063,1182,0.74301810636231,2600
"NK","B_cell","CALM3","INSR",0.468430347111275,1611.75,0.111015356437655,1671,0.373531989072782,1104,0.234458859835413,1638,0.787336445107623,2034
"T_cell","T_cell","FAM3C","PDCD1",0.469352226974517,1337.5,0.190190712351582,827,0.143205760794052,1697,0.663113299277785,791,0.787192729801958,2035
"T_cell","T_cell","S100A4","CCR5",0.470275466876625,1507.5,0.116118133371435,1588,0.0542033498550573,2036,0.318461611408677,1434,0.855118882426245,972
"Myeloid","T_cell","HLA-DPA1","CD4",0.470422816218435,1255,0.0842333067536271,2040,0.335445098247832,1184,0.475942998428807,1087,0.874545685469605,709
"B_cell","Myeloid","IGF1","IGF2R",0.471479151895948,1388.75,0.293791622690151,332,0.528313141295007,751,0.427124415026749,1185,0.636366303626213,3287
"T_cell","B_cell","GPI","AMFR",0.472126032145998,1743.75,0.0844897178875658,2038,0.102895500658115,1835,0.17646006666667,1792,0.832614236080771,1310
"Myeloid","Myeloid","TNFSF10","TNFRSF10A",0.472536810366606,1429.25,0.210851527178059,692,0.335016415837851,1186,0.519033656223834,1009,0.719942864590321,2830
"NK","NK","NCAM1","PTPRA",0.473595791578191,1566.75,0.239432804354572,528,0.338261352086042,1176,0.426154350753531,1187,0.598449412181661,3376
"NK","Myeloid","FAM3C","FFAR2",0.475717722005419,1494.25,0.259802146787114,424,0.399052742465926,1036,0.425350217213218,1189,0.619458216284885,3328
"NK","NK","HLA-C","CD8A",0.476776339668348,1368.75,0.122507237821951,1504,0.107704272157931,1814,0.08509809321279,2043,0.920168925485275,114
"NK","T_cell","ITGB2","CD226",0.476776339668348,1908,0.0971835106858689,1862,0.0523896767078753,2043,0.135141416415168,1895,0.802213723586688,1832
"Myeloid","NK","ICAM2","ITGAM_ITGB2",0.476776339668348,1517.75,0.0839760153907341,2043,0.227201203118763,1450,0.372399057850702,1310,0.83495871676116,1268
"T_cell","Myeloid","HSP90B1","ASGR1",0.478646048562317,1358.5,0.192148306403878,812,0.425326854783083,961,0.240742424665013,1616,0.786339231468147,2045
"B_cell","Myeloid","PSEN1","NOTCH2",0.478646048562317,1472.25,0.083694850598552,2045,0.378215505902491,1084,0.359687371391445,1341,0.826860442963141,1419
"B_cell","Myeloid","ICAM4","ITGB1",0.479977453234688,1284.75,0.221467307896116,640,0.546960576539845,714,0.423571514385894,1193,0.743420428736787,2592
"NK","Myeloid","TGFB1","ITGB1",0.480521251209669,1751.75,0.103507691297108,1771,0.193393028391287,1544,0.231054514506146,1645,0.786253809147788,2047
"Myeloid","T_cell","HLA-F","CD8A",0.481460916050135,1302,0.123132597845499,1494,0.0515866294901435,2048,0.318071337154731,1436,0.912102698593775,230
"NK","NK","SELPLG","ITGB2",0.481460916050135,1527.25,0.0835932382849241,2048,0.103348356979978,1833,0.142230372920787,1878,0.903179299299845,350
"Myeloid","T_cell","HLA-B","CD8B",0.482401958361385,1233,0.134947873691348,1361,0.0509677032582889,2049,0.400773644076398,1245,0.908104707993356,277
"Myeloid","NK","ADAM28","ITGA4",0.482401958361385,1640,0.0835334296636676,2049,0.227595849224417,1447,0.288292378175016,1489,0.817496760730219,1575
"T_cell","NK","B2M","CD3G",0.48266531957755,1843.75,0.0973346946459675,1858,-0.0398514031932478,2533,-0.199695496482934,2874,0.920414886312905,110
"T_cell","NK","HSPA8","LDLR",0.485233363578276,1716.5,0.0832592684662008,2052,0.0930008700055293,1876,0.144052388362416,1872,0.848899437288881,1066
"Myeloid","NK","RETN","CAP1",0.485331868900036,1237.5,0.239135145945471,530,0.360198233273176,1131,0.419864305378098,1198,0.783116659330232,2091
"Myeloid","Myeloid","THBS1","ITGA4",0.486179929234381,1535,0.153875973469132,1175,0.200888921203546,1528,0.340187474431295,1384,0.785795504764003,2053
"T_cell","Myeloid","VCAM1","ITGA4_ITGB1",0.486179929234381,1555.75,0.141049631317529,1299,0.0502062711840111,2053,0.281741866393502,1510,0.830091224706798,1361
"Myeloid","NK","MIF","CD74_CXCR4",0.486842056157881,1665.75,0.0703412747057151,2326,0.0435547945498821,2089,0.0544329042161684,2137,0.920297314369924,111
"T_cell","Myeloid","ADAM10","TREM2",0.488560382405937,1419.75,0.225815622992412,616,0.415134513397042,986,0.4170108914794,1201,0.713232432185237,2876
"B_cell","Myeloid","ADAM10","GPNMB",0.488560382405937,1170.75,0.151791476504323,1201,0.631372537017659,584,0.677363359507405,768,0.780303648106626,2130
"T_cell","NK","HLA-G","CD8B",0.489980047399334,1567.75,0.12316771207189,1491,0.0632546812871133,2001,0.0811318712516802,2057,0.873168026735204,722
"T_cell","Myeloid","FASLG","TNFRSF10B",0.49071933348221,1221.75,0.273660101903352,370,0.324767442514566,1203,0.611789227717379,868,0.756327329963194,2446
"NK","NK","B2M","CD3G",0.491015071815029,1929,0.0968801026066399,1867,-0.105476805968119,2846,-0.205658860201787,2891,0.920243260281852,112
"Myeloid","NK","TGFB1","CXCR4",0.492844722143761,1908.5,0.0836850846340116,2046,0.0559298305344344,2029,0.0796105988397054,2060,0.821648044382081,1499
"Myeloid","NK","HLA-E","KIR3DL1",0.493802399242426,1536.25,0.194625773129088,793,0.0485138250627464,2061,0.23297699765329,1641,0.814063493665201,1650
"B_cell","Myeloid","FAM3C","FFAR2",0.493967671510512,1401.25,0.334698591531035,250,0.455223760414693,906,0.415471661070932,1206,0.648830906716448,3243
"T_cell","T_cell","CALM1","PTPRA",0.494761471354799,1878.75,0.087823288651452,1990,0.0485055043121735,2062,0.0978052359901991,2004,0.823927437894119,1459
"Myeloid","NK","INHBA","SMAD3",0.496139836759306,1514.25,0.287722695495973,343,0.388023156503131,1062,0.415351570135476,1208,0.557567802178987,3444
"Myeloid","NK","HLA-F","CD8A",0.497647071317985,1456.75,0.123203675151133,1489,0.0519404587576356,2044,0.0779049165914516,2065,0.912125828306766,229
"Myeloid","B_cell","COPA","CD74",0.497647071317985,1261.75,0.0821929269926278,2065,0.307247724324976,1249,0.280137131336099,1517,0.913683246534055,216
"NK","NK","HSPA8","LDLR",0.499577804537145,1781.5,0.0820548052104912,2067,0.0663593335791158,1986,0.101058640038816,1996,0.847962485516423,1077
"T_cell","Myeloid","TGFB1","SDC2",0.500500019585981,1594.75,0.193350392376212,800,0.42009632235376,974,0.413332937818464,1212,0.592301308877282,3393
"Myeloid","Myeloid","GPI","AMFR",0.501514150348488,1763.75,0.0818351734172298,2069,0.124717326853361,1761,0.145271923619665,1869,0.830377913150781,1356
"T_cell","T_cell","HLA-DRB1","LAG3",0.502484431371624,1513.25,0.12811534967417,1433,0.0473129246936671,2070,0.224152480488412,1660,0.860991818972277,890
"NK","NK","GZMA","F2R",0.503456119618595,1522.75,0.195195132907166,786,0.0979825673192457,1852,0.0758446414728069,2071,0.828982823268287,1382
"T_cell","NK","MICB","HCST_KLRK1",0.503456119618595,1795.75,0.109214718576182,1692,0.154608514091549,1663,0.185760694111163,1757,0.7844632031515,2071
"Myeloid","Myeloid","NAMPT","ADORA2A",0.503456119618595,1525.75,0.0817677638626438,2071,0.4127189471221,994,0.451969273568719,1136,0.797530934979285,1902
"NK","T_cell","CCL3","CCR5",0.504429216449366,1770.5,0.10694909460597,1717,0.0469159597819675,2072,0.322301118260667,1424,0.79984092000745,1869
"T_cell","T_cell","HLA-DPA1","LAG3",0.507356972053982,1537.75,0.123146927973244,1493,0.0460828881855434,2075,0.214929435492761,1685,0.860630152300215,898
"T_cell","Myeloid","MIF","TNFRSF14",0.507356972053982,1531.25,0.0814993162618618,2075,0.162653686927071,1640,0.136842980583784,1888,0.892285533852314,522
"Myeloid","NK","HMGB1","CXCR4",0.507669969413109,1880.75,0.0691863995824864,2353,-0.0346747100513604,2497,-0.0910314998829003,2557,0.920110773795455,116
"Myeloid","Myeloid","ACTR2","ADRB2",0.508335716832739,1658.75,0.0970744973400717,1865,0.288844792293334,1293,0.328860151864454,1401,0.784090094704294,2076
"B_cell","NK","F11R","ITGAL_ITGB2",0.508335716832739,1797.25,0.0814677861701846,2076,0.151338130997606,1675,0.206022239695542,1714,0.809301659738822,1724
"NK","B_cell","SPON2","ITGB1",0.509315877004973,1922.75,0.086868753047462,2002,0.0804205847569021,1932,0.0742582490990623,2077,0.811855569400061,1680
"Myeloid","T_cell","CCL3","CCR4",0.510387680646904,1143,0.406455659183026,155,0.315934043953662,1221,0.801216502574551,591,0.742724179245711,2605
"Myeloid","T_cell","ADAM10","CADM1",0.511280448986152,1609.25,0.117190624804687,1574,0.25101574218599,1392,0.334527556157022,1392,0.783829157993197,2079
"Myeloid","T_cell","MIF","CD44_CD74",0.511824413599585,1537.5,0.0728262245384857,2265,0.135005837657566,1730,0.0857872004056377,2038,0.920100058812596,117
"Myeloid","T_cell","MICB","HCST_KLRK1",0.51226486352488,1900.25,0.1083118257371,1698,0.0789418446466706,1937,0.13718158840025,1886,0.783760563088011,2080
"T_cell","Myeloid","ANXA1","DYSF",0.512599458067749,1235.5,0.225902270885097,615,0.429633830930196,951,0.408894184040694,1223,0.778358881465816,2153
"B_cell","Myeloid","SEMA4D","CD72",0.51325069891665,1907.5,0.0932163563035101,1920,0.124568950057578,1763,0.146943351878373,1866,0.783638690496059,2081
"B_cell","NK","FCER2","ITGAX_ITGB2",0.514816513181068,1447.75,0.164785201291799,1069,0.418102506813985,980,0.408388670637028,1225,0.750000965585471,2517
"T_cell","NK","CD48","CD244",0.515226637726103,1874.5,0.104396065810337,1760,0.0806248814063037,1930,0.199304873816876,1725,0.783433115269614,2083
"NK","Myeloid","ADAM10","IL6R",0.516216743878824,1378,0.128224343465819,1431,0.424837413595378,962,0.504032251336391,1035,0.783347501922044,2084
"T_cell","NK","CCL5","CXCR3",0.516216743878824,1668,0.11190131920698,1657,0.0441937981669673,2084,0.0873905421089635,2032,0.860607911165457,899
"B_cell","NK","LGALS1","CD69",0.516216743878824,1695,0.0811955906154202,2084,0.0870439174272556,1896,0.080493718664385,2058,0.871760515819222,742
"Myeloid","B_cell","IL10","IL10RA_IL10RB",0.51720827635466,1335.75,0.181724217358598,891,0.358972525085963,1133,0.405517166289037,1234,0.783327897306846,2085
"T_cell","Myeloid","B2M","TFRC",0.518201236522772,1490.25,0.0831319863836541,2053,0.166139403717166,1628,0.072074555806835,2086,0.915247992182339,194
"Myeloid","Myeloid","SEMA7A","PLXNC1",0.519266452354985,1660.75,0.148886253845538,1229,0.365232112060158,1119,0.535990342942773,975,0.624847036350595,3320
"T_cell","B_cell","CALM1","KCNN4",0.52019144541575,1699,0.0810827487851292,2088,0.120209584907682,1776,0.151791899763379,1850,0.847776577968014,1082
"T_cell","Myeloid","ACTR2","LDLR",0.521188696882222,1927,0.0922640090111729,1930,0.0878210742503897,1891,0.174532495077997,1798,0.783151148851525,2089
"T_cell","Myeloid","FAM3C","LAMP1",0.521499334271693,1595,0.174452271480621,981,0.312748362359627,1230,0.40613923031466,1231,0.70539160063123,2938
"B_cell","Myeloid","COPA","CD74",0.522187381524179,1205.25,0.0809666146615511,2090,0.399843997276303,1033,0.297640274450037,1476,0.913088628650288,222
"Myeloid","T_cell","ADAM17","NOTCH1",0.522617752827991,1461.5,0.151148580528858,1209,0.312158617147359,1232,0.471038041160192,1100,0.767805656984227,2305
"NK","B_cell","CALM1","KCNN4",0.523187500714068,1708.75,0.0808292826723614,2091,0.113906393047815,1795,0.14829159270674,1861,0.847574443465304,1088
"NK","Myeloid","FLT3LG","FLT3",0.523737489593094,1513.75,0.263223539109726,409,0.376121801571926,1090,0.405785570234984,1233,0.622960188616111,3323
"Myeloid","B_cell","MIF","CD74_CXCR4",0.524265508966728,1676.75,0.0696377375665094,2341,0.0743956573096496,1943,-0.00488674164460967,2303,0.919927872302413,120
"Myeloid","B_cell","TNFSF13","FAS",0.524858544422171,1226.75,0.148315056379327,1234,0.675878758468755,518,0.684803624131805,752,0.759768134786379,2403
"T_cell","Myeloid","CCL4","CCR5",0.525192048230701,1683.75,0.12799488729176,1434,0.0519382865143802,2045,0.0692733561546702,2093,0.842392909204841,1163
"NK","T_cell","CALM1","PTPRA",0.527202350424815,1892,0.0875487514913472,1993,0.0422023124523062,2095,0.0943049289335601,2014,0.823700220286708,1466
"NK","Myeloid","CALM3","INSR",0.528209662964017,1650,0.105280722034218,1751,0.341826489915195,1171,0.253199336870914,1582,0.782862314941716,2096
"NK","B_cell","TNFSF9","HLA-DPA1",0.531240262868807,1797.5,0.0860315517132943,2017,0.0835318242370956,1910,0.0671400979064226,2099,0.842377125754952,1164
"B_cell","NK","ICAM4","ITGB1",0.531612544381296,1407,0.194103460762242,796,0.474623239189461,855,0.40233401089952,1240,0.730641767685723,2737
"T_cell","Myeloid","NAMPT","ITGA5_ITGB1",0.532253354858462,1498.5,0.0805974628102687,2100,0.310316660170139,1241,0.218984276736093,1672,0.854436974607806,981
"T_cell","NK","BTLA","CD247",0.53326789515662,1411.5,0.210117803480237,697,0.165985334089998,1630,0.410416262857214,1218,0.782517825495891,2101
"NK","Myeloid","FASLG","TNFRSF10B",0.533874415327918,1317.25,0.258124533726111,430,0.310064158259723,1242,0.473922606754722,1090,0.750901505343662,2507
"NK","B_cell","SPON2","ITGA4",0.535301326197782,1855,0.0998924071450487,1820,0.0407347364937385,2103,0.0915013444238968,2019,0.823203488764576,1478
"NK","Myeloid","B2M","TFRC",0.535301326197782,1552,0.0827437266848801,2059,0.100514000942295,1848,0.0661111920879818,2103,0.915066251896332,198
"Myeloid","NK","MMP9","ITGAM",0.536141552959869,1750.5,0.147327274396045,1244,0.314617298091668,1223,0.458598092748099,1121,0.585354712322764,3414
"T_cell","B_cell","HLA-B","CANX",0.536673294863728,1420.5,0.074757400398661,2212,0.240067030796929,1421,0.123425324583431,1926,0.919645153564963,123
"Myeloid","Myeloid","ADAM17","NOTCH1",0.537277096370272,1490.75,0.149395775205333,1225,0.308903627164973,1245,0.430780343293149,1175,0.766764273729189,2318
"NK","NK","ARPC5","ADRB2",0.537340567037533,1924,0.0798785437843122,2105,0.0535128549976256,2040,0.212734698255711,1690,0.800307911531529,1861
"T_cell","T_cell","HLA-DRB5","LAG3",0.538362369586392,1591.5,0.122805039935534,1500,0.0404904300018204,2106,0.20483440492114,1716,0.849973356574163,1044
"T_cell","NK","GNAI2","S1PR5",0.538413955952982,1515.5,0.15308659230544,1183,0.32617100933446,1198,0.400655212414102,1246,0.757259048158281,2435
"T_cell","Myeloid","MIF","TNFRSF10D",0.539385628731624,1511,0.162437265898149,1101,0.311006228729508,1238,0.246437822804363,1598,0.782261519321203,2107
"Myeloid","NK","B2M","CD3G",0.540801831678407,2064.25,0.0952818074406196,1893,-0.336208439936848,3331,-0.210140309413367,2909,0.91963064486149,124
"Myeloid","T_cell","HLA-G","KIR2DL4",0.541436522346313,1811,0.116687450427355,1581,0.0401664424412741,2109,0.106735159933157,1983,0.818070054471831,1571
"Myeloid","NK","NAMPT","ADORA2A",0.541436522346313,1552,0.0798408395048511,2109,0.409462236277168,1005,0.437677546261773,1160,0.795598676017976,1934
"NK","T_cell","TNFSF9","TNFRSF9",0.542464159584961,1435.5,0.190104416101498,829,0.129079346641428,1742,0.490910789658142,1061,0.782078437720795,2110
"Myeloid","T_cell","HLA-F","CD8B",0.542464159584961,1300.5,0.136383723956527,1345,0.0398843585741344,2110,0.368871868798677,1318,0.897879780255892,429
"B_cell","NK","HLA-DQB2","LAG3",0.543493258958368,1875,0.107191111689498,1712,0.125278192536353,1757,0.12551624519851,1920,0.78200425517007,2111
"Myeloid","NK","HLA-A","CD8A",0.544926676255933,1565.75,0.121282210959571,1526,-0.0379016768971069,2518,0.0691941371341889,2094,0.919616610609291,125
"T_cell","T_cell","HMGB1","HAVCR2",0.546589343752805,1639.5,0.083026178274844,2055,0.0395292817676411,2114,0.152391449339689,1847,0.890118882625527,542
"Myeloid","NK","APP","APLP2",0.547624305534195,1322.75,0.120997844089548,1530,0.482462449162228,839,0.651427544291323,807,0.781721797680653,2115
"B_cell","NK","LGALS3","LAG3",0.547624305534195,2074.75,0.0875392468286497,1994,0.0394753699813998,2115,0.0744054944994146,2076,0.78175563782671,2114
"Myeloid","T_cell","APOE","SORL1",0.548704891177113,1552.25,0.189274956835671,832,0.39965003079824,1035,0.397239136549927,1255,0.679171445657347,3087
"Myeloid","T_cell","HLA-A","CD8A",0.549047830798328,1407.25,0.121212242163869,1528,-0.0382555061645989,2520,0.309360557697469,1455,0.919595278769855,126
"B_cell","T_cell","F11R","ITGAL_ITGB2",0.54969863770405,1840,0.0793851422593829,2117,0.130839947326222,1736,0.18741617298203,1750,0.807295320472939,1757
"Myeloid","T_cell","TNFSF13","TNFRSF1A",0.551118072292455,1162.5,0.129874000628545,1410,0.751293904815059,436,0.797316255169867,594,0.774668693732828,2210
"Myeloid","B_cell","VIM","CD44",0.553165297506954,1575.25,0.0704619144335034,2322,0.127765517041706,1745,0.0636400506943369,2107,0.919580844434006,127
"B_cell","Myeloid","HSPA4","TLR4",0.554468089166383,1412.5,0.164594330310573,1070,0.567551809862131,681,0.396274515362978,1260,0.739620381987227,2639
"NK","Myeloid","HLA-DQB1","CD4",0.554910249893636,1476.25,0.079173855381482,2122,0.314153280957609,1226,0.311372760305727,1448,0.84630908186773,1109
"B_cell","NK","IGF1","IGF2R",0.556782563595418,1492.75,0.244908945801994,495,0.468907656139664,873,0.394275149392577,1262,0.615060672235459,3341
"NK","T_cell","VCAM1","ITGA4_ITGB7",0.55700523671059,1853.25,0.134064921988899,1373,0.0372763839017283,2124,0.0846140854641904,2046,0.799827047701327,1870
"B_cell","Myeloid","PSEN1","NCSTN",0.55700523671059,1685.5,0.079157974930575,2124,0.250300245150699,1396,0.277479868685104,1526,0.810865585678018,1696
"B_cell","NK","ICAM4","ITGAL",0.557941770421,1303.5,0.237613349295239,543,0.479654973842525,844,0.394039154620969,1263,0.746227158354773,2564
"Myeloid","NK","C3","ITGAX",0.559102290049354,1669.5,0.144503426546415,1264,0.373629705100431,1103,0.454632664341597,1131,0.660717914292209,3180
"B_cell","T_cell","COL4A4","CD44",0.559106149935653,1230.75,0.240603956384838,514,0.550433582814176,708,0.25690130319082,1575,0.780497236238835,2126
"T_cell","B_cell","CD99","CD81",0.560158832440221,1762,0.0789160981553546,2127,0.102484640504887,1838,0.185756130903942,1758,0.8319009353131,1325
"Myeloid","NK","HLA-A","KIR2DL3",0.561213000734924,1515.25,0.179556370680473,912,0.0362828268519184,2128,0.222164968406282,1666,0.830554004969475,1355
"Myeloid","Myeloid","TGFB1","ITGB1",0.562268656217166,1835,0.0965264333869567,1873,0.17537426249071,1600,0.194464289981674,1738,0.780327491105042,2129
"B_cell","Myeloid","LILRB4","LAIR1",0.564140578229101,1561,0.0655049942770561,2431,0.618726904876642,602,0.826505169402922,558,0.738201736881979,2653
"Myeloid","NK","HLA-C","CD8A",0.565495592633997,1597.25,0.119972303371605,1544,-0.0603263333921483,2631,0.0724857445846925,2084,0.919397569336445,130
"Myeloid","NK","HLA-C","KIR3DL1",0.566506177992596,1523.75,0.193909449580559,797,0.0353972108490546,2133,0.24896969001607,1588,0.8174501434611,1577
"B_cell","T_cell","HLA-DQA1","CD4",0.566506177992596,1518.25,0.0786575405939214,2133,0.253409197410949,1385,0.345444686929493,1369,0.84081169767048,1186
"Myeloid","B_cell","ADAM17","ITGB1",0.56863389838633,1928.5,0.0785924709567411,2135,0.133965048767409,1732,0.0616472888901088,2112,0.80879253534996,1735
"NK","B_cell","HLA-B","CANX",0.569598330008042,1479.5,0.0742584451382598,2223,0.161744506993283,1643,0.124507875413179,1921,0.919397369486336,131
"NK","Myeloid","NCAM1","PTPRA",0.569606008202913,1612.25,0.23018142518457,593,0.331274566700281,1192,0.386638958994767,1273,0.59370570057855,3391
"Myeloid","T_cell","LRPAP1","LDLR",0.57076760673176,1812,0.0876145812111706,1991,0.232625909985194,1439,0.216073475389479,1681,0.779472546523872,2137
"Myeloid","NK","THBS1","PTPRJ",0.570779644208484,1561,0.177644517880133,935,0.296417563018616,1274,0.458603992644491,1120,0.707633140404547,2915
"NK","NK","HLA-F","CD8A",0.571836709893418,1502.5,0.122103592121099,1514,0.0330016343914522,2138,0.0596282460183482,2121,0.911765717101987,237
"B_cell","NK","ICAM4","ITGAM",0.571954590643375,1589,0.143436974589476,1275,0.509945444552718,788,0.569067255950649,924,0.602091974637298,3369
"T_cell","NK","VCAM1","ITGA4_ITGB7",0.572907314252782,1706.25,0.139346081957079,1316,0.0328307120921814,2139,0.267031756515581,1548,0.802902062245307,1822
"T_cell","B_cell","GNAI2","CAV1",0.573130847279995,1499.5,0.149847639402788,1219,0.46584546214113,882,0.386111076363262,1276,0.741269572955167,2621
"Myeloid","T_cell","HLA-C","CD8A",0.573697390545282,1439.25,0.119903090273344,1545,-0.0606801626596403,2633,0.312652165147972,1447,0.919376184464843,132
"NK","T_cell","HLA-F","CD8A",0.573979421214482,1340.75,0.122033149463235,1515,0.0326478051239602,2140,0.299794666581628,1470,0.911742501774227,238
"T_cell","Myeloid","CD99","CD99L2",0.573979421214482,1784.75,0.110457314343296,1677,0.135980223897678,1728,0.248176239536057,1594,0.779244918192841,2140
"T_cell","NK","GNAS","ADCY7",0.573979421214482,1744.5,0.0781795898263499,2140,0.0739477432433163,1949,0.135978398114682,1892,0.853442129124652,997
"B_cell","T_cell","HMGB1","CXCR4",0.577792776443139,1918.5,0.0676625666600892,2390,-0.0390169017808832,2527,-0.108332772879058,2624,0.919288390875873,133
"Myeloid","B_cell","PLAU","ITGB1",0.579362544266023,1463,0.147800932019646,1243,0.40191854766896,1027,0.31787645886127,1437,0.779035553535563,2145
"Myeloid","Myeloid","GSTP1","TRAF2",0.581526360938581,1716.25,0.0779239241780382,2147,0.314225789490936,1225,0.310128238318428,1452,0.786463467101987,2041
"Myeloid","B_cell","HLA-B","CANX",0.581884489898377,1493.5,0.0740380518408698,2228,0.127148701214832,1748,0.147723334345823,1864,0.919287167104735,134
"B_cell","B_cell","HMGB1","TLR9",0.582610539364441,1800.75,0.118538393486225,1560,0.197128073788894,1536,0.0516527256641014,2148,0.793409042803129,1959
"NK","Myeloid","PSEN1","NOTCH2",0.583696233063859,1500,0.0778283782439835,2149,0.360832879411503,1128,0.40964380968109,1221,0.821596609591313,1502
"NK","Myeloid","PSAP","SORT1",0.584783443448031,1424.5,0.168620813019739,1043,0.396833414254236,1044,0.306516384085299,1461,0.778817930856278,2150
"Myeloid","NK","PKM","CD44",0.584783443448031,1528.25,0.0777701219867243,2150,0.109110796889774,1809,0.113205654918126,1961,0.915262265189137,193
"NK","NK","GNAI2","S1PR5",0.584965423262284,1515.5,0.142514356603167,1286,0.306824101441071,1250,0.515375982517283,1016,0.750621568800986,2510
"B_cell","Myeloid","COL4A4","CD47",0.585516746182081,1244.25,0.245923832626749,487,0.612677325817826,615,0.308769605126813,1457,0.758286210799403,2418
"T_cell","Myeloid","GZMB","IGF2R",0.588054188830902,1780,0.115823971373899,1599,0.11642670074462,1789,0.0487299061997319,2153,0.817330488025948,1579
"NK","NK","GNAS","ADCY7",0.588054188830902,1757.25,0.0776117823635501,2153,0.0677944406711014,1980,0.135199454358111,1894,0.852985669707019,1002
"T_cell","Myeloid","PKM","CD44",0.590242295078101,1508.25,0.0775318973364042,2155,0.132447201756363,1734,0.116371869750489,1948,0.915143220784348,196
"Myeloid","Myeloid","TXLNA","STX3",0.592128947548889,1499,0.219251757187377,652,0.351898428967441,1156,0.380299929866869,1292,0.70985203331189,2896
"NK","Myeloid","HLA-DMA","CD4",0.593535896733031,1468.25,0.0772224732813504,2158,0.326071193334636,1200,0.324277631144376,1420,0.847251409909209,1095
"Myeloid","T_cell","PSEN1","NCSTN",0.594636820892262,1735.25,0.0771910621329082,2159,0.259499599200858,1370,0.216337612436657,1680,0.808928591429263,1732
"NK","T_cell","TNF","ICOS",0.595739275884348,1388.25,0.179033025242758,920,0.12427233989945,1764,0.712766489128652,709,0.777722044470308,2160
"NK","B_cell","SELPLG","SELL",0.595739275884348,1728.5,0.0770622965714717,2160,0.135211352883419,1729,0.122053942511065,1932,0.847374691058122,1093
"T_cell","NK","HLA-F","CD8B",0.596843263127714,1554.25,0.119843681985137,1548,0.0681917889369176,1979,0.0447598027669147,2161,0.891798343196538,529
"B_cell","T_cell","IL16","CD4",0.597948784041437,1966,0.0769619961651077,2162,0.0703626017193287,1971,0.0920385093489503,2017,0.809933608230676,1714
"B_cell","NK","ICAM4","ITGB2",0.598134469245711,1280.25,0.198238796645522,762,0.470528374401995,869,0.377706631814108,1297,0.775509111972503,2193
"Myeloid","B_cell","TIMP2","ITGB1",0.599055840045255,1498,0.142776676194582,1285,0.455472402599373,904,0.234156033044776,1640,0.777513869332593,2163
"B_cell","Myeloid","NAMPT","ITGA5_ITGB1",0.599055840045255,1516,0.0768281506598437,2163,0.293136717896816,1282,0.246578929331804,1597,0.851433098953971,1022
"NK","T_cell","TNF","TNFRSF1B",0.600164432559561,1927.5,0.0768019796981382,2164,0.0365037115326455,2127,0.134751294241881,1898,0.820464113956167,1521
"NK","B_cell","HSP90B1","TLR9",0.60349944337919,1645.75,0.112548572531726,1645,0.319383596575586,1217,0.265574186133218,1554,0.777174059940329,2167
"T_cell","NK","HLA-G","KIR3DL1",0.604614196152517,1398.75,0.214847113302545,677,0.248353128405603,1404,0.356905881089601,1346,0.777156086670759,2168
"NK","T_cell","SELPLG","ITGB2",0.605730492548149,1673.5,0.0793827069473723,2118,0.0571195133905776,2026,0.0430319259616909,2169,0.900895929308393,381
"B_cell","Myeloid","F11R","ITGAL_ITGB2",0.605730492548149,1953.25,0.0766396422638462,2169,0.116922860376159,1785,0.078429879090961,2063,0.804542733133226,1796
"B_cell","NK","MIF","CD74_CXCR4",0.606357772270931,1756.75,0.0681028267687902,2382,0.0187357766057957,2199,-0.00603848707452825,2306,0.919103151383281,140
"B_cell","NK","GNAI2","S1PR5",0.607811133612223,1574,0.140511065542031,1305,0.30315813250745,1261,0.416189421892422,1205,0.749294250517136,2525
"T_cell","B_cell","NAMPT","INSR",0.607967721904326,1732.25,0.0891956069569553,1971,0.423021876676223,970,0.165818568658751,1817,0.777035511039091,2171
"B_cell","B_cell","FARP2","PLXNA3",0.60902658069712,1751,0.143280508673935,1278,0.319584518607688,1216,0.374139797190491,1306,0.655604147168393,3204
"B_cell","NK","HLA-DQB1","LAG3",0.609088657715509,1943.75,0.0946444095644182,1903,0.0473012795641662,2071,0.042845198446478,2172,0.81518478697206,1629
"B_cell","Myeloid","BST2","LILRA4",0.610211142850277,1439.5,0.139232575608187,1317,0.348602581439363,1162,0.465315352500159,1106,0.77691988954877,2173
"B_cell","T_cell","MIF","CD44_CD74",0.6104238400821,1617.75,0.0705086988360555,2321,0.110186819713479,1804,0.025315809114941,2205,0.918903200833922,141
"Myeloid","T_cell","INHBA","ACTR2",0.611461381083372,1497,0.234385329965833,571,0.348936918905706,1161,0.3733849834906,1308,0.703974936719762,2948
"Myeloid","Myeloid","MMP9","CD44",0.613587908468984,1366.5,0.212688905266607,687,0.363003214389548,1122,0.296249031942794,1481,0.776598274474268,2176
"T_cell","T_cell","BTLA","CD247",0.614716605174271,1436,0.195925910735524,783,0.127703077287223,1746,0.503202026184185,1038,0.776508452078806,2177
"T_cell","Myeloid","IL16","CCR5",0.614716605174271,1983.25,0.101410761985725,1802,0.0377403988734096,2121,0.0390148339248994,2177,0.802149189262574,1833
"Myeloid","T_cell","CD48","CD244",0.615846858344518,1915.25,0.0962917200965435,1876,0.146088330978435,1688,0.125586900664926,1919,0.776499340313679,2178
"T_cell","Myeloid","CALM2","PDE1B",0.61697866940997,1520.75,0.190126901359931,828,0.2225981382534,1461,0.240833915932805,1615,0.776442221164132,2179
"T_cell","Myeloid","TXLNA","STX3",0.61757115461023,1579.25,0.196338606902236,780,0.309321381680101,1244,0.371160404921422,1313,0.698354754813169,2980
"T_cell","Myeloid","PTDSS1","SCARB1",0.61757115461023,1480.5,0.139779673526436,1313,0.418165041880129,979,0.534370919622694,978,0.738317676793462,2652
"NK","T_cell","VCAM1","ITGA4_ITGB1",0.61811203980153,1850,0.122345587444666,1509,0.022947176379096,2180,0.0403744229692299,2174,0.819822130707937,1537
"Myeloid","T_cell","COPA","CD74",0.61811203980153,1490.5,0.076260494948954,2180,0.167337467911105,1626,0.133287685318049,1904,0.910683009141274,252
"B_cell","NK","HLA-B","CD8A",0.618545013218869,1887.75,0.114487538530939,1614,-0.644271799613051,3435,-0.0195508475737673,2359,0.918736466168187,143
"NK","Myeloid","TNFSF9","PVR",0.618797010798951,1543.75,0.256080166101703,437,0.294477579539752,1278,0.371043334620736,1314,0.668014450940109,3146
"T_cell","B_cell","ENTPD1","ADORA2A",0.619246970950758,1943.25,0.103464048682863,1772,0.0654438337244031,1990,0.158520011317155,1830,0.776338647948989,2181
"NK","B_cell","GNAI2","CAV1",0.620024166776358,1493.5,0.139499087388288,1315,0.446498554247741,926,0.500831846466442,1045,0.734348257126335,2688
"Myeloid","NK","CXCL11","CXCR3",0.621252622236041,1413.75,0.255754500842655,441,0.396408641510328,1045,0.369963507347048,1316,0.717310055153262,2853
"NK","NK","TGFB1","TGFBR3",0.621252622236041,1494.75,0.211069956641149,690,0.28173895835362,1316,0.466615692734786,1104,0.714438983383538,2869
"Myeloid","T_cell","TNF","NOTCH1",0.621521521251736,1480,0.151049154349122,1210,0.259137282640161,1371,0.439579193153945,1156,0.776226841784789,2183
"NK","Myeloid","ADAM17","ITGA5",0.622278519146588,1212.75,0.132441941663999,1388,0.602300426688964,636,0.766297301635052,637,0.775896426069817,2190
"B_cell","B_cell","MIF","CD74_CXCR4",0.62260012292552,1771.25,0.0674216780674454,2398,0.0495766393655631,2055,-0.0653581329353063,2488,0.91872866288582,144
"B_cell","Myeloid","SELPLG","SIGLEC5",0.623802331778515,1618.5,0.148230171319036,1236,0.407767132976681,1008,0.0848539502732746,2045,0.776065586522479,2185
"T_cell","Myeloid","PSAP","SORT1",0.624945088212457,1622.25,0.16326055188325,1093,0.380914826410228,1076,0.0551468402779839,2134,0.776022958382402,2186
"T_cell","NK","ITGB2","CD226",0.624945088212457,1929.75,0.107762072597295,1704,0.038060521256014,2120,0.0330017859697344,2186,0.810283046031363,1709
"T_cell","Myeloid","TNF","TRPM2",0.624945782415077,1559.25,0.166176122010634,1057,0.434635221551841,945,0.368389879246518,1319,0.707400811478651,2916
"T_cell","T_cell","ENTPD1","ADORA2A",0.626089414007216,1878.5,0.103058787782097,1777,0.0644112355088867,1995,0.2644984886585,1555,0.775997734008861,2187
"B_cell","T_cell","HLA-B","CD8A",0.626651584310622,1716.25,0.114421489642726,1615,-0.644625628880544,3436,0.220615572989512,1669,0.918714921404595,145
"T_cell","T_cell","B2M","TFRC",0.627235310598948,1543.5,0.07603945215042,2188,0.120319304961573,1774,0.109708790358598,1973,0.911724640954975,239
"T_cell","NK","ARPC5","LDLR",0.628382779424468,2065.5,0.0760022702408756,2189,0.0284063665919334,2156,0.0852127478617876,2042,0.799508065071422,1875
"B_cell","NK","BSG","SLC16A1",0.629531821921246,2108,0.0761390688480569,2183,0.0811930859215086,1927,0.0318239018878833,2190,0.780152982538206,2132
"B_cell","Myeloid","TGFB1","SDC2",0.629888169805227,1766.75,0.14884076632985,1230,0.381529669055747,1072,0.365704672143883,1323,0.560372404492991,3442
"NK","T_cell","HLA-F","CD8B",0.63298840582369,1337.75,0.135165956547289,1359,0.0209455342079511,2193,0.350595198225574,1359,0.897467850871718,440
"Myeloid","NK","C3","CD46",0.633608579538751,1489.25,0.204263332352717,724,0.35023164254611,1157,0.364048731214671,1326,0.729566052532393,2750
"NK","T_cell","B2M","TFRC",0.634143757393345,1614.75,0.0756843174294642,2194,0.0546939021867018,2034,0.103745426639745,1991,0.911536075546258,240
"NK","NK","HMGB1","CXCR4",0.634743570871051,1955.75,0.0662647312742475,2423,-0.0745341214023317,2712,-0.0848976676969062,2541,0.918510548987795,147
"T_cell","T_cell","CCL3","CCR5",0.635300689831465,1964.25,0.097946531653879,1849,0.0205040120409117,2195,0.152975317711378,1845,0.792709361438777,1968
"Myeloid","B_cell","IL1B","SIGIRR",0.637523191313604,1348.75,0.108215722526453,1700,0.650117194425419,559,0.761071497470586,646,0.7521884464435,2490
"T_cell","T_cell","HLA-DRA","LAG3",0.637619303079403,1789.5,0.106387975641936,1728,0.0191170455845677,2197,0.0730483454512585,2083,0.84302342188298,1150
"B_cell","B_cell","COPA","CD74",0.637619303079403,1434.5,0.0754128197836175,2197,0.257087500249418,1374,0.129091039718751,1910,0.910227367979166,257
"NK","Myeloid","ICAM1","ITGAX_ITGB2",0.63983517761531,1431.75,0.0574081879462561,2604,0.467230796035349,879,0.581491366713444,913,0.831751569066859,1331
"Myeloid","Myeloid","TNF","NOTCH1",0.642275563462976,1514.25,0.1492975020284,1226,0.255882292657774,1380,0.399321495286902,1250,0.775212169824098,2201
"Myeloid","T_cell","APP","APLP2",0.643443602376659,1502,0.112167704965317,1653,0.4631077759613,888,0.392886222057679,1265,0.775187760297532,2202
"Myeloid","NK","SELPLG","ITGB2",0.643443602376659,1724.5,0.0751738683670148,2202,0.0425190005728479,2093,0.032373462129589,2188,0.898437319416258,415
"Myeloid","T_cell","CD274","PDCD1",0.644335946881741,1185.75,0.302828221437262,312,0.240317300026918,1420,0.758817651409722,650,0.763500397785507,2361
"B_cell","Myeloid","TGS1","RXRA",0.646094133386247,1659.75,0.137570085411433,1336,0.448864864512152,923,0.462082457010215,1112,0.641108965303728,3268
"Myeloid","T_cell","GPI","AMFR",0.646957279413928,1929.5,0.0749970725804726,2205,0.0965883702400865,1860,0.0281080768403014,2198,0.82414387606987,1455
"NK","Myeloid","IRAK4","TLR6",0.647349803703083,1677.75,0.162274056387404,1103,0.383600997133876,1069,0.362132085286341,1337,0.65615223078974,3202
"B_cell","B_cell","GNAI2","CAV1",0.647349803703083,1553.25,0.137538181263021,1337,0.44283258531412,932,0.401645285841582,1241,0.732965137397559,2703
"NK","NK","TGFB1","ITGB1",0.648131696682835,1908.5,0.0907185863554304,1950,0.121055691040903,1773,0.209817011019771,1705,0.774962665187737,2206
"Myeloid","B_cell","ADAM10","CD44",0.648131696682835,1747.75,0.08639618366569,2013,0.0299561711931612,2149,0.0250739491311017,2206,0.882911467710816,623
"Myeloid","T_cell","GPI","NTRK1",0.649307712160499,1631.5,0.165417217913702,1059,0.140761225344783,1707,0.266188388046011,1553,0.774743526784726,2207
"T_cell","NK","SELPLG","ITGB2",0.649307712160499,1720,0.0749500870319041,2207,0.0409021961417045,2100,0.0474245234572557,2156,0.898301220690813,417
"Myeloid","Myeloid","ENTPD1","ADORA3",0.649865020713137,1415.75,0.294505338254738,330,0.388128657894031,1061,0.36045801219831,1339,0.705692921267047,2933
"T_cell","Myeloid","VIM","CD44",0.650883860400175,1687,0.0681763744934422,2378,0.0950131659643705,1863,-0.0180464358190828,2356,0.918353124681868,151
"Myeloid","T_cell","ADAM10","TSPAN5",0.651124566700919,1424,0.229092417592209,596,0.271544471291696,1340,0.468173369848757,1103,0.737639103043342,2657
"T_cell","T_cell","HLA-DQA1","LAG3",0.651664543539926,2038.5,0.0880325684524645,1986,0.0172705448220104,2209,0.0512161215998896,2150,0.803680526698636,1809
"Myeloid","NK","HLA-G","KIR3DL1",0.654027785154441,1487.5,0.208781061772585,704,0.208725912845304,1503,0.272119583734266,1532,0.774666199637205,2211
"Myeloid","NK","HLA-C","KIR2DS4",0.654027785154441,1571.25,0.179352703684404,914,0.0168328643888285,2211,0.223491096278598,1663,0.821683448140974,1497
"T_cell","Myeloid","SPON2","ITGB2",0.654027785154441,1751.5,0.08160480180601,2073,0.200872613038039,1529,0.0238990427221527,2211,0.840522439546687,1193
"Myeloid","NK","GNAS","ADCY7",0.654027785154441,1856,0.0747682879909353,2211,0.0369796268769817,2125,0.0827384566647213,2052,0.850629894810051,1036
"Myeloid","NK","CD58","CD2",0.655211813428427,1569,0.14788613398191,1242,0.0492059543602391,2057,0.0237751453083437,2212,0.870193977231611,765
"Myeloid","T_cell","ADAM10","TSPAN17",0.656175658881724,1396,0.193276348356079,801,0.269536675409292,1344,0.483737381394885,1073,0.763046780395174,2366
"NK","Myeloid","ADAM10","TREM2",0.657441657181348,1532.5,0.200978817306168,742,0.380252107714048,1077,0.356960230654637,1345,0.701170033482143,2966
"B_cell","NK","LRPAP1","LDLR",0.658773545550206,1956.5,0.0826961998647912,2060,0.129161496828818,1740,0.168763545571635,1811,0.774466968847946,2215
"Myeloid","NK","LAMB3","CD44",0.659964010203711,1529.75,0.205101307993668,721,0.239817853036583,1422,0.184964138507592,1760,0.77437185018075,2216
"T_cell","Myeloid","CCL4L1","CCR5",0.659964010203711,1797.25,0.123058625358472,1496,0.0407934163754348,2102,0.0219159975186797,2216,0.829340800922818,1375
"Myeloid","T_cell","INHBA","TGFBR3",0.659977521534121,1520.75,0.331053452199077,255,0.373692598871385,1102,0.35686134891878,1347,0.598211720567307,3379
"Myeloid","T_cell","TNFSF10","RIPK1",0.659977521534121,1620.75,0.136239916017994,1347,0.282784009579593,1312,0.450302325428351,1139,0.73447901959341,2685
"NK","NK","TNF","TNFRSF1B",0.661156087588466,1979.5,0.0745356229005014,2217,0.0187122500266934,2200,0.121739303368983,1933,0.818247418625677,1568
"Myeloid","T_cell","TNF","TRAF2",0.661247386850309,1495,0.163775477686494,1081,0.267734065672818,1348,0.512953380154132,1020,0.748825631817598,2531
"T_cell","Myeloid","CALM3","PDE1B",0.662518540431771,1444,0.236438625880277,550,0.26770026235939,1349,0.397701292009275,1253,0.740857262826257,2624
"Myeloid","B_cell","MIF","CD44_CD74",0.6629509232558,1655,0.0690611534718257,2359,0.0943360794882863,1868,0.0152220611001407,2239,0.918126923799989,154
"Myeloid","B_cell","ST6GAL1","CD22",0.663545086375832,1281.5,0.123224380521842,1488,0.72635599942118,457,0.545057640199549,962,0.774094488050058,2219
"NK","NK","CCL5","CXCR3",0.664742010692138,1522.75,0.127114385573491,1441,0.163539292634419,1637,0.0208231514557758,2220,0.868079432566035,793
"T_cell","Myeloid","TNF","TNFRSF21",0.665064710894918,1674.25,0.148453172434244,1233,0.401419870189863,1028,0.354100743645077,1351,0.679710096055017,3085
"B_cell","Myeloid","ADAM17","ITGA5",0.665940553567083,1254.75,0.129188046257774,1421,0.597362241726309,643,0.695174743550317,734,0.773726333681871,2221
"Myeloid","B_cell","ARPC5","ADRB2",0.665940553567083,1756.25,0.0744016215770309,2221,0.30192018034153,1264,0.24687213250977,1596,0.794571535206494,1944
"B_cell","NK","HLA-C","CD8A",0.666966021705613,1837.75,0.115796126269219,1601,-0.337148310900335,3332,0.00820723988971528,2263,0.91807500318029,155
"Myeloid","T_cell","TNFSF12","TNFRSF25",0.668357845579079,1316.5,0.357726678669656,223,0.264712031385231,1357,0.745353657165047,664,0.692234788211695,3022
"B_cell","T_cell","HLA-DRB5","LAG3",0.670750939832894,1620,0.11759465090942,1568,0.0144204556068523,2225,0.24860729010656,1591,0.847188081114847,1096
"T_cell","NK","HLA-A","CD8B",0.670750939832894,1518.75,0.116537764210748,1585,0.0934691304716541,1874,0.0195642812929675,2225,0.900284847253435,391
"NK","Myeloid","CD99","CD99L2",0.670750939832894,1954,0.103336463126445,1774,0.0841896795191616,1908,0.13042858656124,1909,0.773459944698176,2225
"B_cell","T_cell","HLA-C","CD8A",0.670977495875469,1670.75,0.115729322444998,1602,-0.337502140167827,3333,0.248373660452995,1592,0.918053298690195,156
"B_cell","Myeloid","ADAM10","AXL",0.671452655315189,1357.5,0.135446965960661,1356,0.521916966197229,765,0.529881529340316,982,0.76621368195134,2327
"NK","T_cell","FAM3C","PDCD1",0.671957597391512,1517,0.162006910425566,1105,0.109308869917766,1808,0.566487803093007,929,0.773449416485347,2226
"Myeloid","NK","TGFB1","TGFBR3",0.674016832339801,1557.25,0.1968339729579,775,0.263720192453042,1358,0.430025468210315,1177,0.707262867551482,2919
"Myeloid","B_cell","THBS1","ITGA4",0.674375795929461,1756.25,0.133086476997026,1382,0.143893717743101,1694,0.201445290183975,1721,0.773326651358351,2228
"B_cell","NK","B2M","CD3G",0.674985347947025,2166,0.0912369841302688,1943,-0.920123546078174,3471,-0.310990688737816,3093,0.918012927615869,157
"Myeloid","NK","HLA-C","KIR2DL3",0.675587339834308,1545.75,0.177617073478014,936,0.0138581703568769,2229,0.225456575856785,1658,0.830137099665246,1360
"T_cell","T_cell","GNAI2","CXCR3",0.676800515447846,2105.25,0.0750166675130444,2204,0.0138196982473392,2230,0.0965876929342879,2008,0.7916495129935,1979
"B_cell","Myeloid","VIM","CD44",0.678989580101283,1672.5,0.0674535432502543,2396,0.08642155566753,1901,0.0163486522818466,2235,0.917952624088928,158
"T_cell","Myeloid","MAML2","NOTCH2",0.680449847187882,1363,0.128533487213549,1429,0.450144509173962,918,0.610831854677091,872,0.7729826746811,2233
"T_cell","T_cell","ADAM10","TSPAN14",0.680449847187882,1935.5,0.0767897699939256,2165,0.0130950788837514,2233,0.133391143524097,1903,0.825194889524404,1441
"B_cell","Myeloid","ADAM10","NOTCH2",0.68289092042288,1655.75,0.0739066164056992,2235,0.328309135369012,1195,0.245551452480977,1604,0.816996549228641,1589
"NK","Myeloid","CCL3","CCR5",0.684113917063955,2070,0.0974984208114544,1854,0.0161035279296694,2217,0.0162768789134061,2236,0.792332356707372,1973
"B_cell","B_cell","NAMPT","INSR",0.684113917063955,1755,0.0850241842676477,2030,0.4058419344029,1014,0.193413221254462,1740,0.772858974337085,2236
"NK","B_cell","CD99","CD81",0.684113917063955,1949.5,0.0738286143891625,2236,0.0506940961263702,2052,0.0680084779291253,2097,0.827189824536903,1413
"T_cell","NK","GZMB","IGF2R",0.686564837734967,1987.75,0.0965525377069668,1872,0.0570212155892765,2027,0.0158806405655602,2238,0.803351238218913,1814
"Myeloid","B_cell","APP","APLP2",0.687792764703558,1470.75,0.109086178171815,1694,0.456353415332429,903,0.497640851074379,1047,0.772751123687768,2239
"NK","Myeloid","PSEN1","NCSTN",0.687792764703558,1716.25,0.0736095084687461,2239,0.232917618659712,1437,0.327436306974749,1406,0.805230017505205,1783
"NK","B_cell","ST6GAL1","CD22",0.689022338054403,1297.75,0.121331850785668,1525,0.722022654325761,463,0.543243533872048,963,0.772738320137496,2240
"Myeloid","T_cell","HLA-A","CD8B",0.689509676167702,1398.75,0.134256705898235,1370,-0.049957777080608,2583,0.360161089341415,1340,0.906460420837302,302
"T_cell","Myeloid","NAMPT","INSR",0.690253559258471,1773.25,0.0845880984761077,2036,0.391316377518636,1054,0.184559045694252,1762,0.772407309818722,2241
"Myeloid","T_cell","APP","NOTCH2",0.691486429787387,1448,0.119700392296159,1550,0.473528349537002,859,0.44963783745305,1141,0.772205364789558,2242
"T_cell","NK","HLA-E","CD8B",0.691486429787387,1545,0.116276712960185,1587,0.0811258485089147,1929,0.0146077777929894,2242,0.898198412755177,422
"Myeloid","NK","ADAM17","NOTCH1",0.692109750257459,1589.25,0.134109446283016,1372,0.280516648393407,1318,0.406810638503659,1230,0.756973617462055,2437
"Myeloid","T_cell","TNF","TRADD",0.692720951113435,1699.25,0.105417891958006,1749,0.232799089864049,1438,0.346732453260042,1367,0.772129650908123,2243
"Myeloid","T_cell","LRPAP1","SORL1",0.692720951113435,1854.75,0.0734641571137714,2243,0.208303123975157,1506,0.160434625310484,1827,0.801619980108089,1843
"Myeloid","B_cell","ENTPD1","ADORA2A",0.693957124709554,2083.25,0.0984983434774536,1838,0.0460623093639009,2076,0.0403735011008446,2175,0.772039528343955,2244
"T_cell","T_cell","HLA-DQB1","LAG3",0.693957124709554,1985.5,0.0945606137094278,1905,0.010519309016909,2244,0.0458137936127939,2159,0.815118053410093,1634
"Myeloid","NK","HLA-E","CD8A",0.694970353142372,1598.5,0.120415494697568,1538,-0.0472097191784564,2562,0.0564930522219123,2132,0.917711851068918,162
"T_cell","T_cell","TNFSF9","TNFRSF9",0.695194952049341,1586,0.169279424443513,1041,0.0946309380108369,1866,0.424732194244108,1192,0.772029844063866,2245
"Myeloid","T_cell","PSEN1","NOTCH2",0.697675573857586,1783.5,0.0733473960572674,2247,0.236116217543806,1430,0.142878755106067,1876,0.817209193467245,1581
"Myeloid","NK","B2M","CD247",0.698956518402172,1547,0.127213992803991,1440,-0.0756442085730463,2717,0.145486909827953,1868,0.917697865980052,163
"NK","NK","LCK","CD8A_CD8B",0.700162828340077,1410.25,0.198277494595167,761,0.060952584395926,2011,0.012585174761649,2249,0.883189626522043,620
"Myeloid","T_cell","ENTPD1","ADORA2A",0.700162828340077,2009.5,0.0981125328706794,1843,0.0450297111483845,2079,0.146351978442189,1867,0.771693988585659,2249
"T_cell","Myeloid","S100A4","CCR5",0.701408946525136,1806.75,0.105857227431421,1739,0.0233909180027592,2178,0.012437372061416,2250,0.849293242814467,1060
"Myeloid","T_cell","HLA-E","CD8B",0.702561163090073,1426.25,0.133297270302823,1380,-0.0592658193619576,2625,0.347460004429138,1366,0.904276363207725,334
"Myeloid","T_cell","HLA-E","CD8A",0.702939076816888,1436.5,0.120346025918254,1539,-0.0475635484459485,2564,0.296659472785192,1479,0.917690058994218,164
"Myeloid","NK","B2M","KLRC1",0.703873333250225,1359.75,0.170905699942208,1017,0.0022745137239166,2292,0.341309546208593,1381,0.871461949966682,749
"B_cell","Myeloid","IL16","CCR5",0.705157282587979,1808,0.120222470793735,1541,0.108245546631188,1813,0.0121068780084418,2253,0.815306091897475,1625
"Myeloid","Myeloid","CD99","CD99L2",0.705157282587979,2028.5,0.100995240748894,1811,0.0671617740410082,1982,0.0762091960580547,2068,0.771445910009026,2253
"Myeloid","Myeloid","ARF6","PLD1",0.70518677831279,1378,0.218975616657671,657,0.338996810491228,1174,0.340912859203918,1382,0.768366510879467,2299
"Myeloid","NK","APP","NOTCH2",0.706410060040986,1379,0.11857137864428,1558,0.470913459479641,866,0.629451346260071,838,0.771370788843193,2254
"NK","Myeloid","ARF6","PLD1",0.706501497839334,1418.25,0.210345128489565,693,0.306227308878618,1252,0.340642876747364,1383,0.764768879234127,2345
"T_cell","Myeloid","LGALS9","HAVCR2",0.708920621975092,1852,0.0782561915357294,2138,0.111549584847448,1801,0.0100299091074006,2256,0.839245120714559,1213
"T_cell","NK","CCL5","SDC4",0.708920621975092,2124.75,0.0731687256375239,2254,0.00823446539246635,2256,0.0205817320200335,2221,0.806487549843618,1768
"Myeloid","NK","CCL20","CXCR3",0.709134758520772,1557.5,0.23093322673408,584,0.260528674167382,1366,0.340148701540848,1385,0.709898146981159,2895
"Myeloid","T_cell","HLA-C","CD8B",0.710453298788946,1431.5,0.132806667377335,1386,-0.0723824335756494,2701,0.363452696791918,1333,0.906209185826322,306
"Myeloid","Myeloid","LGALS1","CD69",0.711437869822081,1651.5,0.0730724361367817,2258,0.222801178872252,1460,0.0819957630312026,2054,0.865752086668915,834
"T_cell","Myeloid","TNFSF10","TNFRSF10B",0.714416553941594,1631.25,0.132387298621507,1389,0.2611942375655,1363,0.36361074772216,1332,0.756846485199266,2441
"B_cell","NK","HMGB1","CXCR4",0.714865132751292,2089,0.0640814800237162,2463,-0.104319538669599,2840,-0.203070891033208,2886,0.917247917530977,167
"B_cell","Myeloid","LGALS1","ITGB1",0.715226303625207,1585.25,0.0730111703189446,2261,0.176332139481716,1597,0.178529650916032,1783,0.875382540343266,700
"B_cell","Myeloid","HSPA1A","TLR4",0.716492470704053,1481,0.133350689304273,1379,0.484471369345988,837,0.312826732415397,1446,0.771056788646646,2262
"B_cell","NK","COL4A4","CD47",0.717199426689178,1338,0.227723793241079,606,0.562343773615841,692,0.266493436181242,1551,0.751170056828817,2503
"B_cell","T_cell","ICAM4","ITGB2",0.717760318163619,1397.5,0.188253650924171,840,0.424299530812595,966,0.278508184855012,1521,0.770978317878044,2263
"Myeloid","B_cell","BSG","SLC16A1",0.719029847489981,2088.5,0.072849672162387,2264,0.134585553591491,1731,0.0376723852379509,2179,0.776342227950766,2180
"Myeloid","NK","SNCA","LAG3",0.722377378068695,1532,0.302699793653169,313,0.303726010826332,1259,0.332113859144409,1395,0.665652177044193,3161
"B_cell","NK","COL4A4","ITGA1_ITGB1",0.722493285454904,1418,0.267866775558739,392,0.561526511376494,695,0.283844067258403,1499,0.679384977956117,3086
"B_cell","T_cell","CD70","CD27",0.724124813207899,1510.5,0.178411321223001,924,0.160562623300945,1648,0.416760162353165,1202,0.770350720043336,2268
"T_cell","NK","FAM3C","CLEC2D",0.724124813207899,2008,0.105679610258758,1743,0.00652598047515058,2268,0.0189817060316986,2226,0.804777049928981,1795
"T_cell","Myeloid","ARF6","PLD1",0.725041139716199,1408.5,0.212798106680612,685,0.315541135770158,1222,0.331697416293921,1397,0.765810162371901,2330
"T_cell","T_cell","ITGB2","CD226",0.725402774182373,2067.75,0.0922884470942249,1929,0.00616083311847502,2269,0.0359429694560714,2181,0.798081565985223,1892
"Myeloid","NK","PSEN1","NOTCH2",0.725402774182373,1681.75,0.0726555836923293,2269,0.233501327486445,1435,0.322692263913089,1423,0.816500318091209,1600
"T_cell","Myeloid","ADAM17","ITGA5",0.726682425953892,1312.5,0.124000038532848,1481,0.589488804342813,651,0.622724070342775,848,0.770118326911634,2270
"NK","NK","HLA-E","CD8B",0.726682425953892,1573.25,0.115896877961654,1598,0.0635370034090582,2000,0.00576215550466075,2270,0.898048722924394,425
"T_cell","T_cell","HLA-DQA2","LAG3",0.729246807851422,2139,0.0828592525401209,2057,0.0212129334748882,2190,0.0861237071493089,2037,0.770071434289849,2272
"T_cell","NK","CCL5","CCR5",0.730531540960752,1911,0.0917203703476388,1936,0.00535791957638877,2273,0.0444558989940252,2164,0.834765281303354,1271
"T_cell","NK","HLA-B","CD3G",0.730716176792728,1896.5,0.0972795788102687,1860,-0.0643942238730325,2658,-0.207203050682749,2897,0.917008610273738,171
"NK","Myeloid","TGFB1","LPP",0.731722719468961,1583.75,0.130667060568529,1402,0.284023088559573,1309,0.416232136720864,1204,0.758244082655598,2420
"B_cell","NK","ARPC5","ADRB2",0.731817970833764,2158,0.072526845218988,2274,0.0167577576782557,2213,0.0419931525545135,2173,0.792480841869079,1972
"B_cell","B_cell","TGFB1","CAV1",0.733062833169493,1707.25,0.130411621053538,1403,0.459083356791199,894,0.429814701848602,1178,0.610399453541906,3354
"T_cell","B_cell","SEMA4D","CD72",0.73310609896376,1965.25,0.0794395134896397,2116,0.105200617532082,1822,0.230476269826451,1648,0.76977384702727,2275
"T_cell","NK","PTDSS1","JMJD6",0.73310609896376,2046.25,0.0724444315744365,2275,0.0694737925847339,1975,0.122296803677659,1930,0.789727780811592,2005
"T_cell","Myeloid","GPI","AMFR",0.734395926844699,1928.75,0.0724288650981995,2276,0.0468391958554034,2073,0.146992315523827,1865,0.821604604461426,1501
"T_cell","Myeloid","MIF","CD44_CD74",0.734669958742139,1552.75,0.0669337454965396,2409,0.182927604256445,1574,0.0812002458725509,2056,0.916943204462797,172
"T_cell","NK","CXCL13","CXCR3",0.738275623942602,1700,0.155256214824595,1161,0.00463738922355238,2279,0.329520968327609,1400,0.793207596530641,1960
"Myeloid","B_cell","CD99","CD81",0.738275623942602,2024,0.0721559308186014,2279,0.0336661906482168,2136,0.01378908742594,2247,0.825545729532563,1434
"B_cell","B_cell","TNFSF9","FCRL1",0.738435931160854,1544.5,0.130048570538521,1407,0.806288727587034,393,0.412285601661854,1216,0.665393257592342,3162
"B_cell","B_cell","HLA-B","CANX",0.738620153410454,2040.5,0.0695322105494441,2342,-0.580146901840009,3417,0.0183657949028828,2230,0.916926871438427,173
"Myeloid","NK","CXCL11","CCR5",0.741130059276815,1588.75,0.209630214385361,699,0.357572762919749,1144,0.32702886423211,1409,0.674935345416105,3103
"B_cell","Myeloid","HMGB1","HAVCR2",0.742170672644533,1635.75,0.0979881787008838,1848,0.0666196358890272,1985,0.00234070681660259,2282,0.897963739493636,428
"B_cell","B_cell","MIF","CD44_CD74",0.742566762968165,1747,0.0668634424244014,2412,0.0695170615441998,1974,-0.045249330190556,2428,0.916903178654476,174
"NK","NK","HLA-B","CD3G",0.746509789585108,1980.25,0.0966303031891509,1871,-0.142716747676678,2981,-0.206120499853002,2894,0.916753432028506,175
"NK","Myeloid","CALM2","PDE1B",0.748696645026715,1678,0.174852061117847,974,0.149730643386323,1680,0.181956949175121,1771,0.769089397638745,2287
"T_cell","Myeloid","IRAK4","TLR6",0.749242712908707,1708.25,0.159786605262405,1126,0.379736843364875,1079,0.325824307697853,1415,0.654407540766686,3213
"Myeloid","NK","HSPA8","ADRB2",0.750006986686777,1642.75,0.101132282594229,1809,0.00332158794883858,2288,0.266945218487185,1549,0.858556894148905,925
"Myeloid","NK","HLA-B","CD3G",0.75044923543046,1989,0.0963435119547264,1874,-0.177312553455129,3079,-0.182905040920358,2827,0.916639942528517,176
"T_cell","B_cell","TNFSF9","HLA-DPA1",0.751319047579009,1948,0.0766072238439388,2170,0.0490834156065041,2058,0.000961502492388466,2289,0.834520658108233,1275
"T_cell","T_cell","MICB","HCST_KLRK1",0.752632829206563,2061,0.091387701647598,1940,0.0452759497734915,2077,0.119653475234981,1937,0.769016395396371,2290
"B_cell","NK","ICAM1","ITGAL_ITGB2",0.752632829206563,1604.75,0.0717491292542865,2290,0.162445919502239,1641,0.276473633530065,1527,0.85545279219415,961
"Myeloid","NK","S100A4","CCR5",0.75394833307325,1939.5,0.0787077400144561,2129,0.0716547131809632,1962,-0.000706809625872329,2291,0.829331049486958,1376
"T_cell","NK","HLA-A","CD3G",0.754385102672745,1854,0.0993977750329417,1827,-0.0574923235479783,2613,-0.17385738709002,2799,0.916534825505532,177
"Myeloid","NK","APP","LRP10",0.756037881571866,1490.25,0.129199580152565,1420,0.46599400685882,881,0.577161288366697,920,0.730387341831392,2740
"Myeloid","NK","TGFB1","ITGB1",0.756584513542549,1991.5,0.084599912074756,2035,0.103036925140326,1834,0.1732267864953,1804,0.768815338713844,2293
"Myeloid","B_cell","CALM1","KCNN4",0.756584513542549,1931,0.0763397418119265,2179,0.00226055172798886,2293,0.0627267946799603,2111,0.843846291953136,1141
"T_cell","NK","CALM1","PTPRA",0.757905193156067,2079,0.0763667544363818,2177,0.0213783962601177,2189,-0.00300674734146616,2294,0.813557941944779,1656
"T_cell","T_cell","BSG","SLC16A1",0.757905193156067,2231.5,0.0740912498524939,2227,0.00214330627092274,2294,0.0132639106842959,2248,0.777805965457996,2157
"Myeloid","Myeloid","IRAK4","TLR6",0.75876474702014,1708.75,0.160019877399412,1125,0.380099222106052,1078,0.323037840228531,1422,0.654572485823511,3210
"NK","Myeloid","NAMPT","ITGA5_ITGB1",0.760551738673026,1556.75,0.071446766954958,2296,0.26860920260729,1346,0.291963681992729,1484,0.846781323928889,1101
"Myeloid","NK","HLA-G","CD8B",0.761877607591315,1692,0.119690161562737,1551,0.0236274657268148,2174,-0.00365442610365485,2297,0.871573627453983,746
"NK","NK","HLA-A","CD3G",0.762246110018913,1926.75,0.0986829090941467,1835,-0.101972739328799,2823,-0.197396945149149,2870,0.916258327808048,179
"Myeloid","NK","TNFSF10","RIPK1",0.765603869459602,1651.5,0.128641181735244,1427,0.272546418423312,1337,0.475940549663801,1088,0.728845371709239,2754
"NK","NK","HLA-A","CD8B",0.765865617088285,1589.5,0.115699627962829,1604,0.0489887146908332,2059,-0.00397527676616183,2300,0.899960393476383,395
"B_cell","NK","B2M","CD247",0.766171254456555,1825.25,0.121813611164326,1520,-0.659559314714373,3439,0.0446365305035044,2162,0.916044796366562,180
"B_cell","T_cell","COL4A4","ITGA1_ITGB1",0.76704572885119,1457.5,0.247679031030299,472,0.542830600335334,720,0.281724492154479,1511,0.67079188502637,3127
"B_cell","Myeloid","NAMPT","INSR",0.767198426200383,1798.75,0.0806321557423035,2098,0.374136435245313,1101,0.212153698289963,1695,0.768169943908869,2301
"Myeloid","NK","HLA-A","KIR3DL2",0.768532974136881,1693,0.174997223192327,969,0.00110154835141221,2302,0.161230485899785,1825,0.812172434331785,1676
"B_cell","T_cell","ICAM1","IL2RG",0.768532974136881,1514.75,0.0712150475675742,2302,0.190692671403376,1554,0.321087384518206,1429,0.86979441245364,774
"Myeloid","T_cell","MMP9","CD44",0.769869262409471,1529.5,0.192827970504606,805,0.255393298103576,1381,0.237993194085505,1629,0.767979182531222,2303
"T_cell","NK","HLA-C","CD3G",0.770092828958647,1898.25,0.0975861596365369,1852,-0.0682213748819681,2681,-0.20113377876788,2879,0.91601878421701,181
"NK","T_cell","HLA-DPB1","LAG3",0.771207292530501,1584.25,0.123025224828209,1497,0.0010509950625671,2304,0.256782868576013,1576,0.85551066999967,960
"Myeloid","T_cell","MIF","TNFRSF14",0.773888584370568,1657,0.0711382317802255,2306,0.129088684704823,1741,0.104852847706172,1989,0.885574986570384,592
"NK","NK","CALM1","PTPRA",0.776576861769012,2093.75,0.0761280306057064,2184,0.0150752044002504,2224,-0.00650705439810523,2308,0.813320374647589,1659
"B_cell","B_cell","IL16","KCNA3",0.777923623840478,1822.75,0.128726568902428,1426,0.186358937170419,1566,0.10445714432652,1990,0.767562606706155,2309
"Myeloid","T_cell","ADAM17","RHBDF2",0.777923623840478,1976.5,0.0711222461577501,2309,0.218034078944041,1473,0.0975527394979516,2006,0.78118237765826,2118
"Myeloid","T_cell","HLA-E","KLRK1",0.777925276816476,1657.75,0.103063103285928,1776,-0.0774954239658668,2723,0.116332977256034,1949,0.915878002496853,183
"Myeloid","NK","B2M","KIR3DL1",0.779272136848274,1523,0.194864467187578,789,-0.000148538798725784,2310,0.259055368807541,1570,0.826563746058035,1423
"NK","Myeloid","BST2","LILRA4",0.779272136848274,1531.75,0.125115889383088,1467,0.311971364366045,1233,0.45968375449332,1117,0.7675188043731,2310
"Myeloid","Myeloid","TNFSF9","HLA-DPA1",0.779272136848274,1637,0.0710193679420811,2310,0.273905267000982,1332,0.276437455565692,1528,0.829224593423129,1378
"B_cell","T_cell","CD58","CD2",0.780622402309347,1837.25,0.0709574429665847,2311,0.0300040245035325,2148,0.327467891616417,1405,0.822808699855269,1485
"T_cell","Myeloid","SEMA4A","PLXNB2",0.781462281822461,1320.25,0.104159289669229,1765,0.721433661760974,464,0.698254839462448,728,0.766284372994173,2324
"B_cell","NK","HLA-A","CD8A",0.781836154500718,1974.25,0.109834460422639,1686,-0.600838553893185,3422,-0.103152194352445,2605,0.915875021835584,184
"Myeloid","Myeloid","C3","IFITM1",0.781974421741302,1965.25,0.169373439187825,1040,0.0186564279620454,2202,-0.00735469692770713,2312,0.767634251726937,2307
"T_cell","NK","HLA-C","CD8B",0.783328196662399,1560.75,0.114413756828925,1616,0.0827400791376643,1916,-0.00771211038489295,2313,0.899679333977879,398
"B_cell","Myeloid","MFNG","NOTCH2",0.783328196662399,1802,0.0709157084562283,2313,0.310323061975037,1240,0.189632655740369,1746,0.796960505481983,1909
"B_cell","B_cell","COL4A4","CD47",0.785078156168418,1448,0.21914065416181,654,0.538606469000806,730,0.148124576883183,1863,0.747562179473596,2545
"B_cell","T_cell","HLA-A","CD8A",0.785743470906418,1795.5,0.109771095936936,1687,-0.601192383160677,3423,0.137014226210834,1887,0.915852787922937,185
"Myeloid","B_cell","LAMB3","CD44",0.786041019048348,1735.75,0.189126104195936,834,0.170255915596834,1618,0.0391559090515888,2176,0.767209121504114,2315
"NK","Myeloid","MIF","TNFRSF10D",0.787400069553004,1736,0.136512411310872,1342,0.210027917805389,1501,0.177655581930746,1785,0.767090751450702,2316
"T_cell","Myeloid","TNF","TNFRSF1B",0.787400069553004,2014.5,0.0720453573271328,2282,0.102314403418621,1840,-0.00801608579228541,2316,0.815706918270411,1620
"Myeloid","NK","GPI","AMFR",0.787400069553004,1969.5,0.0708347300188527,2316,0.0794663130899446,1936,0.0698443627847413,2092,0.81996776450216,1534
"B_cell","NK","COL4A4","CD44",0.788760881626415,1506.75,0.205671358950348,719,0.398745747501495,1037,0.114729808017779,1954,0.766764318594123,2317
"NK","NK","HLA-C","CD3G",0.793547428531983,1975.75,0.0968182117745543,1868,-0.132632084738989,2948,-0.20761363957674,2900,0.915714395715589,187
"Myeloid","NK","TNF","NOTCH1",0.796067150426099,1614.5,0.134021228518325,1374,0.227495313886209,1449,0.375351790497411,1304,0.765667758657703,2331
"T_cell","T_cell","HLA-G","KLRC1",0.796962832263194,2155,0.0874901154002013,1995,0.0499900715544434,2054,-0.0100601357405993,2323,0.771719442457459,2248
"NK","B_cell","NAMPT","INSR",0.796962832263194,1786.5,0.0790687140941574,2126,0.381314419113374,1073,0.238797973915388,1624,0.766421895132217,2323
"Myeloid","B_cell","C3","CD46",0.798866403693554,1422.75,0.231543656443631,581,0.396913236438407,1043,0.31036032904189,1451,0.741753273901263,2616
"T_cell","Myeloid","LRPAP1","SORL1",0.799710977412148,2059,0.070409785631488,2325,0.110259667314337,1803,0.021093519981365,2218,0.798221808834787,1890
"Myeloid","T_cell","COPA","NTRK1",0.800267889794488,1556.5,0.161864068712135,1106,0.226931210810806,1452,0.405850776641305,1232,0.757217603018748,2436
"NK","T_cell","S100A4","CCR5",0.801087712152681,1698.25,0.105386801007986,1750,-0.00346020809980949,2326,0.228282043505874,1654,0.849007985921139,1063
"Myeloid","NK","C3","CD81",0.801670614772394,1856,0.131893329870571,1393,0.334728521145546,1188,0.309749753984464,1453,0.594341395038779,3390
"Myeloid","T_cell","APP","NCSTN",0.801670614772394,1408.75,0.125973121279618,1453,0.496911731194055,810,0.52309669478364,997,0.762478597451631,2375
"T_cell","T_cell","PKM","CD44",0.802466223706974,1717,0.0702919524363999,2327,0.0248372854703912,2169,0.0581160318931997,2129,0.911258554603994,243
"NK","Myeloid","FAM3C","LAMP1",0.803074578048933,1762.75,0.148600702788536,1231,0.278851471483341,1323,0.309513734129883,1454,0.688456236705466,3043
"Myeloid","NK","MIF","CD44_CD74",0.805226709425185,1834.5,0.0645231192331843,2457,-0.0206864731159305,2414,0.00321942365171268,2277,0.915535750137184,190
"NK","NK","HLA-B","CD8B",0.807998068633861,1652.25,0.113293074064669,1635,0.00824470634295458,2255,-0.0126988314700143,2331,0.90054139612376,388
"NK","NK","VCAM1","ITGA4_ITGB1",0.809385487191788,1959.5,0.116713644253293,1580,-0.00252226724942829,2322,-0.0130792745811671,2332,0.816315264527176,1604
"Myeloid","B_cell","ADAM10","IL6R",0.809385487191788,1610.25,0.104512617859457,1758,0.333454936864407,1189,0.437225291469762,1162,0.765494847690697,2332
"Myeloid","B_cell","LGALS1","ITGB1",0.809385487191788,1504.25,0.0699435338434098,2332,0.289690536539223,1289,0.220489754580731,1670,0.873022360225194,726
"B_cell","T_cell","ICAM1","ITGAL_ITGB2",0.810774691742006,1649.25,0.0699149332588949,2333,0.141947735830855,1703,0.257867566816554,1572,0.853844320489745,989
"T_cell","NK","HLA-B","CD8B",0.812165683816571,1558.75,0.114054309708188,1619,0.0865672301465998,1900,-0.0137813822997621,2334,0.900840894413754,382
"NK","NK","HLA-G","KIR3DL1",0.813558464948192,1733.5,0.187626285692524,843,0.0705297785536418,1969,0.177469314988917,1787,0.765205248490862,2335
"NK","T_cell","GNAI2","CXCR3",0.813558464948192,2105.5,0.0698359793900471,2334,-0.00552720964604927,2335,0.211308463037468,1698,0.785686266313502,2055
"Myeloid","T_cell","C3","CD81",0.814350792961197,1718,0.171590810038163,1004,0.377533066511326,1087,0.305589654789945,1462,0.625626956167161,3319
"NK","Myeloid","FABP5","RXRA",0.814350792961197,1582.25,0.12549014262956,1462,0.378030920140938,1085,0.363625087667218,1331,0.755896242852133,2451
"NK","NK","HLA-C","CD8B",0.814953036670238,1643,0.113513385298111,1629,0.0183293692806438,2203,-0.014191971193753,2336,0.89932223239119,404
"T_cell","Myeloid","TNFSF9","PVR",0.815765874575087,1659.5,0.228027859731312,600,0.26002917090916,1368,0.304864739206702,1463,0.65502625359682,3207
"T_cell","B_cell","HSP90B1","TLR9",0.819147510722454,1980.5,0.0980502949663792,1847,0.241241340631028,1418,-0.00845896339213004,2318,0.765005560478371,2339
"B_cell","T_cell","ICAM1","SPN",0.819147510722454,1931,0.0696578455084607,2339,0.125656132323786,1755,0.193737853947379,1739,0.798204371744733,1891
"T_cell","NK","ACTR2","LDLR",0.820549260153013,2169.25,0.0749290953633281,2208,0.02929742784431,2150,0.107488936840248,1979,0.76496024829596,2340
"B_cell","NK","HLA-E","KLRC1_KLRD1",0.824282223733362,1555.25,0.157335380548925,1144,-0.243419912984323,3233,0.301101159048134,1469,0.901331110723706,375
"T_cell","T_cell","MIF","CD74_CXCR4",0.824621240092824,1871.5,0.0614408607930982,2515,0.00883793784691151,2253,-0.0781302213757507,2523,0.915192595880713,195
"B_cell","Myeloid","GNAS","ADCY7",0.82476530419728,1813.25,0.0860990812154261,2016,0.0667681860431522,1984,-0.0154768463599434,2343,0.859374252853511,910
"NK","Myeloid","TGFB1","TGFBR1_TGFBR2",0.825705919526126,1861.25,0.130212978845353,1405,0.218684354169615,1470,0.310387520191693,1450,0.672076620484434,3120
"NK","NK","CCL4","CCR5",0.826174255922784,2021,0.0887454329567109,1979,0.0270264826959226,2162,-0.0155818902222401,2344,0.816532952825661,1599
"Myeloid","NK","COPA","CD74",0.826174255922784,1717.75,0.0694890804993539,2344,0.00764068167679355,2260,0.110323626983239,1969,0.906828412495007,298
"B_cell","Myeloid","FAM3C","LAMP1",0.827130843484291,1583.75,0.191439703400911,816,0.335022489432107,1185,0.299635177987597,1471,0.714953860304953,2863
"B_cell","T_cell","HLA-C","CD8B",0.829984373439622,1643.5,0.128183732351844,1432,-0.349204411083836,3339,0.299174192096941,1473,0.904692650707593,330
"T_cell","NK","CD99","PILRB",0.830411943781452,1747.75,0.0693658725254705,2347,0.0553807578629366,2031,0.15322946931761,1844,0.869962544493299,769
"T_cell","T_cell","SPON2","ITGA4",0.83182812243037,2094.25,0.0786633693351801,2131,0.0398481845086949,2111,-0.0168885187125586,2348,0.805141748224057,1787
"Myeloid","NK","HLA-A","CD3G",0.832354274581314,2075,0.0958500656282524,1883,-0.278238033794026,3279,-0.223517595655341,2941,0.915134104356087,197
"T_cell","B_cell","CRTAM","CADM1",0.833955785730731,1567.75,0.178183899839007,929.5,0.142351941169771,1701.5,0.380888148016169,1290.5,0.764474582688527,2349.5
"B_cell","T_cell","CADM1","CRTAM",0.833955785730731,1567.75,0.178183899839007,929.5,0.142351941169771,1701.5,0.380888148016169,1290.5,0.764474582688527,2349.5
"Myeloid","B_cell","SELPLG","SELL",0.834665913022703,1936,0.0693007120836523,2350,0.0743819964762892,1944,0.0121970317198672,2252,0.840382596249242,1198
"B_cell","NK","HLA-DRA","LAG3",0.83751095829474,1982,0.0901941101595977,1956,0.00240972675464981,2291,-0.0171407163077114,2352,0.831785397976403,1329
"T_cell","T_cell","GNAI2","CCR5",0.83751095829474,2218.25,0.0737078128796209,2238,-0.00872451670816505,2352,0.0842364821430668,2048,0.772936656548134,2235
"NK","NK","CD48","CD244",0.83893620529575,2234.5,0.0837925003019609,2044,-0.00656616926851218,2342,0.0276661629966161,2199,0.764202967347388,2353
"Myeloid","T_cell","B2M","CD247",0.840073176205787,1565.5,0.118621635033266,1557,-0.113926465375821,2879,0.238272673154924,1627,0.915018080008646,199
"Myeloid","Myeloid","ADAM28","ITGA4",0.840363270600123,1904.5,0.0691249705118516,2354,0.139663691217523,1713,0.19687706815971,1730,0.802946620265155,1821
"T_cell","T_cell","GPI","NTRK1",0.841792155753708,1788.5,0.146403812210515,1250,0.0628830943468245,2003,0.267908779950173,1546,0.763910793009819,2355
"B_cell","T_cell","COPA","CD74",0.841792155753708,1690.5,0.0699697549730864,2330,0.117177243835547,1784,-0.0177584062992988,2355,0.907119220513512,293
"T_cell","B_cell","SELPLG","SELL",0.843222862303008,1928.25,0.0690944142542193,2356,0.0727651920451458,1956,0.0272480930475338,2202,0.840182540144659,1199
"Myeloid","NK","HLA-C","CD3G",0.843927332578784,2083.25,0.094814837730607,1900,-0.300662690289067,3300,-0.220225988204838,2933,0.914903978718886,200
"Myeloid","T_cell","CKLF","CCR4",0.844325502485304,1358.25,0.340797159644936,248,0.214009260128598,1483,0.558672912553672,940,0.728319511136348,2762
"NK","T_cell","TGFB1","ITGB1",0.844655391795185,2148.5,0.0800718105228026,2103,0.0608357289238597,2012,0.0594723196317407,2122,0.763890601471023,2357
"NK","NK","CCL4L1","CCR5",0.846089745778056,2078,0.087952828687551,1987,0.0259231486375795,2166,-0.0194931442734777,2358,0.804243803311248,1801
"NK","T_cell","HLA-G","CD8B",0.847208388947454,1531.25,0.128503390469683,1430,-0.0372498658710623,2512,0.291952321764765,1485,0.875497774367101,698
"NK","NK","ACTR2","ADRB2",0.847525925800097,2038.75,0.0769743183928431,2161,0.08174067500499,1925,0.208405160576472,1710,0.763805811759721,2359
"B_cell","T_cell","MIF","TNFRSF14",0.84896393341044,1739.5,0.0688744225326517,2360,0.104269666760737,1826,0.044381456415475,2165,0.883926204044009,607
"B_cell","T_cell","GNAI2","CXCR3",0.850403770158872,2187.5,0.0688543113210023,2361,-0.00919317857967052,2356,0.112121902412608,1963,0.784491996904596,2070
"T_cell","T_cell","TNFSF4","TNFRSF4",0.850933949487181,1524.5,0.36750592751118,208,0.104361711689542,1825,0.677872706120284,766,0.632880759213141,3299
"NK","Myeloid","LRPAP1","SORT1",0.851541857662806,1619,0.163655609835692,1083,0.400145903275844,1031,0.289300336224838,1488,0.713540791626294,2874
"T_cell","T_cell","B2M","KLRC2",0.85184543759584,1818.25,0.0915800040505092,1938,0.108709076589669,1811,-0.0202489119910035,2362,0.842492685627877,1162
"NK","B_cell","TNF","PTPRS",0.854436921958888,1755.5,0.123183599509559,1490,0.342052545808611,1170,0.337922977238672,1388,0.69981518119905,2974
"T_cell","Myeloid","LRPAP1","LDLR",0.854734270740448,2203.25,0.0729289259066002,2262,0.0625312082861425,2005,0.0358436173642357,2182,0.763301194246626,2364
"B_cell","Myeloid","GSTP1","TRAF2",0.854734270740448,1945.5,0.068704096283224,2364,0.215290631826877,1481,0.191459070883027,1745,0.775699101323347,2192
"T_cell","T_cell","VIM","CD44",0.855468649771948,1901,0.0618100502866074,2511,-0.0125967503216013,2375,-0.0763022736763721,2515,0.914601692395977,203
"NK","NK","CCL5","CCR5",0.860533973584591,1759.5,0.104189821924691,1762,0.124703414043841,1762,-0.0221114916591624,2368,0.843369884475785,1146
"Myeloid","B_cell","ACTR2","ADRB2",0.861988499308952,1924,0.0760719801833336,2187,0.244431453541234,1411,0.197686704699681,1729,0.762740495702168,2369
"B_cell","NK","HLA-E","CD8A",0.863145256141998,1951,0.110770033014664,1675,-0.461067089082679,3374,-0.0886464667838762,2550,0.9145038540948,205
"NK","Myeloid","MIF","TNFRSF14",0.863444868149056,1770.75,0.0684920921414061,2370,0.0616753760029515,2008,0.0680607397101669,2096,0.883640330934772,609
"NK","T_cell","LGALS1","CD69",0.866363141402582,1780.75,0.0684533769444973,2372,0.0220924169719006,2186,0.2132927226128,1689,0.861911907069285,876
"B_cell","T_cell","HLA-E","CD8A",0.866978284249797,1777.25,0.110706128788738,1676,-0.461420918350171,3375,0.151519953779403,1852,0.914481291625857,206
"NK","T_cell","TNF","FAS",0.867825048930687,1806,0.109935754684636,1684,0.0811599133876874,1928,0.402902183931285,1239,0.762606271127025,2373
"Myeloid","B_cell","LAMB3","ITGA6_ITGB1",0.868985069156673,1602.75,0.196334022581104,781,0.453277003963625,912,0.283793925990268,1500,0.653846998339962,3218
"T_cell","Myeloid","HMGB1","CXCR4",0.870807798504753,2165.5,0.0595589188722297,2547,-0.197481753986474,3120,-0.169353907882825,2788,0.914427478480775,207
"Myeloid","Myeloid","B2M","TFRC",0.874633801055026,1835.5,0.0813786486676126,2079,-0.130217633026434,2942,0.0616297428764019,2113,0.914417569744395,208
"Myeloid","Myeloid","CCL4L1","FFAR2",0.874838214352242,1526,0.2342731286756,572,0.297636143799553,1270,0.283034935244133,1504,0.728673786224595,2758
"NK","T_cell","B2M","KLRC2",0.875162357937442,1895,0.0911522887229544,1944,0.0430836738147976,2091,-0.0262122757098567,2378,0.842181832481201,1167
"B_cell","Myeloid","TGFB1","ENG",0.876304517822057,1501,0.122498303677581,1505,0.530065233431862,747,0.656593464520321,800,0.703523563895695,2952
"Myeloid","NK","IL10","CD27",0.876635384934124,1556.25,0.179125243982489,916,0.262203053985075,1361,0.259566881949544,1569,0.761873440392527,2379
"NK","T_cell","CXCL13","CXCR3",0.878110270639676,1962.25,0.136402610663403,1344,-0.0139296423325161,2380,0.0907687318197364,2021,0.782387916864409,2104
"Myeloid","T_cell","ARF6","SMAP1",0.878110270639676,2114.75,0.0681631821599906,2380,0.0289568491093866,2151,0.0141544362450853,2244,0.811401344347744,1684
"B_cell","NK","MIF","CD44_CD74",0.878456294048119,1931,0.0624698206011118,2499,-0.0455054910600169,2555,-0.057251967638984,2461,0.914276891199587,209
"B_cell","NK","BAG6","NCR3",0.879240740608068,1771.25,0.155847356045734,1156,0.2082108979056,1507,0.32396322555937,1421,0.694815104996031,3001
"NK","Myeloid","LGALS3","ENG",0.879587016617023,1665.75,0.068127807503617,2381,0.44336647698582,931,0.503454870647596,1037,0.767324244774266,2314
"T_cell","Myeloid","LRPAP1","SORT1",0.882181779960908,1520.5,0.18607187965556,855,0.438194828637537,939,0.282143340601076,1509,0.726478338017758,2779
"B_cell","NK","HLA-B","CD3G",0.882275279630879,2182,0.0904801948693497,1953,-0.884608156509971,3467,-0.312262580363298,3098,0.9142094581535,210
"NK","Myeloid","NAMPT","INSR",0.88402843181894,1830.5,0.0749843226853479,2206,0.349608919955787,1159,0.257538450950888,1573,0.761640962965767,2384
"B_cell","T_cell","LGALS1","PTPRC",0.88402843181894,1551.25,0.0678987217377282,2384,0.149473995217493,1681,0.174254995529419,1800,0.903971823714384,340
"T_cell","T_cell","CD70","CD27",0.885512634525856,1549,0.161532922074585,1109,0.140361376088166,1711,0.524832139363144,991,0.761441950527397,2385
"B_cell","T_cell","VIM","CD44",0.886090759949495,1892,0.0611547171771227,2525,-0.0211883606184417,2419,-0.0419071855754427,2413,0.914184509543517,211
"NK","T_cell","CLEC2D","KLRB1",0.886998705329047,2014.5,0.120285503564144,1540,-0.00277760042026107,2325,-0.0292571494406039,2386,0.803725709479567,1807
"B_cell","Myeloid","ADAM10","IL6R",0.886998705329047,1701.75,0.099904400614536,1819,0.362495107402967,1125,0.297240193316478,1477,0.7614231719459,2386
"T_cell","NK","FAM3C","KIR2DL3",0.888078286329135,1688.25,0.224232790402111,626,0.206088729669433,1513,0.349619808974243,1362,0.64543750728977,3252
"T_cell","Myeloid","TNFSF10","TNFRSF10D",0.888078286329135,1747.75,0.168679537309359,1042,0.306247375883979,1251,0.281499354009404,1513,0.65908008908874,3185
"T_cell","NK","HMGB1","HAVCR2",0.888486645795376,1888,0.0725360045002903,2272,-0.0160228139218839,2387,0.0030887413919396,2278,0.883337226899477,615
"B_cell","T_cell","COL4A4","CD47",0.893729809230625,1507.25,0.20852452148648,707,0.509246770547756,789,0.122229739230612,1931,0.742847972423369,2602
"Myeloid","NK","CCL7","CXCR3",0.895475913811813,1551.5,0.257253346572436,434,0.3280336091332,1196,0.279862315210485,1518,0.686613211218472,3058
"Myeloid","Myeloid","TGFB1","LPP",0.895475913811813,1664.5,0.121853991329337,1518,0.266004322658996,1354,0.379641912196393,1294,0.751786333037029,2492
"NK","Myeloid","ADAM17","RHBDF2",0.897453639346552,1796.75,0.0675347492759186,2393,0.298039418743435,1269,0.354258954945224,1350,0.776726545858571,2175
"T_cell","Myeloid","MIF","CD74_CXCR4",0.897516190772523,1885.75,0.0593847945747884,2550,0.00679425200805811,2266,-0.0760664682340823,2513,0.913862340075039,214
"T_cell","Myeloid","TNF","FFAR2",0.898443345095737,1668.5,0.195201283609206,785,0.371981069111272,1108,0.278816854628839,1520,0.642995715260168,3261
"B_cell","Myeloid","ICAM1","ITGAL_ITGB2",0.898954711382284,1753.25,0.0674969562484984,2394,0.128030648880792,1744,0.148881272925485,1860,0.851634440734629,1015
"T_cell","B_cell","HMGB1","CXCR4",0.901317671483322,2231.25,0.0585229545105014,2571,-0.213955582885374,3167,-0.241273647645392,2972,0.913738452674091,215
"B_cell","Myeloid","CALM2","PDE1B",0.903469227111537,1947,0.158718344528088,1138,0.07276594246905,1955,-0.00388653793694443,2298,0.760381473937262,2397
"B_cell","Myeloid","SELPLG","SELL",0.903469227111537,1970.75,0.0674515825024285,2397,0.0554464190127825,2030,0.0175650102561196,2233,0.838560323232821,1223
"Myeloid","B_cell","PTDSS1","JMJD6",0.904977837473421,2215.25,0.0690720494898902,2358,0.0508147076388192,2051,-0.0322742422574169,2398,0.785742489559476,2054
"Myeloid","NK","B2M","KLRC2",0.90588282437639,1444,0.160609986223039,1120,-0.025248410243365,2444,0.277687575035247,1525,0.876292073540482,687
"Myeloid","B_cell","PKM","CD44",0.90648833635207,1758.75,0.0717126591637629,2291,0.0395488594500253,2113,-0.0326025745378775,2399,0.912064299736057,232
"B_cell","NK","ICAM1","IL2RG",0.90800072532289,1669,0.0672847005094515,2400,0.136551061491414,1725,0.194950457950467,1737,0.866545798366194,814
"NK","Myeloid","VIM","CD44",0.908910151418023,1882.25,0.0602140242264963,2536,0.000372250556738646,2307,-0.060225151002602,2469,0.913574490271721,217
"Myeloid","NK","CD80","CTLA4",0.911855858706212,1472.75,0.249128046566414,462,0.254163198251664,1384,0.274368394161679,1529,0.75004280556133,2516
"B_cell","NK","HLA-C","CD3G",0.912701154925765,2155.5,0.0915143796817976,1939,-0.577484667797254,3416,-0.284504492899815,3049,0.913514615304814,218
"Myeloid","Myeloid","TGFB1","TGFBR1_TGFBR2",0.913352090554663,1938.25,0.121430535944958,1524,0.200665588269038,1530,0.273797295667222,1530,0.664336104709492,3169
"T_cell","Myeloid","ADAM10","CD44",0.914069213658966,1788,0.0671761604240025,2404,0.105191067915722,1823,0.0533945916980135,2141,0.869265728064139,784
"Myeloid","NK","TNF","FAS",0.915591076744703,1926.25,0.106406558278313,1726,0.139215889638759,1716,0.150079176942432,1858,0.759640091377117,2405
"Myeloid","T_cell","ADAM10","NOTCH2",0.915591076744703,1996.75,0.0670600161970429,2405,0.163420425026988,1638,0.019766671444423,2224,0.809616878462084,1720
"Myeloid","B_cell","ADAM17","IL6R",0.916348117067193,1551.25,0.120893336152298,1532,0.397793733049622,1041,0.565911156510268,931,0.733058103020061,2701
"Myeloid","T_cell","HMGB1","HAVCR2",0.917114839388833,1840,0.0781694560677723,2141,-0.0191151625269923,2406,0.0141808010277652,2243,0.887136277318655,570
"Myeloid","NK","CXCL10","SDC4",0.91934888911047,1654,0.120835295058098,1534,0.376068140694214,1091,0.549662144943339,950,0.688496339324945,3041
"Myeloid","Myeloid","CD48","CD244",0.920168069672942,2071.5,0.0795329153044127,2114,0.114682602742333,1792,0.109778885139315,1972,0.759469953005714,2408
"B_cell","T_cell","B2M","CD247",0.920272699726705,1793.5,0.113586008953298,1627,-0.697841571517148,3442,0.137422293830475,1885,0.913316270022484,220
"B_cell","T_cell","HLA-B","CD8B",0.920851052864964,1683.75,0.126735154875144,1446,-0.656327899796553,3438,0.271416104633458,1535,0.90545103533502,316
"B_cell","B_cell","COL4A4","CD44",0.923228917159196,1706.75,0.189651754264601,830,0.329183810061746,1194,-0.0310784214382237,2393,0.759435109308089,2410
"Myeloid","B_cell","MFNG","NOTCH2",0.924762201308472,2143.75,0.0668808255775959,2411,0.0545321776015381,2035,0.0477038109586156,2155,0.792179747105989,1974
"B_cell","NK","ACTR2","ADRB2",0.927834498335753,2162.5,0.0730861087526772,2257,0.0670195347299565,1983,0.100287718563783,1997,0.759098338410927,2413
"B_cell","NK","HLA-E","KLRC2_KLRD1",0.928379619310152,1578,0.15504958932689,1163,-0.257181374967963,3249,0.26929017346146,1540,0.902190396736592,360
"T_cell","Myeloid","GNAI2","ADCY7",0.929373514382303,2212.5,0.0668366273090525,2414,0.0835892752716597,1909,-0.0135949509240247,2333,0.775426757443608,2194
"B_cell","Myeloid","IRAK4","TLR7",0.929888876912925,1805.75,0.126092374698746,1452,0.393203485922452,1047,0.269120212992716,1541,0.659846652244031,3183
"NK","Myeloid","TNF","TRADD",0.930914444230918,1890.25,0.0910303876758277,1945,0.148848707020063,1682,0.279818867189308,1519,0.758963654695692,2415
"B_cell","T_cell","HLA-DMA","CD4",0.930914444230918,1712.75,0.066825614865163,2415,0.159309821460444,1650,0.266732742453212,1550,0.837657646037436,1236
"B_cell","NK","LGALS1","PTPRC",0.932457289467509,1645.5,0.0667887315069089,2416,0.115200656397323,1791,0.0887767739472789,2026,0.903254027331685,349
"T_cell","Myeloid","CALM1","PTPRA",0.937097333374148,2147.75,0.0734160401298026,2244,0.0143916108743567,2226,-0.0425221391002306,2419,0.810550958720996,1702
"T_cell","NK","LRPAP1","SORL1",0.93864785603493,2082,0.0665282466655288,2420,0.0874484441241738,1892,0.080271189761164,2059,0.793616566888879,1957
"B_cell","Myeloid","B2M","TFRC",0.939140631977886,2055,0.0779240305832448,2146,-0.71413273916776,3443,-0.0392206364480472,2406,0.912704881476774,225
"Myeloid","NK","ADAM10","NOTCH2",0.940200302023113,1881.5,0.0664275063754012,2421,0.160805534969626,1647,0.199580180251445,1724,0.808885445298533,1734
"Myeloid","NK","B2M","KIR2DL3",0.941754672928554,1550.25,0.178491849992751,923,-0.0216875792909034,2422,0.235542254648256,1637,0.838742266652298,1219
"T_cell","T_cell","GPI","AMFR",0.941754672928554,2112.25,0.0663767500680492,2422,0.0187102392421284,2201,0.0298284687444638,2193,0.815119916412175,1633
"B_cell","T_cell","HLA-E","KLRK1",0.94290379043044,1974,0.0948075941742285,1901,-0.49135279387009,3385,-0.0288065417497549,2384,0.912605321382747,226
"NK","T_cell","ADAM10","TSPAN14",0.943310970341762,2118.25,0.0683438858218879,2374,-0.0217873267992424,2423,0.0733404826993339,2079,0.8166312101591,1597
"T_cell","T_cell","ARF6","SMAP1",0.944869195853908,2173.25,0.0662402340971489,2424,0.00550117438831608,2272,0.0049389933350884,2271,0.809202000527707,1726
"T_cell","T_cell","BTLA","TNFRSF14",0.946429351056817,2009.75,0.101775826395955,1796,0.0325011812810131,2141,0.217404775196509,1677,0.757941813237933,2425
"NK","T_cell","TNFSF9","HLA-DPA1",0.946429351056817,2013.5,0.0778762334246954,2148,0.0159302768919228,2218,-0.0441404896692267,2425,0.835651962125988,1263
"B_cell","Myeloid","ADAM17","RHBDF2",0.94799143754297,1856,0.0658755240511254,2426,0.293101233780779,1283,0.283136396860489,1503,0.774562156309531,2212
"Myeloid","NK","IL18","IL18BP",0.950324011313035,1578,0.114286405267346,1617,0.505607990666914,792,0.639284015217219,819,0.679727572474398,3084
"T_cell","NK","MIF","CD74_CXCR4",0.950419696427252,2094.5,0.0570636895790516,2615,-0.103661773714602,2835,-0.136981309620231,2700,0.912280087610457,228
"B_cell","NK","MICB","HCST_KLRK1",0.951121410738228,2125.25,0.0807212557411112,2094,0.107180408425458,1816,0.0445275617036063,2163,0.757810167784309,2428
"Myeloid","NK","CCL3L1","CCR5",0.951142005010269,1709,0.140597922707651,1303,0.190653955431119,1555,0.363095801841734,1335,0.739055453322307,2643
"Myeloid","B_cell","FARP2","PLXNA3",0.951142005010269,1894,0.118687887988781,1555,0.251279079914537,1390,0.363328968942385,1334,0.634045548021762,3297
"B_cell","B_cell","CALM3","INSR",0.952689300635582,2051.25,0.079279380777629,2120,0.251898866793456,1389,0.00762490617252337,2267,0.757789611752873,2429
"NK","NK","CCL5","SDC4",0.954259128192678,1959,0.0831160675184345,2054,0.127579959859919,1747,-0.0459856586331541,2430,0.816240556792504,1605
"Myeloid","T_cell","TGFB1","ITGB1",0.955830895005285,2237.75,0.0746712267247551,2214,0.0428169630232822,2092,0.0228820951072695,2214,0.757535450100248,2431
"NK","Myeloid","CALM1","PTPRA",0.955830895005285,2162,0.0731865402844556,2253,0.00808841901448943,2257,-0.0460224461568697,2431,0.810310453244675,1707
"Myeloid","T_cell","MFNG","NOTCH1",0.957404602669825,2045.25,0.102457036264403,1786,0.063539987739044,1999,0.112060058517358,1964,0.757520492940839,2432
"NK","T_cell","ARF6","SMAP1",0.957404602669825,2186.75,0.0654766659801917,2432,-0.00381265250322347,2328,0.0138844537885306,2246,0.808305356919191,1741
"T_cell","T_cell","MIF","CD44_CD74",0.961667560167222,1943,0.0590795814785088,2558,-0.0122107306069183,2370,-0.105627013430762,2613,0.912064886177464,231
"Myeloid","NK","THBS1","SDC4",0.963389653079337,1929,0.118146067008399,1563,0.227529624697636,1448,0.284539700480854,1497,0.654772021295886,3208
"T_cell","B_cell","HLA-F","LILRB1",0.963389653079337,1669.25,0.0570956858835074,2614,0.186973624530916,1563,0.271148519638517,1538,0.855393197804868,962
"Myeloid","B_cell","GRN","TNFRSF1B",0.964925849337648,1845.25,0.0316363943551321,3239,0.388894759988298,1059,0.261024302549107,1564,0.820613605367256,1519
"B_cell","NK","HLA-E","KLRC3_KLRD1",0.966463207450508,1585.75,0.154956157868875,1164,-0.256282523883442,3247,0.260150147760545,1565,0.901893766033677,367
"T_cell","Myeloid","PTDSS1","JMJD6",0.966887696030143,2270.5,0.0651764906966765,2438,0.0276943047912299,2157,-0.021145410184174,2365,0.780815465546615,2122
"Myeloid","Myeloid","HMGB1","CXCR4",0.969148830709322,2304,0.0560749439389455,2646,-0.256126198281107,3246,-0.307564556194748,3091,0.912039500282941,233
"NK","Myeloid","ICAM1","ITGAM_ITGB2",0.969541406041772,1609.75,0.0526765356098844,2747,0.39734026408044,1042,0.477437601375358,1083,0.818276992788734,1567
"NK","Myeloid","VCAM1","ITGA4_ITGB1",0.970064326443319,2009.75,0.115102661941027,1610,-0.0103196775776831,2362,-0.0481681778456324,2440,0.815270932139458,1627
"Myeloid","NK","TNF","TNFRSF1A",0.970064326443319,1911,0.0765004719172915,2172,0.186025114397337,1567,0.303934400736246,1465,0.756864273563977,2440
"T_cell","T_cell","HLA-G","CD4",0.970064326443319,1919.25,0.0650994069587337,2440,0.022399895800776,2183,0.120359484281302,1936,0.845634999039032,1118
"Myeloid","B_cell","C3","IFITM1",0.973248777854359,1981.75,0.171012466405465,1015,0.0238721589222569,2173,-0.0489421809952907,2442,0.768492048180281,2297
"NK","NK","SPON2","ITGAM",0.973248777854359,1534.75,0.10707050811391,1714,0.321224276108392,1212,0.6749553976722,771,0.756615587840439,2442
"NK","NK","HLA-G","CD8A",0.974843940441968,1709.75,0.116084892800644,1590,-0.0251937656875611,2443,0.000985369557539473,2288,0.892492318224964,518
"T_cell","T_cell","IL16","CD4",0.974843940441968,2152.75,0.0649194333099066,2443,-0.000142546038450028,2309,0.118946465265408,1940,0.796489520521808,1919
"Myeloid","Myeloid","MFNG","NOTCH1",0.976441063089825,2087.75,0.101268885916126,1804,0.0602849977566572,2015,0.0718023606503155,2088,0.756447613350948,2444
"NK","T_cell","HLA-G","CD8A",0.978040147402891,1542.75,0.11601792238442,1593,-0.0255475949550532,2445,0.241151790120819,1614,0.892464629958291,519
"T_cell","Myeloid","ADAM10","TSPAN14",0.978040147402891,2097.5,0.0753080719230648,2200,0.0035247095801645,2285,-0.0497786277890248,2445,0.823785160410631,1460
"NK","NK","CD99","PILRB",0.978040147402891,1934.5,0.06489406311459,2445,0.00359021348441982,2284,0.0354818163427933,2184,0.866146506790296,825
"T_cell","B_cell","MIF","CD74_CXCR4",0.980344821223868,2109.5,0.0564929517713146,2634,-0.0728209109548347,2704,-0.196300955481009,2864,0.911877042103448,236
"Myeloid","NK","CXCL9","CXCR3",0.980351581430267,1591,0.226507814442971,611,0.346453341720526,1167,0.257015103553893,1574,0.693198838226254,3012
"T_cell","T_cell","LGALS3","LAG3",0.982849186392823,2389.25,0.0687460163148603,2363,-0.00857689359192644,2350,-0.0505506250411618,2448,0.760439876333766,2396
"Myeloid","NK","TXLNA","STX4",0.982849186392823,2262,0.0648022205414339,2448,0.0402969385920516,2108,0.0760044721339922,2070,0.758170112719978,2422
"Myeloid","NK","HLA-B","CD8B",0.984456133429486,1683,0.112956829020512,1638,-0.0263510994354966,2449,0.0105166274626294,2255,0.900408205893386,390
"T_cell","T_cell","HSPA8","LDLR",0.984456133429486,2084.75,0.0647635485210414,2449,0.0368057200466557,2126,-0.0492514725237986,2443,0.832072448724175,1321
"T_cell","Myeloid","HSPA8","ADRB2",0.987675938211337,1956.75,0.0647112547454556,2451,0.0867826998678134,1899,0.0674314981769265,2098,0.829219850762047,1379
"B_cell","Myeloid","PTDSS1","SCARB1",0.988107764713517,1692.5,0.116883447669978,1579,0.375935048434152,1092,0.385805702476578,1278,0.720672091925813,2821
"T_cell","B_cell","HLA-G","LILRB1",0.989662453657202,1735,0.0586793136105337,2569,0.182036516881112,1580,0.307520588123282,1458,0.831677698376814,1333
"T_cell","T_cell","SELPLG","ITGB2",0.990903634667191,1889.75,0.0711749050115064,2303,-0.00532664744769573,2333,-0.0517739235018406,2453,0.895916066234127,470
"NK","Myeloid","ACTR2","LDLR",0.992520446298821,2399.75,0.0674724875629968,2395,-0.0192603375441302,2408,-0.0152610512342982,2342,0.755406439644763,2454
"Myeloid","B_cell","PTDSS1","SCARB1",0.995892689452144,1708,0.11660217497973,1584,0.307555854124334,1248,0.430242438313311,1176,0.720429523046683,2824
"Myeloid","B_cell","RETN","CAP1",0.997382754148863,1756.25,0.174896695033057,973,0.179210769404858,1586,0.0964704444308804,2009,0.755378232285159,2457
"Myeloid","T_cell","CALM1","FAS",0.997382754148863,1631.75,0.10570716849813,1742,-0.0273583309860214,2457,0.231641792949789,1643,0.876349385955258,685
"Myeloid","Myeloid","LTB","CD40",0.998101457779998,1510.5,0.0976771122666475,1850,0.496100671680898,812,0.623360742874179,844,0.748585869991532,2536
"Myeloid","B_cell","HMGB1","CXCR4",0.998935839903576,2345.75,0.0550995796340413,2670,-0.272600027180008,3272,-0.379484295957315,3200,0.911333111011097,241
"T_cell","T_cell","TNF","ICOS",0.999007486460075,1720.5,0.139202639445061,1320,0.0655946811859291,1988,0.460511489610358,1116,0.755214731694009,2458
"B_cell","T_cell","ICAM4","ITGB1",0.999014683685612,1607.25,0.171323387592053,1009,0.414403277072417,988,0.251989319511489,1586,0.718182066033625,2846
"NK","Myeloid","CD96","PVR",1,1572.5,0.287635075670583,344,0.200923937068589,1527,0.180189609049058,1778,0.739265618424079,2641
"NK","Myeloid","TIGIT","PVR",1,1665.5,0.277084232328783,364,0.173351478346551,1606,0.128891827534614,1912,0.726419652102096,2780
"NK","B_cell","CXCL13","CCR10",1,1678.75,0.273374347745041,371,0.372037381840192,1107,0.114945226121699,1953,0.637974181965124,3284
"B_cell","NK","FAM3C","KIR2DL3",1,1685.25,0.24606764086822,485,0.228362856741913,1445,0.24311575664718,1608,0.655996727773212,3203
"T_cell","T_cell","CD200","CD200R1",1,1704,0.243660447483015,500.5,0.0831959547598808,1913.5,0.496669071150427,1049.5,0.6105458981552,3352.5
"T_cell","T_cell","CD200R1","CD200",1,1704,0.243660447483015,500.5,0.0831959547598808,1913.5,0.496669071150427,1049.5,0.6105458981552,3352.5
"T_cell","T_cell","CKLF","CCR4",1,1677.25,0.239593495420892,526,0.0654001430991828,1991,0.434226397461124,1168,0.692096988544076,3024
"NK","T_cell","CCL3","CCR4",1,1755,0.223136327223075,631,0.058153960327164,2020,0.38006837351736,1293,0.681425385863796,3076
"Myeloid","B_cell","CCL7","CXCR3",1,1765,0.215211215886332,676,0.286737351838093,1298,0.120477918720454,1935,0.667103200912717,3151
"Myeloid","Myeloid","CALM3","PDE1B",1,1634,0.214541386993976,679,0.21367874983317,1487,0.230895704147157,1646,0.731419397353465,2724
"Myeloid","B_cell","CXCL11","CXCR3",1,1628.5,0.213957321947808,681,0.355112384215221,1151,0.210579110857017,1704,0.698872964482684,2978
"T_cell","T_cell","FASLG","FAS",1,1493.5,0.213730394851693,682,0.105489339870677,1820,0.523931711758945,994,0.753397870352172,2478
"Myeloid","NK","CCL7","CCR5",1,1719.25,0.210858749369611,691,0.289197730542622,1291,0.236927672095547,1631,0.641934022243742,3264
"Myeloid","NK","CCL8","CCR5",1,1750.75,0.207552945413931,712,0.263131260030174,1359,0.231790525605347,1642,0.635691429544638,3290
"T_cell","T_cell","CCL3","CCR4",1,1922.75,0.204353570434669,723,0.0317420125861083,2144,0.210742572968071,1702,0.671805937369506,3122
"NK","T_cell","FASLG","FAS",1,1610.75,0.201597010782648,740,0.090786055615834,1883,0.386065090796288,1277,0.74792855591099,2543
"B_cell","T_cell","IGF1","IGF2R",1,1704.5,0.199207406435254,753,0.4133681012041,992,0.218921276247307,1673,0.59033857495079,3400
"NK","Myeloid","ENTPD1","ADORA3",1,1810.5,0.196988562078973,773,0.260830508936878,1364,0.122402401259821,1929,0.662282118228741,3176
"Myeloid","B_cell","CCL20","CXCR3",1,1768.5,0.193192513046672,802,0.219232416872274,1468,0.180764305050817,1775,0.691185764838191,3029
"NK","B_cell","CXCL13","CXCR5",1,1755.5,0.192314266956715,809,0.21652774025639,1476,0.115443042719466,1951,0.725155706427285,2786
"Myeloid","T_cell","AIMP1","NTRK1",1,1726.25,0.191098825154826,818,0.157590879836823,1654,0.347654494556972,1365,0.684865586292921,3068
"NK","NK","FAM3C","KIR2DL3",1,1832,0.191004393116713,819,0.172191838793147,1609,0.252994312789465,1583,0.626878728468711,3317
"Myeloid","B_cell","CXCL9","CXCR3",1,1800.5,0.189490332403903,831,0.305157084425419,1255,0.0976307070638617,2005,0.673904100102246,3111
"T_cell","T_cell","TNFSF4","TRAF2",1,1887.25,0.188495728009987,836,0.0643825825542784,1996,0.351837370301048,1354,0.60707144584305,3363
"B_cell","NK","HLA-C","KIR3DL1",1,1868.75,0.187159556642634,847,-0.241424766659132,3228,0.184691185321093,1761,0.814791750228427,1639
"B_cell","NK","ICAM4","ITGA4",1,1599.25,0.186976045245002,849,0.374383266405404,1099,0.215770696964971,1684,0.728182236791096,2765
"B_cell","NK","B2M","KIR3DL1",1,1893.5,0.186592244394883,852,-0.584063644940052,3419,0.158204989483092,1832,0.823432399248537,1471
"B_cell","Myeloid","ENTPD1","ADORA3",1,1909.5,0.185232815197746,865,0.245484587175769,1409,0.0465459137791948,2158,0.655366855576917,3206
"B_cell","NK","HLA-B","KIR3DL1",1,1929,0.185044505743996,868,-0.548548255371849,3405,0.156933097857611,1836,0.81612010035803,1607
"B_cell","NK","HLA-E","KIR3DL1",1,2010.75,0.179035956868838,919,-0.365343544841477,3344,0.0878374786475016,2028,0.80766164735452,1752
"B_cell","NK","HLA-A","KIR3DL1",1,2029.25,0.177523804803205,939,-0.505115009651983,3393,0.0733317510789325,2080,0.810391054758409,1705
"B_cell","NK","HLA-F","KIR3DL1",1,2005.25,0.173117476485007,993,-0.129431782181991,2939,0.0634848526122816,2108,0.791641644683982,1981
"B_cell","NK","HLA-C","KIR2DS4",1,1908.25,0.173109523939344,994,-0.259989113119358,3257,0.159212591583621,1829,0.819073058111415,1553
"NK","Myeloid","CALM3","PDE1B",1,1934.5,0.172466867343321,997,0.109878941914713,1806,0.0865137472123252,2036,0.709444404978925,2899
"B_cell","NK","HLA-C","KIR2DL3",1,1873.5,0.171434310170102,1005,-0.26296380715131,3259,0.161178071161808,1826,0.827624501847186,1404
"Myeloid","NK","INHBA","ACTR2",1,1828.75,0.171405528879127,1006,0.241855507111186,1416,0.183591437178305,1764,0.670363932268697,3129
"B_cell","NK","B2M","KIR2DL3",1,1900,0.170914663802111,1016,-0.60560268543223,3425,0.134691875323807,1899,0.835787116463137,1260
"Myeloid","NK","ICOSLG","CTLA4",1,1644.25,0.170764819645037,1018,0.312751157855232,1229,0.211503756395365,1697,0.740135554135091,2633
"T_cell","Myeloid","LGALS9","MRC2",1,1890.75,0.169969014440196,1030,0.289500041990999,1290,0.0607747781348451,2119,0.671082729605051,3124
"B_cell","NK","HLA-B","KIR2DL3",1,1933.75,0.169496966983961,1036,-0.570087295864026,3413,0.133419983698325,1902,0.828880142679817,1384
"B_cell","NK","HLA-G","KIR3DL1",1,2059.75,0.167398357848759,1052,-0.0616116074936425,2638,0.0710924109320742,2090,0.754802934448094,2459
"B_cell","Myeloid","CALM1","PDE1B",1,1999.75,0.166802264601339,1054,-0.0551646003655423,2605,0.00799604955996064,2265,0.784104151336601,2075
"B_cell","NK","HLA-B","KIR3DL2",1,2069.5,0.165193239589914,1063,-0.605268574364532,3424,0.0724855011918292,2085,0.810358451480309,1706
"Myeloid","NK","MMP9","CD44",1,1845,0.164831831251713,1068,0.103705462790895,1830,0.0958216989124639,2010,0.753710223635388,2472
"B_cell","NK","B2M","KLRC1",1,1726.5,0.163650554625733,1084,-0.58164059241741,3418,0.240459166884144,1618,0.869012767178362,786
"Myeloid","NK","CD274","PDCD1",1,2200.5,0.163254880970306,1094,0.00447466150567986,2280,-0.0619087765358985,2473,0.703295529768892,2955
"Myeloid","B_cell","INHBA","ACTR2",1,1946.75,0.162747308271518,1097,0.227134366836153,1451,0.0754739951656162,2072,0.664611871820311,3167
"B_cell","NK","HLA-A","KIR2DL3",1,2029.75,0.162608159375585,1099,-0.52665405014416,3399,0.0498186369196473,2151,0.823462657879292,1470
"Myeloid","B_cell","MRC1","PTPRC",1,2341.75,0.160734492741028,1118,-0.37275667508528,3349,-0.166838359258178,2775,0.78050144675433,2125
"NK","B_cell","CRTAM","CADM1",1,1833,0.158655708897101,1139.5,0.103691072023436,1831.5,0.13619584692616,1890.5,0.7538644377426,2470.5
"B_cell","NK","CADM1","CRTAM",1,1833,0.158655708897101,1139.5,0.103691072023436,1831.5,0.13619584692616,1890.5,0.7538644377426,2470.5
"B_cell","NK","HLA-A","KIR3DL2",1,2168.5,0.158479346910955,1141,-0.561835328644666,3410,-0.0111158455868488,2326,0.804492896781298,1797
"B_cell","T_cell","CD72","CD5",1,1509.25,0.157199802426301,1147,0.167653376489023,1624,0.658237023164237,799,0.754156179927568,2467
"B_cell","Myeloid","ADAM10","TREM2",1,1834,0.15659014299842,1152,0.317909801521637,1219,0.150168172634723,1857,0.674386400238429,3108
"B_cell","Myeloid","ICAM4","ITGA4",1,1822.75,0.154725044404646,1166,0.28645110839851,1300,0.124355386949665,1922,0.709045757854991,2903
"B_cell","NK","HLA-F","KIR3DL2",1,2171.25,0.154545722150505,1168,-0.186152101174674,3094,-0.0209627440534997,2364,0.78531475817629,2059
"B_cell","NK","B2M","KLRC2",1,1776.5,0.153791905903194,1177,-0.609163516384691,3426,0.176837195710798,1790,0.873921609669695,713
"B_cell","Myeloid","TXLNA","STX3",1,1899.25,0.152373374498789,1192,0.227625510281118,1446,0.157610834835715,1833,0.671002378147682,3126
"Myeloid","B_cell","MMP9","CD44",1,2086.25,0.151993190082829,1199,0.0341435253511459,2134,-0.0499865305435391,2447,0.746106632672395,2565
"NK","T_cell","CKLF","CCR4",1,2283.25,0.151770821239999,1202,-0.0635601091333017,2652,0.0949985132017189,2013,0.641448183909745,3266
"Myeloid","T_cell","LAMB3","CD151",1,1924.25,0.149801136361828,1220,0.326714974424318,1197,0.162067844045715,1823,0.549664207379252,3457
"B_cell","T_cell","COPA","NTRK1",1,1733,0.148511876749761,1232,0.176770986735248,1595,0.254804685023957,1579,0.749216715978921,2526
"B_cell","B_cell","CD70","CD27",1,1972.25,0.148288921270412,1235,0.0719399407854506,1961,0.0208684064545052,2219,0.753585619472157,2474
"B_cell","NK","HLA-G","KLRC1",1,1840.75,0.146816574259168,1248,-0.0591885549710001,2624,0.153346588333126,1843,0.81410006995938,1648
"B_cell","T_cell","FCER2","ITGAX_ITGB2",1,1792.75,0.145885575406562,1252,0.347666142866799,1164,0.0646838313622163,2104,0.738407390307044,2651
"Myeloid","Myeloid","TNFSF9","PVR",1,2049,0.144960202506414,1258,0.158021565463586,1653,0.126334049967301,1917,0.602214963302733,3368
"Myeloid","NK","ICOSLG","ICOS",1,1928.25,0.144886284524616,1261,0.293205142711015,1281,0.0816324294654716,2055,0.672814232342967,3116
"NK","Myeloid","TXLNA","STX3",1,1921.75,0.144402451512953,1265,0.212813999831077,1491,0.183280935943296,1768,0.66504472990662,3163
"B_cell","Myeloid","ARF6","PLD1",1,2090.75,0.14383733051608,1271,0.0537007599173152,2038,-0.00438303631380033,2301,0.728884791033876,2753
"B_cell","NK","ICOSLG","CTLA4",1,1901.75,0.142221413176246,1288,0.222500602016667,1462,0.0842587640340641,2047,0.722164174905713,2810
"B_cell","Myeloid","ICAM4","ITGAL",1,2004.25,0.141195468285394,1296,0.234786262692786,1433,0.00275072033740903,2280,0.693884012482971,3008
"T_cell","T_cell","CRTAM","CADM1",1,1800,0.141003559807034,1300.5,0.082561886192972,1918.5,0.3434958508069,1377.5,0.7427582712174,2603.5
"T_cell","T_cell","CADM1","CRTAM",1,1800,0.141003559807034,1300.5,0.082561886192972,1918.5,0.3434958508069,1377.5,0.7427582712174,2603.5
"NK","NK","TNFSF9","TNFRSF9",1,2082.5,0.134549226474383,1366,0.0181850373773429,2204,0.00968961002945801,2258,0.75119544053691,2502
"T_cell","B_cell","TNFSF10","CCR6",1,2026.25,0.134355923416595,1368,0.16138104245897,1644,0.169720691005411,1810,0.637975300444666,3283
"T_cell","B_cell","CD70","CD27",1,1978,0.134260217344377,1369,0.0517386935726715,2047,0.128940383464484,1911,0.744242405474249,2585
"B_cell","B_cell","ICAM4","ITGA4",1,2041.5,0.13382083374539,1376,0.229455904938064,1443,-0.0143867972976542,2338,0.693849901298861,3009
"Myeloid","NK","TNF","ICOS",1,1963.5,0.133639578340047,1378,0.111576922762379,1800,0.0383128123304972,2178,0.751425342729676,2498
"T_cell","NK","TGFB1","TGFBR3",1,1939.5,0.132362665552968,1390,0.18211758449272,1579,0.239292423123355,1621,0.664568427252077,3168
"NK","NK","HLA-G","KIR2DL4",1,1838,0.131417941817414,1396,-0.0371028988458994,2511,0.0892901603929376,2025,0.826750198221401,1420
"T_cell","B_cell","CXCL13","CXCR3",1,1970.5,0.129883164637092,1409,-0.0366588680715547,2510,0.170136571837578,1807,0.778189878401023,2156
"B_cell","B_cell","CD22","PTPRC",1,1750.25,0.129682486881702,1413,-0.0397356266199445,2532,0.161769003590093,1824,0.838147777034475,1232
"T_cell","T_cell","ADAM10","TSPAN5",1,2149.5,0.127294789701331,1438,0.0179196789758546,2207,0.150258449929336,1856,0.676979171525897,3097
"T_cell","T_cell","AIMP1","NTRK1",1,2153,0.127239323846842,1439,0.0355757989986821,2132,0.183504961809261,1766,0.639423502691704,3275
"B_cell","T_cell","ALCAM","CD6",1,1641,0.126897490149095,1443,0.176505779981971,1596,0.568258300166333,928,0.743226403805079,2597
"Myeloid","NK","CD72","CD5",1,1956.25,0.126447988613219,1449,0.124033457535433,1766,0.12842458202744,1913,0.733423051484814,2697
"NK","T_cell","CRTAM","CADM1",1,2067.25,0.12555017461405,1459.5,0.0439010170466367,2085.5,0.098803549716891,2002.5,0.731513412806473,2721.5
"T_cell","NK","CADM1","CRTAM",1,2067.25,0.12555017461405,1459.5,0.0439010170466367,2085.5,0.098803549716891,2002.5,0.731513412806473,2721.5
"Myeloid","T_cell","MAML2","NOTCH1",1,2083.25,0.123651190656962,1483,0.10381378358596,1829,0.107357763950398,1981,0.688608270680768,3040
"B_cell","Myeloid","MTMR4","SMAD3",1,2076.25,0.123576298376183,1484,0.14741689730634,1685,0.195189014781357,1735,0.58957793164849,3401
"B_cell","Myeloid","CALM3","PDE1B",1,2419.75,0.123163739561694,1492,-0.0117541803646132,2369,-0.140320206450565,2705,0.673562431188567,3113
"B_cell","T_cell","HLA-E","CD8B",1,1746.25,0.122619959078294,1501,-0.473123189266181,3380,0.20232048542335,1718,0.900601316318809,386
"T_cell","Myeloid","TNFSF4","TRAF2",1,2332.25,0.122548335104997,1503,-0.0106137265660734,2363,0.0929474269599898,2016,0.554713477635894,3447
"Myeloid","Myeloid","MAML2","NOTCH1",1,2127.75,0.122217260781567,1511,0.100558793603573,1847,0.0671000660833552,2100,0.687356323254575,3053
"B_cell","T_cell","HLA-A","CD8B",1,1765,0.121584301059363,1522,-0.612894654076687,3428,0.18781475785478,1749,0.902171598196232,361
"NK","T_cell","TNFSF9","TRAF2",1,2029.5,0.121254888602907,1527,0.0756429686886761,1940,0.229802241505243,1651,0.695026467624404,3000
"B_cell","NK","SEMA7A","ITGA1_ITGB1",1,1925.25,0.120889743854658,1533,0.187776330348167,1561,0.195251119539241,1734,0.71358811642743,2873
"B_cell","NK","ICOSLG","ICOS",1,2177.75,0.120668485334271,1535,0.202954586872451,1523,-0.045612562895829,2429,0.652373825477407,3224
"T_cell","NK","TNFSF9","TNFRSF9",1,2257.25,0.119810029056573,1549,-0.0162633712532486,2390,-0.0564889853845761,2459,0.740195863630825,2631
"B_cell","T_cell","HLA-F","CD8B",1,1774.75,0.118566450301827,1559,-0.237211426606695,3222,0.17796785938813,1784,0.891280305693823,534
"B_cell","NK","CD59","CD2",1,2139.5,0.11807236361593,1564,-0.0709398246764845,2692,-0.121663333517298,2661,0.814668739129477,1641
"NK","Myeloid","TGFB1","SMAD3",1,2058.5,0.117950877749544,1566,0.143181954755074,1698,0.223697568453135,1662,0.629366477863484,3308
"T_cell","T_cell","SPTAN1","PTPRA",1,1899.5,0.117681951868954,1567,0.0714521711478543,1964,0.25294430012284,1584,0.752888723571913,2483
"Myeloid","Myeloid","MTMR4","SMAD3",1,2129,0.117357981948837,1571,0.136386656738391,1726,0.174118155303197,1801,0.58331721748945,3418
"B_cell","NK","HLA-G","KIR2DL4",1,2135.75,0.117249816948092,1573,-0.169244284893184,3054,-0.0170867436639055,2351,0.818427560538731,1565
"B_cell","B_cell","ICAM4","ITGB1",1,2105.75,0.116373699377911,1586,0.269141753201228,1345,-0.0316298926224887,2397,0.677452426115392,3095
"B_cell","NK","FAM3C","CLEC2D",1,1994,0.115970248319225,1595,0.0288001075476305,2154,-0.0875223462953648,2548,0.811973362967916,1679
"T_cell","Myeloid","VCAM1","ITGA4_ITGB7",1,1984.5,0.11546770616649,1607,-0.0313034965987475,2479,0.163539036176926,1821,0.787604694001303,2031
"B_cell","T_cell","HLA-G","CD8B",1,1802.75,0.114649482417803,1612,-0.169391251918347,3055,0.185575417707922,1759,0.869146249949331,785
"Myeloid","NK","CD48","CD2",1,1951.5,0.114603501334601,1613,-0.0704303597993548,2687,-0.178540916786525,2814,0.876056629858717,692
"Myeloid","NK","HLA-F","CD8B",1,1762,0.114158693773667,1618,-0.0374344441196511,2515,-0.0213851478150915,2366,0.889431179721045,549
"NK","Myeloid","ADAM17","IL6R",1,1560.75,0.113872097386531,1622,0.449285215187849,921,0.568453600908696,927,0.727163286827148,2773
"B_cell","T_cell","HLA-DRB1","LAG3",1,1714.25,0.11384538086759,1623,-0.0309423082320445,2476,0.183359721156852,1767,0.853773270821326,991
"Myeloid","NK","ADAM15","ITGA5",1,1571.75,0.113794404465591,1624,0.384058086182437,1068,0.670612526826899,777,0.720909479060881,2818
"NK","NK","VCAM1","ITGA4_ITGB7",1,2151.75,0.113712491230872,1625,-0.0276952366695129,2460,-0.0628782877235535,2476,0.786320677894852,2046
"Myeloid","Myeloid","CCL7","CXCR3",1,2195.75,0.113594252978056,1626,0.186923185017225,1564,0.0274320013607723,2201,0.592815956804706,3392
"NK","Myeloid","PTDSS1","SCARB1",1,1671.75,0.113512793186362,1630,0.369718184674851,1112,0.472270025513787,1096,0.717717356922647,2849
"NK","T_cell","TGFB1","TGFBR3",1,2183.75,0.113437773966764,1632,0.0905394941383298,1885,0.10986321269528,1970,0.647158953071109,3248
"NK","T_cell","ADAM10","TSPAN5",1,2305,0.113294004836285,1634,-0.0169627267071392,2394,0.0902077891045731,2022,0.664109992546061,3170
"NK","NK","HLA-F","CD8B",1,1800.75,0.113139373192546,1636,-0.0563732684858345,2608,-0.0396618183881949,2407,0.888989384124884,552
"Myeloid","Myeloid","CXCL11","CXCR3",1,2069.75,0.112932414120477,1639,0.255298217394352,1382,0.117533193497335,1944,0.627718902400991,3314
"T_cell","NK","FASLG","FAS",1,2406,0.112790883888886,1640,-0.0564465893830875,2610,-0.0143429964493064,2337,0.689381063568659,3037
"Myeloid","T_cell","IL18","IL18BP",1,1647.75,0.112595711613409,1642,0.503517550345361,795,0.489765303002946,1063,0.678103119381821,3091
"B_cell","NK","FAM3C","PDCD1",1,2494.25,0.11251606051095,1646,-0.0703627506547061,2686,-0.264117180994899,3010,0.739933031596424,2635
"Myeloid","NK","HLA-A","CD8B",1,1845.5,0.11237829361943,1648,-0.127276579774394,2933,-0.0300959272723542,2388,0.898641575817592,413
"B_cell","T_cell","SEMA7A","ITGA1_ITGB1",1,1989.25,0.111778904109954,1658,0.169080419307008,1621,0.193131544435317,1741,0.705514376735361,2937
"Myeloid","NK","HLA-E","CD8B",1,1876.75,0.111575207216194,1662,-0.136584622055743,2964,-0.0427970121846308,2420,0.896295841969314,461
"B_cell","T_cell","CKLF","CCR4",1,2632.25,0.111315813976231,1664,-0.122964903959484,2916,-0.0980003257278105,2584,0.605074648828787,3365
"Myeloid","NK","HLA-C","CD8B",1,1866,0.11116455272231,1668,-0.149701236269435,2998,-0.0268043198218506,2382,0.898371694887075,416
"B_cell","Myeloid","ADAM17","IL6R",1,1609,0.111074434577242,1669,0.444347030225194,930,0.497331042823961,1048,0.724688735976442,2789
"B_cell","B_cell","SEMA7A","PLXNC1",1,2040.25,0.110419094974497,1678,0.237431528099613,1429,0.229771126013199,1652,0.589215504519162,3402
"Myeloid","Myeloid","TGFB1","SMAD3",1,2130,0.109995473779275,1682,0.125163188854497,1759,0.187107343928663,1754,0.621186049351242,3325
"B_cell","NK","CLEC2D","KLRB1",1,2402,0.109858120906429,1685,-0.152421173741223,3004,-0.25600635717401,2998,0.796474812312298,1921
"NK","T_cell","SPTAN1","PTPRA",1,2079,0.109741467925532,1688,0.0373643069928505,2122,0.116730008239037,1946,0.746333003238492,2560
"Myeloid","NK","MAML2","NOTCH1",1,2229.25,0.109711865326283,1689,0.0721718148320077,1959,0.0431303612938645,2168,0.675642395860465,3101
"T_cell","B_cell","VCAM1","ITGA4_ITGB7",1,2068,0.108851355741643,1695,-0.0456702608668386,2556,0.123868337971718,1923,0.782627315708889,2098
"B_cell","Myeloid","IRAK4","TLR6",1,2078.5,0.108817397927087,1696,0.300558260658919,1267,0.101341653400652,1994,0.609779654470643,3357
"T_cell","B_cell","IL16","KCNA3",1,1971.25,0.108584188579857,1697,0.11585378941264,1790,0.131365100242978,1907,0.752039011584957,2491
"T_cell","T_cell","TNFSF9","TRAF2",1,2173,0.107972019664726,1701,0.0411945600580845,2099,0.163623646091209,1820,0.682592923959808,3072
"Myeloid","T_cell","TNFSF9","TNFRSF9",1,2099.25,0.107613077088103,1705,-0.00737666743473701,2345,0.246201505004707,1599,0.729740068495278,2748
"NK","NK","HLA-G","CD8B",1,2004.25,0.107562535879886,1706,-0.114568668564848,2885,-0.0983046948490036,2586,0.865474900195981,840
"T_cell","T_cell","ADAM10","TSPAN17",1,2168.5,0.10739365526284,1708,0.0159118830934512,2219,0.165822461475463,1816,0.705919287645867,2931
"B_cell","NK","HLA-C","CD8B",1,2021.25,0.107294969104849,1710,-0.426523213777622,3366,-0.0910828245168278,2558,0.89674287253707,451
"NK","Myeloid","LGALS9","MRC2",1,2271.5,0.107243715120626,1711,0.185467843337235,1569,-0.0620674131584097,2474,0.618415929796606,3332
"B_cell","NK","HLA-F","CD8A",1,1961.75,0.107108253118719,1713,-0.225155326423194,3192,-0.112999092819096,2639,0.906350974969927,303
"B_cell","T_cell","HLA-F","CD8A",1,1783,0.107046461406471,1716,-0.225509155690686,3197,0.127167327744183,1915,0.906326481337923,304
"NK","T_cell","HLA-DRB1","LAG3",1,1811.5,0.10673952784674,1720,-0.069910170798508,2685,0.176054590761755,1793,0.849704141033033,1048
"T_cell","Myeloid","ADAM17","IL6R",1,1668.75,0.10661384366871,1722,0.436473592841698,940,0.424880369616419,1191,0.720581186806084,2822
"Myeloid","Myeloid","TNF","TRAF2",1,1945.75,0.106476747952834,1724,0.192737756552466,1549,0.254063436813074,1581,0.706215484919222,2929
"NK","B_cell","ICAM1","CAV1",1,1620,0.106446361535473,1725,0.471059532177104,865,0.531475730448572,979,0.707886143068535,2911
"T_cell","NK","BAG6","NCR3",1,2237.75,0.106395983290096,1727,0.0918029788218651,1879,0.0593222648366812,2123,0.652914119460593,3222
"NK","NK","FASLG","FAS",1,2555.75,0.106387793141496,1729,-0.0711498736379305,2693,-0.152209617411963,2730,0.683089171215308,3071
"NK","B_cell","CCL5","CXCR3",1,1784.5,0.106340468804017,1730,0.122243035339312,1770,-0.138561245034255,2704,0.857522402092759,934
"NK","T_cell","GPI","NTRK1",1,2405.5,0.106298774350766,1731,-0.101385498080884,2818,-0.026769879376795,2381,0.733838136187422,2692
"B_cell","B_cell","LAMA5","ITGA6_ITGB1",1,1680.75,0.106161813069564,1732,0.399831767182372,1034,0.344738407202839,1374,0.744382324010688,2583
"NK","Myeloid","TNFSF10","TNFRSF10D",1,2131.25,0.106086264999742,1733,0.219025104884733,1469,0.113668429473585,1959,0.605234345778877,3364
"B_cell","NK","HLA-B","CD8B",1,2068,0.106082451160826,1734,-0.733646702490338,3445,-0.11884091198031,2656,0.897557352507212,437
"NK","NK","BAG6","NCR3",1,2129.25,0.106068345127033,1735,0.0910317226433338,1881,0.216884997022268,1678,0.652564573615104,3223
"Myeloid","T_cell","MMP9","IFNAR1",1,2240,0.105859685082318,1738,0.198426827555637,1534,0.0177399798659244,2232,0.55012556219526,3456
"Myeloid","T_cell","TGFB1","TGFBR3",1,2264.25,0.10578676420226,1741,0.0725207282377523,1957,0.0732729881708092,2082,0.639146068490384,3277
"Myeloid","Myeloid","VEGFB","ADRB2",1,2009.25,0.105644915444338,1745,0.207682055187607,1509,0.326360257276154,1411,0.600593773854951,3372
"B_cell","T_cell","AIMP1","NTRK1",1,2422.25,0.105228512631665,1754,-0.00647982083430956,2341,0.00905350600014473,2259,0.617250718048134,3335
"NK","T_cell","HLA-G","KIR2DL4",1,2132,0.104864074953613,1757,-0.0980296918503885,2804,0.012084891187808,2254,0.809984470343071,1713
"B_cell","Myeloid","CALM1","KCNN4",1,1784.5,0.104189242060105,1763,-0.0505271023996034,2585,0.122806226837848,1928,0.863260298559817,862
"B_cell","NK","HLA-G","CD8A",1,1994,0.103569818877735,1769,-0.157335151734845,3021,-0.105391534499304,2612,0.886895772220855,574
"B_cell","T_cell","HLA-G","CD8A",1,1816.25,0.103510068519949,1770,-0.157688981002337,3023,0.134774886063976,1897,0.886866825291088,575
"B_cell","NK","MTMR4","SMAD3",1,2226,0.103292241008331,1775,0.109104994321341,1810,0.139844880240198,1881,0.567724363624314,3438
"Myeloid","NK","TNFSF10","TNFRSF10B",1,1744.75,0.102878261862179,1780,0.258382561924489,1372,0.458193360859539,1123,0.732897774156476,2704
"B_cell","NK","HLA-E","CD8B",1,2137.5,0.102637865816162,1781,-0.550441991959966,3406,-0.187936531190419,2843,0.892350878895517,520
"T_cell","NK","FAM3C","PDCD1",1,2511.25,0.102531930344042,1783,-0.0926368777271859,2779,-0.157613128667835,2749,0.730893326204309,2734
"T_cell","NK","SPTAN1","PTPRA",1,2089,0.102330359725398,1787,0.0443250630957985,2083,0.152132316791175,1849,0.739657479204646,2637
"Myeloid","Myeloid","CCL20","CXCR3",1,2232,0.101972190947897,1791,0.119418250051406,1778,0.0877183876911353,2029,0.619204992277557,3330
"T_cell","T_cell","COPA","NTRK1",1,2313.25,0.101956970119515,1792,0.00187801373347224,2297,0.00272663917392665,2281,0.712259256513027,2883
"B_cell","NK","TGFB1","TGFBR3",1,2130.5,0.101892529579315,1793,0.143550931194707,1695,0.191664157448774,1742,0.634809628097324,3292
"B_cell","NK","HLA-A","CD8B",1,2154.5,0.101770978161188,1797,-0.690213456770472,3440,-0.202442258758988,2882,0.89403616410619,499
"Myeloid","T_cell","TNFSF10","TNFRSF10B",1,1810,0.101505527370634,1801,0.256280875908242,1378,0.358857839611534,1343,0.73158089540333,2718
"Myeloid","NK","APP","NCSTN",1,1577.5,0.10116327435006,1807,0.45121079904845,916,0.537077069151817,973,0.742049896495782,2614
"Myeloid","NK","CD59","CD2",1,2361.25,0.101143732979088,1808,-0.120727824125791,2910,-0.20821567027053,2902,0.802700566742494,1825
"Myeloid","Myeloid","CXCL9","CXCR3",1,2245,0.100018080690338,1817,0.20534291760455,1518,0.0045847897041798,2272,0.60022502285778,3373
"T_cell","Myeloid","SEMA4A","NRP1_PLXNA1",1,1977.5,0.099932487466124,1818,0.326132584180635,1199,0.19146272700087,1744,0.667258146049214,3149
"NK","T_cell","CADM1","CRTAM",1,2179,0.0997956885183215,1821.5,0.0162951202701663,2215.5,0.181417734857828,1772.5,0.708379021359092,2906.5
"T_cell","NK","CRTAM","CADM1",1,2179,0.0997956885183215,1821.5,0.0162951202701663,2215.5,0.181417734857828,1772.5,0.708379021359092,2906.5
"NK","B_cell","IRAK4","TLR6",1,2096.5,0.0996897569216217,1823,0.206385116090489,1512,0.218418928130902,1676,0.599307843798212,3375
"B_cell","Myeloid","TNFSF9","PVR",1,2386,0.0996581073329196,1824,0.102390307706981,1839,-0.0464314256087008,2435,0.556592902632477,3446
"NK","T_cell","COPA","NTRK1",1,2253.25,0.0995897024166159,1826,-0.00701510874101339,2343,0.116601410997832,1947,0.709845962092312,2897
"Myeloid","B_cell","LAMB3","CD151",1,2133.5,0.0992695557125792,1829,0.270281040239322,1343,0.136389723984562,1889,0.498394802636986,3473
"B_cell","NK","HLA-F","CD8B",1,2172.25,0.0992449150028444,1830,-0.31453022930048,3316,-0.212289157225639,2913,0.882357254816807,630
"B_cell","B_cell","IL24","NOTCH2",1,2174,0.0991776400115897,1831,0.104248200300035,1827,0.0828101401333395,2051,0.696989415933017,2987
"B_cell","T_cell","IL24","IL10RB",1,2333.75,0.0986918425825177,1834,0.0695385847263721,1973,0.00192550399659974,2284,0.64881114723253,3244
"NK","NK","TGFB1","SMAD3",1,2208.75,0.0985901880194058,1837,0.104870051770076,1824,0.168353433911976,1813,0.60822369501321,3361
"T_cell","Myeloid","SPTAN1","PTPRA",1,2149,0.0983764447179104,1839,0.0373382777100375,2123,0.11261692503241,1962,0.735845604660254,2672
"Myeloid","B_cell","IRAK4","TLR6",1,2132,0.0983049480348929,1841,0.202883341062666,1524,0.179324683073092,1781,0.597627089853913,3382
"T_cell","B_cell","IRAK4","TLR6",1,2130,0.0981616420551663,1842,0.202520962321488,1525,0.182111150542414,1770,0.5974516753095,3383
"NK","T_cell","HLA-DPA1","LAG3",1,1895,0.0981055719321781,1844,-0.0851839184379158,2754,0.142795660423906,1877,0.846429435668334,1105
"Myeloid","NK","MTMR4","SMAD3",1,2270,0.0980946113049054,1845,0.098074753753392,1851,0.118774020762038,1943,0.561378295178378,3441
"Myeloid","T_cell","CCL4L1","CCR5",1,2026.75,0.0976278505980194,1851,-0.0649435752217178,2661,0.123738356178119,1924,0.812328780009455,1671
"Myeloid","B_cell","LGALS9","PTPRC",1,1824,0.097581952145033,1853,-0.276768240826428,3277,0.179749826886331,1779,0.900584300741648,387
"B_cell","NK","HSPA8","ADRB2",1,1810,0.0974115105006906,1855,-0.0552649477870605,2606,0.158229708805191,1831,0.856265530131985,948
"T_cell","Myeloid","TNFSF10","RIPK1",1,2165,0.0973460474142092,1856,0.0943670604337719,1867,0.110369969958637,1968,0.700440198955866,2969
"T_cell","Myeloid","SEMA4A","PLXND1",1,1596,0.0967678727279628,1870,0.473628042754324,858,0.432671716439243,1172,0.752772161900968,2484
"B_cell","T_cell","HLA-DPB1","LAG3",1,2043.25,0.0962717209396423,1878,-0.131234715024881,2943,0.0528489750079511,2144,0.839684907459707,1208
"Myeloid","B_cell","LTB","CD40",1,1551.25,0.0961753024509183,1879,0.485181998702772,833,0.55667938580285,942,0.747124975847728,2551
"NK","Myeloid","S100A4","CCR5",1,2011.75,0.0960741809970971,1880,-0.0342726399521076,2495,-0.0777421958413872,2521,0.842981747528526,1151
"NK","T_cell","HLA-DRB5","LAG3",1,1981.5,0.0959741737220759,1881,-0.0937567426514875,2784,0.111808559845875,1966,0.833568579220224,1295
"B_cell","NK","HLA-G","CD8B",1,2232,0.0959662544396815,1882,-0.246710054612132,3237,-0.204681598905847,2888,0.858694582520594,921
"T_cell","B_cell","TNF","PTPRS",1,2088.5,0.0957783189153118,1886,0.28337488709509,1311,0.0856679777203776,2039,0.672738717228162,3118
"NK","T_cell","ADAM10","TSPAN17",1,2321.75,0.0955817384771345,1887,-0.0189705225895426,2405,0.105771800650701,1985,0.693681388118516,3010
"NK","NK","SPTAN1","PTPRA",1,2270.5,0.0954257106656257,1892,0.0102371989407947,2248,0.0159180249073713,2237,0.732875282403079,2705
"B_cell","T_cell","CALM1","FAS",1,1984.75,0.0949089935449143,1898,-0.221284862007121,3179,0.0662315565443566,2102,0.870391841995465,760
"B_cell","NK","HLA-DPA1","LAG3",1,1969,0.094634017086797,1904,-0.00407583873495889,2329,-0.0729779812148877,2505,0.844073270819194,1138
"NK","Myeloid","VCAM1","ITGA4_ITGB7",1,2431.75,0.0942266932840652,1908,-0.0918294453604417,2774,-0.166371008062208,2774,0.770104865555162,2271
"T_cell","B_cell","VCAM1","ITGA4_ITGB1",1,2255.75,0.0939529045318135,1909,-0.11720074221552,2897,-0.0152299292343497,2341,0.799490790646584,1876
"B_cell","T_cell","GPI","NTRK1",1,2640,0.0938028135230441,1910,-0.152568441814288,3006,-0.183560293865127,2829,0.721447768429759,2815
"NK","NK","SPON2","ITGA5",1,1742.25,0.0936695089199789,1913,0.249070605321405,1399,0.518862341949642,1010,0.73857839145428,2647
"T_cell","B_cell","CCL5","CXCR3",1,1940.25,0.0936136275258819,1914,0.00289754087186017,2290,-0.0719938543810674,2504,0.849556589271369,1053
"B_cell","T_cell","HLA-G","KIR2DL4",1,2385,0.093558713693938,1916,-0.230171077897673,3204,-0.0942920128690351,2572,0.801050246053852,1848
"T_cell","NK","HLA-DPB1","LAG3",1,2120,0.0934892044137869,1917,-0.0604787056714636,2632,-0.135246900744604,2696,0.83770103493364,1235
"B_cell","T_cell","IL16","KCNA3",1,2112.75,0.0927222178008956,1924,0.111234270326242,1802,0.0781044390747677,2064,0.737024047492527,2661
"NK","Myeloid","MAML2","NOTCH2",1,1675,0.0923639178455262,1928,0.392105594511428,1051,0.460971061495645,1115,0.742691264509799,2606
"T_cell","Myeloid","FASLG","FAS",1,2621,0.0921429867579031,1931,-0.0895717390608375,2766,-0.113071730465556,2640,0.667329260436595,3147
"T_cell","NK","FASLG","TNFRSF10B",1,2293.25,0.0920963704272855,1932,0.0142460737479922,2227,0.18724940688233,1752,0.642934313200175,3262
"B_cell","NK","IL16","KCNA3",1,2129,0.0920096758154219,1933,0.10974752004097,1807,0.0631652864844794,2109,0.736275765798009,2667
"Myeloid","NK","TGFB1","SMAD3",1,2278,0.0919405997487318,1934,0.0868512858694981,1898,0.131763209387504,1906,0.599873293529899,3374
"NK","Myeloid","SPTAN1","PTPRA",1,2337,0.0917385825199466,1935,0.00325041355503374,2289,-0.0235973668513931,2372,0.729000487783627,2752
"T_cell","T_cell","MFNG","NOTCH1",1,2142,0.09167752988495,1937,0.0267987050265853,2163,0.125741052604483,1918,0.747165250702126,2550
"NK","Myeloid","SEMA4A","NRP1_PLXNA1",1,1939,0.0913469701965441,1941,0.311259555841567,1237,0.341708791409215,1380,0.657212157008985,3198
"T_cell","Myeloid","TNFSF10","TNFRSF10A",1,2425.75,0.091312552617502,1942,0.0273067227122887,2158,-8.87777485947261e-05,2290,0.628490210780916,3313
"Myeloid","NK","MFNG","NOTCH1",1,2200.75,0.0909069496593427,1948,0.0318980189850915,2143,0.0478326558608249,2154,0.746367140924564,2558
"T_cell","T_cell","FASLG","TNFRSF10B",1,2369.75,0.0908675018408288,1949,0.0121443877317452,2236,0.0879138856343247,2027,0.641390919041913,3267
"T_cell","Myeloid","MFNG","NOTCH1",1,2183.75,0.0906143848533012,1952,0.0235437150441985,2176,0.0854833547374396,2041,0.746061912341817,2566
"B_cell","T_cell","LMAN1","MCFD2",1,1755.25,0.0903393789865804,1955,0.3327467601425,1191,0.366746663761179,1321,0.746860035034047,2554
"NK","NK","FAM3C","CLEC2D",1,2228.25,0.0900192598329937,1958,-0.0273709104011357,2458,-0.0776437901530793,2520,0.7918690980644,1977
"T_cell","B_cell","CD28","CD86",1,1929.5,0.0900078038561471,1959.5,0.0872584970297662,1894.5,0.632185778634035,830.5,0.690350919581431,3033.5
"B_cell","T_cell","CD86","CD28",1,1929.5,0.0900078038561471,1959.5,0.0872584970297662,1894.5,0.632185778634035,830.5,0.690350919581431,3033.5
"Myeloid","T_cell","B2M","KLRC2",1,2157.25,0.0896484890931262,1962,-0.187647960153931,3097,-0.0306937249214366,2391,0.841073173768169,1179
"NK","T_cell","TNF","TRAF2",1,2185.25,0.0892950022808199,1967,0.047742160167982,2068,0.227501678934733,1655,0.687634462991664,3051
"T_cell","Myeloid","CCL3","CCR5",1,2281.25,0.0892913791874145,1968,-0.0103084198113863,2361,-0.153048921635883,2733,0.78500518231422,2063
"B_cell","Myeloid","LGALS9","MRC2",1,2446.5,0.0892328474726405,1970,0.15559616187206,1661,-0.165170662783544,2770,0.596499985427253,3385
"T_cell","NK","HLA-DRB1","LAG3",1,2174.75,0.0891193564341143,1973,-0.0704473495720079,2688,-0.175035523794886,2804,0.837817082390035,1234
"Myeloid","Myeloid","CCL4L1","CCR5",1,2343.25,0.0890008587318341,1974,-0.0957560070740158,2791,-0.182285883169142,2824,0.805174566715108,1784
"NK","NK","CRTAM","CADM1",1,2468.75,0.0888585092202729,1975.5,-0.0223657488761689,2428.5,-0.0632745662321805,2477.5,0.696245923327711,2993.5
"NK","NK","CADM1","CRTAM",1,2468.75,0.0888585092202729,1975.5,-0.0223657488761689,2428.5,-0.0632745662321805,2477.5,0.696245923327711,2993.5
"NK","B_cell","VCAM1","ITGA4_ITGB7",1,2516,0.0888274622536764,1978,-0.106196209628533,2851,-0.206041706267416,2893,0.764839833601379,2342
"Myeloid","Myeloid","HSPA8","LDLR",1,1988,0.0886483546984033,1980,-0.0976794246002816,2802,0.0432790066764144,2167,0.852877975911664,1003
"NK","Myeloid","SEMA4A","PLXND1",1,1593,0.0884542375577378,1981,0.458755014415256,895,0.582917780847588,912,0.744318673415208,2584
"NK","T_cell","AIMP1","NTRK1",1,2538,0.0883559563646933,1983,-0.0387178789884414,2522,0.00871367849571844,2261,0.596406618863021,3386
"B_cell","T_cell","ADAM10","TSPAN5",1,2662.5,0.0882716131777783,1984,-0.0793050328995505,2730,-0.116584268915341,2647,0.635730372026067,3289
"B_cell","NK","CD70","CD27",1,2704,0.0879269916292469,1988,-0.105650029968244,2847,-0.26861536694472,3019,0.701928925940863,2962
"T_cell","T_cell","MAML2","NOTCH1",1,2336.5,0.0875616134417822,1992,0.0188056905758482,2198,0.122874939551702,1927,0.650459567957912,3229
"NK","NK","FAM3C","PDCD1",1,2696.75,0.0873380253411166,1997,-0.126533768603472,2931,-0.254238624852613,2995,0.714831272172593,2864
"T_cell","B_cell","BTLA","TNFRSF14",1,2309.25,0.0870275472728925,1999,-0.0310502714235416,2477,0.0441031865797668,2166,0.743292917577891,2595
"Myeloid","Myeloid","TNF","FAS",1,2148.5,0.086927398317505,2000,0.106090739961009,1819,0.0513504429261822,2149,0.740700071633076,2626
"NK","Myeloid","FASLG","FAS",1,2751.75,0.0869120683928373,2001,-0.104275023315681,2839,-0.250938351428213,2988,0.660810463250346,3179
"NK","NK","FASLG","TNFRSF10B",1,2438.75,0.0868680984515817,2003,-0.000457210506850818,2312,0.0493827859196735,2152,0.636198090546358,3288
"B_cell","Myeloid","SPON2","ITGA5",1,1670.75,0.0868456613976354,2004,0.506603061790566,790,0.437222670481741,1163,0.731210471449274,2726
"Myeloid","T_cell","CCL4","CCR5",1,2232.75,0.0868329693903317,2005,-0.120830133119412,2912,-0.0249806513317806,2377,0.814895507771827,1637
"B_cell","NK","HLA-A","CD3G",1,2233,0.0868028390681551,2007,-0.841174910790104,3462,-0.395863927141976,3219,0.911204015690096,244
"T_cell","T_cell","GNAI2","F2R",1,2215,0.086647711616286,2010,0.00488395034450392,2277,0.0718910781916692,2087,0.752602816114843,2486
"T_cell","Myeloid","MAML2","NOTCH1",1,2382,0.0865461989295171,2012,0.0155507005934615,2221,0.0826172416846593,2053,0.649132394195325,3242
"T_cell","NK","CD48","CD2",1,2294,0.0863207209629186,2014,-0.215181069857531,3170,-0.305318798823475,3085,0.859832760016412,907
"Myeloid","B_cell","APOE","SORL1",1,2198,0.086106512070439,2015,0.275909067363629,1328,0.0850014331185669,2044,0.588110284032628,3405
"B_cell","T_cell","B2M","KLRC2",1,2346.5,0.0858428066846812,2019,-0.771563066295257,3451,-0.131544104245886,2685,0.83815249638218,1231
"NK","T_cell","FASLG","TNFRSF10B",1,2521,0.0857089922147441,2021,-0.00255889652309781,2323,-0.0499527353283321,2446,0.634642125638852,3294
"T_cell","NK","HLA-DPA1","LAG3",1,2197.25,0.0856632323583811,2023,-0.0716773860801317,2697,-0.184258568790537,2832,0.837406506907464,1237
"NK","NK","CXCL13","CXCR3",1,2724.75,0.0856438600114398,2024,-0.163691665870295,3039,-0.381474698677498,3204,0.740184931119144,2632
"NK","NK","HLA-DPB1","LAG3",1,2242.25,0.0855785734475707,2025,-0.116709279203108,2893,-0.142405135707285,2713,0.831600869796315,1338
"T_cell","T_cell","TNF","FAS",1,2176,0.0854777893672726,2026,0.0224822546741667,2181,0.150647184412991,1855,0.73908186923095,2642
"T_cell","NK","HLA-DRB5","LAG3",1,2262.25,0.0854254088503419,2027,-0.0772698442638547,2720,-0.194353599362158,2863,0.825334330448555,1439
"B_cell","Myeloid","HSPA8","LDLR",1,2143.75,0.0853868805593955,2028,-0.156265960336181,3018,-0.0654365030055792,2489,0.85051063239376,1040
"Myeloid","T_cell","HLA-G","KLRC1",1,2283.5,0.0850198958090615,2031,0.0103628559941449,2247,-0.0948464330959344,2573,0.769186851590612,2283
"T_cell","NK","GNAI2","S1PR1",1,2208.75,0.0849790898368603,2032,0.0645015588002565,1993,-0.00774096283223769,2314,0.751484116628724,2496
"B_cell","B_cell","ICAM4","ITGAL",1,2586.25,0.0847853835800739,2033,0.0915237828190666,1880,-0.340038371147565,3147,0.637222620416746,3285
"Myeloid","NK","ADAM17","ITGA5",1,1752.5,0.0847452956450689,2034,0.302615069331912,1262,0.506251381740689,1032,0.73471221150528,2682
"NK","B_cell","TNFSF10","CCR6",1,2421.75,0.0844993905201272,2037,0.0741587714597237,1946,0.00188976646959166,2285,0.582905697297178,3419
"T_cell","B_cell","FASLG","FAS",1,2709,0.0844500787603093,2039,-0.101913370136433,2822,-0.16753370040874,2779,0.657582580889986,3196
"Myeloid","T_cell","C3","ITGAX",1,2358.75,0.0841401365564671,2041,0.278985820795461,1322,-0.133578567248929,2692,0.597746763625679,3380
"NK","Myeloid","TNF","PTPRS",1,1967.5,0.084016960382455,2042,0.204746233131767,1519,0.459425069732772,1118,0.658156408630445,3191
"Myeloid","NK","SEMA7A","ITGA1_ITGB1",1,2166.5,0.0835966469937468,2047,0.1010554460712,1844,0.220957235228706,1668,0.674462243243435,3107
"B_cell","NK","CLEC2B","KLRF1",1,2327.25,0.0835030353516522,2050,0.100612495317249,1846,-0.00879448608015632,2319,0.677564438397668,3094
"NK","Myeloid","TNFSF10","TNFRSF10B",1,2067.5,0.0832612791580258,2051,0.173971966566253,1602,0.195779823186341,1733,0.711687386520334,2884
"Myeloid","NK","ADAM10","CADM1",1,1978,0.0829420129979769,2056,0.184748976263184,1571,0.172449440207951,1805,0.753114382760267,2480
"Myeloid","B_cell","VEGFB","ADRB2",1,2216.75,0.0827881486318468,2058,0.163268716435506,1639,0.195186810111382,1736,0.571026489593132,3434
"Myeloid","T_cell","CALM1","PTPRA",1,2137.25,0.082685987847957,2061,-0.0694435288675198,2684,0.00874013090678011,2260,0.819512479814277,1544
"NK","T_cell","TNF","NOTCH1",1,2215,0.0823562524295604,2063,0.0391453771353252,2117,0.154127491934546,1841,0.719208011519329,2839
"T_cell","B_cell","ADAM10","CADM1",1,2179,0.0822869878645394,2064,0.0571810048469479,2025,0.0540049334468702,2138,0.75237653607298,2489
"T_cell","T_cell","HLA-G","KLRD1",1,1905.75,0.0821880599814346,2066,0.0449835412974037,2080,-0.103851304274749,2609,0.862540029158711,868
"T_cell","Myeloid","TGFB1","LPP",1,2066.75,0.0819417443962733,2068,0.184401714698673,1572,0.188908867109433,1747,0.712949970075532,2880
"B_cell","NK","HLA-DRB5","LAG3",1,2280.25,0.0818009679230086,2070,-0.103339818658823,2833,-0.150580714176738,2728,0.822187319526867,1490
"T_cell","Myeloid","TGFB1","TGFBR1_TGFBR2",1,2308,0.0816569882508942,2072,0.119062980308716,1780,0.0830642505802615,2049,0.618755751669279,3331
"Myeloid","Myeloid","CXCL10","CXCR3",1,1952.25,0.0816016328308298,2074,0.270917049352739,1342,0.364040641182556,1327,0.685116536524734,3066
"T_cell","T_cell","HLA-E","KLRC3_KLRD1",1,1839.5,0.0814561317349866,2077,0.0713021302466833,1966,-0.0839546068923835,2537,0.869541060737357,778
"NK","Myeloid","TNF","NOTCH1",1,2253.25,0.0814012022585361,2078,0.0358903871529384,2130,0.113869794067503,1958,0.718028713388712,2847
"T_cell","T_cell","HLA-E","KLRC2_KLRD1",1,1840,0.08137149263044,2081,0.070789791395702,1967,-0.0848713519157538,2540,0.869828450436819,772
"T_cell","NK","MFNG","NOTCH1",1,2300.25,0.0813426280713098,2082,-0.00484326372736723,2332,0.0615136499479489,2114,0.735701772156582,2673
"NK","T_cell","HLA-E","KLRC3_KLRD1",1,1867.75,0.0811900432905317,2085,0.0537132851468269,2037,-0.0928002291807122,2567,0.869355361966747,782
"NK","T_cell","HLA-E","KLRC2_KLRD1",1,1868.75,0.0811056806720788,2086,0.0532009462958456,2042,-0.0937169742040825,2571,0.869643099417652,776
"T_cell","NK","FASLG","TNFRSF1A",1,2347,0.0810904514259325,2087,-0.00963736462450903,2359,0.139512227344508,1882,0.686129107316695,3060
"T_cell","T_cell","B2M","KLRC1",1,1997.5,0.0810624647852913,2089,0.0978454410937147,1853,-0.0974658350922259,2581,0.82361023424764,1467
"T_cell","NK","BTLA","TNFRSF14",1,2339.25,0.0808160014070345,2092,-0.0578162934131136,2617,0.107415665510557,1980,0.73616486298841,2668
"B_cell","NK","ALCAM","CD6",1,2479,0.0808071126964619,2093,-0.00551695486267717,2334,-0.0736301622381778,2506,0.697864351846317,2983
"Myeloid","B_cell","MAML2","NOTCH2",1,2219.75,0.0807157225732048,2095,0.0948059734484543,1865,0.0430015163916553,2170,0.729601609699538,2749
"NK","T_cell","B2M","KLRC1",1,2080,0.0806838705819223,2096,0.0322200383188433,2142,-0.103429198811079,2607,0.823269932397169,1475
"NK","T_cell","GNAI2","F2R",1,2201.5,0.0806637778408043,2097,-0.0144629575488846,2383,0.18661184829485,1756,0.745880742878116,2570
"Myeloid","T_cell","IL16","CCR5",1,2147.25,0.0806318597076222,2099,-0.0360297679213439,2504,0.133773971869268,1900,0.783323220959726,2086
"NK","T_cell","IL16","CCR5",1,2168.25,0.080529762476333,2101,-0.0363786085122965,2508,0.10869319406286,1976,0.783215677573287,2088
"B_cell","B_cell","ICAM4","ITGB2",1,2749.5,0.0805134500584342,2102,-0.0745119070077743,2711,-0.330280899913827,3135,0.687651059407195,3050
"NK","Myeloid","SIRPG","CD47",1,2261,0.0798705924248467,2106.5,-0.0628987649263028,2646.5,-0.249447457426199,2983.5,0.832720452781233,1307.5
"Myeloid","NK","CD47","SIRPG",1,2261,0.0798705924248467,2106.5,-0.0628987649263028,2646.5,-0.249447457426199,2983.5,0.832720452781233,1307.5
"Myeloid","T_cell","HLA-G","KLRD1",1,2030.25,0.0798675400576096,2108,0.00535632573710514,2274,-0.188637601630084,2845,0.860833319776079,894
"Myeloid","B_cell","TNF","FAS",1,2248.25,0.0796699335743253,2110,0.0937491088854132,1873,-0.00311152701700151,2295,0.732240508591127,2715
"NK","B_cell","FASLG","FAS",1,2829.25,0.0796558835267728,2111,-0.116616654391276,2892,-0.305400321371397,3086,0.650972685737928,3228
"B_cell","Myeloid","SPON2","ITGAM",1,1660,0.0796551921207263,2112,0.548400521771377,712,0.494652325140691,1056,0.728361035039971,2760
"T_cell","NK","CD70","CD27",1,2706.5,0.0796087590727884,2113,-0.125851277181023,2926,-0.160543389934741,2760,0.691429070906978,3027
"B_cell","T_cell","GNAI2","F2R",1,2281.25,0.0795299059351413,2115,-0.0181289264825058,2401,0.0874252876699893,2031,0.744536779231558,2578
"Myeloid","T_cell","B2M","KLRC1",1,2339.5,0.0793527753739569,2119,-0.198511595649885,3125,-0.107910648022659,2622,0.822056489894225,1492
"B_cell","NK","HLA-DRB1","LAG3",1,2352.5,0.0791929078109663,2121,-0.14870258249772,2996,-0.215828283126447,2921,0.829633222472001,1372
"Myeloid","Myeloid","CCL4","CCR5",1,2502,0.079159879016443,2123,-0.15164256497171,3000,-0.331004890679042,3136,0.80781599183893,1749
"NK","NK","GNAI2","S1PR1",1,2190.25,0.0791103919059053,2125,0.045154650906868,2078,0.106979807270943,1982,0.744741956458342,2576
"NK","Myeloid","TNFSF9","TRAF2",1,2515.75,0.078832474764843,2128,0.000646659568324215,2305,-0.029087701835815,2385,0.647584868497453,3245
"Myeloid","B_cell","IL16","KCNA3",1,2428,0.0787063350604407,2130,0.0112711907655882,2237,-0.0799000011599149,2526,0.720836697525692,2819
"T_cell","T_cell","HLA-E","KLRC1_KLRD1",1,1904.75,0.0786621820141983,2132,0.0653579736477249,1992,-0.123479813466365,2666,0.865936079474646,829
"NK","B_cell","IL16","KCNA3",1,2451.75,0.0786066759564125,2134,0.0109223501746357,2242,-0.104980778966323,2611,0.720709198062339,2820
"T_cell","T_cell","GZMB","IGF2R",1,2307.25,0.0785352309543538,2136,0.00148166065371298,2299,-0.15947323257971,2756,0.786524674562209,2038
"NK","T_cell","HLA-E","KLRC1_KLRD1",1,1931.75,0.0784052204177689,2137,0.0477691285478684,2067,-0.132325435754694,2688,0.865746041550168,835
"T_cell","T_cell","IL16","KCNA3",1,2264.75,0.0782135876771987,2139,0.0407291225684633,2104,0.105012394991225,1988,0.720204367512925,2828
"Myeloid","T_cell","HLA-E","KLRC3_KLRD1",1,2161.5,0.0781625533263288,2142,-0.146408340317974,2991,-0.141359396870004,2708,0.86718210905692,805
"Myeloid","T_cell","HLA-E","KLRC2_KLRD1",1,2162.25,0.0780813364997779,2143,-0.146920679168956,2992,-0.142276141893374,2712,0.867473903317203,802
"B_cell","NK","GNAI2","S1PR1",1,2275.5,0.0779983555839129,2144,0.0414886819732468,2098,0.00779324664608239,2266,0.743394042097125,2594
"B_cell","T_cell","IL24","NOTCH2",1,2557,0.0779735218812064,2145,0.0288566145023841,2153,-0.175419116983181,2805,0.671004296742149,3125
"T_cell","NK","MAML2","NOTCH1",1,2485,0.0776907031031159,2151,-0.0128362781781042,2377,0.0586475368951687,2126,0.636743185622339,3286
"T_cell","NK","IL16","KCNA3",1,2281.75,0.077612540092528,2152,0.0392423722831914,2116,0.090073242400937,2023,0.719426445775007,2836
"Myeloid","T_cell","SEMA7A","ITGA1_ITGB1",1,2227.25,0.0772963966195684,2156,0.0823595350300408,1920,0.218837660124781,1674,0.665802113914098,3159
"B_cell","NK","IL24","NOTCH2",1,2431.5,0.0772380759148209,2157,0.0262417244450227,2164,0.00439439182384105,2273,0.669957417450446,3132
"NK","B_cell","VCAM1","ITGA4_ITGB1",1,2623.75,0.0766696751185265,2166,-0.177726690977215,3080,-0.345139973473484,3152,0.782700093828342,2097
"T_cell","B_cell","LMAN1","MCFD2",1,2148.5,0.0766680981055724,2167,0.154515820305905,1664,0.0865419433150252,2035,0.731037217913539,2728
"T_cell","NK","CD58","CD2",1,2505,0.0766447445689803,2168,-0.23827401559408,3223,-0.407624811379516,3237,0.828359371043527,1392
"NK","NK","TGFB1","TGFBR1_TGFBR2",1,2319,0.0765007550307066,2171,0.0855068290143972,1903,0.151200677669392,1853,0.611033121450142,3349
"T_cell","Myeloid","SPON2","ITGB1",1,2086.25,0.076494734574909,2173,0.101266645269043,1842,-0.0663397877804593,2494,0.801949612209753,1836
"NK","NK","FASLG","TNFRSF1A",1,2494.75,0.0764869808144375,2174,-0.0243406488793521,2436,0.00164560638185141,2286,0.679801938876943,3083
"NK","T_cell","HLA-G","KLRC1",1,2591,0.0764052406151442,2176,-0.127833278297518,2935,-0.189496701841283,2847,0.759567245426517,2406
"Myeloid","B_cell","SEMA7A","PLXNC1",1,2223,0.0763560729771236,2178,0.150710643822646,1677,0.255477241702664,1577,0.543957598332231,3460
"Myeloid","NK","TNFSF9","TNFRSF9",1,2761.75,0.076164755020745,2181,-0.118270976698823,2902,-0.235019674623978,2961,0.694338755957818,3003
"T_cell","T_cell","B2M","KLRD1",1,1842.25,0.0761499363389927,2182,0.092838910836675,1877,-0.191257003626376,2854,0.896553593227992,456
"T_cell","T_cell","HLA-B","KLRD1",1,1889.75,0.076106816386801,2185,0.0682960901568902,1978,-0.198764557826191,2873,0.892245605942075,523
"B_cell","T_cell","CD86","CTLA4",1,1891,0.0760840956533458,2186,0.102824958537243,1836,0.58009223803281,915,0.740646848066277,2627
"B_cell","T_cell","B2M","KLRC1",1,2527.25,0.0759841579621425,2190,-0.782426701791212,3456,-0.208761027347108,2905,0.81886159928366,1558
"NK","T_cell","MFNG","NOTCH1",1,2431.75,0.0757968997475759,2191,-0.0273294434238345,2456,-0.0105795990577359,2324,0.728779744340715,2756
"NK","T_cell","B2M","KLRD1",1,1919.75,0.0757942856125902,2192,0.0272135080618036,2160,-0.197220367345229,2868,0.896336305564243,459
"NK","T_cell","HLA-B","KLRD1",1,1988.5,0.0755988546841993,2195,-0.0100264336467551,2360,-0.197682006996444,2871,0.891923261234227,528
"Myeloid","T_cell","HLA-E","KLRC1_KLRD1",1,2219.5,0.0754815735229581,2196,-0.152352496916933,3003,-0.180884603443985,2819,0.863522173762765,860
"Myeloid","T_cell","HLA-B","KLRD1",1,2020.5,0.0753744831553889,2198,-0.0446222394252063,2553,-0.1744665480638,2801,0.891779916915081,530
"T_cell","B_cell","PTDSS1","SCARB1",1,2164.25,0.0753205878938361,2199,0.166255314709822,1627,0.200426831351914,1722,0.674385111514515,3109
"B_cell","Myeloid","CALM3","INSR",1,2088.5,0.0751841071228901,2201,0.220193367635869,1467,0.0263653832080243,2204,0.752888959881523,2482
"NK","T_cell","HLA-DRA","LAG3",1,2214,0.0750638215018383,2203,-0.116898029745558,2895,0.0290115800774319,2195,0.818545077115018,1563
"NK","Myeloid","MFNG","NOTCH1",1,2475,0.0749179155790218,2209,-0.0305844334062213,2472,-0.0508372969247788,2449,0.72762542207921,2770
"NK","T_cell","HMGB1","HAVCR2",1,1913.25,0.0748684428073092,2210,-0.0589745738779637,2622,0.0203146332137593,2222,0.884958137604069,599
"T_cell","NK","HLA-A","CD3D",1,2268.5,0.074706368076302,2213,-0.198190050725625,3124,-0.445534869816495,3279,0.896446025685068,458
"Myeloid","T_cell","B2M","KLRD1",1,2179.5,0.0745438571236936,2215,-0.203518125906925,3143,-0.201701816556809,2881,0.895560900017255,479
"Myeloid","NK","TNF","TRADD",1,2041.5,0.0745376797241367,2216,0.164535186659024,1633,0.213903200974822,1687,0.740210294749618,2630
"B_cell","T_cell","ADAM10","TSPAN17",1,2678.5,0.074471321389912,2218,-0.0813128287819539,2738,-0.101020257369213,2601,0.66654575902511,3157
"Myeloid","T_cell","B2M","TFRC",1,1884.75,0.0744357031584594,2219,-0.176037731782027,3070,0.099263977428165,2001,0.910863057999332,249
"B_cell","Myeloid","CD99","CD81",1,2214.75,0.0744044312272703,2220,-0.0528595980653176,2596,-0.11416495249422,2641,0.827744404059884,1402
"T_cell","B_cell","ICAM1","CAV1",1,2114.5,0.0743427076549863,2222,0.410218526163641,1003,0.0688005235093526,2095,0.669441870028871,3138
"NK","NK","HLA-DRB1","LAG3",1,2426.25,0.0742499478163662,2224,-0.187670445064183,3098,-0.223133413521543,2940,0.82503000288105,1443
"B_cell","T_cell","CALM1","PTPRA",1,2478.5,0.0742394673740164,2225,-0.263370059888619,3261,-0.156670105498652,2745,0.81140582898091,1683
"NK","NK","HLA-A","CD3D",1,2305.75,0.0741690820260747,2226,-0.242670466506446,3231,-0.469074427875624,3302,0.896110522515862,464
"T_cell","NK","HLA-DRA","LAG3",1,2433.5,0.0740054017387512,2229,-0.0986432286811073,2805,-0.32613965883204,3124,0.817488088854973,1576
"B_cell","T_cell","TNFSF9","TNFRSF9",1,2496,0.0739824820981291,2230,-0.0630079251913424,2648,0.0734360294287053,2078,0.691245221684067,3028
"T_cell","Myeloid","TGFB1","SMAD3",1,2511,0.0739673842345318,2231,0.0435605808941743,2088,-0.00362570115829691,2296,0.573507921798412,3429
"NK","NK","CD47","SIRPG",1,2395.25,0.0739596243321557,2232.5,-0.113232317128288,2876.5,-0.291723626371771,3062.5,0.827296577261229,1409.5
"NK","NK","SIRPG","CD47",1,2395.25,0.0739596243321557,2232.5,-0.113232317128288,2876.5,-0.291723626371771,3062.5,0.827296577261229,1409.5
"T_cell","T_cell","FASLG","TNFRSF1A",1,2559.75,0.0739498055675877,2234,-0.0264982237901295,2450,-0.0550210693706777,2456,0.676119398956433,3099
"B_cell","Myeloid","SPN","SIGLEC1",1,1756.5,0.0738262267635359,2237,0.6329268979035,581,0.363646004096331,1330,0.71304594955313,2878
"T_cell","NK","CCL4","CCR5",1,2373.5,0.0735394774444423,2240,-0.0833029688061748,2743,-0.12752926731902,2676,0.802034269513699,1835
"Myeloid","Myeloid","IL16","CCR5",1,2476.75,0.0735067371776055,2241,-0.066842199773642,2673,-0.172250267477993,2796,0.77536904873089,2197
"NK","Myeloid","IL16","CCR5",1,2497.25,0.0734136618798988,2245,-0.0671910403645945,2677,-0.197331045284401,2869,0.775258690125394,2198
"T_cell","NK","GNAI2","F2R",1,2578.25,0.0733968904662379,2246,-0.0433789976078796,2550,-0.191558812519894,2855,0.736830200797897,2662
"T_cell","NK","HLA-C","CD3D",1,2295.75,0.0733447761636897,2248,-0.208919102059615,3155,-0.472811261494355,3306,0.895819898958327,474
"B_cell","NK","IL24","IL10RB",1,2578,0.0733073680604385,2250,0.0110250356593018,2241,-0.0635032164163276,2479,0.614234469739446,3342
"NK","B_cell","ADAM10","CADM1",1,2340.5,0.0732364806364966,2251,0.0222985991639541,2184,-0.00604572737789255,2307,0.74136359414026,2620
"T_cell","NK","B2M","CD3D",1,2254.75,0.0731557776057486,2255,-0.180549130370894,3083,-0.471372979209409,3304,0.901159247805603,377
"T_cell","NK","HLA-B","CD3D",1,2291.5,0.0731143530979346,2256,-0.205091951050679,3147,-0.478880533409224,3316,0.897021030884717,447
"NK","NK","TNF","NOTCH1",1,2367,0.0730721477676328,2259,0.00750340838137267,2262,0.0899000892780129,2024,0.706974079546216,2923
"NK","NK","TNF","ICOS",1,2782.5,0.0728640613433323,2263,-0.108414982742457,2857,-0.247138888888901,2978,0.690605836571641,3032
"NK","NK","B2M","CD3D",1,2298.75,0.0728141108007994,2266,-0.246174533145766,3235,-0.477336342928262,3314,0.900950565475716,380
"NK","NK","HLA-C","CD3D",1,2334.5,0.0727675942738369,2267,-0.273329811916635,3274,-0.479291122303215,3317,0.895450655783534,480
"NK","Myeloid","TGFB1","CXCR4",1,2387,0.0727314991524813,2268,-0.147502891794735,2993,-0.100332232947671,2598,0.811136245782294,1689
"NK","NK","HLA-B","CD3D",1,2329.75,0.0726263640708349,2270,-0.283414474854324,3281,-0.477797982579476,3315,0.896711318012125,453
"T_cell","T_cell","ADAM10","NOTCH1",1,2347,0.0726056385516799,2271,-0.00580497135369703,2337,0.0244372562002648,2208,0.745547176602746,2572
"T_cell","T_cell","CD48","CD244",1,2343,0.0725280694280465,2273,0.00133762092025786,2301,-0.00119098137202428,2292,0.750948446491153,2506
"Myeloid","NK","HLA-B","CD3D",1,2334.75,0.0724108146632865,2277,-0.318010280632776,3318,-0.454582523646833,3289,0.896573587791354,455
"B_cell","T_cell","HMGB1","HAVCR2",1,2061,0.0724017215478826,2278,-0.0887599911452307,2765,-0.0978585901225429,2583,0.883241716067018,618
"NK","T_cell","ICAM3","ITGAL",1,2011.75,0.0721275627786236,2280,-0.0299663418867591,2466,-0.023502043195365,2371,0.857872860448607,930
"T_cell","T_cell","HLA-DQB2","LAG3",1,2335.75,0.0720699533959487,2281,-0.000752483299508139,2313,0.0323884088266623,2187,0.746285115253295,2562
"Myeloid","NK","HLA-A","CD3D",1,2368,0.0720399453668737,2283,-0.418935760971673,3362,-0.495195078381816,3336,0.894746887860666,491
"Myeloid","NK","HSPA8","LDLR",1,2221.5,0.0719927639627542,2284,-0.156203071006361,3017,-0.0237645515613344,2373,0.839336315701074,1212
"B_cell","T_cell","HLA-E","KLRC3_KLRD1",1,2404,0.0719016156036497,2285,-0.560265710222197,3407,-0.286498915875792,3051,0.862299792012824,873
"Myeloid","NK","CALM1","PTPRA",1,2343.5,0.071899613716073,2286,-0.0965706369195756,2794,-0.0920718524248852,2563,0.808943265237469,1731
"B_cell","T_cell","HLA-E","KLRC2_KLRD1",1,2403.5,0.0718269043666866,2287,-0.560778049073179,3408,-0.287415660899162,3053,0.862600612981458,866
"NK","T_cell","HLA-G","KLRD1",1,2317.25,0.0717749481738478,2288,-0.132839808554557,2950,-0.283287870375433,3047,0.85430981206257,984
"T_cell","Myeloid","ADAM10","NOTCH1",1,2392,0.0717636620718077,2289,-0.00905996133608381,2354,-0.0158204416667782,2345,0.744439192346314,2580
"NK","B_cell","CXCL13","CXCR3",1,2903,0.0716473448910836,2292,-0.204987923165402,3146,-0.540859095167529,3369,0.722662922132818,2805
"Myeloid","NK","B2M","CD3D",1,2346.25,0.0716128482279931,2293,-0.476906167114494,3382,-0.481817792139842,3318,0.900205831924969,392
"NK","NK","ICAM3","ITGAL",1,2069,0.0715075330511439,2294,-0.0351988181333927,2500,-0.0854883567274378,2545,0.857345721210698,937
"NK","B_cell","TGFB1","CXCR4",1,2462.5,0.0714664116975078,2295,-0.163976720693636,3041,-0.172251972710239,2797,0.809788526336559,1717
"Myeloid","T_cell","SELPLG","ITGB2",1,1896.5,0.0713874146415895,2297,-0.00370984301655234,2327,-0.0668249848295073,2495,0.896054987551729,467
"B_cell","T_cell","B2M","KLRD1",1,2335.75,0.0713793838728552,2298,-0.787433232048251,3458,-0.302552195881258,3081,0.893514793670336,506
"Myeloid","NK","TGFB1","TGFBR1_TGFBR2",1,2400.5,0.0713410273380303,2299,0.0674880631138197,1981,0.114610453144921,1955,0.602703486120768,3367
"B_cell","T_cell","B2M","TFRC",1,2077,0.0712758211689692,2300,-0.759952837923353,3448,-0.00158640189628412,2293,0.909086308579121,267
"Myeloid","NK","HLA-C","CD3D",1,2374.75,0.0712618784902387,2301,-0.441360417466714,3369,-0.491903470931313,3333,0.894467854601157,496
"NK","B_cell","SIRPG","CD47",1,2490.5,0.0711720116156341,2304.5,-0.136969621743323,2965.5,-0.41009248566983,3240.5,0.824534653656801,1451.5
"B_cell","NK","CD47","SIRPG",1,2490.5,0.0711720116156341,2304.5,-0.136969621743323,2965.5,-0.41009248566983,3240.5,0.824534653656801,1451.5
"T_cell","T_cell","TGFB1","TGFBR3",1,2676.5,0.0711372019759478,2307,-0.00908187972256998,2355,-0.117460056916151,2649,0.592244608435176,3395
"B_cell","NK","CD72","CD5",1,2711.25,0.0711238275456894,2308,-0.0647204000598268,2660,-0.162658614122308,2765,0.673565387710612,3112
"B_cell","B_cell","IL24","IL10RB",1,2659.75,0.0709268170180565,2312,0.0055376465032287,2271,-0.138090871940016,2701,0.61031600332491,3355
"Myeloid","B_cell","PLAU","IGF2R",1,2067.75,0.0708630108446647,2315,0.386282070702209,1064,0.286607861457943,1494,0.590666924162392,3398
"B_cell","T_cell","HLA-B","KLRD1",1,2350.5,0.0707873087217425,2317,-0.751917842480048,3447,-0.30382408750674,3082,0.888712602329759,556
"T_cell","Myeloid","TNF","TRADD",1,2270.75,0.0707783953100292,2318,0.090171048306542,1887,0.0275638676710142,2200,0.735203625316494,2678
"B_cell","NK","GNAS","ADCY7",1,2056,0.0707721244899795,2319,-0.00632660764866236,2340,-0.0597440123536697,2468,0.847106607747621,1097
"T_cell","NK","CCL4L1","CCR5",1,2487.25,0.0707033475740715,2320,-0.0944478389451203,2786,-0.17488662595501,2803,0.786487023810716,2040
"T_cell","Myeloid","LMAN1","MCFD2",1,2233.25,0.07044833789227,2323,0.126271258627143,1754,0.0829411526699292,2050,0.722638690052605,2806
"NK","T_cell","TGFB1","LPP",1,2389.5,0.0704477996924905,2324,0.0517733705787373,2046,0.0271080240624271,2203,0.6972394046078,2985
"T_cell","Myeloid","TNFSF9","TRAF2",1,2672,0.0701967699084145,2328,-0.0338017490622673,2489,-0.0952662972498491,2575,0.634235037444832,3296
"NK","Myeloid","ARPC5","LDLR",1,2295.75,0.0700182108080662,2329,-0.0474881575514946,2563,-0.0109315135550596,2325,0.792854564851913,1966
"Myeloid","T_cell","TNF","TNFRSF1A",1,2117.75,0.0697640095058498,2335,0.169164255231717,1620,0.109401104021061,1974,0.748282806690754,2542
"NK","T_cell","FASLG","TNFRSF1A",1,2718.25,0.0697517063996837,2336,-0.0412015080449725,2543,-0.192887690333335,2860,0.669687589907709,3134
"B_cell","Myeloid","ICAM3","ITGAL",1,2183.75,0.0697062780905051,2337,-0.049764270083159,2580,-0.193466184406707,2862,0.855778462667925,956
"B_cell","Myeloid","CD99","CD99L2",1,2761.75,0.0696714423555282,2338,-0.160658822316398,3032,-0.266902055229739,3017,0.737081082650902,2660
"NK","B_cell","TNF","TRADD",1,2261.75,0.0696379304486012,2340,0.062113936305521,2007,0.0972208338014897,2007,0.733619383055788,2693
"NK","NK","TGFB1","LPP",1,2355.5,0.0695168069277421,2343,0.0481827784009271,2064,0.0910900049306166,2020,0.695833407864532,2995
"B_cell","T_cell","HLA-E","KLRC1_KLRD1",1,2451.5,0.0694353863025379,2345,-0.566209866821156,3412,-0.326024122449774,3123,0.858527267908142,926
"T_cell","T_cell","TNF","TRAF2",1,2567.25,0.0694290899116987,2346,-0.0109354985455387,2365,-0.0247533205835609,2376,0.659993108971384,3182
"T_cell","T_cell","TNFSF9","HLA-DPA1",1,2197.75,0.0693452800429563,2348,-0.0185181317386687,2404,-0.110319085083261,2633,0.827528920182998,1406
"B_cell","NK","HSPA8","LDLR",1,2363.5,0.0693440680150511,2349,-0.21478960674226,3169,-0.132480061243328,2689,0.8367927703559,1247
"NK","NK","CD48","CD2",1,2519.75,0.0692844982347469,2351,-0.302372120532347,3302,-0.476957509643735,3313,0.846053490362664,1113
"Myeloid","B_cell","LGALS1","PTPRC",1,2075.25,0.0692205798619961,2352,-0.383512223193205,3352,0.00641080411967188,2269,0.904805431686522,328
"Myeloid","Myeloid","CALM1","PTPRA",1,2412.25,0.069121504047863,2355,-0.103557422305337,2834,-0.13158724418365,2686,0.805879614071592,1774
"B_cell","NK","IL16","CCR5",1,2479.5,0.0690738346376131,2357,-0.0269957086893667,2453,-0.184695745465248,2834,0.769905863280858,2274
"B_cell","NK","HLA-C","CD3D",1,2423,0.0687812874132952,2362,-0.718182394974901,3444,-0.55618197562629,3373,0.892783931573565,513
"Myeloid","T_cell","TNFSF9","TRAF2",1,2660.25,0.0686391823089853,2365,-0.0608130453874894,2636,-0.0149070431481927,2340,0.631628457295839,3300
"NK","T_cell","GNAI2","CCR5",1,2218.5,0.0686175149042922,2366,-0.0280714246015535,2462,0.198957252246247,1726,0.766595732965784,2320
"B_cell","NK","B2M","CD3D",1,2414.5,0.0685727997065194,2367,-1.06082127325582,3477,-0.582668171464291,3393,0.898240386114844,421
"T_cell","Myeloid","CXCL13","CXCR3",1,2560.5,0.0685558185274553,2368,-0.136473034892423,2962,0.0770906544778962,2067,0.718221219727534,2845
"B_cell","B_cell","CALM1","KCNN4",1,2332.5,0.0685415016388098,2369,-0.191665979293111,3109,-0.102683441725472,2604,0.836614699235732,1248
"T_cell","NK","SPON2","ITGB2",1,2142.25,0.0684716145055669,2371,0.024834443131194,2170,-0.112204670352246,2637,0.828407969787867,1391
"Myeloid","B_cell","SEMA4A","PLXNB2",1,1798.75,0.0684174136164712,2373,0.374298315143587,1100,0.554258849152689,946,0.72657239668682,2776
"NK","NK","GNAI2","F2R",1,2570.5,0.0683280649463992,2375,-0.0627259055012681,2645,-0.0768380424167139,2517,0.729833410095177,2745
"Myeloid","NK","HMGB1","HAVCR2",1,2108.75,0.0682929183895142,2376,-0.0746672582165173,2713,-0.135121906919984,2695,0.880195316981241,651
"NK","NK","HLA-DPA1","LAG3",1,2505.5,0.068244011786506,2377,-0.202944192703591,3140,-0.256392343859392,2999,0.821330732149577,1506
"B_cell","T_cell","HLA-G","KLRC1",1,2808.25,0.0681680168789059,2379,-0.259974664344802,3256,-0.295873605898126,3069,0.74899708075083,2529
"B_cell","NK","HLA-B","CD3D",1,2439,0.0680040045090044,2383,-1.02530588368762,3476,-0.583940063089773,3394,0.893625934891213,503
"B_cell","NK","CD48","CD244",1,2620.75,0.067885979879246,2385,-0.073880063442464,2710,-0.176735655381656,2811,0.744711957944654,2577
"Myeloid","Myeloid","TGFB1","CXCR4",1,2476.75,0.0678259955380883,2386,-0.165521657695312,3044,-0.136922457472143,2699,0.805729356594837,1778
"NK","T_cell","SIRPG","CD47",1,2555,0.0677241277851707,2387.5,-0.166329320196373,3046.5,-0.435987323322401,3270.5,0.820913532451607,1515.5
"T_cell","NK","CD47","SIRPG",1,2555,0.0677241277851707,2387.5,-0.166329320196373,3046.5,-0.435987323322401,3270.5,0.820913532451607,1515.5
"B_cell","Myeloid","ARF6","SMAP1",1,2478,0.0676764629366841,2389,-0.132240347605674,2946,-0.201161155015599,2880,0.810852419976633,1697
"B_cell","T_cell","GNAI2","CCR5",1,2301.75,0.0676529745062471,2391,-0.0317373935351748,2483,0.0997706916213869,2000,0.765326855943569,2333
"B_cell","T_cell","MICB","HCST_KLRK1",1,2424.75,0.0675452002482831,2392,-0.00215215589259986,2318,-0.0215796571725753,2367,0.741083675625588,2622
"B_cell","NK","GNAI2","F2R",1,2658.25,0.0673675932788814,2399,-0.0663918744348893,2669,-0.176024603041574,2806,0.728435476577071,2759
"NK","NK","MFNG","NOTCH1",1,2596.25,0.0672522376296873,2401,-0.058971412177787,2621,-0.0748070017142695,2509,0.716798631831721,2854
"NK","B_cell","SEMA4D","CD72",1,2275,0.0672018100553542,2402,0.0284486584366545,2155,0.0732764061924019,2081,0.754616394475514,2462
"T_cell","Myeloid","GNAI2","CCR5",1,2554.5,0.0671945413255333,2403,-0.0395369485604631,2531,-0.221787757204194,2937,0.764715721709995,2347
"T_cell","NK","SPON2","ITGB1",1,2272.5,0.0670432708652588,2406,0.0289293079186593,2152,-0.0875772912668339,2549,0.791267483741535,1983
"NK","Myeloid","ADAM10","TSPAN14",1,2287,0.0670251554260886,2407,-0.0313576961028293,2480,-0.109829288613787,2631,0.815167887622871,1630
"B_cell","NK","HLA-DPB1","LAG3",1,2614,0.0669683518389158,2408,-0.248994989290556,3239,-0.346339029275347,3155,0.813726496559069,1654
"NK","T_cell","HLA-DQB1","LAG3",1,2338.75,0.0669024037354084,2410,-0.0924838431106031,2776,0.0536478684535891,2139,0.787615612037688,2030
"B_cell","B_cell","IRAK4","TLR6",1,2513.25,0.0668497490584496,2413,0.123342379615532,1768,-0.0423715037547868,2417,0.550520577762589,3455
"B_cell","Myeloid","CD99","PILRB",1,2136.25,0.0667775879713933,2417,-0.0315214144870798,2481,-0.190499541268535,2849,0.867796391173997,798
"NK","NK","HLA-DRB5","LAG3",1,2598.75,0.0667613726080452,2418,-0.211517016917163,3162,-0.287379444437423,3052,0.806847617999499,1763
"Myeloid","B_cell","TGFB1","CXCR4",1,2552.5,0.0666462341269227,2419,-0.181995486594213,3086,-0.20884219723471,2906,0.804352360285146,1799
"NK","B_cell","ENTPD1","ADORA2A",1,2678.75,0.0658835156054159,2425,-0.0812358395932518,2737,-0.197682109837645,2872,0.734736405637746,2681
"NK","T_cell","BSG","SLC16A1",1,2391,0.065829754645743,2427,-0.0530550235735379,2599,0.0188860858014114,2227,0.767422377694713,2311
"T_cell","NK","HLA-DQB1","LAG3",1,2624,0.0657780746743582,2428,-0.107240965248766,2855,-0.353374210670504,3163,0.786194622429967,2050
"Myeloid","T_cell","TGFB1","LPP",1,2480,0.0656963241963918,2429,0.0337546046781599,2135,-0.00948220046204412,2321,0.689818719728285,3035
"NK","T_cell","ENTPD1","ADORA2A",1,2605,0.0656254548275922,2430,-0.0822684378087683,2741,-0.0917036324963,2562,0.734353777992818,2687
"T_cell","Myeloid","NUCB2","ERAP1",1,2275.5,0.0654205975565256,2433,0.0479722946137369,2066,-0.0802161673515368,2529,0.784186812281598,2074
"NK","NK","HMGB1","HAVCR2",1,2167.5,0.0654089808448541,2434,-0.114526669567489,2883,-0.12898807473399,2680,0.877901660889813,673
"T_cell","Myeloid","TNF","PTPRS",1,2286.25,0.0653252807828646,2435,0.146068574418246,1689,0.207170070214478,1712,0.629312722954219,3309
"T_cell","T_cell","PSEN1","NOTCH1",1,2480.75,0.0652868806198936,2436,-0.0171486777160968,2396,-0.0448455306820831,2426,0.736352854717238,2665
"B_cell","NK","HLA-A","CD3D",1,2468,0.0652401408718101,2437,-0.981872637967751,3473,-0.667541409868451,3417,0.889986177804052,545
"T_cell","T_cell","ADAM10","CADM1",1,2435.25,0.0651167598485702,2439,-0.00260905012985115,2324,0.0166126362376011,2234,0.729938800410909,2744
"NK","NK","CD58","CD2",1,2646.5,0.0650362788782511,2441,-0.285117590592926,3282,-0.421010442906725,3260,0.816367218341492,1603
"T_cell","T_cell","SPON2","ITGB2",1,2305.75,0.0650227484905216,2442,-0.0213944004582062,2421,-0.211403117311342,2912,0.824703480159785,1448
"T_cell","Myeloid","TGFB1","ITGB1",1,2292.75,0.0649100144015852,2444,0.0937716545303877,1872,0.00373124489471416,2274,0.744438729313156,2581
"Myeloid","NK","TGFB1","LPP",1,2443.5,0.0648281238726856,2446,0.0301640125003496,2147,0.0544997804061454,2136,0.688393663055185,3045
"T_cell","NK","ADAM10","TSPAN14",1,2335,0.064806248852458,2447,-0.0643071430240918,2657,-0.093119470914457,2570,0.812618208692706,1666
"B_cell","Myeloid","MAML2","NOTCH2",1,1973.5,0.0647461178823405,2450,0.347789138351255,1163,0.349508435272362,1363,0.70731360630486,2918
"NK","T_cell","ADAM10","NOTCH1",1,2521.25,0.0646199548663032,2452,-0.0406873770366908,2541,-0.0356134046244979,2403,0.734337749228155,2689
"T_cell","NK","SPON2","ITGA4",1,2547.25,0.0645814639133625,2453,-0.0713106648653973,2694,-0.274140605201383,3030,0.789201817587614,2012
"B_cell","NK","CALM1","PTPRA",1,2650.75,0.0645549405117336,2454,-0.290497167940675,3290,-0.257482088830317,3002,0.800477472497011,1857
"B_cell","T_cell","YBX1","NOTCH1",1,2436,0.0645491567739657,2455,-0.00849020429750042,2348,-0.0450632904086288,2427,0.750175896477338,2514
"T_cell","Myeloid","PSEN1","NOTCH1",1,2522,0.0645297766397799,2456,-0.0204036676984836,2413,-0.0851032285491261,2542,0.735219053516144,2677
"T_cell","NK","ADAM10","NOTCH1",1,2518,0.0644207305759749,2458,-0.0374469401076495,2516,-0.0397901464562688,2408,0.734036449499731,2690
"B_cell","T_cell","LRPAP1","LDLR",1,2320,0.064325563401068,2459,0.072966346869944,1953,-0.0245403153145797,2375,0.751774744712177,2493
"NK","Myeloid","GRN","SORT1",1,2265,0.0642446431557758,2460,0.321197182966225,1213,0.0614000394280492,2115,0.63966989856507,3272
"B_cell","T_cell","CLEC2D","KLRB1",1,2910,0.0641781585983753,2461,-0.303958724568055,3304,-0.519548005445749,3352,0.749442722503678,2523
"NK","Myeloid","LRPAP1","LDLR",1,2324.75,0.0641431035468664,2462,0.0244822829244499,2171,0.0430006129879971,2171,0.751509614421005,2495
"B_cell","Myeloid","ACTR2","LDLR",1,2533,0.0640642446312502,2464,-0.0339814778191636,2492,-0.123378493246987,2665,0.750586226624651,2511
"B_cell","T_cell","HLA-G","KLRD1",1,2509.5,0.0640369147352396,2465,-0.264981194601842,3263,-0.389664774432276,3212,0.847066192240186,1098
"T_cell","T_cell","TNF","NOTCH1",1,2619,0.0640340389570793,2466,-0.0195322815781955,2411,-0.0981275075837478,2585,0.693113691174324,3014
"B_cell","NK","LGALS1","ITGB1",1,1731.25,0.0639901255306548,2467,0.103994802131332,1828,0.157292147429657,1835,0.868009238355007,795
"B_cell","B_cell","BSG","SLC16A1",1,2327.75,0.0639297239601802,2468,0.0483332360072283,2063,-0.0473132788984689,2437,0.764798453859145,2343
"NK","Myeloid","ADAM10","NOTCH1",1,2558,0.0638705849383863,2469,-0.0439423670190776,2552,-0.0758711024915409,2512,0.733198422055106,2699
"NK","T_cell","HSPA8","LDLR",1,2157.25,0.0638266520536573,2470,0.0101641836202422,2249,-0.0922452208473987,2564,0.831051921418664,1346
"NK","T_cell","GSTP1","TRAF2",1,2266.75,0.0638170620168677,2471,-0.00173995897149883,2316,0.100110663559978,1998,0.769214671288431,2282
"B_cell","Myeloid","YBX1","NOTCH1",1,2477.75,0.0638006078611898,2472,-0.0117451942798872,2368,-0.0853209882756717,2544,0.749081284061348,2527
"NK","Myeloid","HSPA8","ADRB2",1,2023,0.0637751147816099,2473,0.0601411634413999,2017,0.0244377498533265,2207,0.828185567342027,1395
"NK","NK","LGALS1","CD69",1,2040.75,0.0637715332970021,2474,-0.0149401053578373,2386,-0.0231893167013701,2370,0.857641571659436,933
"B_cell","NK","COPA","CD74",1,1946.5,0.0637569155445345,2475,-0.0425195423987645,2548,-0.0407224646341082,2412,0.903127184013251,351
"B_cell","B_cell","IGF1","IGF2R",1,2482.75,0.063588426366039,2476,0.248554882694857,1403,-0.0960441494406739,2576,0.448782199741319,3476
"NK","Myeloid","HLA-DQA1","CD4",1,1690,0.0635822426119588,2477,0.303516626057645,1260,0.248172482433198,1595,0.826051135132329,1428
"B_cell","Myeloid","ARPC5","LDLR",1,2529.25,0.0635740174670589,2478,-0.0842432548708645,2750,-0.181673059256257,2822,0.784813906208239,2067
"B_cell","Myeloid","ICAM1","SPN",1,2011.75,0.0634625571465244,2479,0.0942176988170274,1870,0.209228110843828,1708,0.79059846793561,1990
"Myeloid","T_cell","MAML2","NOTCH2",1,2633.25,0.0634587509793911,2480,0.0194143876508038,2196,-0.215227740724865,2917,0.705230418778049,2940
"Myeloid","B_cell","ICAM1","ITGAL_ITGB2",1,1756.75,0.0634335148314697,2481,0.173119001000493,1607,0.150759346180648,1854,0.847668822830905,1085
"Myeloid","NK","CD99","PILRB",1,2015.75,0.0634238034585364,2482,-0.0134376919937336,2378,-0.018737574160392,2357,0.864812469051164,846
"T_cell","Myeloid","GRN","SORT1",1,2538,0.063345425768808,2483,0.319248315642327,1218,-0.358060448280367,3169,0.63804383548384,3282
"T_cell","Myeloid","TNF","NOTCH1",1,2660.75,0.0632914636449056,2484,-0.0227872715605823,2431,-0.138385205450791,2702,0.691871752362889,3026
"Myeloid","T_cell","HLA-G","CD4",1,2051.75,0.0632613726881711,2485,-0.0172273197595225,2397,0.0355731869259667,2183,0.843756416901073,1142
"B_cell","NK","HMGB1","HAVCR2",1,2285.25,0.0632539243543285,2486,-0.144312086834756,2985,-0.247161298070292,2979,0.876094697777675,691
"T_cell","Myeloid","ADAM17","RHBDF2",1,1940,0.0632300569389528,2487,0.285227796397284,1306,0.210685723652946,1703,0.770963531840493,2264
"T_cell","NK","CD59","CD2",1,2834.25,0.0631591590003457,2488,-0.232442468322703,3208,-0.43622029970455,3273,0.762750173633498,2368
"B_cell","Myeloid","TGFB1","LPP",1,2281,0.0630785998438271,2489,0.14583506140066,1691,0.141280601434852,1880,0.685451880186917,3064
"B_cell","B_cell","PTDSS1","SCARB1",1,2404,0.0629829056790307,2490,0.124025321263845,1767,0.0518616142057978,2147,0.654446167680697,3212
"NK","T_cell","MAML2","NOTCH1",1,2687.75,0.062921607790207,2491,-0.0392332240866867,2530,-0.0269858536297438,2383,0.612025270535066,3347
"B_cell","NK","ICAM1","ITGAM_ITGB2",1,1688.5,0.0628862111884222,2492,0.177591154857335,1590,0.363987684194905,1328,0.831079282226357,1344
"B_cell","Myeloid","FABP5","RXRA",1,2264,0.062879687415451,2493,0.276073888443546,1327,0.0369840653654605,2180,0.686715580067618,3056
"Myeloid","NK","MAML2","NOTCH2",1,2513.25,0.0628602082777962,2494,0.0167994975934425,2212,-0.0354142319178432,2401,0.704244445197899,2946
"B_cell","Myeloid","TGFB1","TGFBR1_TGFBR2",1,2504.75,0.0628593951017292,2495,0.0804963270107026,1931,0.0354359849056811,2185,0.587455609215595,3408
"T_cell","NK","GPI","AMFR",1,2145.25,0.0626928359844189,2496,0.00158818209198652,2298,0.0715647546889037,2089,0.810778711531467,1698
"NK","Myeloid","HLA-DQA2","CD4",1,1735.5,0.0626670829810258,2497,0.334991616794348,1187,0.344876900218588,1373,0.799020570566148,1885
"NK","Myeloid","GNAI2","CCR5",1,2539.5,0.0625540531018341,2498,-0.0588838564538516,2620,-0.107066987101014,2619,0.758217035911822,2421
"T_cell","Myeloid","GNAI2","S1PR4",1,2681.75,0.0622384569082183,2500,-0.00422125616418301,2330,-0.146333754867243,2722,0.662590116954032,3175
"NK","Myeloid","GNAI2","ADCY7",1,2195,0.0622208568041711,2501,0.0642423673782713,1998,0.101125819179156,1995,0.76913460185751,2286
"NK","Myeloid","MAML2","NOTCH1",1,2724,0.0621919328656157,2502,-0.0424882140690735,2547,-0.0672435514967868,2496,0.610639518796485,3351
"B_cell","Myeloid","CALM1","PTPRA",1,2694.25,0.0620606196788766,2503,-0.297483953326436,3297,-0.296997480589082,3072,0.797312083584502,1905
"NK","NK","TNFSF9","HLA-DPA1",1,2396,0.0620404629315115,2504,-0.115336529731536,2888,-0.116274264738082,2646,0.819440117849012,1546
"Myeloid","NK","PSEN1","NCSTN",1,1905.5,0.0619886251654492,2505,0.213798667055254,1486,0.230317986804835,1649,0.791401988980001,1982
"B_cell","B_cell","ENTPD1","ADORA2A",1,2771.75,0.0619517648228902,2506,-0.0965817613543616,2796,-0.273538597318271,3028,0.728696991984062,2757
"NK","Myeloid","LRPAP1","SORL1",1,2172.75,0.0619274466794865,2507,0.0722107419526445,1958,0.0282505156051264,2197,0.787685979493831,2029
"B_cell","B_cell","FAM3C","CLEC2D",1,2895.5,0.0618757603268063,2508,-0.272381016600163,3271,-0.57781320230051,3391,0.759288248145579,2412
"T_cell","Myeloid","GNAS","ADRB2",1,2149.5,0.0618357916977537,2509,0.0449665823310083,2081,0.0304851356095163,2192,0.803081667108313,1816
"T_cell","NK","TGFB1","SMAD3",1,2676,0.0618262318867257,2510,0.0052486779091758,2275,-0.0589698356994559,2465,0.551449675987574,3454
"NK","Myeloid","PKM","CD44",1,1952,0.0618039548808509,2512,-0.0301963917637972,2469,-0.0767931879641031,2516,0.90591566510259,311
"B_cell","T_cell","ENTPD1","ADORA2A",1,2714.25,0.0617091044173118,2513,-0.0976143595698781,2801,-0.167560119976926,2780,0.728308874174432,2763
"B_cell","Myeloid","GNAI2","CCR5",1,2623,0.0616747453716965,2514,-0.0625498253874728,2644,-0.206253547725874,2895,0.756917052606182,2439
"T_cell","T_cell","LGALS1","CD69",1,2111.25,0.0614177513352315,2516,-0.0162710236822381,2391,-0.0952526772412394,2574,0.855330268479191,964
"NK","Myeloid","GNAS","ADRB2",1,2164,0.0613866869624628,2517,0.0388132797587934,2118,0.0297061918529452,2194,0.802504654902276,1827
"T_cell","Myeloid","ICAM2","ITGAM_ITGB2",1,1668.5,0.061375237828711,2518,0.403368588385045,1018,0.304632856311981,1464,0.812208420665029,1674
"B_cell","Myeloid","GNAI2","ADCY7",1,2280,0.0613462327366526,2519,0.06057639844465,2014,0.00193925855429533,2283,0.767875347798596,2304
"NK","B_cell","GPI","AMFR",1,2384.75,0.0613450792099332,2520,-0.0613730917695934,2637,-0.118218592660298,2652,0.809106037641514,1730
"T_cell","NK","HLA-DQA1","LAG3",1,2679,0.0612370482200501,2521,-0.100489729443665,2815,-0.347971882683409,3156,0.773465059432886,2224
"NK","Myeloid","TNFSF10","RIPK1",1,2621.25,0.0612230668129075,2522,0.00714478943452523,2264,-0.0574609545771819,2462,0.649654500492513,3237
"T_cell","B_cell","NAMPT","ADORA2A",1,2535.75,0.0612095949909857,2523,-0.0306252393469813,2473,-0.215230796169663,2918,0.773142963311486,2229
"NK","B_cell","PTDSS1","SCARB1",1,2353.5,0.0611666210155457,2524,0.117808457504544,1781,0.138325937243007,1883,0.651130017504491,3226
"NK","Myeloid","ICAM2","ITGAM_ITGB2",1,1603.5,0.0609965062215395,2526,0.402181825927805,1023,0.427616353321444,1184,0.811735906437741,1681
"T_cell","NK","BSG","SLC16A1",1,2561.25,0.0609720074857747,2527,-0.0419486162932802,2546,-0.167150681178261,2777,0.760511306989552,2395
"T_cell","T_cell","NAMPT","ADORA2A",1,2469,0.0609698416088461,2528,-0.0316578375624977,2482,-0.109252318828318,2629,0.772798603909646,2237
"T_cell","T_cell","ADAM10","CD44",1,2002.25,0.0609032364175979,2529,-0.00241884837024988,2320,-0.00486124615927574,2302,0.863593880486992,858
"Myeloid","B_cell","MIF","TNFRSF14",1,1923,0.0608296296713695,2530,0.0655372320002688,1989,-0.068448740910571,2497,0.877400808066494,676
"T_cell","NK","S100A4","CCR5",1,2484.75,0.0608202823858053,2531,-0.111850337317796,2867,-0.184365251412274,2833,0.810303678926981,1708
"NK","T_cell","HLA-DQB2","LAG3",1,2391.5,0.0607762217742229,2532,-0.034319270368095,2496,0.176633917354111,1791,0.729813642640847,2747
"B_cell","NK","PTDSS1","JMJD6",1,2321.25,0.0605778702531492,2533,0.027243799138757,2159,-0.0262684134684571,2379,0.774490001467258,2214
"NK","NK","SELPLG","ITGAM",1,1859.75,0.0604844329093012,2534,0.1427654271307,1699,0.333590997057328,1393,0.803381594013351,1813
"T_cell","Myeloid","PSEN1","CD44",1,1901.75,0.0604047020808579,2535,0.0938473615533221,1871,-0.0158881951843344,2346,0.863724688626491,855
"NK","B_cell","SPON2","ITGB2",1,2574,0.0601003753211687,2537,-0.2632330754521,3260,-0.224392758192276,2944,0.818940305757361,1555
"T_cell","NK","PKM","CD44",1,2084.25,0.0600864657343541,2538,-0.12685054984229,2932,-0.0840554632798409,2538,0.904707733658823,329
"B_cell","T_cell","FAM3C","LAMP1",1,2726.5,0.0599887839354978,2539,0.010680496012504,2243,-0.141492722546666,2709,0.584034882497586,3415
"T_cell","Myeloid","CD48","CD244",1,2516.5,0.0599051382323417,2540,-0.0300681073158436,2468,-0.0169989968976352,2349,0.732642549686364,2709
"T_cell","B_cell","MFNG","NOTCH2",1,2240,0.0598442928780135,2541,0.0177908948890794,2208,0.0613848050457397,2116,0.782880412957395,2095
"NK","Myeloid","ADAM10","CD44",1,1923,0.059787649296697,2542,0.0703086622327281,1972,-0.00665606912674921,2309,0.86250132429978,869
"Myeloid","B_cell","ADAM28","ITGA4",1,2143,0.0597858040507611,2543,0.0826684877570772,1917,0.0581348839123908,2128,0.791210863748631,1984
"T_cell","T_cell","TNF","TNFRSF1B",1,2366.25,0.0597154534706121,2544,-0.0221739471808752,2424,-0.117503705276413,2650,0.80117833148468,1847
"B_cell","NK","FAM3C","LAMP1",1,2650.25,0.0596567174583348,2545,0.00986115520006303,2250,-0.0303749215318754,2389,0.583360468617335,3417
"NK","NK","F11R","ITGAL_ITGB2",1,2118,0.0596536489480341,2546,0.075240608362808,1941,0.130612694025014,1908,0.784088405618006,2077
"T_cell","T_cell","YBX1","NOTCH1",1,2580.25,0.0595522215100762,2548,-0.0348755472043545,2498,-0.123214506240035,2664,0.742549849810259,2611
"T_cell","T_cell","TGFB1","CXCR4",1,2236.25,0.0594195611585961,2549,0.0396298594628277,2112,-0.016384328093104,2347,0.795163331324656,1937
"T_cell","NK","CALM1","FAS",1,2336.25,0.0592502146838596,2551,-0.0713452270600928,2695,-0.217567810175044,2928,0.841422868468962,1171
"B_cell","B_cell","ICAM1","IL2RG",1,1968.5,0.0592403172410113,2552,0.0257374731590293,2167,0.0150576044776094,2240,0.859009968254065,915
"T_cell","NK","LRPAP1","LDLR",1,2454.25,0.0592267613619413,2553,0.00400756188006272,2282,-0.0311999408735131,2394,0.743989469529807,2588
"B_cell","Myeloid","LGALS1","PTPRC",1,2093.25,0.0591906066808984,2554,-0.119407810712836,2906,-0.0637646797905327,2481,0.897847126490769,432
"T_cell","T_cell","SPON2","ITGB1",1,2530.5,0.0591750411599154,2555,-0.0312906541983844,2478,-0.237921982654864,2966,0.78077069523344,2123
"Myeloid","Myeloid","GNAS","ADRB2",1,2264.25,0.0591376379957274,2556,0.00799846596467364,2258,-0.0227548058404444,2369,0.799530078360876,1874
"T_cell","T_cell","ARPC5","LDLR",1,2448.25,0.059118663989372,2557,-0.0277887833669402,2461,-0.108091113024427,2623,0.778615154967701,2152
"Myeloid","B_cell","LMAN1","MCFD2",1,2374.25,0.0590780478082455,2559,0.0942413794122925,1869,0.0589587379815335,2125,0.704657926802051,2944
"T_cell","Myeloid","ARPC5","ADRB2",1,2302.75,0.0590709282148787,2560,0.0221881964542175,2185,0.00859185767629811,2262,0.775099918852155,2204
"NK","NK","CALM1","FAS",1,2349.25,0.0590649974604479,2561,-0.07764841891996,2724,-0.221068117231683,2935,0.841213877219405,1177
"NK","Myeloid","NUCB2","ERAP1",1,2345.5,0.0590623117072697,2562,0.021064857006672,2191,-0.0461712238259888,2433,0.775409414446086,2196
"T_cell","T_cell","TNFSF10","RIPK1",1,2688.5,0.0590008271056602,2563,-0.0249256835459694,2440,-0.0688201085440773,2498,0.645435405160292,3253
"B_cell","B_cell","MIF","TNFRSF14",1,2011,0.0588938677789181,2564,0.0407182140561824,2105,-0.128920132201268,2679,0.875650780289286,696
"T_cell","Myeloid","YBX1","NOTCH1",1,2617.25,0.0588616199144449,2565,-0.0381305371867413,2519,-0.163472204107078,2766,0.741433340505144,2619
"NK","NK","PTDSS1","JMJD6",1,2281.25,0.0588309413761602,2566,0.0210269353794558,2192,0.060195909568752,2120,0.771924387430451,2247
"T_cell","B_cell","LGALS9","SLC1A5",1,2266.75,0.0588242962238936,2567,0.0611891262032665,2009,-0.0641949031567112,2483,0.789416181993034,2008
"Myeloid","B_cell","SEMA4D","CD72",1,2508.75,0.0587608281573314,2568,-0.0244911681281269,2438,-0.0422322837785431,2414,0.741977942798905,2615
"NK","NK","LRPAP1","SORL1",1,2188,0.0585135206862039,2572,0.0493995187624812,2056,0.0874281853849254,2030,0.782905674381192,2094
"B_cell","B_cell","NAMPT","ADORA2A",1,2568,0.0583469978064411,2573,-0.0478051816203041,2567,-0.187636143573952,2841,0.768915196283988,2291
"Myeloid","NK","ARF6","SMAP1",1,2307,0.0583263165484157,2574,-0.00605522355366388,2339,-0.0461558913888684,2432,0.799186220415703,1883
"T_cell","T_cell","ACTR2","LDLR",1,2547.5,0.0582838907018572,2575,-0.0268977221145636,2452,-0.0858149240459669,2546,0.741630602889515,2617
"T_cell","NK","IL16","CCR5",1,2647.5,0.0582655651445935,2576,-0.0975008564471455,2800,-0.157787789548791,2750,0.754488708324893,2464
"T_cell","Myeloid","ACTR2","ADRB2",1,2400.75,0.0582368289708337,2577,0.0230792577065941,2179,0.0308680466547583,2191,0.737725926551569,2656
"NK","T_cell","CD48","CD244",1,2719.5,0.0582139588525418,2578,-0.0858534297545581,2756,-0.172829692192284,2798,0.729828541775338,2746
"T_cell","T_cell","GNAI2","S1PR1",1,2665.25,0.0581547802072296,2579,-0.0405356998329043,2539,-0.125849772237526,2673,0.71440896548871,2870
"NK","T_cell","F11R","ITGAL_ITGB2",1,2172.5,0.0581286620227825,2580,0.0547424246914247,2033,0.112006627311502,1965,0.781888289020489,2112
"B_cell","T_cell","NAMPT","ADORA2A",1,2495.75,0.0581184570022772,2581,-0.0488377798358205,2574,-0.0816576662326075,2532,0.768566340354954,2296
"T_cell","B_cell","ADAM10","IL6R",1,2339.75,0.0580722480969948,2582,0.0798301445485659,1934,0.119310371550341,1939,0.708732271348956,2904
"Myeloid","Myeloid","LAMA5","CD44",1,2050,0.0580643658785151,2583,0.139254113568393,1714,0.119573738436865,1938,0.792899750890065,1965
"NK","B_cell","TGFB1","LPP",1,2619,0.0580562677984692,2584,0.00398251851794509,2283,-0.0751490391752107,2511,0.676439475201933,3098
"NK","Myeloid","TNF","TRAF2",1,2677,0.0580541213227471,2585,-0.0272541489523698,2455,-0.0313882644063246,2395,0.639639170677382,3273
"T_cell","NK","TXLNA","STX4",1,2387.5,0.0580299919530546,2586,-0.0022801086952889,2319,0.0668649471885457,2101,0.747907515220202,2544
"NK","NK","TNF","FAS",1,2748,0.0580158519356877,2587,-0.0807760158660772,2736,-0.135372524276967,2697,0.700028141805595,2972
"NK","T_cell","ADAM10","CADM1",1,2592.75,0.0579547562199238,2588,-0.037491455812845,2517,-0.0434380245871616,2422,0.718301578589402,2844
"T_cell","NK","TNF","TNFRSF1B",1,2423.5,0.0579533045725105,2589,-0.0399654086868273,2536,-0.130515696149312,2682,0.798781916471976,1887
"NK","Myeloid","GNAI2","S1PR4",1,2657.75,0.0579402383231017,2590,-0.0235681640575715,2434,-0.0316129847640628,2396,0.654544926061963,3211
"T_cell","NK","PSEN1","NOTCH1",1,2645.25,0.0579270237196019,2591,-0.0487906464700493,2573,-0.109072933338617,2627,0.724579853590202,2790
"B_cell","NK","LTB","TNFRSF1A",1,2535.25,0.0578831447445868,2592,0.0110490982241664,2239,-0.0544478045670844,2455,0.716775096888616,2855
"T_cell","T_cell","CD99","PILRB",1,2079.25,0.0578787933573088,2593,-0.0106201186044499,2364,-0.0515718776937628,2451,0.859374643649043,909
"B_cell","NK","ICAM1","ITGAX_ITGB2",1,1821.75,0.0578334496176125,2594,0.121387662925365,1771,0.244423834408284,1606,0.832267345627496,1316
"T_cell","T_cell","LGALS9","HAVCR2",1,2318.25,0.0578221073611662,2595,-0.04383004218681,2551,-0.0901693878317449,2554,0.817770331402182,1573
"B_cell","T_cell","HLA-DQB1","CD4",1,1986.75,0.057767734796222,2596,0.0599927597069053,2018,0.137759535777468,1884,0.824672865009069,1449
"B_cell","T_cell","HLA-DPA1","CD4",1,2019,0.0577613915806654,2597,0.0086156414077802,2254,0.021936356116102,2215,0.852346894781039,1010
"T_cell","T_cell","MIF","TNFRSF14",1,2063.75,0.0577102134201101,2598,-0.0181278835596608,2400,-0.0865613661302276,2547,0.874541207942082,710
"T_cell","T_cell","NUCB2","ERAP1",1,2419.75,0.0576860582117796,2599,0.00334321115950535,2287,-0.0924569048409387,2566,0.773349744506985,2227
"NK","NK","ADAM10","TSPAN14",1,2488.25,0.0576783974280376,2600,-0.0991895487070856,2809,-0.15317013173922,2734,0.803585052174445,1810
"T_cell","NK","HLA-DQA2","LAG3",1,2789.25,0.0576383960217696,2601,-0.0965473407907868,2793,-0.313064297133989,3100,0.736379951792985,2663
"NK","T_cell","TNF","TRADD",1,2455.5,0.0574768032174432,2602,0.0128071843592134,2234,0.0612807520406441,2118,0.714450881035601,2868
"NK","Myeloid","TNFSF10","TNFRSF10A",1,2861,0.0574284694474656,2603,-0.0599155482869579,2628,-0.167919702284414,2783,0.572943598366914,3430
"B_cell","Myeloid","SELPLG","ITGB2",1,2050,0.0574034679749774,2605,0.0234211310375701,2177,-0.181888431747478,2823,0.88545473988856,595
"NK","T_cell","ADAM17","NOTCH1",1,2579.75,0.0573869952830793,2606,-0.0162395754442199,2389,0.0288079449478069,2196,0.670785331390048,3128
"NK","Myeloid","LGALS1","ITGB1",1,1876.5,0.0573434375408487,2607,0.0743481166966228,1945,0.0748466155502767,2073,0.861599064585246,881
"NK","NK","ADAM10","NOTCH1",1,2677.25,0.0573352811890869,2608,-0.0723293457906433,2699,-0.0998408072810315,2595,0.722508674613127,2807
"B_cell","NK","YBX1","NOTCH1",1,2605.75,0.0572724642381896,2609,-0.0401321730514529,2538,-0.109290693065162,2630,0.738801200753543,2646
"T_cell","T_cell","GNAS","ADCY7",1,2239.75,0.0572566249251317,2610,-0.0163802964388766,2392,-0.118089493447657,2651,0.832872661155885,1306
"T_cell","NK","LGALS1","CD69",1,2345.75,0.0572171067247335,2611,-0.053303546011976,2601,-0.331734716555409,3139,0.850891608799484,1032
"T_cell","B_cell","MAML2","NOTCH2",1,2498.75,0.0571575482700874,2612,0.00979788043834236,2251,0.0585186919929595,2127,0.694245105166238,3005
"B_cell","Myeloid","GNAI2","S1PR4",1,2742.75,0.0571257859108722,2613,-0.0272341329911927,2454,-0.130799545388923,2683,0.652942675551975,3221
"T_cell","T_cell","HLA-DPB1","CD4",1,2175.5,0.0570626367869045,2616,-0.0477872255287245,2566,-0.0403325634136146,2410,0.846251187566466,1110
"B_cell","B_cell","ADAM10","CADM1",1,2731,0.0570612919773513,2617,-0.0400437070284572,2537,-0.212837785397806,2914,0.716727038817282,2856
"Myeloid","B_cell","HLA-G","LILRB1",1,1838.25,0.0570225459927024,2618,0.142409301320813,1700,0.222734290767947,1664,0.829663473796491,1371
"B_cell","T_cell","PSEN1","NOTCH1",1,2674.25,0.0570159287984029,2619,-0.0531233126956237,2600,-0.128269543733944,2678,0.7229951652565,2800
"B_cell","Myeloid","TGFB1","SMAD3",1,2701.75,0.0569399524747832,2620,0.00499392759616128,2276,-0.0512539668328773,2450,0.541247164227305,3461
"T_cell","NK","TGFB1","ITGB1",1,2469.75,0.0568899245363321,2621,0.0214343171800036,2188,-0.0175062585916604,2353,0.731692479946717,2717
"NK","NK","ARPC5","LDLR",1,2548,0.0568629225093816,2622,-0.106011803957574,2848,-0.0779750717928084,2522,0.775244051477905,2200
"NK","T_cell","HLA-G","CD4",1,2338.25,0.0568514034966491,2623,-0.155423454051185,3015,-0.0590770818193821,2466,0.836584380908425,1249
"NK","T_cell","GNAS","ADCY7",1,2256.25,0.0568407780397818,2624,-0.0225335990110915,2430,-0.118868437204228,2657,0.832364721111597,1314
"T_cell","NK","TNF","NOTCH1",1,2765,0.056815416180236,2625,-0.051174250332148,2589,-0.162354910240281,2764,0.680248304625586,3082
"NK","Myeloid","ADAM17","ITGB1",1,2179,0.0567865053217086,2626,0.083385679514447,1912,0.0746185996861062,2075,0.782397820541182,2103
"T_cell","B_cell","GZMA","F2R",1,2664.5,0.056759781788678,2627,-0.0677253054389538,2679,-0.0909808336091498,2556,0.723291870732004,2796
"NK","Myeloid","ADAM17","NOTCH1",1,2625.75,0.0567215028882359,2628,-0.0194945654266067,2410,-0.0114497529192361,2328,0.669496119424534,3137
"T_cell","Myeloid","ICAM3","ITGAL",1,2446,0.0567179860896204,2629,-0.15967669564557,3030,-0.237392979001761,2964,0.842581358235243,1161
"Myeloid","T_cell","IL16","KCNA3",1,2738.5,0.0566924606474677,2630,-0.0638534760785882,2653,-0.106252706411668,2614,0.686665181807144,3057
"T_cell","NK","ARF6","SMAP1",1,2366.5,0.056680875800708,2631,-0.0295108982747344,2465,-0.0553713342988653,2457,0.796880088891482,1913
"T_cell","NK","TNF","ICOS",1,3048.25,0.0566536237988805,2632,-0.167092641455978,3049,-0.499393888407195,3338,0.663098596060671,3174
"NK","T_cell","IL16","KCNA3",1,2757.75,0.0566206758307952,2633,-0.0642023166695408,2655,-0.131333484218075,2684,0.686528862483748,3059
"Myeloid","NK","MIF","TNFRSF14",1,1944.5,0.0564879465314086,2635,0.0387712100106967,2119,-0.00513626197978079,2304,0.873362122504051,720
"B_cell","T_cell","LGALS1","ITGB1",1,1971.75,0.0564802143934007,2636,0.0437748400142879,2087,0.00694745604162694,2268,0.860692218300959,896
"T_cell","B_cell","FAM3C","CLEC2D",1,2935.25,0.0563852050898576,2637,-0.294655143672643,3293,-0.471309149973446,3303,0.750694637118653,2508
"B_cell","Myeloid","PSEN1","NOTCH1",1,2711,0.056354739502586,2638,-0.0563783026780105,2609,-0.168527241600987,2785,0.721825620817622,2812
"T_cell","NK","TGFB1","CXCR4",1,2427,0.0562747411065701,2639,-0.0256727774258878,2446,-0.111122446247255,2634,0.79069929989091,1989
"Myeloid","NK","IL16","KCNA3",1,2756,0.0562567963651715,2640,-0.0653402263638602,2662,-0.121191859001956,2660,0.685834687458039,3062
"NK","Myeloid","MIF","CD44_CD74",1,1768.5,0.0562511745397764,2641,0.0819492933323258,1923,0.0124180049989335,2251,0.910077593013137,259
"NK","NK","IL16","KCNA3",1,2773,0.0561855631929377,2642,-0.0656890669548127,2666,-0.146272636808364,2721,0.685698172201749,3063
"B_cell","NK","CD48","CD2",1,2685,0.0561320647570844,2643,-0.369686014706299,3347,-0.681359328022007,3422,0.831839466622018,1328
"NK","Myeloid","CCL5","CXCR3",1,2358.75,0.0561293521128968,2644,0.0224288685184441,2182,-0.231607162393937,2957,0.813872077610424,1652
"NK","Myeloid","F11R","ITGAL_ITGB2",1,2293.25,0.0561183079844581,2645,0.0408253377413613,2101,0.00302033342043295,2279,0.778872194724928,2148
"T_cell","T_cell","PTDSS1","JMJD6",1,2515.5,0.056062926184467,2647,-0.0246946818140817,2439,-0.124692170286709,2670,0.767654236915074,2306
"NK","T_cell","PKM","CD44",1,2170.25,0.0560326885593492,2648,-0.137806308049769,2968,-0.135049025821392,2693,0.901653966236375,372
"NK","NK","ARF6","SMAP1",1,2384,0.0560275008512905,2649,-0.038824725166274,2524,-0.0464258738454231,2434,0.795940141625298,1929
"T_cell","B_cell","MIF","CD44_CD74",1,2079.25,0.056025203412575,2650,-0.052880488776198,2597,-0.176192152736259,2809,0.909912750233132,261
"NK","NK","CCL3","CCR5",1,2743.25,0.0560177290659193,2651,-0.119137727390886,2905,-0.180525744560284,2818,0.743064551090616,2599
"Myeloid","T_cell","HSPA8","LDLR",1,2559.75,0.0559998538055671,2652,-0.212398220965235,3164,-0.217068412447549,2925,0.821668074848184,1498
"B_cell","T_cell","ADAM17","NOTCH1",1,2657.75,0.0559770848122526,2653,-0.0211777604068752,2418,-0.0423146131369283,2415,0.66803288365397,3145
"B_cell","Myeloid","GNAS","ADRB2",1,2466,0.055976890614165,2654,-0.0353077685609704,2501,-0.165237274858835,2771,0.795091817977771,1938
"Myeloid","Myeloid","HSPA8","ADRB2",1,2462.25,0.055954636335947,2655,-0.162421241144077,3036,-0.100385441746824,2599,0.818677251631886,1559
"NK","NK","MAML2","NOTCH1",1,2821.75,0.0558283905178367,2656,-0.0708751928406392,2691,-0.0912132562862774,2559,0.597733408125784,3381
"Myeloid","NK","CALM1","FAS",1,2521.5,0.0557843210675243,2657,-0.189294260239786,3101,-0.306632915258463,3089,0.837360006190886,1239
"T_cell","NK","TNFSF10","RIPK1",1,2714,0.0557100763422854,2658,-0.0351632747022499,2499,-0.0431818843086279,2421,0.638841481260772,3278
"T_cell","T_cell","GSTP1","TRAF2",1,2666,0.0557039999804001,2659,-0.0583402333228898,2619,-0.227819996579111,2948,0.756925675684053,2438
"T_cell","Myeloid","COPA","CD74",1,1681.75,0.0555855254973019,2660,0.224951024274527,1458,0.0455622286000061,2160,0.896959355797168,449
"T_cell","B_cell","HLA-A","LILRB1",1,1644,0.0555206871879013,2661,0.212250966065652,1494,0.24595299816457,1601,0.866306985734853,820
"T_cell","B_cell","PKM","CD44",1,2276.75,0.0554063710778081,2662,-0.196412487282039,3117,-0.229863692735844,2950,0.90115446247189,378
"B_cell","Myeloid","ADAM17","ITGB1",1,2252,0.0553913479683781,2663,0.0784474945517917,1938,0.00349604160137107,2276,0.780272855438186,2131
"B_cell","Myeloid","ADAM17","NOTCH1",1,2697.75,0.0553279425450142,2664,-0.024432750389262,2437,-0.0825723110039713,2535,0.666738248124166,3155
"Myeloid","T_cell","TXLNA","STX4",1,2554.5,0.0552604862755145,2665,0.00672977922008546,2267,-0.132854851245057,2690,0.743269609348624,2596
"T_cell","NK","TNFSF9","HLA-DPA1",1,2547.25,0.0552442393113486,2666,-0.149784938362128,2999,-0.182452860152116,2825,0.810697308943615,1699
"NK","NK","S100A4","CCR5",1,2644.75,0.0551994319142162,2667,-0.169513895272663,3056,-0.274544819315077,3032,0.802738583476627,1824
"T_cell","Myeloid","LGALS9","CD44",1,2006,0.0551936261749342,2668,0.0714256265558496,1965,-0.0973813168409919,2580,0.867023688909835,811
"NK","B_cell","HLA-A","LILRB1",1,1696.75,0.0551213840027348,2669,0.167770550284832,1623,0.22241344010544,1665,0.865888443839036,830
"B_cell","T_cell","HLA-DRA","CD4",1,2037.5,0.0550514231095135,2671,0.0151012068973889,2223,0.0777736210232783,2066,0.840587890147874,1190
"T_cell","NK","GNAI2","ADCY7",1,2451.5,0.0549386827551783,2672,0.0104944815798452,2245,-0.057862116917751,2463,0.757898949488956,2426
"T_cell","T_cell","LGALS9","PTPRC",1,2023,0.0548969283094949,2673,0.0331966979808745,2137,-0.0848026529870541,2539,0.871704707924473,743
"Myeloid","Myeloid","GNAI2","CXCR3",1,2169.5,0.054825864635142,2674,0.181286274569662,1582,0.0746889185749786,2074,0.764610134790002,2348
"NK","NK","ACTR2","LDLR",1,2652.25,0.0547954994498075,2675,-0.07778398395021,2726,-0.082304609472047,2534,0.735673652643759,2674
"T_cell","T_cell","PSEN1","CD44",1,2123.25,0.0547640982804753,2676,-0.0137625547326496,2379,-0.0741440330416236,2507,0.857851756653511,931
"B_cell","T_cell","TGFB1","TGFBR3",1,2863.5,0.0547612835254017,2677,-0.047648533020583,2565,-0.165088322590732,2769,0.560314559887237,3443
"Myeloid","T_cell","GNAS","ADCY7",1,2360.5,0.0547582793834041,2678,-0.0533484128052112,2602,-0.171329434897617,2792,0.829744467881798,1370
"B_cell","Myeloid","PKM","CD44",1,2226,0.054757882869972,2679,-0.103060243808636,2831,-0.263397751515236,3009,0.900628871101704,385
"B_cell","NK","MIF","TNFRSF14",1,2036.5,0.0546903486359573,2680,0.0139521920666103,2228,-0.0656076532704775,2491,0.871562883962469,747
"T_cell","T_cell","FAM3C","LAMP1",1,2720,0.054665669842748,2681,-0.0115936310599758,2367,-0.034988670219603,2400,0.572705573868536,3432
"NK","T_cell","VIM","CD44",1,2113.5,0.0545912259643071,2682,-0.107237665729233,2854,-0.118480988859891,2654,0.909625101125555,264
"T_cell","B_cell","HLA-C","LILRB1",1,1680.25,0.0545087718638888,2683,0.201521914731663,1526,0.218676606486709,1675,0.86552596317125,837
"B_cell","Myeloid","PTDSS1","JMJD6",1,2548.5,0.0545004344871149,2684,-0.0145356886547469,2384,-0.16971062733029,2789,0.765123922418357,2337
"T_cell","T_cell","HLA-DRB1","CD4",1,2233.75,0.0543954299190998,2685,-0.0577558694292688,2616,-0.0801211864638965,2527,0.846362242719497,1107
"Myeloid","NK","SELPLG","ITGAM",1,2053,0.0543925428786429,2686,0.0819360707235702,1924,0.22373408626613,1661,0.794861986241614,1941
"NK","B_cell","TGFB1","ITGB1",1,2788.25,0.0543898468118892,2687,-0.0844257949473295,2751,-0.224146892502237,2943,0.727258227876414,2772
"Myeloid","B_cell","HLA-F","LILRB1",1,1834.5,0.0543872552362099,2688,0.0813473914743471,1926,0.205003569056511,1715,0.852361439979631,1009
"T_cell","B_cell","B2M","LILRB1",1,1634.25,0.0543683108819857,2689,0.229891886420383,1442,0.220114888771656,1671,0.872196406730275,735
"T_cell","NK","FAM3C","LAMP1",1,2641.25,0.054363069336194,2690,-0.0124129718724168,2373,0.076129130795188,2069,0.572026251712381,3433
"T_cell","B_cell","HLA-B","LILRB1",1,1677.25,0.0543375247897225,2691,0.205349065740598,1517,0.21260733457184,1691,0.8670245197104,810
"NK","Myeloid","COPA","CD74",1,1617.5,0.0542949239905665,2692,0.216057901800041,1478,0.159437000423912,1828,0.895868674797349,472
"Myeloid","Myeloid","LMAN1","MCFD2",1,2452.25,0.0542852943642861,2693,0.0659968177335305,1987,0.0553579473364376,2133,0.695778476556231,2996
"NK","B_cell","GZMA","F2R",1,2891.75,0.0542807519302339,2694,-0.0950075396894084,2789,-0.412239788673135,3244,0.718800690036786,2840
"NK","B_cell","NAMPT","ADORA2A",1,2620.5,0.0542601158428916,2695,-0.0723326969098303,2700,-0.142251390913027,2711,0.762400711900498,2376
"T_cell","Myeloid","ENTPD1","ADORA2A",1,2650.75,0.0542375408307982,2696,-0.0599845114925336,2629,-0.042384567916282,2418,0.715353811001671,2860
"T_cell","NK","SELPLG","ITGAM",1,2049.25,0.0542306244337117,2697,0.0803192662924268,1933,0.238785147593797,1625,0.794618820210469,1942
"NK","T_cell","YBX1","NOTCH1",1,2627.5,0.0542216176334046,2698,-0.0630227621989108,2649,-0.0594131950751525,2467,0.733485061610477,2696
"NK","T_cell","ADAM10","CD44",1,2161.25,0.0542046660152389,2699,-0.0373012540532437,2514,-0.0649119069840385,2485,0.856584424279798,947
"T_cell","B_cell","CD99","PILRB",1,2183.5,0.0541906895857087,2700,-0.0318107170032958,2484,-0.0983116723867868,2587,0.855348883861839,963
"NK","NK","BSG","SLC16A1",1,2696,0.0541733646150909,2701,-0.0971469461377408,2799,-0.161528506061146,2763,0.749579714761302,2521
"B_cell","T_cell","SPTAN1","PTPRA",1,3029.75,0.0541482801035767,2702,-0.201292813646289,3133,-0.360436055292615,3174,0.67391567248574,3110
"NK","T_cell","CD99","PILRB",1,2274.25,0.0541475214306047,2703,-0.0624106629829667,2642,-0.16931953066858,2787,0.855299576879418,965
"T_cell","B_cell","TNF","TRADD",1,2659.5,0.0541452266183442,2704,0.0034362775920003,2286,-0.155034165716805,2740,0.708321181457281,2908
"Myeloid","B_cell","TGFB1","LPP",1,2715.75,0.0541405609198514,2705,-0.0140362473826324,2381,-0.111739263699682,2635,0.668751185154783,3142
"NK","T_cell","GNAI2","S1PR1",1,2645.25,0.0541385823527631,2706,-0.0598826077262928,2627,-0.0111290021343454,2327,0.707053067904348,2921
"B_cell","B_cell","GPI","AMFR",1,2622.75,0.0541336535706188,2707,-0.112556035502998,2871,-0.27500900714863,3033,0.799261069259113,1880
"NK","B_cell","B2M","LILRB1",1,1691.5,0.0541143890773452,2708,0.164266483645511,1634,0.214151525052803,1686,0.871935265178646,738
"NK","B_cell","HLA-C","LILRB1",1,1741.75,0.0540798186704434,2709,0.137111204874642,1723,0.212196745677849,1693,0.865065522700682,842
"Myeloid","T_cell","ICAM3","ITGAL",1,2419.5,0.0540722666410659,2710,-0.119978220207742,2907,-0.190951048994091,2850,0.839387318918952,1211
"NK","T_cell","NAMPT","ADORA2A",1,2550,0.0540475830481469,2711,-0.0733652951253467,2707,-0.0362729135716821,2405,0.762045064899337,2377
"T_cell","NK","LGALS9","PTPRC",1,2143.5,0.0539994879370398,2712,-0.00107664083929562,2315,-0.170280874569194,2791,0.870780197225329,756
"NK","B_cell","HLA-B","LILRB1",1,1740.5,0.0539748584358039,2713,0.127026541936953,1749,0.213689885401588,1688,0.866638003811855,812
"B_cell","T_cell","HSPA8","LDLR",1,2665,0.0539395552744049,2714,-0.270984756701134,3268,-0.325783922129543,3122,0.818905166033251,1556
"B_cell","T_cell","LRPAP1","SORL1",1,2373,0.0539364935699244,2715,0.0486435608599074,2060,-0.0801791653935749,2528,0.775904129061581,2189
"NK","B_cell","HLA-F","LILRB1",1,1872.75,0.0539016325755051,2716,0.0624085671081638,2006,0.186726898483407,1755,0.851796206817135,1014
"B_cell","Myeloid","HSPA8","ADRB2",1,2603.75,0.0538960014070964,2717,-0.221007776879976,3178,-0.209100951428817,2907,0.815878389114047,1613
"Myeloid","B_cell","HLA-B","LILRB1",1,1761.25,0.053814665248286,2718,0.0924307361585016,1878,0.236905344334231,1632,0.866466144031442,817
"Myeloid","B_cell","GNAI2","F2R",1,2332.25,0.053803852876923,2719,0.221969919359543,1463,0.0231317273218015,2213,0.705637527207878,2934
"T_cell","T_cell","ADAM17","NOTCH1",1,2749.5,0.0537291249054566,2720,-0.029051197790371,2464,-0.114765286344471,2642,0.663472578387339,3172
"NK","T_cell","HLA-DQA1","LAG3",1,2563.75,0.0537273932806723,2721,-0.103120498010567,2832,-0.00955240941894003,2322,0.761798768479784,2380
"NK","Myeloid","HMGB1","CXCR4",1,2338,0.0537069585027708,2722,-0.295985609632079,3295,-0.301430724008754,3079,0.910293365750531,256
"Myeloid","NK","ICAM3","ITGAL",1,2464.25,0.053607445545522,2723,-0.125210696454376,2924,-0.252937362526164,2993,0.838804500956766,1217
"NK","Myeloid","YBX1","NOTCH1",1,2675,0.0535928327668483,2724,-0.0662777521812976,2668,-0.0996708929421955,2594,0.732343410454259,2714
"Myeloid","B_cell","HLA-A","LILRB1",1,1913.5,0.0535390405763343,2725,-0.00849474418039531,2349,0.196292789599248,1731,0.8641882406533,849
"Myeloid","B_cell","GNAI2","ADCY7",1,2081.75,0.0535352673701145,2726,0.256084586763505,1379,0.182790511294953,1769,0.755516967336209,2453
"T_cell","Myeloid","SPON2","ITGA4",1,2792.75,0.0534419789370275,2727,-0.159242822872291,3028,-0.365555915216688,3184,0.773022181391897,2232
"NK","B_cell","LMAN1","MCFD2",1,2497.75,0.053379663591366,2728,0.0747151747190863,1942,-0.00795836930487953,2315,0.693995025460468,3006
"B_cell","T_cell","GNAI2","S1PR1",1,2736.75,0.0533775689315547,2729,-0.063548576659914,2651,-0.110315562759206,2632,0.705584811290737,2935
"NK","T_cell","LGALS1","PTPRC",1,1850,0.0533280879084965,2730,0.0474899724323998,2069,0.0705719601636638,2091,0.892963854783601,510
"B_cell","T_cell","ADAM10","TSPAN14",1,2519.25,0.0532492876481299,2731,-0.0841296329916537,2749,-0.13345157532058,2691,0.797203083406692,1906
"Myeloid","B_cell","B2M","LILRB1",1,1965.25,0.0532216281889135,2732,-0.0664651503232171,2670,0.209670075841223,1706,0.871003606991085,753
"T_cell","Myeloid","ADAM17","ITGB1",1,2343.5,0.0531669104180137,2733,0.0705740571682959,1968,-0.0689546316061713,2499,0.776739114086178,2174
"T_cell","Myeloid","ADAM17","NOTCH1",1,2783.75,0.0531060512660407,2734,-0.0323061877727577,2485,-0.155022984211514,2739,0.662169152060028,3177
"NK","T_cell","PSEN1","NOTCH1",1,2701.5,0.0530194777900817,2735,-0.0705059391866107,2689,-0.0783131054442983,2524,0.715659475301938,2858
"Myeloid","B_cell","HLA-C","LILRB1",1,1946.5,0.052960792579794,2736,-0.0309194006754367,2475,0.199584397049752,1723,0.863840522602113,852
"T_cell","NK","ENTPD1","ADORA2A",1,2682,0.0529593887376432,2737,-0.0632412223374662,2650,-0.0566762952232279,2460,0.712919598276869,2881
"NK","T_cell","HLA-DQA2","LAG3",1,2558.75,0.0529540776600546,2738,-0.0716455072738635,2696,0.0871520083664501,2033,0.728070578069867,2768
"NK","Myeloid","PTDSS1","JMJD6",1,2516,0.0529287651231026,2739,-0.0207525524140482,2415,-0.083246304293081,2536,0.762484429360752,2374
"Myeloid","T_cell","CD99","PILRB",1,2350.5,0.052920738695578,2740,-0.0794385684611201,2732,-0.223538921171765,2942,0.85387567224124,988
"T_cell","NK","YBX1","NOTCH1",1,2745.25,0.0528388386030197,2741,-0.066517515958307,2671,-0.187441908896569,2839,0.730952463038213,2730
"T_cell","NK","VIM","CD44",1,2246.75,0.0528360265984263,2742,-0.164284585634282,3042,-0.218473768849413,2930,0.908272817527637,273
"B_cell","T_cell","LTB","TNFRSF1A",1,2745,0.0527860830003205,2743,-0.00581176094145414,2338,-0.24898110128227,2982,0.707325833776362,2917
"NK","B_cell","HMGB1","CXCR4",1,2379,0.0527727827984561,2744,-0.312459438530979,3315,-0.373350463771321,3192,0.909574344010631,265
"B_cell","Myeloid","PSEN1","CD44",1,2079.5,0.0527522552805425,2745,0.0578727265737952,2022,-0.0993122082361949,2592,0.855554394600956,959
"T_cell","NK","B2M","TFRC",1,2160,0.0527261445725036,2746,-0.0302923128906487,2470,-0.229877453660159,2951,0.895837473140934,473
"Myeloid","T_cell","LAMA5","CD44",1,2269.5,0.0526423031655372,2748,0.031644197282421,2145,0.0613179005795754,2117,0.784735255872205,2068
"NK","Myeloid","GPI","AMFR",1,2571.5,0.0525881086790622,2749,-0.117429396572305,2899,-0.147686343803141,2727,0.796927299256384,1911
"Myeloid","T_cell","MFNG","NOTCH2",1,2581.5,0.0525817464097594,2750,-0.0208594081961124,2416,-0.210525446157904,2910,0.771683759817152,2250
"NK","NK","B2M","TFRC",1,2245.75,0.0524798923427692,2751,-0.09591771566552,2792,-0.235840817379012,2962,0.895618856403696,478
"NK","NK","LGALS1","PTPRC",1,1962,0.0524562945213492,2752,0.0132166336122297,2232,-0.0149062614184763,2339,0.892173590232769,525
"B_cell","B_cell","SEMA4D","CD72",1,2714,0.0524318664367846,2753,-0.0641849075376821,2654,-0.144139844271375,2717,0.730919746290049,2732
"NK","Myeloid","PSEN1","NOTCH1",1,2746.25,0.0524046336241898,2754,-0.0737609291689975,2709,-0.118570803311341,2655,0.714471190430466,2867
"B_cell","NK","TNFSF9","TNFRSF9",1,3069.5,0.0523622014842804,2755,-0.173902234455428,3065,-0.407785150199979,3238,0.653197844377884,3220
"T_cell","NK","MIF","CD44_CD74",1,2236.5,0.0523437663306294,2756,-0.167903041380415,3050,-0.188194790184687,2844,0.907087916988884,296
"T_cell","T_cell","HLA-DPA1","CD4",1,2261.75,0.0522859291049614,2757,-0.0589859059373926,2623,-0.0893442314595473,2553,0.845969322710439,1114
"B_cell","NK","VIM","CD44",1,2232.5,0.0522758394210497,2758,-0.172876195931123,3062,-0.184078680748483,2831,0.907827833037009,279
"NK","T_cell","HLA-DPB1","CD4",1,2307.75,0.0522342561796366,2759,-0.104017799060369,2837,-0.047490798376295,2438,0.840411165471644,1197
"B_cell","Myeloid","ADAM10","TSPAN14",1,2645.75,0.0522218152805321,2760,-0.0937000022952406,2783,-0.316621346633701,3108,0.795623521902049,1932
"NK","NK","HLA-DRA","LAG3",1,2790.5,0.0522157530751974,2761,-0.234658304011233,3213,-0.370176424205866,3189,0.79001966726211,1999
"T_cell","T_cell","HLA-DRB5","CD4",1,2323,0.052140769708818,2762,-0.0645783641211156,2659,-0.0994392620311685,2593,0.834407194829819,1278
"NK","NK","LRPAP1","LDLR",1,2587.5,0.0520916527915124,2763,-0.0340413634816299,2493,-0.0240429452497517,2374,0.731574159358376,2720
"Myeloid","NK","MFNG","NOTCH2",1,2463.75,0.0520857955745326,2764,-0.0234742982534738,2432,-0.0307119373508828,2392,0.770847839950033,2267
"NK","T_cell","NUCB2","ERAP1",1,2503.5,0.0520794990954341,2765,-0.0235642264475595,2433,-0.0584119613153907,2464,0.764264086219501,2352
"T_cell","NK","ADAM10","CD44",1,2372.25,0.05206087043077,2766,-0.154106683682931,3012,-0.147032741332316,2725,0.854087890625963,986
"B_cell","NK","ACTR2","LDLR",1,2782.5,0.0520276101895077,2767,-0.0925051242252434,2777,-0.190422051484736,2848,0.730603247355897,2738
"B_cell","Myeloid","HMGB1","CXCR4",1,2404,0.0519374533367705,2768,-0.325771026899346,3323,-0.419603947345056,3257,0.908916039551807,268
"B_cell","T_cell","GNAS","ADCY7",1,2524.5,0.0518315969177895,2769,-0.0966546473308552,2797,-0.313811903916008,3102,0.825829413022059,1430
"T_cell","B_cell","COPA","CD74",1,1964,0.051772711931061,2770,0.0821945272476419,1921,-0.12298700613128,2663,0.89362895325069,502
"NK","B_cell","ADAM10","IL6R",1,2492.25,0.0516850498923921,2771,0.0449477388655721,2082,0.0592597107255778,2124,0.696561113518876,2992
"T_cell","NK","LTB","TNFRSF1A",1,2510,0.0516679414703115,2772,-0.0222232572053021,2425,0.133655176593834,1901,0.705104811567002,2942
"NK","T_cell","MIF","CD74_CXCR4",1,2136.75,0.05163494973586,2773,-0.0921403730772081,2775,-0.146912462249368,2724,0.908196764251048,275
"Myeloid","Myeloid","ENTPD1","ADORA2A",1,2789.25,0.0516344372188602,2774,-0.0793660358530358,2731,-0.160531078132592,2759,0.710319866997123,2893
"B_cell","NK","ARPC5","LDLR",1,2764.25,0.0516294887732691,2775,-0.142766901276944,2982,-0.248716617494006,2981,0.766720941579961,2319
"Myeloid","NK","B2M","TFRC",1,2389.75,0.051614096828645,2776,-0.326649349634249,3324,-0.240322266590592,2969,0.894838713948908,490
"T_cell","Myeloid","LGALS1","ITGB1",1,2209.25,0.0514496894791154,2777,0.0359846760424842,2129,-0.233698784303763,2958,0.855005023488152,973
"NK","T_cell","SELPLG","SELL",1,2275.5,0.0513239099779289,2778,0.0218435989502967,2187,-0.098419041801474,2588,0.8191987410751,1549
"T_cell","NK","CCL3","CCR5",1,2902.5,0.0513023723421704,2779,-0.145549675131941,2989,-0.349851545109573,3159,0.734581362871799,2683
"NK","B_cell","HLA-G","LILRB1",1,2117,0.0512447269618531,2780,0.00421316702915045,2281,0.128084022022598,1914,0.821981017597947,1493
"T_cell","B_cell","NUCB2","ERAP1",1,2622.75,0.0512390803485721,2781,-0.0338565107968015,2490,-0.191085671966125,2853,0.762795402544866,2367
"B_cell","T_cell","ICAM1","ITGAX_ITGB2",1,2222.5,0.051200386983001,2782,0.05095129897818,2050,-0.0992810048665272,2590,0.823591486556717,1468
"T_cell","B_cell","BSG","SLC16A1",1,2765,0.0511947895717284,2783,-0.0748084662075604,2714,-0.246287861964614,2977,0.744234701384245,2586
"T_cell","Myeloid","LGALS9","CD47",1,2169,0.0511460355743132,2784,0.026059453273528,2165,-0.103768852762288,2608,0.845615618929297,1119
"NK","NK","GNAI2","ADCY7",1,2442.5,0.0511445901797733,2785,-0.00885242631354329,2353,0.0568586531854294,2131,0.751273220383934,2501
"Myeloid","NK","CCL4L1","CCR5",1,2903.75,0.0511354537804812,2786,-0.230997262394571,3207,-0.379088506642832,3198,0.758023025755655,2424
"T_cell","T_cell","CD99","CD81",1,2350,0.0511280474124106,2787,0.00192589455431747,2296,-0.0476439505307475,2439,0.799333491980147,1878
"B_cell","B_cell","HLA-C","LILRB1",1,2218,0.0511172533371499,2788,-0.307741378183624,3311,0.135305892354774,1893,0.861743433120148,880
"NK","NK","SELPLG","SELL",1,2232.5,0.0511015639832801,2789,0.020864249840058,2194,-0.0304638920618755,2390,0.818876994745133,1557
"B_cell","B_cell","HMGB1","CXCR4",1,2433.25,0.0510340563021258,2790,-0.342244855798246,3336,-0.491523687107624,3331,0.908187091653436,276
"B_cell","B_cell","B2M","LILRB1",1,2247.75,0.0509623083030318,2791,-0.650380256464543,3437,0.108819696516774,1975,0.868547008221586,788
"T_cell","B_cell","PSEN1","NCSTN",1,2405.25,0.0509292349657169,2792,0.0249408764750116,2168,-0.0516583918077822,2452,0.774716953053483,2209
"NK","NK","ADAM17","NOTCH1",1,2740.25,0.0509177005455929,2793,-0.0478815441981724,2569,-0.0354194577087267,2402,0.657446509930922,3197
"T_cell","T_cell","HLA-B","CANX",1,2029.25,0.0507863576548338,2794,0.0271583073282771,2161,-0.182507265163387,2826,0.904151253072807,336
"Myeloid","T_cell","SPTAN1","PTPRA",1,3069.75,0.0507257954667094,2795,-0.215985267180026,3171,-0.349356261653945,3157,0.666701324520122,3156
"B_cell","T_cell","HLA-G","CD4",1,2560.25,0.0507222724769604,2796,-0.287564840098469,3285,-0.165453985876225,2773,0.828636241359207,1387
"Myeloid","B_cell","TGFB1","ITGB1",1,2863.75,0.050721428131798,2797,-0.102444560847907,2827,-0.260737117026708,3006,0.720278129408207,2825
"T_cell","B_cell","HSPA8","ADRB2",1,2264.5,0.0507106750333169,2798,0.0423693611157133,2094,-0.0637419489878462,2480,0.811258580703541,1686
"NK","B_cell","CD99","PILRB",1,2373.5,0.0506971786292582,2799,-0.0836012613818126,2745,-0.216059325361604,2923,0.85117736041796,1027
"B_cell","NK","GRN","TNFRSF1A",1,1786.5,0.0505974449971927,2800,0.304737142718888,1256,0.420753325724959,1195,0.797919648533465,1895
"B_cell","NK","PSEN1","NOTCH1",1,2825,0.0505884647656735,2801,-0.0847652814495762,2753,-0.192496946390477,2858,0.710859901393334,2888
"NK","B_cell","COPA","CD74",1,1897.5,0.0505706374804156,2802,0.0733014047731563,1951,-0.00911223430737407,2320,0.892507244741927,517
"B_cell","B_cell","HLA-B","LILRB1",1,2268.5,0.0505395879774639,2803,-0.61486486689634,3429,0.107547804891292,1978,0.862791743556748,864
"T_cell","NK","LGALS9","HAVCR2",1,2584.25,0.0505164121354796,2804,-0.099382137876335,2810,-0.239472095779494,2968,0.807489175778231,1755
"NK","T_cell","HLA-B","CANX",1,2138.75,0.0504473929480173,2805,-0.0511642164753682,2588,-0.181424714333639,2821,0.90386068626543,341
"B_cell","NK","GNAI2","ADCY7",1,2528.5,0.0504256626080205,2806,-0.0125183952471645,2374,-0.0423279074394309,2416,0.749948215097961,2518
"Myeloid","NK","ENTPD1","ADORA2A",1,2816,0.050417629395363,2807,-0.0826227466979684,2742,-0.174822805439538,2802,0.70786018593094,2913
"B_cell","T_cell","ADAM10","NOTCH1",1,2878,0.0503478332129447,2808,-0.103029683229102,2830,-0.242405462644412,2974,0.70929437166788,2900
"Myeloid","T_cell","HLA-B","CANX",1,2165,0.0502976690040828,2809,-0.0857600222538193,2755,-0.158209255400996,2752,0.903731465892952,344
"NK","NK","LGALS1","ITGB1",1,2060,0.0502582515876485,2810,0.00201077934623865,2295,0.0536091120639022,2140,0.853546669449772,995
"T_cell","T_cell","TGFB1","ITGB1",1,2738.5,0.0502132963170567,2811,-0.0387856449370401,2523,-0.167850949979691,2782,0.719262706247171,2838
"Myeloid","B_cell","F11R","ITGAL_ITGB2",1,2780,0.0501508149884559,2812,-0.145528393952087,2988,-0.274278585279788,3031,0.769038936462424,2289
"T_cell","NK","HLA-DQB2","LAG3",1,2948.5,0.0501331642244152,2813,-0.118512757565183,2903,-0.366799595456636,3186,0.710418889148818,2892
"B_cell","NK","CALM1","FAS",1,2708.75,0.0500858536211641,2814,-0.383220791260885,3351,-0.472043151663895,3305,0.829888583522876,1365
"T_cell","T_cell","LGALS9","CD44",1,2237,0.0500396337399995,2815,-0.0361842897301222,2505,-0.155637154698281,2742,0.861270095193328,886
"NK","B_cell","HSPA8","ADRB2",1,2341,0.049977073286928,2816,0.0157278246892998,2220,-0.106735697311446,2618,0.810140425635501,1710
"B_cell","Myeloid","TGFB1","ITGB1",1,2528.5,0.0499676063093534,2817,0.0552050012323747,2032,-0.0438970207798663,2424,0.718767228155315,2841
"B_cell","T_cell","HLA-DRB5","CD4",1,2347.25,0.0499285340021516,2818,-0.0906483385160837,2772,-0.055666376845748,2458,0.831390257305175,1341
"NK","Myeloid","MIF","CD74_CXCR4",1,2155.25,0.0499070300018977,2819,-0.0941840589160615,2785,-0.1448487091077,2718,0.906767953319407,299
"B_cell","T_cell","HLA-DMB","CD4",1,2191.25,0.0498284131251886,2820,0.060208757685115,2016,0.215841180303857,1683,0.771935790311918,2246
"B_cell","B_cell","CD99","CD81",1,2743.5,0.0497766799441262,2821,-0.194154405709189,3114,-0.329322163861854,3131,0.797176597427193,1908
"NK","NK","ADAM17","ITGB1",1,2367.25,0.0497701322703007,2822,0.0110483421640628,2240,0.0533810961997317,2142,0.770962320122522,2265
"B_cell","Myeloid","ADAM10","NOTCH1",1,2907.75,0.0497639709644548,2823,-0.106284673211489,2852,-0.282663160511455,3046,0.708090336440239,2910
"B_cell","NK","ADAM17","NOTCH1",1,2811,0.0496667307257665,2824,-0.0528197291608277,2595,-0.106542015793462,2616,0.654639958726476,3209
"NK","T_cell","MIF","CD44_CD74",1,2206.5,0.0496505286657885,2825,-0.113189041531038,2874,-0.174409254304379,2800,0.904837874947553,327
"B_cell","T_cell","PKM","CD44",1,2390.5,0.0496445802366138,2826,-0.210670160094608,3159,-0.321653589372525,3114,0.896155149334482,463
"Myeloid","B_cell","CD99","PILRB",1,2427.75,0.0495485679114685,2827,-0.100629166859966,2816,-0.270278715864789,3022,0.849720018970506,1046
"T_cell","NK","SPON2","ITGAM",1,2493.75,0.0495430833728139,2828,0.0642515132819163,1997,0.0791559537842954,2062,0.678936945297939,3088
"T_cell","T_cell","TXLNA","STX4",1,2688,0.0494854273063007,2829,-0.035847268067255,2503,-0.141994376190503,2710,0.732597696838698,2710
"NK","B_cell","MFNG","NOTCH2",1,2542.75,0.0494779023107602,2830,-0.0363372535613404,2506,-0.0749358466164787,2510,0.766279620532224,2325
"B_cell","NK","B2M","TFRC",1,2490.75,0.0494230185147149,2831,-0.910564455775575,3469,-0.341172645915041,3149,0.892780152903821,514
"T_cell","Myeloid","CCL5","CXCR3",1,2550.75,0.0494117838774029,2832,-0.0969166259490082,2798,-0.165039771740749,2768,0.804023545690083,1805
"NK","Myeloid","LGALS9","HAVCR2",1,2377.75,0.0493765568925848,2833,0.00751738619368342,2261,-0.112812282185854,2638,0.80570906383997,1779
"T_cell","B_cell","MIF","TNFRSF14",1,2353.5,0.0493474580791706,2834,-0.0816793362642155,2740,-0.25986295474697,3004,0.86569834680459,836
"Myeloid","Myeloid","NUCB2","ERAP1",1,2593.25,0.0491424763756429,2835,-0.0209145941514325,2417,-0.140640393613475,2707,0.758994982347302,2414
"T_cell","T_cell","CALM1","KCNN4",1,2306.5,0.0491271827102524,2836,0.0132582234512755,2231,-0.0658300796307105,2492,0.812561215973675,1667
"Myeloid","B_cell","ARF6","SMAP1",1,2555,0.0490914169152688,2837,-0.0389247360344746,2525,-0.17184931202659,2794,0.784997586071707,2064
"T_cell","Myeloid","LAMA5","CD44",1,2324.75,0.0490700820093819,2838,0.106844899619456,1817,-0.066040691630247,2493,0.778740648094179,2151
"NK","Myeloid","PSEN1","CD44",1,2105,0.0490546604460785,2839,0.0404901000828082,2107,-0.0493557699465496,2444,0.851005729006776,1030
"NK","Myeloid","LMAN1","MCFD2",1,2577.5,0.0490491960826003,2840,0.0464706130403242,2074,-0.0115591599499755,2329,0.684938330789362,3067
"NK","T_cell","LGALS3","LAG3",1,2603,0.049037028590673,2841,-0.0658119611453591,2667,0.052982572701238,2143,0.728330976082832,2761
"NK","T_cell","CALM1","KCNN4",1,2319.75,0.0489736102645797,2842,0.00695503159140819,2265,-0.0693303866873495,2500,0.812322671615766,1672
"B_cell","Myeloid","TNFSF9","HLA-DPA1",1,2039,0.0488248199899891,2843,0.218274009244376,1472,0.103671979989691,1992,0.80103645470082,1849
"T_cell","NK","NUCB2","ERAP1",1,2647.75,0.0487625419537518,2844,-0.0481463907461646,2571,-0.160092183543763,2757,0.75828441208219,2419
"T_cell","B_cell","VIM","CD44",1,2391.25,0.0487206638002607,2845,-0.233846523074031,3211,-0.364281998305416,3183,0.904838498903356,326
"Myeloid","B_cell","TNFSF9","HLA-DPA1",1,2527.25,0.0487001838062977,2846,-0.0529241898390698,2598,-0.177569186747013,2812,0.80083269361279,1853
"B_cell","NK","ADAM17","ITGB1",1,2441.25,0.048547356443196,2847,0.00611015720140749,2270,-0.0177414618850035,2354,0.768758688299268,2294
"T_cell","Myeloid","LGALS9","SLC1A5",1,2514.5,0.0485239368194714,2848,-0.00869063572396571,2351,-0.108363422817357,2625,0.772970518809242,2234
"NK","T_cell","MIF","TNFRSF14",1,2335.25,0.0484997106278803,2849,-0.11910619448378,2904,-0.155343607003845,2741,0.864687809013803,847
"B_cell","B_cell","HLA-A","LILRB1",1,2350.25,0.0484855246843059,2850,-0.571431621176474,3414,0.0239464581126136,2210,0.858264283081557,927
"T_cell","B_cell","GNAS","ADRB2",1,2462.5,0.0484573317353713,2851,0.000553243578908184,2306,-0.100688311555256,2600,0.783090486221635,2093
"T_cell","Myeloid","CALM1","FAS",1,2552,0.0484036613490511,2852,-0.104470376737843,2841,-0.316296544191294,3107,0.827463511281266,1408
"B_cell","T_cell","HLA-DRB1","CD4",1,2424,0.048336662643046,2853,-0.13601110235498,2961,-0.120913945795457,2658,0.838526472714652,1224
"B_cell","T_cell","MFNG","NOTCH1",1,2979.25,0.0483103196327178,2854,-0.121015756623077,2913,-0.29832425938502,3076,0.682055503956485,3074
"NK","Myeloid","CALM1","FAS",1,2560.25,0.0482523506440036,2855,-0.11077356859771,2864,-0.319796851247933,3111,0.82723990008479,1411
"B_cell","B_cell","VIM","CD44",1,2388.25,0.0482041092277222,2856,-0.242438133370872,3230,-0.329886910204486,3134,0.904378607922825,333
"NK","T_cell","GPI","AMFR",1,2715.75,0.0481938760411185,2857,-0.14555835318558,2990,-0.264850190582504,3012,0.789775111097331,2004
"B_cell","NK","SELPLG","ITGB2",1,2415.5,0.0481651574843459,2858,-0.152617038869275,3007,-0.317992144821876,3109,0.876250960757827,688
"NK","NK","YBX1","NOTCH1",1,2781.75,0.0481091591594337,2859,-0.0946647309528633,2788,-0.123640597731686,2667,0.721632412009146,2813
"NK","B_cell","GNAS","ADRB2",1,2475,0.0481053928898513,2860,-0.00560005899330671,2336,-0.101467255311827,2602,0.782470762658159,2102
"NK","Myeloid","CD48","CD244",1,2873.75,0.0480822842744085,2861,-0.117259157990659,2898,-0.188637707717895,2846,0.710568594549418,2890
"T_cell","T_cell","COPA","CD74",1,2260.5,0.0480359172154371,2862,-0.0577157291662287,2615,-0.269836452149329,3021,0.890015567527665,544
"NK","B_cell","FAM3C","CLEC2D",1,3062.5,0.048029647491058,2863,-0.32855203454893,3328,-0.567934646158224,3384,0.735386569033254,2675
"T_cell","B_cell","ADAM10","CD44",1,2546.25,0.0480058840284183,2864,-0.22366862112268,3191,-0.292840970788319,3066,0.848962214539974,1064
"T_cell","NK","TGFB1","TGFBR1_TGFBR2",1,2802.5,0.0479738756468047,2865,-0.0141145448465026,2382,-0.0761225919420394,2514,0.554367936274106,3449
"NK","NK","MIF","CD74_CXCR4",1,2305.75,0.0479563714622962,2866,-0.204640084638722,3145,-0.205763550493848,2892,0.905068921991974,320
"NK","NK","PKM","CD44",1,2422.25,0.047897463428283,2867,-0.28949414336245,3288,-0.277220520994433,3039,0.894476244972982,495
"T_cell","Myeloid","LGALS9","PTPRC",1,2513.75,0.0478563131734372,2868,-0.235685107949455,3219,-0.322822328307006,3115,0.86383201052039,853
"T_cell","T_cell","LGALS1","PTPRC",1,2163.25,0.0478470367503278,2869,0.0091265317782611,2252,-0.237973439690375,2967,0.887669346396443,565
"NK","T_cell","CD99","CD81",1,2544,0.047831975796,2870,-0.0498646498241993,2582,-0.165391603505564,2772,0.793935738070163,1952
"B_cell","T_cell","PSEN1","CD44",1,2313.5,0.047826238573832,2871,-0.0497371897121766,2579,-0.157568046093484,2748,0.849390752622028,1056
"T_cell","NK","LGALS3","LAG3",1,2967,0.0478209734194299,2872,-0.126337167857601,2930,-0.44973862932446,3284,0.725839534999442,2782
"B_cell","Myeloid","MFNG","NOTCH1",1,3004.5,0.0477500855561743,2873,-0.124270746605464,2922,-0.338581957252063,3145,0.68078942381299,3078
"T_cell","B_cell","ARF6","SMAP1",1,2608.75,0.047706501451114,2874,-0.0623804107555451,2641,-0.181064754936587,2820,0.782572843175374,2100
"T_cell","NK","ADAM17","NOTCH1",1,2890,0.0476721856409764,2875,-0.0606931665443235,2634,-0.178992689001004,2817,0.64999206686617,3234
"B_cell","NK","TGFB1","SMAD3",1,2862,0.0475937163623746,2876,-0.0333179753888373,2488,-0.106598101374036,2617,0.518920013714415,3467
"NK","B_cell","MIF","CD74_CXCR4",1,2321.5,0.0474767229411907,2877,-0.173799221878954,3064,-0.265083196354626,3014,0.90463620695076,331
"NK","Myeloid","TNF","FAS",1,2951.5,0.0473952654003918,2878,-0.113901165543827,2878,-0.234101258293216,2960,0.678379568371938,3090
"T_cell","B_cell","ADAM10","NOTCH2",1,2447.5,0.047394744421394,2879,-0.0148127814912029,2385,-0.039918991358478,2409,0.781424041072105,2117
"NK","B_cell","ADAM17","RHBDF2",1,2346,0.0473670629206451,2880,0.0948261195327419,1864,0.0792868786699377,2061,0.744470145655538,2579
"T_cell","NK","LGALS9","CD47",1,2307,0.0473608804230995,2881,-0.0242740989284568,2435,-0.146045021707859,2720,0.840529785746651,1192
"B_cell","B_cell","HLA-F","LILRB1",1,2347.5,0.0472820627560538,2882,-0.195748393706482,3116,0.0140995596459628,2245,0.843333627553327,1147
"B_cell","T_cell","HLA-B","CANX",1,2444.25,0.0472366306835694,2883,-0.793055625308661,3460,-0.287566794843935,3055,0.900965278921887,379
"B_cell","T_cell","TNFSF9","TRAF2",1,3007,0.04718847573002,2884,-0.116444303144095,2891,-0.187672518724194,2842,0.5870666998281,3411
"B_cell","T_cell","CD48","CD244",1,2998.75,0.0471630709802609,2885,-0.15316732392851,3009,-0.377231510570556,3196,0.708579672523838,2905
"NK","B_cell","ARF6","SMAP1",1,2623.75,0.0471565764096926,2886,-0.0716942376470847,2698,-0.172119294483145,2795,0.781584835099665,2116
"T_cell","T_cell","LTB","TNFRSF1A",1,2720.75,0.0471181767843155,2887,-0.0390841163709226,2528,-0.0608781201213519,2470,0.695431635020396,2998
"T_cell","NK","GNAI2","CXCR3",1,2888,0.0471011290749117,2888,-0.13594232529044,2960,-0.375655737562946,3195,0.750670293611739,2509
"B_cell","NK","SPTAN1","PTPRA",1,3144,0.0470846454661191,2889,-0.228419921698344,3201,-0.461248038624281,3296,0.65837461815109,3190
"NK","B_cell","MIF","CD44_CD74",1,2308.25,0.04708362683738,2890,-0.153858799700318,3010,-0.244974393609876,2976,0.902527766735275,357
"T_cell","NK","LGALS1","PTPRC",1,2256.5,0.0470648461286594,2891,-0.025146807041909,2441,-0.323451661272516,3117,0.886844945114334,577
"Myeloid","T_cell","IL16","CD4",1,2646,0.0470563047608508,2892,-0.104725144685502,2843,-0.0923186361374849,2565,0.769163766682613,2284
"T_cell","T_cell","MFNG","NOTCH2",1,2688.75,0.0470496200518969,2893,-0.0576006909085711,2614,-0.19684445207078,2866,0.761743129870661,2382
"NK","NK","ICAM1","SPN",1,2330.25,0.0470430045540541,2894,0.0415433150169437,2097,0.106341203189374,1984,0.76473964439671,2346
"NK","NK","PSEN1","NOTCH1",1,2847,0.0470425377715339,2895,-0.102147907940563,2825,-0.142540508100832,2714,0.703334709692753,2954
"Myeloid","Myeloid","BSG","SLC16A1",1,2512.25,0.0469994383084639,2896,0.0735317229733362,1950,-0.0818902176418582,2533,0.73601246474497,2670
"NK","T_cell","IL16","CD4",1,2669.25,0.0469967213846493,2897,-0.105073985276454,2844,-0.117399413943893,2648,0.76905126753392,2288
"NK","T_cell","COPA","CD74",1,2217,0.0469206047922655,2898,-0.0666088516407143,2672,-0.155961680325424,2744,0.888860493939438,554
"B_cell","T_cell","PTDSS1","JMJD6",1,2775.25,0.0468796924015473,2899,-0.0669246752600585,2675,-0.273257387432825,3027,0.751320558649693,2500
"T_cell","NK","PSEN1","CD44",1,2485.5,0.0468130561287211,2900,-0.165450390045331,3043,-0.216315528214664,2924,0.848016029188578,1075
"Myeloid","T_cell","CD99","CD81",1,2620.5,0.0467482799861381,2901,-0.0668925553023527,2674,-0.21961099400875,2931,0.792054800540807,1976
"NK","NK","VIM","CD44",1,2378.5,0.0466652826476635,2902,-0.258925501041914,3252,-0.260652484032932,3005,0.902966539710401,355
"T_cell","B_cell","SEMA4D","PLXNB2",1,2378.5,0.0466080158643946,2903,0.0606841985757976,2013,0.143272540036236,1875,0.731433190135788,2723
"T_cell","NK","MFNG","NOTCH2",1,2568.75,0.0466058482117606,2904,-0.0602155809659324,2630,-0.0170309432637588,2350,0.76088209254432,2391
"T_cell","NK","ADAM17","ITGB1",1,2528.75,0.0465977638334473,2905,-0.00176328018208826,2317,-0.0901921350925458,2555,0.765095519308676,2338
"B_cell","Myeloid","ADAM10","CD44",1,2295,0.0465828024982702,2906,0.00796635604031679,2259,-0.213448127146663,2916,0.847022778916158,1099
"NK","T_cell","FAM3C","LAMP1",1,2899.5,0.0465649251115702,2907,-0.0454905219362621,2554,-0.131614166404381,2687,0.552976487948766,3450
"NK","NK","HLA-DQB1","LAG3",1,2917.75,0.0465385231352723,2908,-0.210244117376278,3158,-0.345540135829709,3153,0.755679258572253,2452
"NK","Myeloid","LGALS1","PTPRC",1,2363,0.0464886789567093,2909,-0.221391833497929,3180,-0.167447715156288,2778,0.886225432634835,585
"B_cell","Myeloid","GPI","AMFR",1,2771,0.0464061094032371,2910,-0.168612340305709,3053,-0.304476758291473,3084,0.786619880124619,2037
"Myeloid","B_cell","GNAS","ADRB2",1,2573.75,0.0463429360848526,2911,-0.0364148727874264,2509,-0.153928253005217,2736,0.779277436950265,2139
"NK","NK","ADAM10","CD44",1,2502.5,0.046334846227435,2912,-0.188989089365925,3100,-0.207083402157079,2896,0.846676678691613,1102
"NK","NK","FAM3C","LAMP1",1,2821.75,0.0463071660835195,2913,-0.0463098627487031,2560,-0.0204963653895899,2363,0.552290320061248,3451
"T_cell","B_cell","ARPC5","ADRB2",1,2620.25,0.0462906592740958,2914,-0.0222251422978826,2426,-0.122581589488475,2662,0.753141230924948,2479
"NK","B_cell","NUCB2","ERAP1",1,2693.25,0.0462591087237682,2915,-0.0607639484038664,2635,-0.157040728440577,2746,0.753421555187109,2477
"Myeloid","T_cell","CALM1","KCNN4",1,2560.75,0.046253444786221,2916,-0.104690809728418,2842,-0.154895184714129,2738,0.807927693414496,1747
"T_cell","B_cell","SPON2","ITGA4",1,2957.5,0.0462216715197908,2917,-0.216238026332737,3172,-0.504298099464008,3340,0.76003685027877,2401
"B_cell","B_cell","ADAM17","RHBDF2",1,2420.75,0.046203326822341,2918,0.0898879345700866,1888,0.00816432058520256,2264,0.742096891104705,2613
"Myeloid","T_cell","SELPLG","SELL",1,2508.75,0.0461546523608856,2919,-0.0389857574568332,2526,-0.208275952592672,2903,0.811203437922735,1687
"B_cell","T_cell","GRN","TNFRSF1A",1,1966.25,0.0461419458637091,2920,0.287876283553267,1296,0.226220029009773,1656,0.790385914818627,1993
"NK","Myeloid","GRN","TNFRSF1A",1,1775.5,0.0461354651110544,2921,0.418923560371408,976,0.414042769347039,1211,0.790374278956748,1994
"B_cell","NK","ITGB2","CD226",1,3087.25,0.0460883292709713,2922,-0.460750916564355,3373,-0.575787298799105,3390,0.736366364247039,2664
"T_cell","NK","ADAM10","CADM1",1,2831.5,0.0460865803109041,2923,-0.0688758160526568,2682,-0.14546547971147,2719,0.694550841067504,3002
"T_cell","NK","NAMPT","ITGA5_ITGB1",1,2445.5,0.0460738676271797,2924,-0.0398937834793691,2534,-0.142772483060469,2716,0.816111735883923,1608
"T_cell","T_cell","LRPAP1","LDLR",1,2825,0.0460697686139933,2925,-0.0521875880788109,2593,-0.224503801759728,2945,0.71934199533518,2837
"T_cell","T_cell","SELPLG","SELL",1,2505,0.046017256880897,2926,-0.0406025618879766,2540,-0.193224891265006,2861,0.810975036144505,1693
"Myeloid","NK","SELPLG","SELL",1,2465.75,0.0459547006796659,2927,-0.0399651065670719,2535,-0.140320802853074,2706,0.81087074834429,1695
"NK","B_cell","ADAM17","IL6R",1,2535.25,0.0458999038380187,2928,0.069395540458043,1976,0.123681060297883,1925,0.628542954702933,3312
"Myeloid","B_cell","CCL5","SDC1",1,2268.75,0.0458666774614404,2929,0.750632953724949,439,-0.252055212970627,2991,0.731731643245374,2716
"T_cell","NK","MIF","TNFRSF14",1,2384.25,0.0458253089571103,2930,-0.108445358253788,2858,-0.19655047581618,2865,0.861335081945232,884
"T_cell","NK","SELPLG","SELL",1,2462.25,0.045817900425853,2931,-0.0415819109982153,2545,-0.125269741525407,2672,0.810642038036135,1701
"B_cell","T_cell","TGFB1","CXCR4",1,2487,0.0457410657880668,2932,0.00106320616481467,2303,-0.0640125937676845,2482,0.773033704389863,2231
"B_cell","T_cell","SELPLG","ITGB2",1,2508.25,0.0457391131160835,2933,-0.198845882458676,3127,-0.417190591780973,3254,0.873421529337788,719
"B_cell","B_cell","HLA-G","LILRB1",1,2436,0.0457200498861871,2934,-0.127928219018134,2936,0.0217071179657554,2217,0.813480963208506,1657
"T_cell","NK","ICAM2","ITGAL_ITGB2",1,2428.5,0.0457191633531614,2935,0.00134059850529891,2300,-0.152739358411629,2731,0.80783204830407,1748
"T_cell","B_cell","ACTR2","ADRB2",1,2707,0.0456370212651176,2936,-0.021334081045506,2420,-0.100305400510014,2597,0.713467106798698,2875
"T_cell","Myeloid","TGFB1","CXCR4",1,2885.25,0.0456101628610891,2937,-0.247124265655635,3238,-0.327655502559103,3128,0.772782188784341,2238
"T_cell","B_cell","LGALS9","CD47",1,2438,0.0455758011487624,2938,-0.0480114035434917,2570,-0.264413881005918,3011,0.837938034682333,1233
"Myeloid","Myeloid","CALM1","FAS",1,2709.5,0.0455722464457962,2939,-0.222419409917536,3186,-0.405361649274713,3233,0.823118184117282,1480
"NK","T_cell","PTDSS1","JMJD6",1,2755,0.0455277880170189,2940,-0.0731415390193598,2706,-0.186793064395616,2837,0.748576918974915,2537
"NK","NK","GPI","AMFR",1,2745.5,0.0455191126863204,2941,-0.162680410335722,3037,-0.223113904638064,2939,0.784995756456999,2065
"T_cell","Myeloid","GRN","TNFRSF1A",1,2060.25,0.0454897176939022,2942,0.41697469304751,983,-0.00541771836137706,2305,0.78920418623422,2011
"NK","B_cell","BSG","SLC16A1",1,2890,0.0454863488381804,2943,-0.130006796052021,2940,-0.240665686847498,2971,0.732821165489704,2706
"Myeloid","NK","CCL4","CCR5",1,2994.5,0.0454813177354878,2944,-0.286883820292265,3284,-0.527807514152732,3361,0.761114061266769,2389
"NK","NK","ICAM2","ITGAL_ITGB2",1,2349,0.0454370415589681,2945,0.000153836048058055,2308,-0.0297558614021658,2387,0.807351134283212,1756
"NK","T_cell","HLA-DRB1","CD4",1,2494.25,0.0453196476562069,2946,-0.174978964921444,3067,-0.128219076190553,2677,0.834115498037645,1287
"B_cell","Myeloid","SPTAN1","PTPRA",1,3180.25,0.0452653546238872,2947,-0.235406707084105,3218,-0.500763430383045,3339,0.653929453806317,3217
"T_cell","T_cell","HLA-DRA","CD4",1,2519,0.0451703850317989,2948,-0.0859517485383682,2758,-0.23122532150105,2954,0.826883031181948,1416
"B_cell","T_cell","ADAM10","CADM1",1,2942.25,0.045154726679934,2949,-0.0998337620052563,2813,-0.250230082607075,2986,0.692379768640455,3021
"T_cell","Myeloid","TNF","TRAF2",1,3027.75,0.0451385263016835,2950,-0.0859318076658906,2757,-0.283643263924619,3048,0.610158520480863,3356
"T_cell","NK","TNF","FAS",1,3062.25,0.0451087708993973,2951,-0.139453674579598,2973,-0.387627523795261,3210,0.67296191001899,3115
"T_cell","NK","LGALS1","ITGB1",1,2389.75,0.0450927176471727,2952,-0.0363526613079,2507,-0.254936287790137,2997,0.846637265392213,1103
"NK","B_cell","GZMB","IGF2R",1,2284,0.0450421646944237,2953,0.193015772099791,1547,0.111287655681648,1967,0.736164675413082,2669
"B_cell","NK","TXLNA","STX4",1,2805.25,0.0450355935367688,2954,-0.0839759800942716,2747,-0.146684622897162,2723,0.723267916827378,2797
"Myeloid","NK","LAMA5","CD44",1,2663.25,0.0449993183529152,2955,-0.12004363803026,2908,-0.0808535945934652,2531,0.771189754441553,2259
"B_cell","NK","ADAM10","TSPAN14",1,2812.75,0.0449394051683421,2956,-0.161531854899497,3034,-0.359962189759134,3171,0.783141731432513,2090
"T_cell","T_cell","MAML2","NOTCH2",1,2910.25,0.0449372997804037,2957,-0.0655937053593081,2665,-0.199710565123561,2875,0.668136699079735,3144
"T_cell","B_cell","TGFB1","CXCR4",1,2925.5,0.044816822348007,2958,-0.263598094554535,3262,-0.39957524232167,3225,0.771237965737875,2257
"Myeloid","NK","CLEC2D","KLRB1",1,3144.25,0.0447811793551319,2959,-0.3564963835899,3340,-0.626731782841531,3407,0.714166131202939,2871
"B_cell","T_cell","ARF6","SMAP1",1,2878.75,0.0447739812816776,2960,-0.256339201464527,3248,-0.331141459272633,3138,0.777127207084375,2169
"B_cell","B_cell","ADAM17","IL6R",1,2604.75,0.0447722135884781,2961,0.0644573554953878,1994,0.0525585022131475,2146,0.625634439687625,3318
"B_cell","B_cell","ICAM2","ITGAL_ITGB2",1,2722.25,0.0447121016452861,2962,-0.169568992462212,3057,-0.312333635323356,3099,0.806097268397225,1771
"T_cell","T_cell","TNF","TRADD",1,2854.75,0.0446896470854118,2963,-0.0458704743543073,2558,-0.19097424747765,2851,0.688106191215692,3047
"B_cell","NK","ADAM10","NOTCH1",1,2999,0.0446720704231061,2964,-0.134671651983055,2955,-0.306632865300945,3088,0.696810593509248,2989
"Myeloid","Myeloid","TNFSF9","TRAF2",1,3093.5,0.0446249769357574,2965,-0.135809354507841,2958,-0.273796986489251,3029,0.580280352804966,3422
"T_cell","B_cell","PTDSS1","JMJD6",1,2825.25,0.0446179273715526,2966,-0.0904858317756922,2771,-0.262089849218815,3008,0.746672452003319,2556
"T_cell","NK","TNFSF10","TNFRSF10B",1,2818.75,0.0445530408302631,2967,-0.0493271312010732,2577,-0.0609290731128893,2471,0.643581208641359,3260
"T_cell","T_cell","ICAM2","ITGAL_ITGB2",1,2486,0.0445503978614184,2968,-0.0191575851660844,2407,-0.17134542512514,2793,0.805813957186434,1776
"T_cell","NK","MAML2","NOTCH2",1,2790.5,0.0445134513371578,2969,-0.0682085954166695,2680,-0.019897056316539,2361,0.667085222189906,3152
"T_cell","T_cell","LAMA5","CD44",1,2555.5,0.0444879074181274,2970,-0.000765016666515954,2314,-0.124296529487536,2669,0.770179751038695,2269
"B_cell","B_cell","PSEN1","NCSTN",1,2600.25,0.0444771998139797,2971,-0.0110337585045154,2366,-0.135082404859643,2694,0.762676529369945,2370
"NK","T_cell","PSEN1","CD44",1,2350,0.0444739259236528,2972,-0.0671198162031636,2676,-0.107611607803839,2621,0.844683226904789,1131
"B_cell","B_cell","SELPLG","SELL",1,2692.5,0.0444021278110924,2973,-0.120754042965834,2911,-0.338168575231598,3144,0.808221274564956,1742
"T_cell","B_cell","CALM1","FAS",1,2641.75,0.0443624974297255,2974,-0.116812007813438,2894,-0.370758514134477,3190,0.821151092347039,1509
"NK","T_cell","LGALS1","ITGB1",1,2322.75,0.0443599196152227,2975,-0.058209182770805,2618,-0.0967355793241282,2577,0.845570544797763,1121
"T_cell","B_cell","ADAM17","RHBDF2",1,2509,0.0443478670997496,2976,0.0820144971865908,1922,-0.0642863526223398,2484,0.73815522216349,2654
"NK","T_cell","ICAM2","ITGAL_ITGB2",1,2403,0.0442754882337071,2977,-0.0203443476233253,2412,-0.0483619281156775,2441,0.805329209794365,1782
"NK","T_cell","ARPC5","LDLR",1,2880.5,0.0442310472915039,2978,-0.162206953916448,3035,-0.271278932679023,3024,0.752605038310272,2485
"NK","B_cell","CALM1","FAS",1,2650.75,0.0442238194748626,2979,-0.123115199673305,2917,-0.374258821191116,3193,0.820921070645742,1514
"NK","Myeloid","LAMA5","CD44",1,2333.75,0.0442073421785121,2980,0.0893229292380767,1889,0.0318454072330458,2189,0.769619366293393,2277
"NK","Myeloid","ARPC5","ADRB2",1,2780,0.0441953326261744,2981,-0.11222997409529,2870,-0.154595961978298,2737,0.748810041347566,2532
"T_cell","T_cell","TGFB1","LPP",1,2919.25,0.0441780474020418,2982,-0.0478480032821624,2568,-0.200215245549004,2877,0.645854053597904,3250
"NK","B_cell","PKM","CD44",1,2532,0.0441667620146925,2983,-0.359056080802199,3341,-0.423028750450436,3263,0.890587599579703,541
"Myeloid","NK","SPTAN1","PTPRA",1,3182,0.0441086234127521,2984,-0.243112375232082,3232,-0.450168244985611,3285,0.650994500393943,3227
"B_cell","T_cell","MAML2","NOTCH1",1,2967,0.0441073736406956,2985,-0.0835496802468597,2744,-0.138448479853027,2703,0.569105374187761,3436
"Myeloid","T_cell","TNFSF9","HLA-DPA1",1,2729.75,0.0440836740288476,2986,-0.120525737184243,2909,-0.288849774322662,3057,0.792771042411744,1967
"NK","NK","NUCB2","ERAP1",1,2727.25,0.0440232672901354,2987,-0.0750538283532294,2715,-0.126047240018215,2674,0.748791007006747,2533
"NK","NK","MIF","CD44_CD74",1,2413.5,0.0439897440982998,2988,-0.268881352304534,3266,-0.256977031058304,3000,0.899496942765933,400
"B_cell","B_cell","SEMA4A","PLXNB2",1,2336,0.0439780220237763,2989,0.166002005378076,1629,0.230622418850271,1647,0.680556964540964,3079
"T_cell","T_cell","TNFSF10","TNFRSF10B",1,2900.25,0.0439585566822623,2990,-0.0514288172173202,2590,-0.160264594360895,2758,0.642039053851712,3263
"NK","T_cell","ADAM17","ITGB1",1,2637,0.0439290862098381,2991,-0.0491716199529809,2575,-0.0969635951882987,2578,0.759754451717964,2404
"B_cell","NK","NAMPT","ITGA5_ITGB1",1,2479,0.0439191249962234,2992,-0.0570737257526919,2611,-0.115177830464758,2644,0.812490534549238,1669
"B_cell","B_cell","GNAS","ADRB2",1,2752.75,0.0438660310401382,2993,-0.0797211073130705,2734,-0.296410722023608,3071,0.774517249032948,2213
"Myeloid","B_cell","HSPA8","ADRB2",1,2742.25,0.0438485915780963,2994,-0.206834579896177,3151,-0.231558888911597,2956,0.799874792458216,1868
"NK","NK","GNAI2","CXCR3",1,2901.25,0.043848301829077,2995,-0.155289233183828,3014,-0.260934967459766,3007,0.743913578546943,2589
"B_cell","NK","TGFB1","ITGB1",1,2704,0.0437937563010438,2996,-0.0171323361180095,2395,-0.0651345242662408,2486,0.705247551811616,2939
"T_cell","NK","COPA","CD74",1,2458,0.0437706537372741,2997,-0.21741251540054,3174,-0.292800510484139,3065,0.885381297883609,596
"B_cell","NK","CD99","PILRB",1,2642.75,0.0437528326469993,2998,-0.24125828835114,3227,-0.361848825448186,3177,0.841603592380368,1169
"T_cell","B_cell","B2M","TFRC",1,2391.75,0.043752817864719,2999,-0.0882629482652805,2763,-0.40136802890745,3227,0.886806579888323,578
"B_cell","Myeloid","MAML2","NOTCH1",1,3003.75,0.0435958793279231,3000,-0.0868046702292465,2761,-0.17870617772007,2815,0.567674611404283,3439
"T_cell","NK","TGFB1","LPP",1,2886.5,0.0435942187704657,3001,-0.0514385954599727,2591,-0.136233264680815,2698,0.644331154623756,3256
"NK","B_cell","B2M","TFRC",1,2457.5,0.0435484746675497,3002,-0.153888351040152,3011,-0.407331392626303,3236,0.886571408990749,581
"NK","B_cell","TNF","FAS",1,3032,0.043438291255363,3003,-0.126242796619423,2928,-0.2885632282364,3056,0.668795960073987,3141
"T_cell","T_cell","LGALS9","CD47",1,2515.25,0.0433679098123495,3004,-0.0773711019965424,2722,-0.290308718658489,3061,0.834538014349492,1274
"T_cell","NK","SPON2","ITGA5",1,2765.75,0.0433422458869435,3005,-0.00790215750507093,2346,-0.0769371019382626,2518,0.657747044889365,3194
"Myeloid","T_cell","NUCB2","ERAP1",1,2737.5,0.0433324649843949,3006,-0.065543677605664,2664,-0.152881131102877,2732,0.7473005472417,2548
"B_cell","NK","TGFB1","CXCR4",1,2679,0.0433201892604296,3007,-0.0642394307239009,2656,-0.158750711921835,2753,0.768227971030656,2300
"B_cell","NK","GNAI2","CXCR3",1,2954.25,0.0432319364803929,3008,-0.158955202117449,3027,-0.360121528084626,3172,0.742562801944682,2610
"T_cell","B_cell","PSEN1","CD44",1,2640,0.043166818474917,3009,-0.23501232748508,3216,-0.362123757670667,3178,0.842716336820141,1157
"T_cell","NK","HLA-A","APLP2",1,2096.5,0.0431010597700903,3010,0.0169107937713467,2210,-0.0535590786542202,2454,0.873921880753939,712
"Myeloid","B_cell","LAMA5","ITGA6_ITGB1",1,2588.25,0.0430757720272965,3011,0.0934155128967828,1875,0.0179761928892114,2231,0.649733963578755,3236
"NK","B_cell","VIM","CD44",1,2494,0.0430305549715328,3012,-0.328487438481663,3327,-0.406460713488935,3234,0.899355565338621,403
"T_cell","Myeloid","ICAM2","ITGAL_ITGB2",1,2590.5,0.0430096420770421,3013,-0.0330746721161479,2487,-0.280331719016209,3044,0.803045372413148,1818
"T_cell","B_cell","ADAM17","IL6R",1,2682,0.0429742253326949,3014,0.056583918111892,2028,-0.0198921709943949,2360,0.620822290728558,3326
"B_cell","NK","MFNG","NOTCH1",1,3085.75,0.0428642478350125,3015,-0.152657725377029,3008,-0.362551662041554,3180,0.668947954675579,3140
"B_cell","T_cell","ADAM17","ITGB1",1,2709.25,0.042849815927162,3016,-0.0541098049156362,2604,-0.168086153273034,2784,0.757476907543262,2433
"Myeloid","B_cell","B2M","TFRC",1,2550.25,0.0428300266614477,3017,-0.38461998500888,3353,-0.411812841837883,3243,0.885732273473054,588
"NK","NK","HLA-A","APLP2",1,2178.5,0.0427910781880539,3018,-0.0275696220094742,2459,-0.0770986367133495,2519,0.873523697774809,718
"T_cell","NK","LGALS9","CD44",1,2552.25,0.0427745230266377,3019,-0.187872125042803,3099,-0.297808649871322,3074,0.851629985829995,1017
"NK","NK","COPA","CD74",1,2409.5,0.0427543734887971,3020,-0.226305637875026,3198,-0.178925738660233,2816,0.884183887791333,604
"NK","Myeloid","ICAM2","ITGAL_ITGB2",1,2522,0.0427442400770829,3021,-0.0342614345733887,2494,-0.157348222006747,2747,0.802555407216057,1826
"NK","B_cell","ADAM10","CD44",1,2652.25,0.0427258560232248,3022,-0.258551026805674,3251,-0.352891631613082,3162,0.841339021094745,1174
"Myeloid","B_cell","LGALS1","CD69",1,2221.75,0.042684562740211,3023,0.119251665504859,1779,-0.155851424994232,2743,0.831332912288599,1342
"NK","NK","TXLNA","STX4",1,2834.5,0.042679701315547,3024,-0.0987874905443123,2807,-0.121014521789581,2659,0.717858757698057,2848
"NK","T_cell","ACTR2","LDLR",1,2976.25,0.0426228941561374,3025,-0.133979133909084,2953,-0.275608470358262,3036,0.710537062348218,2891
"T_cell","B_cell","PSEN1","NOTCH2",1,2583,0.042617282662523,3026,-0.0261564878536027,2448,-0.109201778240826,2628,0.773131602308908,2230
"NK","Myeloid","ACTR2","ADRB2",1,2864.5,0.0425884780051896,3027,-0.0840021540879258,2748,-0.158925499657536,2755,0.706348539017878,2928
"T_cell","NK","HLA-B","CANX",1,2231.75,0.0425568352378109,3028,-0.0459355973169925,2559,-0.20090967088421,2878,0.896212463917169,462
"B_cell","T_cell","GPI","AMFR",1,2887.5,0.0425284411306589,3029,-0.196741296918984,3119,-0.421640605070836,3261,0.779205245319543,2141
"NK","Myeloid","ICAM3","ITGAL",1,2777.75,0.0424914662624634,3030,-0.280067529283132,3280,-0.476776791010998,3312,0.822469270633643,1489
"B_cell","NK","PKM","CD44",1,2557.5,0.0424368262068503,3031,-0.362357995407289,3343,-0.463825084545566,3299,0.888625673383282,557
"Myeloid","Myeloid","SPTAN1","PTPRA",1,3211.75,0.0424043222792537,3032,-0.250099160617843,3240,-0.489683636744375,3326,0.646504867177845,3249
"NK","NK","HLA-DQB2","LAG3",1,2998.25,0.0422770400642145,3033,-0.15207954463377,3002,-0.222554086929187,2938,0.692578122908135,3020
"NK","NK","HLA-B","CANX",1,2325.5,0.0422727970463449,3034,-0.124258121120638,2921,-0.199827120054462,2876,0.895900601460916,471
"B_cell","B_cell","HSPA8","ADRB2",1,2840.25,0.0422353518518722,3035,-0.265421115632076,3264,-0.34027439859359,3148,0.79685771527553,1914
"Myeloid","NK","IL16","CCR5",1,3038.25,0.0422333044316456,3036,-0.202083455094197,3135,-0.369052890951684,3188,0.723481308914423,2794
"B_cell","T_cell","ADAM10","CD44",1,2516,0.0422328905915367,3037,-0.099643560245655,2811,-0.271703965003952,3025,0.840562927310266,1191
"NK","B_cell","ADAM10","NOTCH2",1,2616.75,0.0421819338897557,3038,-0.0496951871741967,2578,-0.0999696521832407,2596,0.771310300187168,2255
"NK","NK","IL16","CCR5",1,3047,0.0421798280084761,3039,-0.20243229568515,3138,-0.394133668758091,3216,0.723354553745905,2795
"Myeloid","NK","HLA-B","CANX",1,2338,0.0421473346681118,3040,-0.158853926899089,3026,-0.176611661121818,2810,0.895761915857167,476
"B_cell","B_cell","ICAM3","ITGAL",1,2755.5,0.0418573881839955,3041,-0.193026749956878,3110,-0.536255275891682,3366,0.821368955786103,1505
"Myeloid","B_cell","CALM1","FAS",1,2785.75,0.0417674739776288,3042,-0.234761040993131,3214,-0.459823619217896,3292,0.816682007412583,1595
"T_cell","Myeloid","LGALS1","PTPRC",1,2564.5,0.0417105810043766,3043,-0.259755274152068,3255,-0.475993115010327,3311,0.880642162703882,649
"NK","NK","TNF","TNFRSF1A",1,2688,0.0417102115092879,3044,-0.0339667911074987,2491,0.0184826995168481,2229,0.696838634092478,2988
"NK","T_cell","HLA-DPA1","CD4",1,2566.5,0.0416538281812605,3045,-0.190252712560852,3106,-0.161478006528402,2762,0.830568867738469,1353
"Myeloid","NK","HLA-A","APLP2",1,2383.75,0.0415626950023905,3046,-0.203834916474701,3144,-0.103219287219542,2606,0.87190597133716,739
"B_cell","T_cell","CALM1","KCNN4",1,2833.5,0.041528573274793,3047,-0.298617340749517,3298,-0.320305421119561,3112,0.799428057850123,1877
"Myeloid","B_cell","LAMA5","CD44",1,2863,0.0414943515222355,3048,-0.189605575470009,3103,-0.226661824049468,2947,0.76395680001315,2354
"NK","Myeloid","GSTP1","TRAF2",1,2819.25,0.0414899307481657,3049,-0.0767362680918507,2719,-0.15877927978108,2754,0.728810756411113,2755
"NK","B_cell","MIF","TNFRSF14",1,2558.5,0.0414716441895401,3050,-0.182657647188335,3087,-0.328645195620588,3130,0.855265378713053,967
"NK","B_cell","PSEN1","NCSTN",1,2626.5,0.041359633305989,3051,-0.0284163849955024,2463,-0.0851259665699974,2543,0.756037096426775,2449
"B_cell","NK","CD86","CTLA4",1,2976.5,0.0413374707843251,3052,-0.125903382433558,2927,-0.185390026959807,2835,0.67793506669668,3092
"B_cell","Myeloid","BSG","SLC16A1",1,2751,0.0412446758942994,3053,-0.0127205946109266,2376,-0.166875881778278,2776,0.723129485274622,2799
"T_cell","T_cell","ADAM17","ITGB1",1,2784,0.0411290284202577,3054,-0.0619832422991319,2639,-0.240536826480576,2970,0.753692280954774,2473
"B_cell","Myeloid","LGALS9","HAVCR2",1,2597.5,0.0410840930395256,3055,-0.022354295271492,2427,-0.215915531810989,2922,0.79091318145762,1986
"NK","B_cell","MAML2","NOTCH2",1,2845,0.0410733047637532,3056,-0.0482410342241926,2572,-0.0913421011884866,2560,0.658094635629121,3192
"NK","NK","ADAM10","CADM1",1,2964.5,0.0410176509571373,3057,-0.103758221735651,2836,-0.205516140536233,2890,0.682052933337132,3075
"B_cell","B_cell","B2M","TFRC",1,2622.25,0.0410118423209466,3058,-0.968535091150207,3472,-0.512663221162332,3345,0.883518655637035,614
"T_cell","NK","LGALS9","SLC1A5",1,2741,0.0409923913289624,3059,-0.0597861931852845,2626,-0.191029994369047,2852,0.757831197762663,2427
"B_cell","Myeloid","CALM1","FAS",1,2859.75,0.0409169605543621,3060,-0.416345940938635,3361,-0.570771885680144,3387,0.815136952107251,1631
"B_cell","NK","PSEN1","CD44",1,2621.75,0.0408824843479733,3061,-0.201425025024858,3134,-0.299739541266525,3077,0.839079400318238,1215
"B_cell","T_cell","HLA-DPB1","CD4",1,2686.25,0.0408752086528414,3062,-0.236303509147817,3220,-0.251424691944357,2989,0.823273210120857,1474
"NK","NK","NAMPT","ITGA5_ITGB1",1,2516.5,0.0408428351004282,3063,-0.0816012410422181,2739,-0.0697930778038326,2502,0.806895972298328,1762
"NK","T_cell","HLA-DRB5","CD4",1,2660.75,0.040748875556441,3064,-0.198825536774423,3126,-0.192465107106433,2857,0.816667451891927,1596
"NK","NK","TNF","TRADD",1,2817,0.0406400419342063,3065,-0.0554567188458121,2607,-0.0715485002445768,2503,0.677823278854751,3093
"Myeloid","B_cell","ICAM1","SPN",1,2122.75,0.0405467804507248,3066,0.339130539132927,1173,0.188848579367066,1748,0.751109750869115,2504
"NK","T_cell","LRPAP1","LDLR",1,2923.5,0.0405196964284389,3067,-0.0902365134405035,2770,-0.217346806135966,2927,0.706203409258516,2930
"B_cell","T_cell","ACTR2","LDLR",1,3052.75,0.0404698806392931,3068,-0.148700274184117,2995,-0.383725912370951,3207,0.705177711801029,2941
"B_cell","Myeloid","ACTR2","ADRB2",1,2965,0.0404372029540139,3069,-0.0987232943629593,2806,-0.267042941670225,3018,0.70094427841969,2967
"Myeloid","B_cell","ADAM17","NOTCH1",1,2599.75,0.0402950808810681,3070,0.106301739590469,1818,0.0244343978448976,2209,0.630635709321419,3302
"B_cell","B_cell","ADAM10","IL6R",1,2832.75,0.0402697630626457,3071,-0.0173945673268392,2398,-0.147532347294336,2726,0.669559067598695,3136
"Myeloid","B_cell","TNF","NOTCH1",1,2672,0.0402685746053217,3072,0.0532804050832708,2041,-0.00702445016135,2310,0.641710277680871,3265
"T_cell","T_cell","GNAI2","ADCY7",1,2916.75,0.0402356108465261,3073,-0.0798335581023477,2735,-0.31193000848009,3095,0.728190697076675,2764
"T_cell","B_cell","SPON2","ITGB1",1,3017.5,0.0401954371052778,3074,-0.176552178069574,3073,-0.521541194788842,3354,0.74588605597324,2569
"B_cell","NK","GPI","AMFR",1,2915,0.0401681097936252,3075,-0.213863354069126,3166,-0.379904319126396,3201,0.774254276610602,2218
"B_cell","T_cell","ARPC5","LDLR",1,3017.25,0.0401602003342313,3076,-0.198962051235818,3128,-0.44202047838022,3275,0.743507461103909,2590
"T_cell","T_cell","HLA-DQB1","CD4",1,2695.75,0.0401487038767789,3077,-0.094549485106027,2787,-0.258459873339515,3003,0.796800015861256,1916
"B_cell","Myeloid","ARPC5","ADRB2",1,2958.5,0.0401277727024583,3078,-0.14898507141466,2997,-0.325337507679495,3121,0.739621190797132,2638
"T_cell","Myeloid","ICAM1","ITGAX_ITGB2",1,1955.5,0.0400941852020818,3079,0.406389790021886,1013,0.118816159774225,1942,0.805121097778251,1788
"B_cell","Myeloid","LGALS1","CD69",1,2699.75,0.0400811837227502,3080,-0.168376041523872,3052,-0.415165747641879,3250,0.8268748036157,1417
"NK","T_cell","LAMA5","CD44",1,2563.75,0.040079251256664,3081,-0.0182869870478951,2402,-0.0264104306242435,2380,0.760813948293505,2392
"T_cell","NK","ICAM2","ITGAM_ITGB2",1,2486.25,0.0400716355984643,3082,0.0164858338603953,2214,-0.0652253077467886,2487,0.777517100619,2162
"T_cell","T_cell","HLA-A","APLP2",1,2319,0.0399556454279138,3083,-0.00244387942958128,2321,-0.312100400887864,3097,0.869687719449471,775
"NK","NK","ICAM2","ITGAM_ITGB2",1,2402,0.0398243633191364,3084,0.0152990714031544,2222,0.0577581892626742,2130,0.776981265466956,2172
"T_cell","T_cell","LGALS1","ITGB1",1,2584.75,0.0398006151601206,3085,-0.0965726234249437,2795,-0.405280979178168,3232,0.838356104759001,1227
"B_cell","Myeloid","SPON2","ITGB2",1,2448.75,0.0397239021065373,3086,0.0872942823850452,1893,-0.164217200964593,2767,0.786197091167843,2049
"NK","T_cell","HLA-A","APLP2",1,2393.5,0.0396682855753465,3087,-0.0469242952104022,2561,-0.335639958946993,3143,0.869278164296681,783
"Myeloid","T_cell","CCL5","CCR4",1,3353,0.0395867791409986,3088,-0.600090508043405,3421,-0.934546879482149,3450,0.551559472637169,3453
"B_cell","NK","HLA-B","CANX",1,2538,0.039582313085976,3089,-0.866149529953931,3464,-0.305969200564758,3087,0.892793896349063,512
"B_cell","T_cell","ITGB2","CD226",1,3170.5,0.0394704763472785,3090,-0.492650604701894,3387,-0.572846115312768,3388,0.721047596083613,2817
"T_cell","B_cell","LGALS9","CD44",1,2680.5,0.0394428440169533,3091,-0.257434062482552,3250,-0.443616879327325,3277,0.846433491735374,1104
"NK","B_cell","SEMA4D","PLXNB2",1,2670.25,0.0394280238081326,3092,-0.01606776051963,2388,-0.0139273235978133,2335,0.714687093075423,2866
"T_cell","B_cell","GNAI2","CXCR3",1,3057.5,0.0394035350478,3093,-0.177238582585547,3078,-0.535040134052977,3365,0.733600916210553,2694
"T_cell","NK","CD99","CD81",1,2555.75,0.0392995896546177,3094,-0.0408786508114629,2542,-0.0434838513362283,2423,0.777399260848449,2164
"NK","NK","ICAM1","ITGAL_ITGB2",1,2325,0.0392393939580032,3095,-0.00468772579930597,2331,0.0200653866517484,2223,0.814009659659971,1651
"B_cell","NK","MAML2","NOTCH1",1,3078.5,0.0391351042481172,3096,-0.115191649000812,2886,-0.20267588250956,2884,0.554383627816371,3448
"B_cell","B_cell","PKM","CD44",1,2617,0.0391314501767555,3097,-0.431919932847038,3368,-0.609633314001569,3401,0.884549256667215,602
"T_cell","T_cell","LGALS9","SLC1A5",1,2842.5,0.0391100025861972,3098,-0.0725567065270287,2702,-0.311661232368865,3094,0.753491552640486,2476
"B_cell","Myeloid","ICAM1","IL2RG",1,2644,0.0390745804458554,3099,-0.252051088259288,3243,-0.209716430897272,2908,0.831882243708592,1326
"B_cell","Myeloid","CD48","CD244",1,3112.25,0.0389547151718577,3100,-0.184573052164611,3090,-0.393039526096167,3215,0.68845156919777,3044
"NK","T_cell","ICAM1","IL2RG",1,2178.75,0.0389473062082497,3101,0.023559026101831,2175,0.0646791376398886,2105,0.831653980997857,1334
"NK","T_cell","MFNG","NOTCH2",1,2923.75,0.038899557380206,3102,-0.111728839358991,2866,-0.333165103732999,3140,0.744054558686575,2587
"T_cell","B_cell","HLA-A","APLP2",1,2287.5,0.0388579641302902,3103,-0.00919824005845188,2357,-0.207345771871164,2898,0.868101048779767,792
"T_cell","T_cell","LMAN1","MCFD2",1,2860,0.0386914035477319,3104,-0.0179401997027638,2399,-0.157909002007665,2751,0.658801360582046,3186
"B_cell","T_cell","TGFB1","ITGB1",1,2942.25,0.0386541005266565,3105,-0.0773522982350532,2721,-0.215479215654271,2920,0.692108190841414,3023
"T_cell","T_cell","LRPAP1","SORL1",1,2859.5,0.0386291490853122,3106,-0.0765103740888475,2718,-0.280142651838723,3043,0.745557034925562,2571
"T_cell","NK","GNAI2","CCR5",1,3079,0.0386066315675159,3107,-0.174778203881018,3066,-0.418590380677885,3256,0.711283471156873,2887
"NK","B_cell","HLA-A","APLP2",1,2365.5,0.0385784987700398,3108,-0.0536786558392728,2603,-0.230885329930293,2952,0.867687265588748,799
"B_cell","B_cell","TIMP1","CD63",1,2027.5,0.0385671040013957,3109,0.1535795341995,1667,0.216842052800574,1679,0.813586955641282,1655
"NK","NK","MFNG","NOTCH2",1,2831.25,0.0385326569006684,3110,-0.114343729416352,2882,-0.153351594925977,2735,0.743151151092784,2598
"Myeloid","T_cell","HLA-A","APLP2",1,2569,0.0385295469160702,3111,-0.223189589675629,3189,-0.361760609453186,3176,0.867614364208988,800
"NK","NK","MIF","TNFRSF14",1,2580,0.0385116271824181,3112,-0.209423669177907,3156,-0.265332716689797,3015,0.850621648911213,1037
"Myeloid","B_cell","NUCB2","ERAP1",1,2900.5,0.0384896407184866,3113,-0.102743399561971,2828,-0.251509898228064,2990,0.735947356546698,2671
"NK","NK","ADAM17","RHBDF2",1,2573.5,0.0384201523017116,3114,0.00467541049311775,2278,0.0630128266155094,2110,0.724054045104654,2792
"B_cell","T_cell","TXLNA","STX4",1,3025.5,0.0384043753092847,3115,-0.117543139466238,2900,-0.355543946276211,3165,0.707047840142963,2922
"B_cell","B_cell","LGALS1","ITGB1",1,2557.75,0.0383649400294864,3116,-0.101486683856901,2819,-0.276671756092351,3038,0.835851305892946,1258
"B_cell","NK","ARF6","SMAP1",1,2996,0.0383124925012791,3117,-0.291351274127577,3291,-0.391451786906587,3213,0.763339685829489,2363
"B_cell","T_cell","SPON2","ITGA4",1,2831.75,0.0382920601935822,3118,-0.0737301461442994,2708,-0.205004762399304,2889,0.742457036467288,2612
"NK","T_cell","ICAM1","ITGAL_ITGB2",1,2381.5,0.0382362774044311,3119,-0.0251859094706893,2442,0.00145931993823667,2287,0.812041349392888,1678
"Myeloid","B_cell","PSEN1","NOTCH1",1,2554.5,0.0381012691233157,3120,0.114658735922072,1793,0.0188606164660352,2228,0.680881555473919,3077
"NK","T_cell","ICAM1","SPN",1,2678.75,0.038095676847659,3121,-0.0414775129777589,2544,-0.062670392930938,2475,0.745235741987583,2575
"NK","T_cell","TNF","TNFRSF1A",1,2892.5,0.0380373025067215,3122,-0.0508276502731192,2587,-0.176050597198338,2807,0.687014668118352,3054
"T_cell","NK","LAMA5","CD44",1,2898.5,0.0380288359053772,3123,-0.152452851979197,3005,-0.266468024660577,3016,0.756003127366408,2450
"NK","NK","PSEN1","CD44",1,2643,0.0380168843439318,3124,-0.218807651515845,3175,-0.249783102976879,2985,0.834112522506376,1288
"B_cell","B_cell","LGALS1","PTPRC",1,2651,0.037968390346951,3125,-0.774689443589329,3453,-0.49075070655341,3329,0.875612824291309,697
"NK","Myeloid","CXCL13","CXCR3",1,3264.5,0.0378173906375884,3126,-0.30480208998627,3306,-0.633905012527211,3411,0.65435001109685,3215
"B_cell","B_cell","PSEN1","CD44",1,2743.25,0.0376981749664036,3127,-0.270986962464607,3269,-0.445547770722528,3280,0.833529260130011,1297
"B_cell","NK","HLA-A","APLP2",1,2609,0.0376396187304008,3128,-0.76677179347078,3450,-0.275565618706176,3035,0.86626655759841,823
"B_cell","B_cell","CALM1","FAS",1,2910,0.0375008523494815,3129,-0.428687572014231,3367,-0.625233855623328,3406,0.808477936010947,1738
"B_cell","NK","ADAM17","RHBDF2",1,2643,0.0374762280771772,3130,-0.000262774469537534,2311,-0.00810973146922578,2317,0.721562092350698,2814
"Myeloid","B_cell","HLA-A","APLP2",1,2540.75,0.0374710441036958,3131,-0.2299439503045,3203,-0.257005980436486,3001,0.866006338072055,828
"NK","T_cell","GNAI2","ADCY7",1,2905.75,0.0374569196816874,3132,-0.0991804659957362,2808,-0.197209238376909,2867,0.721051169170004,2816
"T_cell","T_cell","HLA-DMA","CD4",1,2733,0.0374517249237352,3133,-0.0996961871249679,2812,-0.279515239304599,3041,0.794356004280234,1946
"T_cell","T_cell","HLA-DQA1","CD4",1,2739.75,0.0373770154788863,3134,-0.0877982493009256,2762,-0.253057545352419,2994,0.78452882404077,2069
"NK","NK","HLA-DQA1","LAG3",1,3080.5,0.0373737473630876,3135,-0.220880772276242,3177,-0.408740413702238,3239,0.727324318491643,2771
"B_cell","B_cell","PTDSS1","JMJD6",1,3019.5,0.0373094102132773,3136,-0.132715825221669,2949,-0.410655066364931,3242,0.729383746852667,2751
"Myeloid","B_cell","YBX1","NOTCH1",1,2425.5,0.0373013026286959,3137,0.183627577047339,1573,0.101394202998102,1993,0.695371073615133,2999
"T_cell","T_cell","ADAM10","NOTCH2",1,2845.25,0.0372617773599361,3138,-0.0902043672888534,2769,-0.298148248474998,3075,0.760188406281846,2399
"B_cell","Myeloid","SPON2","ITGB1",1,2788.75,0.0372364037491657,3139,-0.0123116853839507,2372,-0.254456031467205,2996,0.73857143993391,2648
"B_cell","B_cell","PSEN1","NOTCH2",1,2757.25,0.0372182577999816,3140,-0.0621311228331296,2640,-0.192625791292686,2859,0.76103258405642,2390
"NK","B_cell","LGALS9","SLC1A5",1,2765.75,0.0371158007074651,3141,-0.0428430724504979,2549,-0.187037094449966,2838,0.748598928271664,2535
"NK","T_cell","TNFSF10","RIPK1",1,3092.75,0.0371069157490968,3142,-0.112147954545216,2869,-0.236651033079896,2963,0.590772687393503,3397
"B_cell","T_cell","GNAI2","ADCY7",1,2968.25,0.0369303965006933,3143,-0.102846434929357,2829,-0.296395799001769,3070,0.719625250592254,2831
"B_cell","NK","TGFB1","TGFBR1_TGFBR2",1,2968,0.0369301987305501,3144,-0.0526811981445156,2594,-0.12375085761662,2668,0.521866411519849,3466
"Myeloid","B_cell","ICAM2","ITGAL_ITGB2",1,2912.25,0.0369276724239185,3145,-0.254529768452947,3244,-0.436147521562372,3272,0.790709311935055,1988
"NK","Myeloid","ICAM1","ITGAL_ITGB2",1,2504.25,0.036913892680345,3146,-0.0391029964207527,2529,-0.107526973952832,2620,0.809340543665913,1722
"T_cell","NK","ADAM10","NOTCH2",1,2748.25,0.0369103244154165,3147,-0.0928192573462148,2782,-0.118334739667976,2653,0.759323525565376,2411
"T_cell","Myeloid","TNF","FAS",1,3190,0.0368510001547918,3148,-0.172578824257348,3061,-0.48635625781151,3320,0.650335693486978,3231
"NK","NK","HLA-DQA2","LAG3",1,3094.5,0.0368358150184843,3149,-0.189405781539539,3102,-0.312035995916848,3096,0.690696646851871,3031
"NK","NK","ICAM1","IL2RG",1,2374,0.0367978106226131,3150,-0.0305825838101311,2471,-0.0614577889278504,2472,0.827642335675047,1403
"T_cell","Myeloid","ICAM1","ITGAM_ITGB2",1,2142.75,0.0367895739284434,3151,0.336499258066978,1181,0.0147623944361385,2241,0.790052101990667,1998
"B_cell","NK","CD58","CD2",1,3055.25,0.0367736278602092,3152,-0.399165704090575,3358,-0.772677558040809,3435,0.76974007550571,2276
"NK","NK","CD99","CD81",1,2736.75,0.0367660631744782,3153,-0.0926691951899797,2781,-0.161231504311045,2761,0.771580098745955,2252
"NK","B_cell","GNAI2","CXCR3",1,3076.75,0.0366823074487368,3154,-0.196585490478935,3118,-0.420319363949797,3258,0.726550132274842,2777
"Myeloid","NK","NUCB2","ERAP1",1,2928,0.0366293209704795,3155,-0.117033279511334,2896,-0.220516409805701,2934,0.731105773213766,2727
"B_cell","T_cell","CD99","PILRB",1,2807,0.0365073063651399,3156,-0.307259164818526,3309,-0.566650172459559,3383,0.829160091421055,1380
"NK","T_cell","LGALS9","HAVCR2",1,2796.5,0.036483459234842,3157,-0.147862240840574,2994,-0.213011579125,2915,0.78092374185847,2120
"T_cell","B_cell","TGFB1","LPP",1,3087.5,0.0364072769054816,3158,-0.0956388553429547,2790,-0.302472308786642,3080,0.62343052751283,3322
"T_cell","B_cell","LAMA5","ITGA6_ITGB1",1,2813.75,0.0364032506687376,3159,0.0610062989478459,2010,-0.1676382371779,2781,0.630350022982692,3305
"NK","T_cell","TXLNA","STX4",1,3051.25,0.0363953739406637,3160,-0.132354649916278,2947,-0.32987384516863,3133,0.701452503558324,2965
"Myeloid","Myeloid","CCL5","CCRL2",1,3036.25,0.0362387508140259,3161,-0.106118725213386,2850,-0.489417442734969,3325,0.722318118593557,2809
"NK","B_cell","PTDSS1","JMJD6",1,3008,0.036233491138991,3162,-0.13893268898097,2972,-0.324190743327721,3120,0.726486189781912,2778
"T_cell","Myeloid","GSTP1","TRAF2",1,3074,0.0362153165398269,3163,-0.133336542443242,2951,-0.486709939920169,3321,0.715166971511598,2861
"B_cell","B_cell","GNAI2","CXCR3",1,3108.25,0.0361666728111786,3164,-0.200251459412556,3131,-0.519505924574657,3351,0.725141608016395,2787
"B_cell","NK","ADAM10","CD44",1,2756,0.0361012184956327,3165,-0.251331395558336,3241,-0.413875460176993,3249,0.829768314068884,1369
"T_cell","NK","ADAM17","RHBDF2",1,2723.5,0.0359712361959816,3166,-0.00813621185303328,2347,-0.0805604046767681,2530,0.717426084108242,2851
"NK","NK","GNAI2","CCR5",1,3078,0.0359404385165385,3167,-0.194125111774407,3113,-0.303869610574704,3083,0.703880438976659,2949
"Myeloid","Myeloid","CCL5","CCR1",1,2971.5,0.0359358892425037,3168,-0.077727069190614,2725,-0.492898771469683,3334,0.737133298004082,2659
"Myeloid","NK","CD99","CD81",1,2807,0.0359330800508618,3169,-0.109697100668133,2862,-0.21545089481423,2919,0.769554330825691,2278
"B_cell","NK","GNAI2","CCR5",1,3120.75,0.0354352321574768,3170,-0.197791080708028,3123,-0.403056171199564,3230,0.702402973891213,2960
"T_cell","T_cell","PSEN1","NCSTN",1,2897.5,0.0352615543546448,3171,-0.0781646919942008,2728,-0.293972178026756,3068,0.741027951777792,2623
"T_cell","T_cell","HLA-DQA2","CD4",1,2845.25,0.0351805203370088,3172,-0.0838558606480477,2746,-0.218149959803,2929,0.748666378409747,2534
"Myeloid","NK","TNFSF9","HLA-DPA1",1,2953.25,0.0351194635923964,3173,-0.251792543807702,3242,-0.360983549391517,3175,0.773475903537854,2223
"B_cell","Myeloid","TGFB1","CXCR4",1,3044.75,0.0351106170990579,3174,-0.285690918953648,3283,-0.375283768233683,3194,0.748997859581696,2528
"T_cell","B_cell","LAMA5","CD44",1,3036,0.0350667952937314,3175,-0.222014789418946,3184,-0.41227625411658,3245,0.748446698513746,2540
"NK","B_cell","PSEN1","CD44",1,2767.5,0.0350557746314191,3176,-0.288369588955594,3286,-0.395591332432882,3218,0.828426103744702,1390
"NK","NK","TNFSF10","RIPK1",1,3104.75,0.0350372903333522,3177,-0.122385545701497,2915,-0.211012808844447,2911,0.583817684522295,3416
"B_cell","T_cell","HLA-A","APLP2",1,2719.25,0.0348927675573628,3178,-0.786126466671707,3457,-0.53410694093982,3364,0.861815954222089,878
"B_cell","NK","SELPLG","ITGAM",1,2794.25,0.034850213919195,3179,-0.113199968718553,2875,-0.126631520685335,2675,0.75618966412258,2448
"Myeloid","B_cell","ADAM10","NOTCH1",1,2754.75,0.0348352069996121,3180,0.0419629434052537,2096,-0.104251467195609,2610,0.669913964305016,3133
"NK","Myeloid","LGALS9","CD44",1,2457.25,0.0348249917284874,3181,-0.0326065720979149,2486,-0.220223508134247,2932,0.83816520616421,1230
"NK","Myeloid","ICAM1","SPN",1,2747.25,0.0347074913289765,3182,-0.0729159464845173,2705,-0.0471801360344888,2436,0.736292967926381,2666
"NK","T_cell","LGALS9","PTPRC",1,2479.25,0.0346377871285027,3183,-0.07083550067289,2690,-0.207644844280309,2901,0.843678940541727,1143
"NK","B_cell","ARPC5","ADRB2",1,3009.5,0.0346334676960141,3184,-0.15664331284739,3019,-0.285769409143071,3050,0.725194541008871,2785
"NK","B_cell","PSEN1","NOTCH2",1,2774.5,0.0346094965810139,3185,-0.0795137493241166,2733,-0.142669353003041,2715,0.754361972257888,2465
"NK","Myeloid","ENTPD1","ADORA2A",1,3176.75,0.0345372128117499,3186,-0.206664184810189,3150,-0.398586689071082,3223,0.667269759799615,3148
"B_cell","B_cell","TGFB1","CXCR4",1,3079.5,0.0344999050726871,3187,-0.302164747852548,3301,-0.447203507996251,3283,0.747344841047126,2547
"Myeloid","B_cell","SEMA4D","PLXNB2",1,2880,0.0344756090597036,3188,-0.0690075870844113,2683,-0.129436013568758,2681,0.70080747618677,2968
"NK","NK","ICAM1","ITGAM_ITGB2",1,2371,0.0343922893698569,3189,0.0104575095557904,2246,0.107579437316588,1977,0.784409165515249,2072
"NK","NK","LAMA5","CD44",1,2899.25,0.0342602598707308,3190,-0.169974822360576,3058,-0.168581925797284,2786,0.746249934422025,2563
"B_cell","B_cell","CD99","PILRB",1,2843.5,0.0341810185058711,3191,-0.328449763217372,3326,-0.613389967152583,3404,0.824446059646957,1453
"NK","T_cell","GRN","NTRK1",1,3078.5,0.0341376976872376,3192,-0.115914467300003,2889,-0.191846504115237,2856,0.598434361547652,3377
"NK","NK","LGALS3","LAG3",1,3116.25,0.0341110447776666,3193,-0.183572235411034,3088,-0.34620543158206,3154,0.690977643610211,3030
"T_cell","B_cell","TGFB1","ITGB1",1,3164.75,0.0341080522192884,3194,-0.184047168808229,3089,-0.451470162113669,3287,0.678619356580117,3089
"NK","NK","LGALS9","PTPRC",1,2566.75,0.0340715378038342,3195,-0.10510883949306,2845,-0.293123065862449,3067,0.842588941985447,1160
"T_cell","B_cell","ICAM3","ITGAL",1,2917,0.0340581483591085,3196,-0.30293917551929,3303,-0.580182070486735,3392,0.80573793168073,1777
"B_cell","T_cell","TGFB1","LPP",1,3068.75,0.0340081773275229,3197,-0.0864146565801755,2760,-0.247843511223585,2980,0.615395815800655,3338
"NK","T_cell","LRPAP1","SORL1",1,2952,0.0339754559511794,3198,-0.11455929945054,2884,-0.272985656214962,3026,0.733190482184883,2700
"NK","B_cell","SELPLG","ITGB2",1,2725.5,0.0339508720278951,3199,-0.441691924429792,3370,-0.565757158807148,3381,0.856009755728691,952
"B_cell","B_cell","HLA-A","APLP2",1,2707.25,0.03393417615032,3200,-0.792880827300578,3459,-0.42935231192312,3266,0.860148850256614,904
"T_cell","B_cell","TNF","FAS",1,3232.75,0.0337743541312048,3201,-0.184920455332943,3092,-0.540818227754694,3368,0.640359452982269,3270
"NK","NK","ENTPD1","ADORA2A",1,3193,0.0337233150912615,3202,-0.209920895655121,3157,-0.412878416378027,3247,0.664617131453384,3166
"T_cell","T_cell","GRN","NTRK1",1,3222.5,0.0336598802412447,3203,-0.117863334623902,2901,-0.611306991823654,3402,0.596739525561153,3384
"B_cell","NK","TGFB1","LPP",1,3036.25,0.0335587471512448,3204,-0.0900052487579857,2768,-0.183861530355395,2830,0.613820255937339,3343
"T_cell","T_cell","PSEN1","NOTCH2",1,2927.75,0.0335057339720472,3205,-0.101548073651253,2820,-0.367431035357346,3187,0.751346681290036,2499
"B_cell","B_cell","TNFSF9","HLA-DPA1",1,2876.75,0.0334806937420371,3206,-0.108555447595675,2859,-0.350334662323014,3161,0.769262209682551,2281
"Myeloid","B_cell","LRPAP1","SORL1",1,2640,0.0334209154608532,3207,0.0845621605405457,1905,-0.151803078120876,2729,0.73157777199245,2719
"NK","B_cell","ACTR2","ADRB2",1,3071.25,0.0333742635153647,3208,-0.128415492840026,2938,-0.290098946822309,3059,0.680444629910611,3080
"B_cell","NK","SPON2","ITGB2",1,2828,0.0333308782265234,3209,-0.0887438875218002,2764,-0.300320914038991,3078,0.771079816528725,2261
"B_cell","B_cell","ADAM10","CD44",1,2840.75,0.033289318715686,3210,-0.320893332998085,3319,-0.559683689632996,3376,0.823964408820687,1458
"T_cell","NK","PSEN1","NOTCH2",1,2850.5,0.0331897080146964,3211,-0.104162963708614,2838,-0.187617526550324,2840,0.750460380344836,2513
"NK","T_cell","ADAM10","NOTCH2",1,2957.25,0.033163462497798,3212,-0.125086772971847,2923,-0.358198909299761,3170,0.74940717601037,2524
"T_cell","Myeloid","BSG","SLC16A1",1,3081.75,0.0330286504080323,3213,-0.135862296825715,2959,-0.365850464844423,3185,0.700349989134865,2970
"Myeloid","B_cell","MAML2","NOTCH1",1,3162,0.0329644824392602,3214,-0.10204309397093,2824,-0.339245879364897,3146,0.533102482806747,3464
"B_cell","B_cell","ADAM10","NOTCH2",1,2927.75,0.0328655285580885,3215,-0.112037493366608,2868,-0.306761710203154,3090,0.74855884952718,2538
"T_cell","NK","ICAM1","SPN",1,2880.75,0.032855085738264,3216,-0.019297690996519,2409,-0.356334003749846,3167,0.730933678842439,2731
"NK","NK","ADAM10","NOTCH2",1,2875.75,0.0328506648437105,3217,-0.127701663029209,2934,-0.178385400492739,2813,0.748516275799463,2539
"NK","B_cell","LAMA5","ITGA6_ITGB1",1,2785.5,0.0327957666428058,3218,0.0434843285664668,2090,-0.0697521383146075,2501,0.618111313490363,3333
"B_cell","NK","SPON2","ITGB1",1,2947.75,0.0326355835663271,3219,-0.0846490227343349,2752,-0.275693534953579,3037,0.725640405490153,2783
"B_cell","T_cell","S100A4","CCR5",1,3093.25,0.032504292805195,3220,-0.395085832329114,3357,-0.529733383907347,3362,0.757442535994883,2434
"B_cell","Myeloid","ENTPD1","ADORA2A",1,3223.5,0.0324761249622167,3221,-0.222010106571298,3183,-0.474443176551708,3309,0.660404257959957,3181
"T_cell","NK","TNF","TNFRSF1A",1,3024,0.0324307290570096,3222,-0.0926444498210194,2780,-0.233772300001446,2959,0.669620436988514,3135
"NK","B_cell","ICAM1","IL2RG",1,2684.75,0.0323983603784049,3223,-0.141396172142515,2977,-0.241350642400708,2973,0.818370173124824,1566
"Myeloid","NK","LTB","TNFRSF1A",1,3066,0.0323824118361134,3224,-0.125466058497168,2925,-0.207593650378766,2899,0.654327325818118,3216
"NK","T_cell","MAML2","NOTCH2",1,3151.25,0.0322918575936644,3225,-0.123632620021843,2919,-0.349571358305007,3158,0.630542097297529,3303
"NK","Myeloid","LGALS9","CD47",1,2639.75,0.0322711223969061,3226,-0.0779727453802364,2727,-0.226611044055543,2946,0.813112604621131,1660
"B_cell","T_cell","CD99","CD81",1,3075.25,0.0322492433318941,3227,-0.294713151659759,3294,-0.562722245296544,3378,0.75982394892284,2402
"B_cell","B_cell","ARF6","SMAP1",1,3111.25,0.0322464138616086,3228,-0.324220786608388,3322,-0.517145207544309,3349,0.747418764412881,2546
"NK","NK","ADAM17","ITGA5",1,2771.5,0.0321754783566638,3229,-0.0257831232596674,2447,0.064021285528303,2106,0.630518269256552,3304
"T_cell","Myeloid","NAMPT","ADORA2A",1,3095.75,0.0320870674386251,3230,-0.156053584563918,3016,-0.4161353754031,3252,0.711610457369084,2885
"NK","NK","MAML2","NOTCH2",1,3064.25,0.0319872809137687,3231,-0.126247510079204,2929,-0.169757849497985,2790,0.629437569106635,3307
"B_cell","NK","ADAM10","CADM1",1,3184.25,0.0319583920083118,3232,-0.166100527928062,3045,-0.412308198556147,3246,0.65440040038167,3214
"NK","NK","LGALS9","HAVCR2",1,2959.5,0.031873854948307,3233,-0.203414336530099,3141,-0.362314287072749,3179,0.769150587747208,2285
"NK","T_cell","HLA-DRA","CD4",1,2826.5,0.0318707231596174,3234,-0.221966823868494,3182,-0.275262086874877,3034,0.800483476589336,1856
"Myeloid","Myeloid","ICAM3","ITGAL",1,2963.25,0.0318548111873083,3235,-0.370079407604115,3348,-0.644225796809724,3412,0.800450119643096,1858
"B_cell","NK","ENTPD1","ADORA2A",1,3237,0.031710798465805,3236,-0.225266817416231,3194,-0.488734903858654,3323,0.657724971384536,3195
"B_cell","B_cell","ACTR2","ADRB2",1,3137,0.0316884267863974,3237,-0.143136633115059,2984,-0.398216388834998,3222,0.674783137061488,3105
"B_cell","T_cell","SPON2","ITGB2",1,2935,0.0316520258437199,3238,-0.1349727311112,2956,-0.399519360998087,3224,0.766486545579281,2322
"NK","NK","ICAM1","ITGAX_ITGB2",1,2544.75,0.0316289484915282,3240,-0.0457459823761794,2557,-0.0119844124700329,2330,0.785840887715689,2052
"T_cell","NK","TNF","TRADD",1,3118.75,0.0315986455388812,3241,-0.114134377559333,2880,-0.323803499762871,3119,0.649755941391317,3235
"NK","B_cell","LAMA5","CD44",1,3055.25,0.0315917511276511,3242,-0.239536759800325,3225,-0.314390155253287,3105,0.738495935553645,2649
"NK","T_cell","LGALS9","CD44",1,2649.5,0.0315730266674057,3243,-0.140216488383887,2975,-0.278479345991536,3040,0.83140576992898,1340
"B_cell","B_cell","MFNG","NOTCH2",1,3039.75,0.0315355018918918,3244,-0.130023566760583,2941,-0.362680506943763,3181,0.723565186475853,2793
"NK","Myeloid","LGALS1","CD69",1,2898.75,0.0314800166238732,3245,-0.270360064308965,3267,-0.518848783007634,3350,0.808897343969736,1733
"B_cell","B_cell","ARPC5","ADRB2",1,3126.5,0.0314459432030727,3246,-0.19339841016676,3111,-0.456510954844268,3290,0.715470060971961,2859
"B_cell","NK","SPON2","ITGA4",1,3108.5,0.0314372156247593,3247,-0.184888995518392,3091,-0.462256848888128,3298,0.723152510766656,2798
"B_cell","B_cell","F11R","ITGAL_ITGB2",1,3175,0.0313994022625953,3248,-0.315247605219008,3317,-0.515010289052693,3347,0.724874166351442,2788
"B_cell","NK","ADAM17","ITGA5",1,2837.25,0.0313849761947167,3249,-0.0307213082223227,2474,-0.00710127255643217,2311,0.62761605762359,3315
"T_cell","NK","NAMPT","ADORA2A",1,3111.75,0.0313309094015595,3250,-0.159310295408851,3029,-0.430427102710046,3267,0.709157247771054,2901
"B_cell","B_cell","LGALS9","SLC1A5",1,2936.75,0.0308824491918144,3251,-0.0727147539156733,2703,-0.290140344075101,3060,0.730906459383945,2733
"B_cell","T_cell","PSEN1","NCSTN",1,3024.75,0.0307943993236649,3252,-0.114139326973728,2881,-0.377396191078617,3197,0.727819573475944,2769
"B_cell","B_cell","SEMA4D","PLXNB2",1,3026.75,0.0307623392356775,3253,-0.108701326493967,2860,-0.23134357406159,2955,0.688725043417453,3039
"T_cell","B_cell","LGALS9","PTPRC",1,2854.75,0.0306978975385528,3254,-0.890966740825947,3468,-0.749808355069883,3431,0.835550126479665,1266
"B_cell","Myeloid","TNFSF9","TRAF2",1,3277,0.0306790461402398,3255,-0.191440612264447,3108,-0.446562462065252,3282,0.534088897987396,3463
"NK","Myeloid","LGALS9","SLC1A5",1,2956,0.030616681951931,3256,-0.11272283437773,2872,-0.231205614110611,2953,0.730055648280551,2743
"B_cell","Myeloid","NAMPT","ADORA2A",1,3114,0.0305864473328455,3257,-0.173233526837241,3063,-0.388540722807389,3211,0.706671023893331,2925
"Myeloid","B_cell","SELPLG","ITGB2",1,2781.75,0.0305313974806338,3258,-0.502521280836922,3391,-0.675614069598346,3420,0.849342918664181,1058
"T_cell","B_cell","SELPLG","ITGB2",1,2781.5,0.0304405100879875,3259,-0.504138085268065,3392,-0.660563008270679,3414,0.849152077112385,1061
"B_cell","T_cell","LGALS9","HAVCR2",1,2947.75,0.0303563052577504,3260,-0.17773392230575,3081,-0.316114828750134,3106,0.764791385102351,2344
"B_cell","T_cell","TNFSF9","HLA-DPA1",1,3006.75,0.0303069079791189,3261,-0.176156994940848,3071,-0.461615249898664,3297,0.760305162858265,2398
"NK","Myeloid","LGALS9","PTPRC",1,2788.75,0.0301954378778926,3262,-0.339717306603219,3335,-0.445664519600261,3281,0.834413156393218,1277
"NK","B_cell","LGALS1","ITGB1",1,2792,0.030132067911373,3263,-0.203470706641994,3142,-0.380354791458106,3202,0.818601484836993,1561
"T_cell","NK","ADAM17","ITGA5",1,2908.5,0.0301246003034372,3264,-0.0385947456058185,2521,-0.0795519457639745,2525,0.622814023964478,3324
"NK","NK","LGALS9","CD47",1,2745,0.029882839438032,3265,-0.128306297582221,2937,-0.268887213001114,3020,0.80720016261306,1758
"B_cell","NK","NAMPT","ADORA2A",1,3128.5,0.0298656526382149,3266,-0.176490237682173,3072,-0.402832450114335,3229,0.704193262778019,2947
"NK","B_cell","ADAM17","ITGB1",1,3097.25,0.0298394185661501,3267,-0.19443314382417,3115,-0.380582807322277,3203,0.722713295472967,2804
"NK","B_cell","LGALS1","PTPRC",1,2752.5,0.029820615268538,3268,-0.876673466374422,3465,-0.594433741919165,3400,0.861850799684599,877
"Myeloid","T_cell","LMAN1","MCFD2",1,3036,0.0298143901445611,3269,-0.0782146405963759,2729,-0.185492207341156,2836,0.628933467586614,3310
"B_cell","Myeloid","S100A4","CCR5",1,3151.5,0.029632015397377,3270,-0.425898264181412,3365,-0.835757623254608,3441,0.748842910777203,2530
"T_cell","T_cell","TNF","TNFRSF1A",1,3145.25,0.0295749507618849,3271,-0.10950530898664,2861,-0.428305596716632,3265,0.659345638875906,3184
"B_cell","T_cell","SELPLG","SELL",1,3016.75,0.0295720593856353,3272,-0.234121796898956,3212,-0.558641559544137,3375,0.774738731834134,2208
"Myeloid","T_cell","LTB","TNFRSF1A",1,3184.25,0.0295308882486296,3273,-0.142326917662788,2979,-0.402126947093952,3228,0.643829891394342,3257
"Myeloid","Myeloid","GZMB","IGF2R",1,3188.75,0.029464121229413,3274,-0.217059075457809,3173,-0.460795708806796,3293,0.69294331437407,3015
"B_cell","NK","SELPLG","SELL",1,3009.25,0.0294439469920016,3275,-0.235101146009195,3217,-0.490686409804539,3328,0.774359658944468,2217
"NK","Myeloid","BSG","SLC16A1",1,3151.25,0.0293458128587313,3276,-0.191060626670176,3107,-0.360228289727307,3173,0.687799611089256,3049
"B_cell","T_cell","PSEN1","NOTCH2",1,3045,0.0292610172878495,3277,-0.13752270863078,2967,-0.450855048409207,3286,0.738478854664186,2650
"B_cell","B_cell","ADAM17","ITGB1",1,3130.25,0.0291063098108952,3278,-0.199371328786825,3129,-0.451705365407012,3288,0.720213913597418,2826
"B_cell","NK","PSEN1","NOTCH2",1,2983.5,0.0289850274823683,3279,-0.140137598688141,2974,-0.271041539602185,3023,0.737562708129669,2658
"B_cell","Myeloid","LGALS9","CD44",1,2619.75,0.0289763663227143,3280,-0.0624782535630903,2643,-0.323326757759381,3116,0.825305059478968,1440
"T_cell","B_cell","GNAS","ADCY7",1,2878,0.0288998957653767,3281,-0.138801175549101,2971,-0.326143943660252,3125,0.779760640625766,2135
"B_cell","T_cell","LGALS9","PTPRC",1,2633.5,0.0288206014884038,3282,-0.100707182138065,2817,-0.310748093905444,3092,0.831168685081528,1343
"B_cell","T_cell","SPON2","ITGB1",1,3103,0.0288054561761545,3283,-0.144868984851379,2986,-0.42603822634161,3264,0.713040217854163,2879
"B_cell","B_cell","MAML2","NOTCH2",1,3070.75,0.0287919470512161,3284,-0.0925574903843656,2778,-0.202804727411769,2885,0.617082562082847,3336
"NK","B_cell","LGALS9","CD47",1,2824.5,0.0287565251283606,3285,-0.152043602197256,3001,-0.387256072299173,3209,0.804192918304214,1803
"NK","B_cell","GNAS","ADCY7",1,2885.25,0.0286899998510317,3286,-0.144954478121316,2987,-0.326922887416823,3126,0.779134086737114,2142
"NK","T_cell","PSEN1","NCSTN",1,3045.25,0.028635909392494,3287,-0.131521953464715,2944,-0.327439752788971,3127,0.720562264761848,2823
"NK","Myeloid","NAMPT","ADORA2A",1,3134,0.0284440371895105,3288,-0.197761042126767,3122,-0.343155970146464,3150,0.699088522383132,2976
"NK","T_cell","HLA-DQB1","CD4",1,2927.25,0.0284055347237009,3289,-0.197552637233539,3121,-0.250625798498719,2987,0.767350387875836,2312
"B_cell","NK","LGALS9","PTPRC",1,2707.25,0.0283494499662582,3290,-0.134980520958235,2957,-0.396226315487584,3220,0.830009030899893,1362
"T_cell","NK","PSEN1","NCSTN",1,3022,0.0283169477818252,3291,-0.123865624139805,2920,-0.279991803658578,3042,0.719433197877926,2835
"T_cell","Myeloid","LGALS1","CD69",1,2976.25,0.0282445062513372,3292,-0.308723504963104,3313,-0.827394182861674,3440,0.800374123546075,1860
"B_cell","B_cell","TGFB1","LPP",1,3200.25,0.0280262528976467,3293,-0.134205508640968,2954,-0.350100574461223,3160,0.592261273728528,3394
"NK","NK","TNFSF10","TNFRSF10B",1,3152.25,0.0280203857056784,3294,-0.13654940220032,2963,-0.228759997648708,2949,0.588814743120293,3403
"NK","T_cell","ICAM1","ITGAX_ITGB2",1,2886.5,0.0280013454728883,3295,-0.116182346323365,2890,-0.355689251744844,3166,0.775411665793268,2195
"T_cell","B_cell","ADAM17","ITGB1",1,3165.75,0.027937441912377,3296,-0.207244766170321,3152,-0.524156038614554,3358,0.716065759397462,2857
"T_cell","B_cell","SPON2","ITGB2",1,3148.75,0.0278093189032625,3297,-0.520205838278576,3398,-0.820192202080181,3439,0.754704367565487,2461
"NK","NK","NAMPT","ADORA2A",1,3147.25,0.0277737301454472,3298,-0.2010177529717,3132,-0.357447697453409,3168,0.696574212820277,2991
"NK","T_cell","HLA-DMA","CD4",1,2913,0.0277054292187028,3299,-0.185634724856512,3093,-0.237720927660071,2965,0.768644492718261,2295
"B_cell","B_cell","ICAM1","ITGAL_ITGB2",1,2983.5,0.0276536270022124,3300,-0.304139816714375,3305,-0.444558895218169,3278,0.786056270476877,2051
"NK","T_cell","TNFSF10","TNFRSF10B",1,3202.25,0.0276465015708927,3301,-0.138651088216567,2970,-0.328095518896714,3129,0.587187620236196,3409
"Myeloid","B_cell","GNAS","ADCY7",1,2939.5,0.0276388726813889,3302,-0.175769291915435,3069,-0.379383885110213,3199,0.775905806884928,2188
"T_cell","NK","ICAM1","ITGAL_ITGB2",1,2825.5,0.0274050024021396,3303,-0.0655287318127687,2663,-0.442609820287471,3276,0.785295882101657,2060
"NK","T_cell","LGALS9","CD47",1,2875,0.0273634331563949,3304,-0.181403300650307,3084,-0.413150909951744,3248,0.80025369706614,1864
"Myeloid","B_cell","MFNG","NOTCH1",1,3189.75,0.0273142794240162,3305,-0.142316889817846,2978,-0.334543584797936,3142,0.617302997437016,3334
"NK","T_cell","PSEN1","NOTCH2",1,3067.5,0.0272100076049588,3306,-0.154905335121767,3013,-0.400898610119561,3226,0.731400872300951,2725
"T_cell","T_cell","ICAM1","IL2RG",1,2707.75,0.0272010067570438,3307,-0.0372819799116317,2513,-0.397996069299331,3221,0.805011684497709,1790
"Myeloid","B_cell","TNF","TNFRSF1B",1,3148.25,0.027122025592409,3308,-0.23033188153546,3206,-0.511893004036594,3344,0.730872332455564,2735
"T_cell","B_cell","LGALS1","ITGB1",1,2916.25,0.0270350994618942,3309,-0.241834147296133,3229,-0.688900191312146,3423,0.810409629424994,1704
"NK","T_cell","ADAM17","RHBDF2",1,3094,0.0270031778697224,3310,-0.110364113647539,2863,-0.344677356714434,3151,0.687476337581791,3052
"NK","NK","LGALS9","CD44",1,2848.25,0.0269890296004714,3311,-0.291904323696568,3292,-0.420650841164577,3259,0.820123848357464,1531
"NK","NK","PSEN1","NOTCH2",1,3002.25,0.0269533629151259,3312,-0.157520225179128,3022,-0.22108510131254,2936,0.730468980352567,2739
"NK","T_cell","LMAN1","MCFD2",1,3111.25,0.0269386375335897,3313,-0.0977408452895822,2803,-0.252409314627569,2992,0.617022514572756,3337
"B_cell","Myeloid","LGALS9","CD47",1,2797.5,0.026851402335093,3314,-0.107844426845412,2856,-0.329714293680677,3132,0.798739691728126,1888
"T_cell","B_cell","LGALS1","PTPRC",1,2799.5,0.026755657864939,3315,-0.915036907028561,3470,-0.902979141773204,3447,0.855266737633898,966
"T_cell","T_cell","ICAM1","ITGAL_ITGB2",1,2865.5,0.0267044204413251,3316,-0.0860269154841521,2759,-0.461215887000983,3295,0.783104666001988,2092
"T_cell","T_cell","ICAM1","SPN",1,3100.25,0.0266062242612259,3317,-0.102318518991222,2826,-0.525345599870158,3360,0.709691073820717,2898
"B_cell","NK","LGALS9","HAVCR2",1,3079,0.0265208533084502,3318,-0.233286017995275,3210,-0.465417536697884,3300,0.752426125761152,2488
"B_cell","T_cell","ADAM17","RHBDF2",1,3131.5,0.0263397511989877,3319,-0.115302298610194,2887,-0.415799914799169,3251,0.684797864014406,3069
"B_cell","T_cell","LGALS9","CD44",1,2788.5,0.0262705471336321,3320,-0.170088169849062,3059,-0.381582595616671,3205,0.818125041109101,1570
"B_cell","B_cell","TGFB1","ITGB1",1,3271,0.0262563140831878,3321,-0.222613822106242,3187,-0.499098427788249,3337,0.649449579214742,3239
"B_cell","B_cell","GNAS","ADCY7",1,3028.25,0.0261616494202342,3322,-0.219075526441079,3176,-0.521866354128604,3355,0.771094264139691,2260
"Myeloid","T_cell","CLEC2D","KLRB1",1,3341.25,0.0261607754361995,3323,-0.508033934416731,3395,-0.89027343111327,3446,0.656320896769933,3201
"B_cell","Myeloid","SPON2","ITGA4",1,3229.75,0.0260146938990269,3324,-0.272821153525285,3273,-0.553672158903433,3372,0.703805963622734,2950
"NK","NK","LGALS9","SLC1A5",1,3086.5,0.025864575094911,3325,-0.163818391839049,3040,-0.313872185662302,3104,0.713116697260201,2877
"B_cell","T_cell","ADAM10","NOTCH2",1,3146.5,0.0258388988673461,3326,-0.187429079164259,3096,-0.564990967319675,3380,0.725252866665898,2784
"T_cell","Myeloid","ICAM1","ITGAL_ITGB2",1,2915,0.0257808598843267,3327,-0.0999440024342155,2814,-0.570202180892052,3386,0.780100661452858,2133
"T_cell","NK","ICAM1","IL2RG",1,2828.25,0.0256997875549632,3328,-0.0914235898235939,2773,-0.52413299586707,3357,0.800517443388446,1855
"B_cell","NK","ADAM10","NOTCH2",1,3108,0.0255951864699918,3329,-0.19004396922162,3104,-0.385177458512653,3208,0.724307684657934,2791
"NK","B_cell","ICAM3","ITGAL",1,3060.25,0.0255153746057967,3330,-0.423330009156851,3364,-0.819565882495972,3438,0.782135786565672,2109
"B_cell","Myeloid","LGALS9","SLC1A5",1,3084.5,0.0254748141433004,3331,-0.142594515842906,2980,-0.334308863735746,3141,0.711561007437842,2886
"T_cell","T_cell","ADAM17","RHBDF2",1,3163.25,0.0252819843494117,3332,-0.12317573599369,2918,-0.488250588006711,3322,0.680357666329738,3081
"B_cell","Myeloid","FAM3C","CLEC2D",1,3327.25,0.0252222548325757,3333,-0.47645622644884,3381,-0.948538627968031,3452,0.668205602895259,3143
"B_cell","Myeloid","LGALS9","PTPRC",1,2889.5,0.0251243152057622,3334,-0.369588988068394,3346,-0.548767769225395,3371,0.821318415654195,1507
"T_cell","B_cell","GZMB","IGF2R",1,3195.75,0.0250690064192163,3335,-0.16333155785553,3038,-0.474438658267691,3308,0.675495110866621,3102
"NK","B_cell","LGALS9","CD44",1,2927.25,0.0248868721233291,3336,-0.361466261136317,3342,-0.56645907062058,3382,0.814064805457688,1649
"B_cell","NK","LGALS9","CD47",1,2880.75,0.0248642155917859,3337,-0.158177979047397,3024,-0.371990462626249,3191,0.792488586757147,1971
"T_cell","NK","HLA-G","LILRB1",1,2595,0.0248128927865622,3338,-0.0122412690076694,2371,-0.00396606090080198,2299,0.762638972616969,2372
"B_cell","T_cell","MFNG","NOTCH2",1,3217.25,0.0247932310802607,3339,-0.205415152558233,3148,-0.620909764060283,3405,0.698874479165716,2977
"B_cell","NK","CD99","CD81",1,3181.75,0.024788390986113,3340,-0.337517697025539,3334,-0.558562146102024,3374,0.735002788267924,2679
"B_cell","NK","PSEN1","NCSTN",1,3122.5,0.0247295791005319,3341,-0.159840259119332,3031,-0.363415816710439,3182,0.705561048539035,2936
"NK","T_cell","LGALS9","SLC1A5",1,3148.5,0.0246768623653864,3342,-0.176588905180793,3074,-0.434503423662119,3269,0.708284212774765,2909
"Myeloid","NK","GZMB","IGF2R",1,3267,0.0245617175983541,3343,-0.276464560613152,3276,-0.493644974440967,3335,0.673250509470139,3114
"B_cell","NK","MFNG","NOTCH2",1,3188.25,0.0245593814175583,3344,-0.208030042615595,3153,-0.441096255253261,3274,0.697876353482796,2982
"B_cell","B_cell","LRPAP1","SORL1",1,3061.5,0.02453723098005,3345,-0.0750974025747044,2716,-0.392416868824935,3214,0.700178321609236,2971
"T_cell","B_cell","MFNG","NOTCH1",1,3226.75,0.0244405436608469,3346,-0.179058172530305,3082,-0.320862590710812,3113,0.604089288014549,3366
"T_cell","Myeloid","ICAM1","SPN",1,3153.75,0.0242398973914031,3347,-0.13375695249798,2952,-0.509855342973708,3343,0.700002868901237,2973
"B_cell","NK","TNFSF9","HLA-DPA1",1,3166.5,0.0241441389543502,3348,-0.307423801564307,3310,-0.533749024967519,3363,0.738982401156053,2645
"T_cell","NK","HLA-F","LILRB1",1,2515,0.0241432464906745,3349,-0.00730416135786511,2344,-0.0403381293855675,2411,0.793668367479934,1956
"B_cell","NK","SPON2","ITGAM",1,2985,0.0241167743858515,3350,-0.049326817371078,2576,-0.10896028990245,2626,0.596023456606248,3388
"Myeloid","NK","HLA-G","LILRB1",1,2723.5,0.024112318857795,3351,-0.0518684845679679,2592,-0.088752358256137,2551,0.760036966047684,2400
"T_cell","NK","ICAM1","ITGAM_ITGB2",1,2896.75,0.0240197586589834,3352,-0.0503834964576723,2584,-0.355095769622631,3164,0.752514941280174,2487
"B_cell","B_cell","LGALS9","CD47",1,2943.75,0.0239270582685048,3353,-0.181915283662432,3085,-0.490359321924308,3327,0.789311768497864,2010
"NK","Myeloid","GRN","TNFRSF1B",1,2634.25,0.023877135070395,3354,-0.0165330379760471,2393,-0.208508632021156,2904,0.798961578610943,1886
"T_cell","Myeloid","GRN","TNFRSF1B",1,2765.5,0.0235429323423291,3355,-0.0184819052999453,2403,-0.627969119729572,3408,0.797827157736431,1896
"T_cell","NK","HLA-A","LILRB1",1,2449,0.0234772490314603,3356,0.0179731801768714,2206,-0.0655336508595147,2490,0.80819608982849,1744
"B_cell","B_cell","LGALS1","CD69",1,3026.5,0.0234130390577533,3357,-0.271925554891265,3270,-0.653012935667314,3413,0.784963820393097,2066
"T_cell","B_cell","MAML2","NOTCH1",1,3261.25,0.0233432711267823,3358,-0.187051186981042,3095,-0.323728703763592,3118,0.490012062532903,3474
"NK","NK","HLA-A","LILRB1",1,2528.75,0.0233084013317644,3359,-0.0265072356039495,2451,-0.089073208918644,2552,0.807636020982546,1753
"T_cell","NK","HLA-C","LILRB1",1,2487.5,0.0230493546867777,3360,0.00724412884288152,2263,-0.0928100425373751,2568,0.807151160069974,1759
"Myeloid","NK","HLA-F","LILRB1",1,2713.75,0.0229979706662625,3361,-0.112930394414434,2873,-0.106483079967574,2615,0.789660730768516,2006
"NK","NK","PSEN1","NCSTN",1,3130.25,0.0229961941778531,3362,-0.177222885610319,3077,-0.313459378420794,3101,0.697956545469695,2981
"NK","B_cell","F11R","ITGAL_ITGB2",1,3283.25,0.0229917738999084,3363,-0.391345127853806,3356,-0.590419834723221,3397,0.692736354264361,3017
"T_cell","NK","B2M","LILRB1",1,2416.25,0.0229899599346886,3364,0.0356141005316019,2131,-0.0913717602524285,2561,0.816101992928195,1609
"T_cell","Myeloid","FAM3C","CLEC2D",1,3347.25,0.022984154118706,3365,-0.49873035352132,3389,-0.842034575640968,3442,0.657825660489313,3193
"T_cell","NK","HLA-B","LILRB1",1,2480.25,0.0229769418545571,3366,0.0110712798518171,2238,-0.0988793144522443,2589,0.809156800290572,1728
"NK","NK","B2M","LILRB1",1,2507.5,0.0228825876065708,3367,-0.0300113022432695,2467,-0.0973351239712817,2579,0.815750446236187,1617
"NK","NK","HLA-C","LILRB1",1,2584.25,0.0228679693067431,3368,-0.0571665810141389,2612,-0.0992899033462352,2591,0.806535520433861,1766
"NK","NK","HLA-B","LILRB1",1,2591.25,0.022823586254374,3369,-0.0672512439518282,2678,-0.0977967636224965,2582,0.808639205915281,1736
"NK","T_cell","HLA-DQA1","CD4",1,3065.75,0.0228116667001061,3370,-0.208189292133503,3154,-0.313826076371248,3103,0.739883712944597,2636
"NK","NK","HLA-F","LILRB1",1,2750.25,0.0227926222687886,3371,-0.131869218780617,2945,-0.124759750540677,2671,0.788914895959101,2014
"B_cell","T_cell","LGALS9","CD47",1,2985.5,0.0227679268144149,3372,-0.211274982115482,3160,-0.516254159576879,3348,0.785153151306016,2062
"Myeloid","NK","HLA-B","LILRB1",1,2610.25,0.022755847623118,3373,-0.101847049730279,2821,-0.0745813046898528,2508,0.808409128102395,1739
"Myeloid","NK","HLA-A","LILRB1",1,2734.75,0.0226392981099478,3374,-0.202772530069176,3139,-0.115193859424836,2645,0.80536332224727,1781
"B_cell","T_cell","MAML2","NOTCH2",1,3281,0.0226362465686639,3375,-0.167949076182016,3051,-0.46103398452829,3294,0.588292660003272,3404
"T_cell","B_cell","ICAM1","IL2RG",1,2984,0.0226271879974966,3376,-0.202237178155978,3136,-0.704025849339927,3427,0.790156043486405,1997
"B_cell","NK","TIMP1","CD63",1,2766.75,0.0225267141983028,3377,-0.0896254638908068,2767,-0.114772375995091,2643,0.769349014735676,2280
"Myeloid","NK","B2M","LILRB1",1,2720.75,0.0225050784155854,3378,-0.260742936211998,3258,-0.101816573182862,2603,0.814497007722876,1644
"B_cell","B_cell","SPON2","ITGA4",1,3293.75,0.0224999646346481,3379,-0.329816356985731,3329,-0.692414343150753,3425,0.68845668767153,3042
"NK","T_cell","HLA-DQA2","CD4",1,3081.5,0.0224833310576274,3380,-0.176714301396799,3075,-0.217121658585858,2926,0.704257115462569,2945
"B_cell","NK","LGALS9","CD44",1,2956.75,0.0224564018419598,3381,-0.321776005161743,3320,-0.523754090789711,3356,0.806161604678709,1770
"B_cell","NK","MAML2","NOTCH2",1,3224.25,0.0224227415757973,3382,-0.170563966239377,3060,-0.281220475721268,3045,0.587144525392925,3410
"Myeloid","NK","HLA-C","LILRB1",1,2751.25,0.0223947825445915,3383,-0.225197186564218,3193,-0.111902251974333,2636,0.804898996936552,1793
"T_cell","NK","ICAM1","ITGAX_ITGB2",1,3003.75,0.0220898266246207,3384,-0.106586988389642,2853,-0.474659619409252,3310,0.754092070225927,2468
"NK","B_cell","TNF","NOTCH1",1,3233,0.0219555608203492,3385,-0.166711500421565,3048,-0.292476151380748,3064,0.569428423041637,3435
"NK","NK","HLA-G","LILRB1",1,2958.5,0.0216691341078138,3386,-0.190064618859631,3105,-0.183402627001486,2828,0.750159883167141,2515
"B_cell","NK","HLA-C","LILRB1",1,2854.75,0.0216152311360805,3387,-0.502019164072405,3390,-0.17618075666931,2808,0.80210207563858,1834
"B_cell","NK","B2M","LILRB1",1,2855.5,0.021549711717348,3388,-0.844658042353324,3463,-0.202666952507311,2883,0.811197562739199,1688
"B_cell","NK","LGALS9","SLC1A5",1,3190.25,0.0215207919810768,3389,-0.193690073304224,3112,-0.416975435287436,3253,0.693948037887431,3007
"B_cell","T_cell","TIMP1","CD63",1,2946.5,0.0214406485260697,3390,-0.106092432772727,2849,-0.382651452076099,3206,0.76493564545939,2341
"B_cell","NK","HLA-B","LILRB1",1,2887.75,0.0213709619421439,3391,-0.809142652785121,3461,-0.203938844132793,2887,0.803499489364617,1812
"NK","Myeloid","ICAM1","IL2RG",1,3028.5,0.021369776494772,3392,-0.419184733560833,3363,-0.466124677775589,3301,0.78537668169485,2058
"B_cell","NK","SPON2","ITGA5",1,3187.75,0.0210983066509159,3393,-0.121480488158065,2914,-0.265053345625008,3013,0.572804523290508,3431
"Myeloid","Myeloid","CCL5","SDC4",1,3324.75,0.0208242760304781,3394,-0.53943788667492,3404,-1.07655044418929,3465,0.689765297912591,3036
"T_cell","Myeloid","GNAI2","CXCR3",1,3309,0.0207982428332805,3395,-0.277052749406415,3278,-0.628086051412659,3409,0.666739768148226,3154
"B_cell","B_cell","LGALS9","CD44",1,3010.25,0.0207072877114924,3396,-0.391337942601492,3355,-0.669562320245714,3419,0.79974708806909,1871
"B_cell","T_cell","LGALS9","SLC1A5",1,3237.75,0.0205325476936071,3397,-0.206460586645969,3149,-0.537606673287254,3367,0.688933509296761,3038
"B_cell","NK","HLA-A","LILRB1",1,2951,0.0205023892010205,3398,-0.765709407065255,3449,-0.287540190911471,3054,0.797474808610951,1903
"T_cell","B_cell","GNAI2","F2R",1,3357,0.0204105417205418,3399,-0.236369104616534,3221,-0.679643242665836,3421,0.596196755617816,3387
"T_cell","B_cell","SEMA4A","PLXNB2",1,3068.25,0.0203118018560928,3400,-0.0357045840977463,2502,-0.243260809232136,2975,0.591480387893684,3396
"T_cell","B_cell","GNAI2","ADCY7",1,3274,0.0203086535582797,3401,-0.202254437212572,3137,-0.519984458692685,3353,0.655568947662783,3205
"Myeloid","B_cell","ADAM10","TSPAN14",1,3183,0.0202323349752607,3402,-0.156656388038392,3020,-0.590700429881921,3398,0.707868274504811,2912
"NK","B_cell","MFNG","NOTCH1",1,3330.75,0.0202068864634799,3403,-0.233186320980725,3209,-0.457183242373031,3291,0.581132305132615,3420
"B_cell","NK","HLA-F","LILRB1",1,2997.25,0.0199934982484673,3404,-0.390026179595263,3354,-0.297387089378122,3073,0.777798381575517,2158
"Myeloid","T_cell","GZMB","IGF2R",1,3346.5,0.0199783476440223,3405,-0.332004115548716,3330,-0.668998847586238,3418,0.650139786670552,3233
"NK","T_cell","GRN","TNFRSF1B",1,2893.5,0.0197907818241983,3406,-0.141021388575543,2976,-0.317996251505284,3110,0.783463320866572,2082
"NK","Myeloid","FAM3C","CLEC2D",1,3383.5,0.0195781999629575,3407,-0.532627244397606,3402,-0.938660071825745,3451,0.639553193741527,3274
"B_cell","B_cell","SPON2","ITGB1",1,3311.5,0.0195664908603692,3408,-0.290130508722568,3289,-0.709657438475588,3428,0.671906941512275,3121
"B_cell","B_cell","SELPLG","ITGB2",1,2968,0.019561978115751,3409,-0.697657320279045,3441,-1.02597967654981,3460,0.818597300782649,1562
"T_cell","T_cell","ICAM1","ITGAX_ITGB2",1,3133,0.0195562892935846,3410,-0.177023352336827,3076,-0.818364458684064,3437,0.742623110846237,2609
"T_cell","T_cell","GRN","TNFRSF1B",1,2982.25,0.0195137748358514,3411,-0.142970255899442,2983,-0.7374567392137,3429,0.782265279385897,2106
"NK","B_cell","LGALS9","PTPRC",1,3043.5,0.019369157309464,3412,-0.994998939479712,3474,-0.872650546363138,3444,0.801425622181381,1844
"NK","Myeloid","GNAI2","CXCR3",1,3310.5,0.019361905907132,3413,-0.296399657299804,3296,-0.513365281309479,3346,0.65874256165822,3187
"T_cell","B_cell","ADAM10","NOTCH1",1,3302.25,0.0193561201013261,3414,-0.211661848910587,3163,-0.42216638711503,3262,0.602043260521161,3370
"B_cell","NK","HLA-G","LILRB1",1,3108.5,0.0193329919220219,3415,-0.322206004906915,3321,-0.289779531058329,3058,0.739318080512295,2640
"Myeloid","T_cell","CCL5","CXCR3",1,3281,0.0193108434397263,3416,-0.588784293633097,3420,-0.979962923947621,3455,0.719477829855907,2833
"NK","NK","GRN","TNFRSF1B",1,2925,0.0192067737934925,3417,-0.158812850081495,3025,-0.331008242378182,3137,0.780911774080624,2121
"Myeloid","B_cell","ICAM3","ITGAL",1,3178.75,0.0191282511980319,3418,-0.513341887477834,3397,-0.987014888294698,3457,0.756594553079628,2443
"B_cell","Myeloid","GNAI2","CXCR3",1,3330.25,0.0190897401130687,3419,-0.300065626233425,3299,-0.612551841934339,3403,0.657149582290953,3200
"NK","B_cell","GNAI2","F2R",1,3362.75,0.019000979624796,3420,-0.255716012509922,3245,-0.564922472562656,3379,0.587553912696496,3407
"Myeloid","T_cell","CCL5","CCR5",1,3324,0.0189739171572171,3421,-0.611328508588602,3427,-0.992314134738842,3458,0.696765813826321,2990
"T_cell","NK","GRN","TNFRSF1B",1,3005.75,0.0189379410302566,3422,-0.160761717405394,3033,-0.750468730086598,3432,0.779703585022467,2136
"NK","B_cell","GNAI2","ADCY7",1,3270.25,0.0189061279093611,3423,-0.22160134510596,3181,-0.405263688589505,3231,0.647445422009457,3246
"B_cell","B_cell","GNAI2","F2R",1,3376.75,0.0187338872872768,3424,-0.259381981443544,3254,-0.664109033187516,3416,0.58583755349114,3413
"B_cell","B_cell","GNAI2","ADCY7",1,3303,0.0186403688802761,3425,-0.225267314039582,3195,-0.504450249214365,3341,0.645828060671324,3251
"NK","B_cell","SEMA4A","PLXNB2",1,3000.5,0.018566750471568,3426,-0.0505776124368138,2586,-0.093014744823791,2569,0.580584613245018,3421
"NK","B_cell","LGALS1","CD69",1,3142.25,0.0183887497897204,3427,-0.373909577676358,3350,-0.756695971033069,3434,0.763877070656693,2358
"B_cell","B_cell","GRN","TNFRSF1B",1,2928.75,0.0179385193807436,3428,-0.11161985321391,2865,-0.395074079047881,3217,0.775011978583141,2205
"B_cell","B_cell","ICAM1","SPN",1,3197.75,0.0176762322835795,3429,-0.13812827858194,2969,-0.406469662031751,3235,0.665838340327895,3158
"T_cell","B_cell","ICAM2","ITGAL_ITGB2",1,3263,0.0176211293901663,3430,-0.465245137711315,3376,-0.873771887159863,3445,0.722976629752211,2801
"T_cell","B_cell","LRPAP1","SORL1",1,3282.75,0.0175734885776414,3431,-0.200251337523459,3130,-0.592380355270083,3399,0.66401697476936,3171
"NK","B_cell","ICAM2","ITGAL_ITGB2",1,3262.5,0.0175123937031008,3432,-0.466431900168556,3377,-0.750788390150401,3433,0.722356343839747,2808
"T_cell","B_cell","PSEN1","NOTCH1",1,3337.5,0.0174049939856959,3433,-0.223005555272987,3188,-0.491449173997378,3330,0.590511628557994,3399
"Myeloid","Myeloid","CCL5","CCR5",1,3348.5,0.0172972662017539,3434,-0.6421409404409,3434,-1.2983383740861,3471,0.686904188808988,3055
"NK","B_cell","ADAM10","NOTCH1",1,3349,0.0172271965688193,3435,-0.246544254593581,3236,-0.482217047939793,3319,0.588005508763197,3406
"B_cell","B_cell","YBX1","NOTCH1",1,3324.5,0.0172083223270171,3436,-0.214347081854391,3168,-0.491666933723924,3332,0.607909575348282,3362
"T_cell","B_cell","TNF","NOTCH1",1,3366.25,0.0170709957704455,3437,-0.225389159135086,3196,-0.544731150899043,3370,0.53834946547779,3462
"B_cell","NK","S100A4","CCR5",1,3329.75,0.0170250779078506,3438,-0.561139519501967,3409,-1.0325602467283,3461,0.69325192597487,3011
"NK","B_cell","MAML2","NOTCH1",1,3363.75,0.016774429943053,3439,-0.245090101643577,3234,-0.473589496945039,3307,0.448883310147798,3475
"T_cell","B_cell","LGALS1","CD69",1,3183.25,0.0164987574370007,3440,-0.412273018330497,3360,-1.06524137088711,3464,0.753956685886237,2469
"B_cell","B_cell","LGALS9","PTPRC",1,3103,0.0161162363493744,3441,-1.02487062094489,3475,-0.975753795988273,3454,0.786390023630271,2042
"T_cell","B_cell","YBX1","NOTCH1",1,3357.75,0.0158761767659316,3442,-0.240732424761245,3226,-0.56981814955533,3385,0.598266393631932,3378
"Myeloid","T_cell","CCL5","SDC4",1,3385.25,0.0154770726152719,3443,-0.636904604923625,3433,-1.12161080548212,3466,0.657155219802044,3199
"NK","B_cell","LRPAP1","SORL1",1,3325.5,0.0154563924190924,3444,-0.238300262885152,3224,-0.585223359646321,3396,0.649550208975788,3238
"NK","B_cell","ADAM17","NOTCH1",1,3338.5,0.0152989436510894,3445,-0.22209645300111,3185,-0.417795698367488,3255,0.512677824727842,3469
"B_cell","B_cell","PSEN1","NOTCH1",1,3379,0.015200020102089,3446,-0.258980190252514,3253,-0.574873187049238,3389,0.574039260190523,3428
"NK","B_cell","ICAM1","ITGAL_ITGB2",1,3245.25,0.0151236896612604,3447,-0.47127346201592,3379,-0.700967142096486,3426,0.730973649958978,2729
"T_cell","Myeloid","ICAM1","IL2RG",1,3188.75,0.0149247660858168,3448,-0.480025739574295,3383,-0.928799884714808,3449,0.75358062578033,2475
"B_cell","B_cell","ADAM17","NOTCH1",1,3360.75,0.0149230720665979,3449,-0.227034637963765,3199,-0.488918256452223,3324,0.509569960376964,3471
"NK","B_cell","TNF","TNFRSF1B",1,3352,0.014787692097413,3450,-0.450323787040296,3372,-0.797344705255993,3436,0.667250917610252,3150
"NK","B_cell","YBX1","NOTCH1",1,3367.5,0.0144550776487328,3451,-0.268879639755801,3265,-0.506016838390447,3342,0.586947329186465,3412
"B_cell","NK","LILRB4","LAIR1",1,2968.5,0.0143684553853957,3452,-0.0498053117933895,2581,-0.0357728972879368,2404,0.569079698184802,3437
"T_cell","B_cell","ADAM17","NOTCH1",1,3379.25,0.014323782771622,3453,-0.234908075347261,3215,-0.561368929659765,3377,0.504447613245037,3472
"NK","B_cell","PSEN1","NOTCH1",1,3382,0.0141345961592768,3454,-0.276362816743501,3275,-0.524916748759593,3359,0.565131545155259,3440
"B_cell","B_cell","SPON2","ITGB2",1,3354.75,0.0135371281752359,3455,-0.63378416893157,3432,-1.00830844576693,3459,0.682198662070431,3073
"B_cell","B_cell","ADAM10","NOTCH1",1,3409.75,0.0134223557006199,3456,-0.308886560785992,3314,-0.689009105959706,3424,0.557480377897531,3445
"B_cell","B_cell","MFNG","NOTCH1",1,3419.25,0.0128791698220345,3457,-0.326872634179967,3325,-0.744927902700315,3430,0.525532084734934,3465
"Myeloid","NK","CCL5","CXCR3",1,3376.5,0.0121248058538697,3458,-0.738546317170876,3446,-1.45220635444486,3472,0.670216911542393,3130
"B_cell","B_cell","MAML2","NOTCH1",1,3404.5,0.0117586958612819,3459,-0.28940655780375,3287,-0.585052123168321,3395,0.405448150179298,3477
"T_cell","B_cell","TNF","TNFRSF1B",1,3399.5,0.0114977991824111,3460,-0.509001445753817,3396,-1.04959970477429,3463,0.638753408775615,3279
"T_cell","B_cell","ADAM10","TSPAN14",1,3381.75,0.0112420605313403,3461,-0.410281180354233,3359,-0.908615349801342,3448,0.643650354029226,3259
"NK","NK","GRN","TNFRSF1A",1,3286.25,0.0107481304396831,3462,-0.211491891215688,3161,-0.434264846230317,3268,0.645372076547712,3254
"T_cell","NK","GRN","TNFRSF1A",1,3332.25,0.0105976913478926,3463,-0.213440758539586,3165,-0.853725333938733,3443,0.643757415003472,3258
"T_cell","B_cell","ICAM1","ITGAL_ITGB2",1,3334.25,0.010562465667529,3464,-0.532114468029383,3401,-1.16364234903571,3468,0.694255501634103,3004
"Myeloid","B_cell","CCL5","CXCR3",1,3406.75,0.0101432857724254,3465,-0.779842574465983,3455,-1.61159075093489,3475,0.650206166666371,3232
"NK","B_cell","ADAM10","TSPAN14",1,3399,0.0100055788865815,3466,-0.445163586037227,3371,-0.968666010626105,3453,0.630178717312082,3306
"Myeloid","NK","CCL5","CCR5",1,3428.75,0.00993814631669497,3467,-0.777382195761455,3454,-1.49514099755979,3473,0.624478598429683,3321
"NK","T_cell","GRN","TNFRSF1A",1,3342.75,0.00980167383770975,3468,-0.228352750381308,3200,-0.628798142945503,3410,0.6347544927477,3293
"NK","B_cell","ICAM1","SPN",1,3395,0.00966708097335009,3469,-0.305261923883485,3307,-0.662877908910068,3415,0.595722819440633,3389
"T_cell","T_cell","GRN","TNFRSF1A",1,3358.75,0.00966448207971546,3470,-0.230301617705206,3205,-1.04825863065392,3462,0.63311897019318,3298
"Myeloid","NK","CCL5","SDC4",1,3455.5,0.00792802622182764,3471,-0.774505649945377,3452,-1.51901516453379,3474,0.578389256849674,3425
"B_cell","B_cell","ADAM10","TSPAN14",1,3426.5,0.00779572220412147,3472,-0.507505892229639,3394,-1.17545806864602,3469,0.600656134009818,3371
"T_cell","B_cell","ICAM1","SPN",1,3434.25,0.00675154100442734,3473,-0.366102929896948,3345,-1.12555311584929,3467,0.551862037428299,3452
"Myeloid","B_cell","GZMB","IGF2R",1,3447,0.00637723120244499,3474,-0.496817334057959,3388,-0.983964273274218,3456,0.512171641980969,3470
"Myeloid","Myeloid","CCL5","CXCR3",1,3461.25,0.00535389833339439,3475,-0.879656741286852,3466,-1.70463666829457,3477,0.574553018908851,3427
"NK","B_cell","GRN","TNFRSF1B",1,3430,0.00381057870036151,3476,-0.627848887148485,3430,-1.25009225100316,3470,0.613547019318276,3344
"T_cell","B_cell","GRN","TNFRSF1B",1,3433,0.00375724291307313,3477,-0.629797754472383,3431,-1.66955273871157,3476,0.611874599079781,3348
