"source","target","ligand.complex","receptor.complex","aggregate_rank","mean_rank","natmi.edge_specificity","natmi.rank","connectome.weight_sc","connectome.rank","logfc.logfc_comb","logfc.rank","sca.LRscore","sca.rank"
"Myeloid","Myeloid","VCAN","TLR2",1.5337276969018e-07,183.5,0.939104596430583,4,3.34109765984263,2,2.24376609596109,6,0.879014614674799,722
"Myeloid","Myeloid","SERPINA1","LRP1",2.43485469312406e-07,82,0.935415676210229,7,3.98780742168165,1,2.636955491849,3,0.91466813974716,317
"Myeloid","Myeloid","C1QB","LRP1",2.39071029124736e-06,234.75,0.933899392506655,8,3.11878995030658,5,1.96443930365759,15,0.866374226030816,911
"Myeloid","Myeloid","CD14","TLR4",4.1278415838223e-06,241.25,0.903056698756649,18,3.07079201361042,7,2.10185180933618,9,0.865473143805011,931
"Myeloid","Myeloid","S100A8","CD36",4.85344774759159e-06,166.75,0.879101318459392,19,3.00830744711202,11,2.46953636434978,5,0.886489529774127,632
"Myeloid","Myeloid","S100A12","CD36",5.65931099797011e-06,384.5,0.939075051147107,5,2.62636656430305,20,1.89390188385511,19,0.820837133151945,1494
"Myeloid","Myeloid","C3","LRP1",6.54961006499361e-06,279.5,0.913638233162347,17,2.97791414473086,13,1.87948080822635,21,0.853986487850975,1067
"Myeloid","Myeloid","S100A9","CD36",6.54961006499361e-06,157.5,0.872915166541185,21,3.05146166602357,8,2.49998985618588,4,0.889979403040735,597
"Myeloid","Myeloid","S100A8","TLR4",7.52851914399357e-06,285,0.859969278659436,22,2.59590723878008,21,2.0696091426811,13,0.852723929364836,1084
"Myeloid","Myeloid","S100A9","TLR4",1.10385803856015e-05,273.5,0.853917757075893,25,2.63906145769163,19,2.1000626345172,10,0.857084563390769,1040
"Myeloid","Myeloid","SERPINF1","PLXDC2",1.2413580771735e-05,183,0.852916959821858,26,3.10738454687785,6,2.17458777533811,7,0.881315452134493,693
"Myeloid","Myeloid","C1QA","CD33",1.38979941259372e-05,290.75,0.923586020392053,12,2.84189839609458,16,1.81020939297644,27,0.851047076555553,1108
"Myeloid","Myeloid","S100A8","CD68",1.38979941259372e-05,88.25,0.846093077514416,27,3.1885051265446,4,2.70072413550913,2,0.91426610018147,320
"Myeloid","Myeloid","PSAP","LRP1",1.91210705356801e-05,75.5,0.409209538943258,123,2.47118357340473,23,1.83515672953091,24,0.927391437624397,132
"Myeloid","Myeloid","S100A9","CD68",2.10126489449783e-05,79.25,0.840139201431486,31,3.23165934545615,3,2.73117762734522,1,0.916981958737079,282
"Myeloid","Myeloid","APOE","LRP1",2.31062412520199e-05,308.75,0.939929522073205,3,3.03468030785325,9,1.79036480099097,32,0.84518027356513,1191
"Myeloid","Myeloid","SERPING1","LRP1",2.7700226255393e-05,308.25,0.917449142588374,16,2.98847885937591,12,1.77928993426542,34,0.846435907361769,1171
"Myeloid","Myeloid","PLAU","LRP1",3.02088539747791e-05,308,0.937955858186793,6,3.01800887164002,10,1.77860052878064,35,0.845576182414416,1181
"Myeloid","Myeloid","CD1D","LILRB2",3.86305929132737e-05,209,0.750670979018851,38,2.89759470485468,15,2.12035625815742,8,0.875122374206537,775
"Myeloid","Myeloid","CD14","ITGB2",6.04320253967174e-05,98.75,0.329760496251552,176,2.16605241294622,35,1.69087279180904,45,0.926462839950926,139
"Myeloid","NK","LYZ","ITGAL",6.46589432790449e-05,99.75,0.328139269243413,179,2.19593768721542,34,1.8333699055531,25,0.924997391114042,161
"Myeloid","Myeloid","PLAU","PLAUR",7.29161732847204e-05,303.5,0.84288965060292,28,2.3942529355875,26,1.68878196048061,47,0.850631733502481,1113
"Myeloid","Myeloid","C1QB","CD33",8.25818849731133e-05,330,0.924855840290279,11,2.70778886097442,17,1.67349923489389,49,0.84065722311275,1243
"Myeloid","Myeloid","C3","ITGAX",9.30621776920039e-05,257.5,0.666739069165059,51,2.372306480126,27,1.7998264879033,29,0.865879810866124,923
"Myeloid","Myeloid","APP","LRP1",0.000110380643740385,248,0.639239094322758,54,2.45190852923984,24,1.88875661361382,20,0.867750552176386,894
"Myeloid","NK","CD14","ITGB2",0.000147539124503704,126.75,0.301422599065149,220,2.0836730834687,40,1.6120681221685,59,0.923342755522158,188
"Myeloid","Myeloid","S100A9","ITGB2",0.00016141598892291,149.5,0.311816903322966,199,1.73432185702743,128,1.68908361699006,46,0.921532540082384,225
"Myeloid","Myeloid","SEMA4A","LILRB2",0.000200879883070866,189.75,0.589935602284072,66,2.39882690864783,25,1.90406478147239,18,0.884979078678077,650
"Myeloid","Myeloid","C1QA","CD93",0.000210093004626207,379,0.919214135548746,14,2.68220567694557,18,1.58864526662862,67,0.826168484785652,1417
"Myeloid","T_cell","LYZ","ITGAL",0.000242110635198765,139.75,0.284316708108795,248,2.1126954799454,39,1.84669280678633,23,0.919870833823297,249
"Myeloid","B_cell","TNFSF13B","HLA-DPB1",0.00026215089527676,170,0.327943511515357,180,1.49403930187205,188,1.61269296279197,58,0.919432995914406,254
"Myeloid","Myeloid","S100A8","ITGB2",0.000287812644966211,161.25,0.314026679036068,193,1.69116763811588,139,1.65863012515396,53,0.918952391863528,260
"Myeloid","Myeloid","GRN","SORT1",0.000305892918226846,279.25,0.582054236562564,67,1.95592796460893,70,1.56311317526811,76,0.86684659216679,904
"Myeloid","B_cell","C3","CD19",0.000318040953326402,242.75,0.933080539847757,9,1.93541602814284,77,2.07182027556507,11,0.86918607048684,874
"Myeloid","NK","S100A9","ITGB2",0.00032490444642942,179.5,0.285020984928277,244,1.65194252754991,146,1.61027894734951,60,0.91822173427147,268
"Myeloid","Myeloid","ANG","PLXNB2",0.000356391482333707,467.5,0.832016648551147,32,2.06717747427146,46,1.54675133881055,80,0.80332562457854,1712
"B_cell","B_cell","ST6GAL1","CD22",0.000360202940682872,157.5,0.410812835960677,121,1.2251233631826,275,1.86996498486875,22,0.922372998213481,212
"Myeloid","Myeloid","LGALS9","LRP1",0.00036982350384729,132.5,0.523191948397325,81,2.51091452049532,22,1.96127009092026,16,0.907634928672319,411
"Myeloid","Myeloid","CD14","TLR1",0.00038358628858382,326.75,0.521220959389701,82,2.2669907118519,29,1.77461449125509,36,0.847456273654596,1160
"Myeloid","Myeloid","VCAN","TLR1",0.000397683734121665,389,0.519916759567709,83,2.15075457706185,37,1.7176871945573,44,0.828346469979298,1392
"B_cell","B_cell","FCER2","CR2",0.000431208643917093,276.5,0.92738313467316,10,1.27852646910751,251,2.07150231907085,12,0.871878132047803,833
"Myeloid","Myeloid","CD14","TLR9",0.000457497917138894,457.25,0.502981744479939,87,2.15116295743321,36,1.67298549661021,50,0.80863579964377,1656
"Myeloid","Myeloid","GRN","TNFRSF1B",0.000476984803280207,178,0.270860655660215,295,1.35237637750356,219,1.52073963237105,85,0.928787806723598,113
"Myeloid","Myeloid","GRN","TNFRSF1A",0.000483485354268566,158,0.403590313395051,125,1.57366601198194,170,1.7445870417295,41,0.916008195618887,296
"Myeloid","Myeloid","TNFSF13","TNFRSF1A",0.000489513977192186,219,0.566135643432072,71,1.89298823995658,89,1.66662622220573,52,0.883552012208801,664
"Myeloid","Myeloid","CD14","TLR6",0.000489513977192186,519,0.498897827222734,89,2.11810149511973,38,1.58569017184451,68,0.786452527074802,1881
"Myeloid","B_cell","S100A8","CD69",0.000503386114874935,182.5,0.340311020635288,165,1.55918786719148,176,1.50618195285931,90,0.915852902121789,299
"Myeloid","Myeloid","LILRB4","LAIR1",0.000522977300223442,280.5,0.512462004203775,84,1.96640855835369,68,1.50332870575106,91,0.868841830955603,879
"Myeloid","NK","S100A8","ITGB2",0.000523894996336468,193.5,0.28704086404165,241,1.60878830863836,161,1.57982545551342,70,0.915542698281154,302
"Myeloid","NK","CFP","NCR1",0.000540261335773449,421.75,0.876384400289738,20,1.89013096604365,92,1.74468894330585,40,0.818000255968,1535
"Myeloid","Myeloid","C3","ITGAM",0.000540261335773449,426.5,0.592028429469292,65,1.91204842885705,83,1.50319591529323,92,0.822358566914926,1466
"Myeloid","Myeloid","S100A12","TLR4",0.000575953416098841,539,0.918637792236862,15,2.21396635597112,33,1.49397466218643,94,0.772552795854408,2014
"Myeloid","Myeloid","FCN2","LRP1",0.000586367227029187,503,0.953467568721061,2,2.96581544743004,14,1.48433993135384,98,0.784673485087144,1898
"NK","Myeloid","A2M","LRP1",0.000594369151732762,203,0.472832696693215,95,2.25367989923569,31,1.75375436348288,39,0.885201559202289,647
"Myeloid","T_cell","VCAN","CD44",0.000596808300601937,212.75,0.264663021280928,312,1.78995820973905,112,1.39587683760381,124,0.915508956594329,303
"B_cell","Myeloid","HLA-DRA","CD4",0.000612258849446439,179.5,0.273157221310879,280,1.16700300911941,314,1.57028028343496,73,0.935046182530478,51
"Myeloid","Myeloid","ANXA2","TLR2",0.000613169804028682,174.5,0.463405239838479,96,2.03603798930695,51,1.53586699578999,83,0.902863787445672,468
"NK","Myeloid","CD99","PILRA",0.000635994745541842,270.75,0.263222980111575,317,1.26371747754439,255,1.23890310532183,199,0.914817085647135,312
"Myeloid","Myeloid","GNAI2","FPR1",0.000692298193661942,236,0.448273980750308,100,2.07959838869827,43,1.59348829969783,65,0.878193229463168,736
"Myeloid","Myeloid","LRPAP1","LRP1",0.000713080849961381,177.75,0.447113384736053,101,2.25663079395279,30,1.59108426352794,66,0.897764488008915,514
"B_cell","Myeloid","CALR","LRP1",0.000728973689113847,191.75,0.258525354528608,328,2.00868731148745,56,1.2859625061771,179,0.922871030991157,204
"Myeloid","Myeloid","FN1","PLAUR",0.000734271359457299,378.75,0.711301624857861,43,1.84637246720137,102,1.59833615621565,63,0.835504946842494,1307
"B_cell","Myeloid","FCER2","ITGAX_ITGB2",0.000737904349983037,160.75,0.419416806590844,116,1.52378603427183,181,1.92853035693965,17,0.913310487344916,329
"B_cell","Myeloid","HLA-DQA2","CD4",0.000737904349983037,228.75,0.32059098419949,186,1.12803116278494,329,1.4823340036341,100,0.915654618637493,300
"Myeloid","Myeloid","TNFSF13B","HLA-DPB1",0.000746916817800003,243.25,0.27875757373991,259,1.35221891776075,220,1.31141414149083,164,0.913205568358674,330
"Myeloid","Myeloid","GNAI2","C5AR1",0.000755873529033974,249,0.441218046657523,103,2.07657987176753,44,1.47438813846563,103,0.877157199006212,746
"B_cell","Myeloid","HLA-DQA1","CD4",0.000765189168035601,202.75,0.30425749918575,213,1.1202482523487,332,1.51423034249649,86,0.924034061662357,180
"NK","Myeloid","HLA-G","LILRB2",0.000812336714696195,204.75,0.264825623188397,311,2.0806992616885,42,1.3833499457797,129,0.912735119989312,337
"Myeloid","Myeloid","SEMA4A","PLXNB2",0.000846474787119231,233,0.553489851274681,76,1.81696782063396,107,1.76426244321316,38,0.879610691734183,711
"Myeloid","Myeloid","HLA-DRA","CD4",0.000851596748754909,240.75,0.255644090447364,338,1.09825754102511,341,1.20288388227596,220,0.933004760661818,64
"Myeloid","Myeloid","HLA-DMB","CD4",0.000902653091507922,269,0.308986153295304,205,1.09296025569822,346,1.21308974395786,215,0.914993418453269,310
"NK","Myeloid","HLA-F","LILRB2",0.000923705340451224,185.25,0.253198187603775,348,1.98730931985632,62,1.34709724058028,144,0.923363962566551,187
"B_cell","Myeloid","HLA-DQB1","CD4",0.000934368495185013,217.25,0.276973915307318,266,1.08952562397638,349,1.4295148269901,114,0.926419142018218,140
"T_cell","Myeloid","HLA-F","LILRB2",0.000934368495185013,186.5,0.252723997832053,349,1.98377344324913,64,1.35360677354921,141,0.923297611656907,192
"Myeloid","Myeloid","FN1","C5AR1",0.000943965978215983,465,0.796508187356023,35,2.22363206115882,32,1.43364645115475,111,0.806035790885578,1682
"Myeloid","Myeloid","ICAM1","ITGAX_ITGB2",0.00114256452510377,260.75,0.249553552944566,365,1.41858313459107,203,1.46006304731739,108,0.910851287878005,367
"T_cell","Myeloid","HLA-A","LILRB2",0.00115506853487076,159.5,0.249198567560389,368,2.02478925853742,53,1.37407898009153,134,0.930163193784402,83
"B_cell","Myeloid","RPS19","C5AR1",0.00118038416569474,277,0.25241796798136,355,1.73849565909042,127,0.986888067345225,370,0.919332502748386,256
"T_cell","Myeloid","RPS19","C5AR1",0.00120611366588223,279,0.24866476922307,372,1.70389061504697,133,1.00844106488456,349,0.918775271269412,262
"NK","Myeloid","HLA-A","LILRB2",0.00123226152176739,168.5,0.247841851977896,374,2.00214070413379,59,1.32192804753296,156,0.929985671993389,85
"Myeloid","Myeloid","PLAU","ITGAM",0.00124956015106661,465.25,0.607786007063013,59,1.95214315576621,73,1.40231563584751,122,0.812526433880284,1607
"T_cell","Myeloid","HLA-G","LILRB2",0.00131326044972661,244.75,0.247041466409028,380,1.97013685460082,65,1.32307403528234,155,0.909926673193669,379
"Myeloid","B_cell","C1QA","CR1",0.00147438627551614,519,0.690361683684838,46,1.72382423347118,129,1.39253707323158,127,0.796685472680743,1774
"B_cell","Myeloid","HLA-DRB5","CD4",0.0014871704478819,263.75,0.255670919253413,337,1.02798015982584,392,1.25568726895049,188,0.926729700157064,138
"Myeloid","Myeloid","TIMP1","CD63",0.00150240382375297,221.5,0.352812280021407,151,1.24071404596968,270,1.57567362758299,72,0.909002372057271,393
"NK","Myeloid","CALR","LRP1",0.00150240382375297,220.25,0.244570582037892,393,1.94333233918025,75,1.27056165064142,183,0.920872829796474,230
"Myeloid","B_cell","TNFSF13","TNFRSF13B",0.00150852569972194,373.75,0.803515925953453,34,1.7200122925259,130,1.65251392299258,55,0.837735537521544,1276
"Myeloid","Myeloid","PTGS2","ALOX5",0.00150852569972194,454.5,0.554337759816139,74,1.77997230699333,114,1.3799447962924,130,0.820316708756051,1500
"Myeloid","Myeloid","S100A9","AGER",0.00154318153567841,447.75,0.604173385458723,60,1.71355008386564,131,1.80469585217558,28,0.81444452846489,1572
"Myeloid","Myeloid","HLA-DQB1","CD4",0.001612339315661,295.5,0.255884155082647,335,1.0177691363851,400,1.12341277498696,263,0.92367379195089,184
"NK","Myeloid","HLA-C","LILRB2",0.00162852327237614,174,0.24345525520235,401,2.02207135331383,54,1.3275077676499,152,0.929815306187964,89
"T_cell","Myeloid","HLA-C","LILRB2",0.00167780675735749,177.75,0.242704696484102,404,2.00064270440264,60,1.32514335105072,154,0.929714489335558,93
"B_cell","Myeloid","HLA-DPA1","CD4",0.00169448048531714,252.75,0.252718936126044,350,1.00723174898382,405,1.25103990797179,193,0.933009827146931,63
"T_cell","Myeloid","B2M","LILRB2",0.00176242121017681,167.75,0.242068836920658,409,2.03373034791512,52,1.32686598175488,153,0.93385764189665,57
"B_cell","Myeloid","HLA-DRB1","CD4",0.0017797209206881,272.25,0.244115488197808,396,1.00492731508042,410,1.22927771058708,207,0.930620231542048,76
"Myeloid","T_cell","CD14","ITGB2",0.0017797209206881,222,0.241866444781463,410,1.91054111027121,85,1.51090003561834,88,0.915180249313173,305
"T_cell","Myeloid","CALR","LRP1",0.00179714767862487,236,0.241768028773179,411,1.93020702372802,78,1.21190584928009,216,0.920451910720155,239
"B_cell","Myeloid","HLA-DMB","CD4",0.00181470210448583,290.75,0.275547551272973,271,1.00390353534018,412,1.46150200489795,106,0.910431915564963,374
"NK","Myeloid","HLA-B","LILRB2",0.00186813761727442,172.5,0.241303243861775,415,2.0372416948569,50,1.33039745224896,150,0.930739355040295,75
"Myeloid","Myeloid","S100A8","AGER",0.00195952682249712,472.25,0.608455025291142,58,1.67039586495409,142,1.77424236033949,37,0.80907268495286,1652
"T_cell","Myeloid","HLA-B","LILRB2",0.00197854012433592,179.5,0.240086198063426,421,1.99365441107363,61,1.31618158809981,158,0.930576200612054,78
"NK","Myeloid","B2M","LILRB2",0.00199740568941269,182.5,0.239957742961477,422,1.91718811077969,81,1.30350454453189,169,0.933586607121841,58
"B_cell","NK","CD22","PTPRC",0.0020937652078227,244.5,0.245535539708025,391,0.982437759483519,427,1.43487697671935,110,0.935216143624059,50
"NK","Myeloid","RPS19","C5AR1",0.00211344794173457,317.5,0.238394294419423,428,1.60919532822197,160,0.959625134203967,403,0.917187429265504,279
"Myeloid","B_cell","VCAN","SELL",0.00213326912331859,173.75,0.361146490930002,147,2.00309664648037,58,1.60515893371017,61,0.906271380716217,429
"Myeloid","NK","VCAN","CD44",0.00219356983873075,284.25,0.237811648834051,432,1.66404939306032,143,1.23160229057341,204,0.911278426444991,358
"Myeloid","T_cell","S100A8","CD69",0.0022139513031884,284.75,0.267094971366159,304,1.38159632557694,211,1.25117301643093,191,0.906035504975351,433
"Myeloid","Myeloid","ANXA1","FPR1",0.00221488560941951,224.25,0.360229204023005,148,1.91056056379298,84,1.35976102361903,138,0.896667201752514,527
"Myeloid","Myeloid","HLA-DMA","CD4",0.00229690073444965,319.75,0.261715585936165,322,0.971281637259068,437,1.0579892403277,302,0.921827052036676,218
"Myeloid","B_cell","TNFSF13B","CD40",0.00230462176382181,221.25,0.562727406627677,72,1.63870060943716,150,1.99582190214227,14,0.885092722994313,649
"Myeloid","Myeloid","APOE","TREM2",0.00232994390648121,605.5,0.978970276137747,1,2.28551343429793,28,1.12812288724816,260,0.762007463357535,2133
"B_cell","Myeloid","HLA-DMA","CD4",0.00233923880487892,290.25,0.260631991308398,324,0.967933243573807,439,1.28855401007292,176,0.921677430583539,222
"B_cell","Myeloid","B2M","LILRB2",0.00238215949915848,207.5,0.236871922556436,441,1.74683642565579,125,1.23490330593732,203,0.93318422141004,61
"Myeloid","Myeloid","PTPN6","CLEC12A",0.00244365287865266,225.25,0.351876909477747,153,1.7971533880323,110,1.6412493414021,57,0.891378125704968,581
"Myeloid","Myeloid","VCAN","CD44",0.00244764460598461,286.5,0.235894718826132,444,1.65506071326638,145,1.24828689856017,194,0.910950706751758,363
"B_cell","Myeloid","HLA-F","LILRB2",0.00249204519094361,251.5,0.23575723175597,446,1.85725786900889,100,1.18854659599236,228,0.920800330162277,232
"NK","Myeloid","HSP90B1","LRP1",0.00251447065322164,218.75,0.277389738920803,263,2.04956208863392,48,1.41449091829548,117,0.904181174904099,447
"B_cell","Myeloid","HLA-DPB1","CD4",0.00251447065322164,293.75,0.241060539135543,416,0.957885495368814,447,1.17504528928316,235,0.930581643802759,77
"B_cell","Myeloid","HLA-C","LILRB2",0.00253704712808174,221.5,0.235170793766779,448,1.78554779931954,113,1.22392619398656,208,0.928677199741183,117
"B_cell","Myeloid","HLA-B","LILRB2",0.00267571522717196,217.75,0.23383872648462,454,1.76990743540283,119,1.22932814205014,206,0.929719663615101,92
"Myeloid","Myeloid","HLA-B","LILRB2",0.00272317686855309,211.75,0.233361800375316,456,1.75282680154496,124,1.29692716302857,172,0.929652933129175,95
"Myeloid","B_cell","C3","CR2",0.00273800587375465,451,0.921963441148933,13,1.61093982036623,159,1.52860295880101,84,0.816777258146395,1548
"Myeloid","Myeloid","HSP90B1","LRP1",0.00274714307724262,231,0.27404044307458,278,2.04288076550806,49,1.35641145101593,140,0.903653652670759,457
"B_cell","Myeloid","FCER2","ITGAM_ITGB2",0.00284459328368168,219.5,0.37325471106259,142,1.29365700863735,242,1.78021507063461,33,0.903371063103863,461
"T_cell","Myeloid","CD99","PILRA",0.00291936502661127,328.75,0.232550947539512,464,1.18145213121205,301,1.30240561211887,170,0.909864137456805,380
"NK","Myeloid","ANXA1","FPR1",0.00300034902531614,233,0.340920868398174,164,1.87809955465504,94,1.39773485098377,123,0.894086981982559,551
"Myeloid","Myeloid","HLA-DQA2","CD4",0.0030213420217973,422.25,0.247845288383662,373,0.925113387975762,468,0.957714239561942,407,0.905170131284154,441
"Myeloid","Myeloid","HLA-DQA1","CD4",0.00304724834326968,387,0.239244862433,425,0.922141214427026,469,1.00861336903976,348,0.915155238775024,306
"Myeloid","Myeloid","HLA-DRB1","CD4",0.00304724834326968,334.25,0.232125379894131,469,0.9565568922154,448,1.04646020694752,309,0.928976596085949,111
"Myeloid","Myeloid","LGALS3BP","CD33",0.00305472003097979,402.75,0.615959692998966,57,1.85261632912782,101,1.30965600972587,165,0.836899281591107,1288
"Myeloid","B_cell","VCAN","CD44",0.00317928781406433,313.25,0.231073665328859,474,1.63245430302841,153,1.15211261435498,248,0.910109625488325,378
"Myeloid","Myeloid","HLA-DRB5","CD4",0.00326054347185262,376.25,0.230503470985127,477,0.932311171582318,463,0.98974061688622,365,0.923132809878539,200
"Myeloid","T_cell","S100A8","ITGB2",0.00328797165710171,299.75,0.230326304358313,478,1.43565633544087,197,1.47865736896326,102,0.90663362145078,422
"B_cell","T_cell","CD22","PTPRC",0.00331557252704061,267.25,0.239304866926396,424,0.908098429766889,479,1.43249656071351,112,0.934433130993228,54
"Myeloid","NK","CD14","RIPK1",0.00339455837781667,468,0.336306934661835,171,1.92901617549712,79,1.4822225668596,101,0.818974330361247,1521
"Myeloid","Myeloid","B2M","LILRB2",0.00351367473435362,241.25,0.229691466346566,486,1.35044173809984,221,1.25350709324426,189,0.932218128891806,69
"B_cell","Myeloid","HLA-A","LILRB2",0.00354268324705493,248.25,0.229530048807288,487,1.69644961037067,135,1.16614057362129,241,0.927445149774783,130
"Myeloid","B_cell","CD14","TLR1",0.00363433819105264,454,0.330248624019908,175,2.08326967411188,41,1.72806482037567,42,0.815570985237736,1558
"Myeloid","T_cell","S100A9","ITGB2",0.00369042930113885,289.25,0.228705520178377,492,1.47881055435242,190,1.50911086079935,89,0.909567344758976,386
"T_cell","Myeloid","HMGB1","TLR2",0.00372052438945923,359.75,0.247644113325352,376,1.59972055743465,162,0.957104077612027,408,0.900493566291596,493
"Myeloid","B_cell","VCAN","TLR1",0.00375827806477707,526.5,0.32942227544566,177,1.96703353932183,67,1.67113752367789,51,0.793440374935208,1811
"NK","Myeloid","HMGB1","TLR2",0.00390497862722223,365,0.244306597836041,394,1.58904562210847,165,0.961768021706194,402,0.899884001199114,499
"Myeloid","Myeloid","LYZ","ITGAL",0.00393637528237549,245,0.227506871140133,500,2.00478357106826,57,1.59416764010666,64,0.911261752198504,359
"B_cell","Myeloid","HMGB1","TLR2",0.00396796088366826,377.25,0.242520859264655,405,1.58333399505534,166,0.924900393428415,437,0.899553044030454,501
"Myeloid","NK","CD14","ITGA4",0.00403170195234328,226,0.29286932415926,234,1.95550921018513,71,1.48856791108585,96,0.899357808551845,503
"Myeloid","Myeloid","HLA-C","LILRB2",0.00403170195234328,248.5,0.227259223331906,503,1.55967038151931,175,1.25911235995235,187,0.927535534528442,129
"Myeloid","B_cell","FN1","CD79A",0.00405111234205347,326.25,0.754309309703919,37,1.42752545156311,199,1.82845254643979,26,0.856364867770261,1043
"NK","NK","HLA-G","KLRD1",0.00412874961402412,371.5,0.233198652848691,457,0.865655587560428,506,1.09317870660037,285,0.920534680652473,238
"B_cell","Myeloid","HLA-G","LILRB2",0.00416148483239548,313.5,0.226775909273656,507,1.84414781808609,103,1.20969751326311,217,0.906356950744397,427
"Myeloid","Myeloid","RPS19","C5AR1",0.00419441432442817,365.25,0.226686296726606,508,1.50124586913036,183,0.900621584010732,466,0.915254733253891,304
"NK","Myeloid","SEMA4C","PLXNB2",0.00421380301104346,565,0.423690638899854,112,1.49989650493468,184,1.38900752304264,128,0.790289095822389,1836
"Myeloid","Myeloid","HMGB1","TLR2",0.00429437612126011,398.5,0.234233700393358,452,1.55682778548953,177,0.909695483432392,454,0.897971307320535,511
"Myeloid","NK","CD14","ITGB1",0.00436200279164474,210,0.319402655120744,187,1.98695005177163,63,1.55911184698983,77,0.897826914488471,513
"Myeloid","NK","VCAN","ITGB1",0.00456036067623157,259.25,0.318603445345221,189,1.87071391698158,97,1.50218455029204,93,0.884164748644647,658
"Myeloid","B_cell","TNFSF13B","TNFRSF13B",0.00470403832516424,369.5,0.814889502299819,33,1.4743514493492,191,1.6757965294068,48,0.84391990164743,1206
"Myeloid","Myeloid","C3","NRP1",0.00538722873845232,572.5,0.841231436832011,30,1.89884508231204,86,1.23846740321815,200,0.776789039135282,1974
"Myeloid","Myeloid","ICAM1","ITGAM_ITGB2",0.00547539931244981,373.5,0.222087045238116,543,1.1884541089566,299,1.31174776101235,163,0.900660571475781,489
"B_cell","NK","FCER2","ITGAX_ITGB2",0.00551584530363688,328.25,0.275583994287964,270,0.982263323833033,428,1.57893192898519,71,0.895177785044173,544
"Myeloid","Myeloid","HLA-A","LILRB2",0.00551584530363688,269.5,0.222019500439563,544,1.57107103765993,171,1.19667455086701,222,0.926317822868516,141
"T_cell","T_cell","B2M","CD3G",0.00566471853116209,629.75,0.160560718931666,965,0.308696038645565,1180,0.985392286042639,373,0.946389031023138,1
"T_cell","Myeloid","HSP90B1","LRP1",0.00576324705092595,342.25,0.22252217606422,542,1.94010985347622,76,1.23785008080167,201,0.894199362778851,550
"Myeloid","B_cell","LGALS1","CD69",0.00576324705092595,393,0.220989139251502,550,0.810779956961554,537,1.01710931335131,338,0.925892621879351,147
"B_cell","NK","FCER2","ITGAM_ITGB2",0.00623832395394741,314,0.298097423875012,222,1.01151202651255,404,1.58210560193383,69,0.893102869214587,561
"Myeloid","Myeloid","APOE","SCARB1",0.00630638247732519,545.25,0.842750209570073,29,2.06131846225446,47,1.21962095199301,211,0.785032921098487,1894
"Myeloid","Myeloid","CD14","ITGA4",0.006327760864219,278,0.255605926931258,339,1.89119878651911,91,1.40631814913416,119,0.893029315825006,563
"Myeloid","B_cell","PTGS2","ALOX5",0.00675589044081309,607.5,0.357037708190136,149,1.37409215811152,216,1.28741591792543,177,0.785587194258199,1888
"T_cell","Myeloid","SEMA4D","PLXNB2",0.00684822661990045,309.75,0.303444709396232,217,1.42738679889547,200,1.46783591173647,104,0.879163147039773,718
"B_cell","Myeloid","HLA-DOB","CD4",0.00688474497122025,280.75,0.549639943749865,78,1.05539379082914,371,1.48348010892363,99,0.892124016724789,575
"B_cell","Myeloid","LTB","TNFRSF1A",0.00717663747052139,464.75,0.2752768264814,273,0.752548285673481,581,0.91044609408712,453,0.894011608158335,552
"Myeloid","T_cell","CD14","ITGA4",0.00722617404238971,295,0.246707196230751,383,1.87584105791649,95,1.40395917004695,120,0.891324989348864,582
"T_cell","NK","HLA-G","KLRD1",0.00732601607358658,439.25,0.217538380428418,584,0.755093180472745,579,1.03290279610301,322,0.917954683752199,272
"Myeloid","Myeloid","ALCAM","NRP1",0.0075177010324297,555.5,0.598551851669172,63,1.49695722003803,186,1.19338051497964,224,0.80006269401841,1749
"Myeloid","T_cell","TNFSF13","FAS",0.00771650922071387,461.5,0.417658499149878,117,1.3348026027249,226,1.33875541529522,148,0.83120461436113,1355
"B_cell","Myeloid","IGHG1_IGLC1","FCGR3B",0.00781718454722511,497,0.626899340339923,56,1.333839186525,227,1.39513650711392,125,0.8139499458604,1580
"Myeloid","Myeloid","CD14","ITGB1",0.00784083398653731,274,0.271935647476837,288,1.91473368553565,82,1.37761089068142,132,0.890207803098292,594
"B_cell","B_cell","LTB","CD40",0.00789376769902239,422.75,0.269800647415343,298,0.743921498330756,595,1.21635916760944,213,0.891023384260666,585
"Myeloid","Myeloid","VCAN","SELL",0.00789376769902239,298.25,0.253831843548696,344,1.79106494973158,111,1.34710662540902,143,0.890184728163394,595
"Myeloid","NK","S100A8","CD69",0.00800043872385862,412.25,0.215778003692802,597,1.25712280520717,263,1.12512981375009,261,0.896551738874545,528
"Myeloid","NK","C3","ITGAM",0.00802109386521715,680.25,0.301970949558721,219,1.43013779408496,198,1.18578164753221,229,0.767776337963644,2075
"T_cell","Myeloid","CD28","CD86",0.00809618512748767,281.25,0.649059300382924,52.5,1.29629136968323,239.5,1.79324433337119,30.5,0.873699435016738,802.5
"Myeloid","T_cell","CD86","CD28",0.00809618512748767,281.25,0.649059300382924,52.5,1.29629136968323,239.5,1.79324433337119,30.5,0.873699435016738,802.5
"Myeloid","Myeloid","PTPN6","CD300LF",0.0081243343231863,424.25,0.345107088062626,159,1.33778398926944,225,1.1826679004321,230,0.852738810316762,1083
"Myeloid","Myeloid","CALR","LRP1",0.00838231994138348,317.25,0.215256627679175,604,1.8060450651238,108,1.1234174091493,262,0.916094559533534,295
"B_cell","B_cell","CD22","PTPRC",0.00849389670912231,346,0.224404137423092,529,0.730315021395536,606,1.27663127436025,182,0.932435966307371,67
"T_cell","Myeloid","HLA-A","LILRA1",0.00866334579071635,486,0.225809783631585,517,1.20110284306414,288,0.768147575719822,609,0.896134736933965,530
"Myeloid","NK","VCAN","ITGA4",0.00887131971535196,273.25,0.292136506122007,237,1.83927307539508,105,1.43164061438806,113,0.885874326885542,638
"Myeloid","B_cell","C3","CR1",0.00909265174525382,647.25,0.676312702320739,49,1.4488388927753,195,1.17086841971779,239,0.765475535816707,2106
"B_cell","Myeloid","CD47","SIRPA",0.0092764481526738,364.25,0.283556577369235,251.5,1.56421151370486,172.5,0.946791135372176,413.5,0.888037465343368,619.5
"Myeloid","B_cell","SIRPA","CD47",0.0092764481526738,364.25,0.283556577369235,251.5,1.56421151370486,172.5,0.946791135372176,413.5,0.888037465343368,619.5
"T_cell","NK","B2M","KLRD1",0.00930643260711602,375.25,0.213159610414239,620,0.818686673787047,535,1.03669474257555,316,0.939893636921916,30
"Myeloid","T_cell","TIMP2","CD44",0.00936661952576067,430.75,0.252711282341059,352,1.17286032053122,309,0.920224351042544,441,0.888001495783047,621
"NK","Myeloid","HSP90B1","TLR2",0.00961029121673703,320,0.279869949793405,256,1.70302161652462,134,1.11626621635527,265,0.886887964544208,625
"NK","NK","HLA-B","KLRD1",0.00967194485211523,378.25,0.212485448798712,626,0.82219802072883,532,1.04022621306963,313,0.937040732434111,42
"Myeloid","T_cell","CD14","ITGB1",0.00992153060874001,295.75,0.252541319063118,353,1.88522712944235,93,1.46014767938148,107,0.886539424810601,630
"NK","Myeloid","SEMA4D","PLXNB2",0.0100138472296476,359.75,0.284357002600515,247,1.40043614717025,209,1.19767899041238,221,0.875669425954937,762
"Myeloid","Myeloid","CIRBP","TREM1",0.0102402693467484,413.25,0.250969674839514,358,1.33337106611554,228,0.927779997957066,432,0.886305802833441,635
"T_cell","NK","HLA-B","KLRD1",0.0102402693467484,392.25,0.211413749477425,635,0.778610736945556,559,1.02601034892047,332,0.936891415412162,43
"Myeloid","Myeloid","HSP90B1","TLR2",0.0103049275159787,335,0.276490707057273,267,1.69634029339876,136,1.05818674907572,301,0.88627721054637,636
"NK","NK","B2M","KLRD1",0.0103049275159787,408.75,0.211300635208627,636,0.702144436651619,623,1.01333330535256,345,0.939645737606498,31
"T_cell","Myeloid","CALM1","INSR",0.0105007401441498,576.75,0.218069395627844,572,0.932241521501603,464,0.75484220677783,632,0.885743743844943,639
"Myeloid","Myeloid","HLA-G","LILRB2",0.0105007401441498,367,0.209946969914055,639,1.73952390662302,126,1.17330500933501,237,0.903033082242816,466
"Myeloid","Myeloid","HLA-DPA1","CD4",0.0106328233033566,440.75,0.209760794038058,641,0.838835582929551,525,0.903895435628957,461,0.926947239921203,136
"NK","Myeloid","CALM1","INSR",0.0110365567663014,563.5,0.222960285851275,540,0.964839490633322,440,0.742316280101513,647,0.886861295534606,627
"Myeloid","Myeloid","PSAP","SORT1",0.0111203181907256,346.5,0.403319953361366,127,1.52698139058163,180,1.13101127590248,256,0.872758232025195,823
"NK","T_cell","B2M","CD3G",0.0113234182368182,696.75,0.159160461186265,979,0.192153801510137,1406,0.962030848819649,400,0.946166386559094,2
"Myeloid","Myeloid","TNFSF12","CD163",0.0113765024087144,677.25,0.554022636305654,75,1.55044025228184,178,1.12963298442075,258,0.755031574460375,2198
"B_cell","Myeloid","CIRBP","TREM1",0.0115926220968593,440.5,0.242248406191924,408,1.30824885585169,236,0.902202056519585,463,0.884511591846312,655
"B_cell","Myeloid","CD22","PTPRC",0.0116635790258216,358,0.218642616100068,567,0.66157322603685,656,1.36281326762302,137,0.931612037227513,72
"Myeloid","Myeloid","TNFSF13B","CD40",0.0117679114769958,478.5,0.28436022768362,246,1.25874594816967,261,1.19209379963676,225,0.84557262643911,1182
"Myeloid","T_cell","CD86","CTLA4",0.0119002955969079,377.75,0.558743480344108,73,1.25864360456229,262,1.54726058101499,79,0.851881723546331,1097
"NK","Myeloid","SPON2","ITGB2",0.0119506690848001,520,0.224936380362584,524,0.654948446261169,660,1.016713190632,339,0.893372177994347,557
"Myeloid","Myeloid","HLA-F","LILRB2",0.0120232621583862,339.5,0.206910551593338,661,1.64215769674656,148,1.14315756959309,252,0.915908661852369,297
"T_cell","NK","HLA-E","KLRC1_KLRD1",0.0122430266885696,480.5,0.217687661940923,578,0.652247799745119,664,0.876533643979051,487,0.923255069703675,193
"B_cell","Myeloid","PTPN6","CLEC12A",0.012303234386741,309.75,0.277067619552531,265,1.65964230764295,144,1.42270581388444,115,0.879254142306231,715
"Myeloid","Myeloid","NAMPT","INSR",0.0125767129829957,418,0.346933101367155,157,1.25259615602986,267,1.11997574979941,264,0.862262768819459,984
"B_cell","NK","HLA-DRA","LAG3",0.012615978779152,446,0.244233577910053,395,0.788380298400293,553,1.30710173505315,167,0.883085746971948,669
"Myeloid","Myeloid","SELPLG","ITGAM",0.0126915799386492,533.25,0.206174890000518,665,0.990679428489217,422,0.981394246749383,376,0.883080386766594,670
"NK","NK","HLA-E","KLRC1_KLRD1",0.0128438010859138,489,0.217278535019898,586,0.645721639697826,672,0.86593169531882,500,0.923188397167558,198
"NK","Myeloid","TNFSF14","LTBR",0.0129942712004347,670.5,0.50307017851223,86,1.61586782195834,158,1.11373361033511,270,0.758252001106364,2168
"NK","Myeloid","HLA-B","LILRA1",0.0129973874351391,509.5,0.218655483534521,566,1.21355527938363,278,0.724466047877249,674,0.896960537668255,520
"Myeloid","Myeloid","HLA-DPB1","CD4",0.0130746951027557,464.25,0.204905566520751,675,0.816065111257517,536,0.873766467982011,488,0.925145794317581,158
"Myeloid","NK","TIMP2","CD44",0.013308688316788,547,0.227072472919078,504,1.0469515038525,377,0.75594980401215,629,0.882570311126562,678
"NK","Myeloid","HLA-C","LILRA1",0.0134664191983322,516,0.220605515671324,556,1.19838493784056,292,0.721576363278193,680,0.895636357716028,536
"NK","Myeloid","SPON2","ITGAM",0.0135648454142218,426.75,0.412444497007462,119,1.22690458418311,274,1.54847360048892,78,0.841237672454167,1236
"T_cell","Myeloid","ANXA1","FPR1",0.0137056391560275,300.75,0.268120841658325,303,1.75570877073862,122,1.4888151341201,95,0.882163421467565,683
"Myeloid","Myeloid","TIMP2","CD44",0.01378608289705,548.75,0.225242108260975,520,1.03796282405855,385,0.772634411998911,606,0.882150263142271,684
"T_cell","Myeloid","CIRBP","TREM1",0.013866880236303,480.75,0.231248409422696,472,1.27656261352792,252,0.85034273346528,514,0.882116768799383,685
"T_cell","Myeloid","HLA-C","LILRA1",0.0141936262916602,523.75,0.219925401401689,560,1.17695628892936,307,0.719211946679009,689,0.895491962752584,539
"NK","Myeloid","CCL5","CCR1",0.014610139429048,377.25,0.480535947606862,92,1.04499443206267,380,1.0145283963814,343,0.881073575998807,694
"NK","Myeloid","HLA-A","LILRA1",0.014610139429048,514.25,0.224580403964071,527,1.17845428866051,305,0.715996643161251,694,0.895880398845221,531
"NK","Myeloid","CIRBP","TREM1",0.0149498959229602,492.25,0.226023402352295,511,1.26151162363679,257,0.864576228600562,503,0.880923316157825,698
"B_cell","NK","ADAM28","ITGA4",0.0151219792847737,451.25,0.200792678171244,700,0.864384586447135,508,1.37608011573687,133,0.903184871780166,464
"T_cell","Myeloid","HLA-B","LILRA1",0.0152085759384783,530,0.217552664802113,581,1.16996799560035,312,0.710250183728097,701,0.89672664099262,526
"Myeloid","T_cell","VCAN","SELL",0.0152085759384783,437,0.209728106440394,642,1.70392502577685,132,1.11284338608871,273,0.880502715719618,701
"T_cell","NK","HLA-E","KLRC3_KLRD1",0.0154705985015596,510.5,0.218157609051444,571,0.620410649564752,704,0.821522473958755,546,0.921677603878296,221
"T_cell","Myeloid","LTB","TNFRSF1A",0.0155586870961646,675.25,0.207901767054802,654,0.621342510178405,702,0.749114834826531,640,0.879958096710527,705
"B_cell","NK","HLA-G","KLRD1",0.0157359922828724,539.75,0.19969305048527,707,0.629104143958019,693,0.919526274083779,443,0.914673286830568,316
"T_cell","Myeloid","HMGB1","CD163",0.0158252110093094,462.25,0.250803096223167,361,1.29979774542889,237,0.823216153094841,543,0.879661983680526,708
"B_cell","Myeloid","HSPA4","TLR4",0.0158484236020372,495.5,0.373163058846167,143,1.40494751824131,206,1.08865357813684,289,0.832255513908136,1344
"B_cell","NK","HLA-DPA1","LAG3",0.0159148085832105,571.5,0.225959429809252,513,0.628609038264709,696,0.987861359589975,368,0.87963009328582,709
"Myeloid","NK","HLA-DRA","LAG3",0.0160047860755217,559.25,0.228574849977925,495,0.719634830305995,611,0.939705333894152,421,0.879621510553301,710
"NK","Myeloid","SELPLG","ITGAM",0.0160047860755217,544.5,0.199549738478067,710,0.972792038984279,435,1.01487188750536,342,0.881383681520852,691
"NK","NK","HLA-E","KLRC3_KLRD1",0.0160951445587007,516.5,0.21774759890161,577,0.613884489517458,711,0.810920525298524,555,0.921609677269442,223
"Myeloid","NK","PLAU","ITGAM",0.0164966290274775,720.5,0.310008284307977,203,1.47023252099413,193,1.0849013680865,293,0.755820199307285,2193
"B_cell","NK","HLA-E","KLRC1_KLRD1",0.0165526894794355,517.5,0.215187195594602,605,0.612361782154103,716,0.822284723856148,544,0.92284477417235,205
"B_cell","Myeloid","COL4A3","CD93",0.0166613120928796,736.25,0.742905161499422,40,1.64560609337109,147,1.08388069076829,294,0.716615965354843,2464
"Myeloid","Myeloid","VCAN","ITGB1",0.0166613120928796,330.75,0.271255209714994,294,1.7984975507456,109,1.32068359398364,157,0.875667924989086,763
"Myeloid","NK","LGALS1","ITGB1",0.0167384120891139,521.75,0.197515579455752,718,0.763657366711371,570,1.03779654082674,314,0.900776058878988,485
"B_cell","T_cell","B2M","CD3G",0.0169761033818578,883,0.157113681646073,999,0.0218021163862371,2057,0.893429610225076,473,0.945835797272799,3
"T_cell","NK","B2M","KLRC1",0.0170199209096503,592.75,0.216757973474765,589,0.606513355536139,721,0.739732469848239,649,0.907439450918041,412
"NK","NK","HLA-G","KLRC1",0.0173049657282364,599.75,0.237135296458352,438,0.653482269309519,661,0.796216433873059,576,0.878973668800671,724
"NK","Myeloid","HMGB1","CD163",0.0174007715380864,471.25,0.247423006920127,377,1.28912281010272,246,0.827880097189009,537,0.878941962215602,725
"B_cell","Myeloid","PSAP","LRP1",0.0174007715380864,372.25,0.196911571857125,725,1.9476331248754,74,1.26103870315127,184,0.898581017114852,506
"Myeloid","Myeloid","C3","C3AR1",0.0175006644285115,634,0.711263757421116,44,1.56189982488476,174,1.06444607385881,299,0.772232020164712,2019
"Myeloid","Myeloid","VCAN","ITGA4",0.0175935760317873,331.5,0.254966349419268,341,1.77496265172906,116,1.34939085243637,142,0.878812225847625,727
"Myeloid","NK","TIMP1","CD63",0.0175935760317873,533.25,0.19600086604657,727,0.899486630981551,484,1.17809359489845,232,0.881593321682206,690
"Myeloid","Myeloid","HLA-B","LILRA1",0.0178857814296547,592.5,0.211459392269008,634,0.92914038607168,465,0.690995758656857,730,0.895403806356756,541
"B_cell","Myeloid","HMGB1","CD163",0.0179839872740928,488,0.245614489218112,389,1.28341118304958,249,0.79101246891123,583,0.878551119342469,731
"T_cell","NK","HLA-E","KLRC2_KLRD1",0.0183808603330129,547.25,0.217212722886714,587,0.590845424548659,735,0.759587363237393,624,0.920150602208568,243
"Myeloid","Myeloid","A2M","LRP1",0.0185433336874459,400.5,0.266893238638462,305,2.01476798374745,55,1.31554463412495,160,0.852794749236471,1082
"Myeloid","Myeloid","CD59","STAB1",0.0188995837580484,693.5,0.343476400577351,162,1.61906471730871,157,1.04782999807304,307,0.760363327356733,2148
"NK","NK","HLA-E","KLRC2_KLRD1",0.019091150436624,553.75,0.216804488576466,588,0.584319264501366,742,0.748985414577162,641,0.920081466109802,244
"B_cell","Myeloid","LGALS9","LRP1",0.0194739193301414,357,0.23902992216775,426,2.07599060635312,45,1.54541663981201,82,0.869144247205563,875
"B_cell","NK","HLA-E","KLRC3_KLRD1",0.0195061602883519,545.5,0.215651744664076,598,0.580524631973736,746,0.767273553835852,610,0.921259594117666,228
"Myeloid","B_cell","APP","CD74",0.0195061602883519,533,0.192048032241639,746,0.83573528742514,528,0.956041273192668,409,0.904012787888165,449
"Myeloid","B_cell","TIMP2","CD44",0.019821830109784,600,0.220638765468188,554,1.01535641382059,402,0.676460127793716,749,0.881072671729382,695
"Myeloid","T_cell","VCAN","ITGA4",0.0199278998670259,350.75,0.246089885135309,387,1.75960492312644,121,1.34703187334916,145,0.876912604436847,750
"Myeloid","Myeloid","HMGB1","CD163",0.0200343947529243,513.5,0.237221618190792,437,1.25690497348377,264,0.775807558915206,602,0.87668400226094,751
"T_cell","B_cell","LTB","CD40",0.020141315901911,612,0.203765903825433,679,0.61271572283568,714,1.05502790834885,303,0.876628327730227,752
"NK","Myeloid","CD47","SIRPA",0.0207370525125056,521.75,0.22590302434435,515.5,1.42118657165804,201.5,0.766903225631619,612.5,0.876229250688279,757.5
"Myeloid","NK","SIRPA","CD47",0.0207370525125056,521.75,0.22590302434435,515.5,1.42118657165804,201.5,0.766903225631619,612.5,0.876229250688279,757.5
"T_cell","Myeloid","SELPLG","ITGAM",0.0207918580393281,529.25,0.190636364304995,758,0.948726627786254,456,1.28537000831143,180,0.878974124356394,723
"B_cell","B_cell","BTLA","CD79A",0.0208947596083881,316.25,0.507881776403472,85,1.0467761466128,378,1.72512368275216,43,0.876228317282776,759
"B_cell","Myeloid","CD52","SIGLEC10",0.0209017949209971,662,0.190469383782689,759,0.720170629092951,610,0.750491489045871,639,0.885675798469774,640
"Myeloid","Myeloid","CALM2","INSR",0.0211229760112501,541.25,0.233848842969343,453,1.03466713724238,387,0.804490389274612,564,0.87573006301035,761
"NK","NK","SPON2","ITGB2",0.0211229760112501,616.25,0.205606520986905,671,0.572569116783649,761,0.937908520991453,426,0.889016289006359,607
"B_cell","NK","HLA-DRB1","LAG3",0.0216836084913759,606.5,0.218266970280663,570,0.626304604361309,697,0.966099162205268,393,0.875590294951583,766
"B_cell","NK","HLA-DPB1","LAG3",0.0217970607463776,642,0.21553549887299,600,0.5792627846497,749,0.911866740901347,452,0.875525194362814,767
"NK","Myeloid","HLA-G","LILRB1",0.0217970607463776,518.25,0.18923032651728,767,1.0849957787218,357,0.861045532291966,505,0.904819315905923,444
"Myeloid","T_cell","C3","IFITM1",0.0219093742070654,410.5,0.364749679014605,146,1.14034886642302,323,1.03320844531088,321,0.870521706334119,852
"T_cell","Myeloid","HSP90B1","TLR2",0.0220253002752239,470.75,0.224511802366247,528,1.59356938136691,164,0.93962537886146,422,0.875353000728808,769
"Myeloid","Myeloid","CD99","PILRA",0.0221400898708372,501.5,0.188815762218237,770,1.06415015068924,364,0.973514403277396,388,0.900948517473036,484
"B_cell","Myeloid","GRN","SORT1",0.0223059123957062,601.75,0.259413148306233,325,1.29897850180306,238,1.15792980775584,244,0.812949335536851,1600
"Myeloid","Myeloid","VEGFA","SIRPA",0.0223634264279891,715.5,0.711076194295389,45,1.89531638491595,88,1.03070619868079,326,0.725937169460073,2403
"Myeloid","Myeloid","APP","CD74",0.0226037409523971,558.25,0.188578503820239,774,0.806505546581309,541,0.909043478934433,456,0.903218878892657,462
"Myeloid","T_cell","B2M","CD3G",0.0226227782296586,1065.25,0.152350990066355,1026,-0.374592571169715,2780,0.912033397532016,451,0.945041861186667,4
"T_cell","Myeloid","PSAP","LRP1",0.0233128242422631,405.5,0.187430203811582,780,1.9242510145281,80,1.17787732902155,233,0.89631016923938,529
"Myeloid","NK","TIMP2","ITGB1",0.0233173850211383,489.5,0.304215847162145,214,1.25361602777376,265,1.02653206373078,330,0.848145293900287,1149
"Myeloid","B_cell","APP","RPSA",0.0234326072931714,705.75,0.187401365310016,781,0.589965068873392,736,0.663921049946358,772,0.895681587923603,534
"Myeloid","NK","ICAM1","IL2RG",0.0235528513430031,591,0.187391701395487,782,0.689067428289579,635,0.792615531129342,579,0.910846798332307,368
"Myeloid","NK","C3","IFITM1",0.0236735575730487,448.75,0.392629487311482,131,1.19818143911838,293,0.786827085567449,588,0.874616337644032,783
"B_cell","NK","HLA-B","KLRD1",0.0237947271661103,480.5,0.205912386209221,668,0.554863761274757,784,0.939156902870809,424,0.936107444640952,46
"Myeloid","NK","IL1B","ADRB2",0.0239381813096069,720.75,0.305838680674571,209,1.20573716006414,284,1.02533267315442,333,0.768945353888026,2057
"T_cell","Myeloid","HMGB1","TLR4",0.024161027974085,531.25,0.237542327327863,434,1.21317877641239,279,0.758262494289331,625,0.874381462976097,787
"Myeloid","T_cell","TNFSF13B","TFRC",0.0242840628774624,463.75,0.249286290232938,366,1.05159205621654,374,1.0292058635313,327,0.874333581882453,788
"Myeloid","Myeloid","HBEGF","CD9",0.0243578885874785,675.5,0.676347541847753,48,1.15384914894102,320,1.02194131358829,335,0.774112190238256,1999
"Myeloid","Myeloid","APP","APLP2",0.0243578885874785,362,0.347152846708983,156,1.1097856705611,335,1.37913493655657,131,0.872554998676785,826
"B_cell","Myeloid","HSP90B1","LRP1",0.0244075670805394,446.5,0.186168234959251,789,1.86758940781452,98,1.1345979117711,255,0.885460104125681,644
"B_cell","NK","HLA-E","KLRC2_KLRD1",0.0246559881547902,589.5,0.214717711921332,608,0.550959406957643,791,0.70533844311449,709,0.919725152586191,250
"T_cell","Myeloid","CD47","SIRPA",0.0248435447477282,586.5,0.217543350855552,582.5,1.40044818254697,207.5,0.666330205291462,763.5,0.874169977059434,792.5
"Myeloid","T_cell","SIRPA","CD47",0.0248435447477282,586.5,0.217543350855552,582.5,1.40044818254697,207.5,0.666330205291462,763.5,0.874169977059434,792.5
"NK","Myeloid","IFNG","IFNGR1_IFNGR2",0.0250321693598264,456.75,0.310669607216938,200,0.847510278545463,521,1.04181445105833,312,0.874152279132052,794
"Myeloid","Myeloid","HLA-C","LILRA1",0.0250321693598264,659,0.20592957877426,667,0.735983966046038,605,0.653180955580642,794,0.892374876013787,570
"T_cell","B_cell","ST6GAL1","CD22",0.0251585144433073,563,0.184930464819223,795,0.808554395865316,538,1.05047151554668,305,0.888544116445871,614
"Myeloid","NK","ICAM1","ITGAL_ITGB2",0.0252853372013309,551.5,0.184906127093699,796,0.778692310230695,558,0.945653772898082,417,0.905673645335741,435
"T_cell","NK","HLA-G","KLRC1",0.026317260160783,694.75,0.221210661827596,548,0.542919862221837,804,0.735940523375697,657,0.875227209766168,770
"NK","Myeloid","HMGB1","TLR4",0.0264484362814397,540.25,0.234340954251887,450,1.20250384108622,287,0.762926438383498,619,0.873634385149501,805
"Myeloid","Myeloid","APP","TNFRSF21",0.026975601456623,777.25,0.55179700096227,77,1.12096219176187,331,1.00873451585405,347,0.732171101752706,2354
"Myeloid","T_cell","ICAM1","IL2RG",0.0273804508941159,582,0.181683065662061,812,0.663375428393765,653,0.885989969996633,479,0.909582658730156,384
"B_cell","Myeloid","HMGB1","TLR4",0.0275155793280291,560,0.232628058715829,463,1.19679221403309,295,0.726058810105719,669,0.873228877982007,813
"B_cell","Myeloid","IGHG1_IGLC1","FCGR2B",0.0276570199704736,432.25,0.473804424404011,94,1.08882092046577,350,1.46310885193453,105,0.845620059766715,1180
"Myeloid","T_cell","IL1B","SIGIRR",0.0276570199704736,608.5,0.29381531715712,233,1.129635663678,327,1.00685590064293,350,0.818727668336389,1524
"Myeloid","NK","HLA-B","KLRD1",0.0277873360753855,471.5,0.205492417307198,673,0.537783127416882,815,1.00675592384923,351,0.936046362081037,47
"T_cell","T_cell","B2M","CD3D",0.028263447042087,591.5,0.174399867073966,856,0.28486044291999,1221,1.09394036933322,284,0.944493689697199,5
"NK","Myeloid","HLA-F","LILRB1",0.0284755347310097,518.25,0.180921978534383,820,0.991605836889619,420,0.824792827092544,541,0.916323912644398,292
"B_cell","NK","B2M","KLRD1",0.028614694079721,480.5,0.208583340889729,649,0.531792751527719,821,0.944732066757985,418,0.9392776752154,34
"Myeloid","NK","HLA-DRB1","LAG3",0.028614694079721,705,0.207546451758462,656,0.577934181496286,752,0.783281658565711,591,0.872821139102619,821
"T_cell","Myeloid","HLA-F","LILRB1",0.028614694079721,517.5,0.180583147705803,821,0.988069960282422,425,0.831302360061473,531,0.916252019341274,293
"NK","T_cell","CCL5","CXCR3",0.0290352336717732,475.25,0.27243674285995,283,0.528745962432562,824,1.04928385176769,306,0.90066464094931,488
"B_cell","Myeloid","GRN","TNFRSF1A",0.0290352336717732,540.25,0.17987436092213,824,0.916716549176068,473,1.33940367421723,147,0.879238136985613,717
"Myeloid","T_cell","VCAN","ITGB1",0.0290527544471679,358.25,0.251909409817271,356,1.7689909946523,120,1.40322038268369,121,0.871583819730794,836
"Myeloid","T_cell","SPP1","CD44",0.0296031431925275,553.5,0.264525322494881,313,1.02348408235879,395,0.722316696431464,678,0.872398959261379,828
"Myeloid","NK","HLA-G","KLRD1",0.0300345115810407,616,0.184873918030177,798,0.524480232494949,831,0.883133770155679,482,0.911615821811115,353
"T_cell","Myeloid","HLA-A","LILRB1",0.0304705772146874,479.75,0.178064062454954,834,1.02908577557071,391,0.851774566603797,511,0.923696129595477,183
"Myeloid","Myeloid","LGALS9","HAVCR2",0.0306169821270699,629.25,0.209588349574033,644,0.747006753804854,590,0.916883475662946,448,0.87165434165774,835
"Myeloid","T_cell","APP","RPSA",0.0310593636273687,753.75,0.177980368298524,836,0.521384089718947,838,0.657379508703711,782,0.893247192467332,559
"Myeloid","NK","ICAM1","ITGAM_ITGB2",0.0312078839299411,547,0.177368360262689,839,0.906309126831795,481,1.11363829231157,272,0.890139377074884,596
"B_cell","Myeloid","HLA-B","LILRA1",0.0313569362449067,617,0.211891555995327,631,0.946221019929555,459,0.623396737678432,840,0.895499373244615,538
"Myeloid","Myeloid","SIRPA","CD47",0.0314316623035283,599.75,0.206973545902156,659.5,1.37422697567264,214.5,0.720333110067937,684.5,0.871405041138593,840.5
"Myeloid","Myeloid","CD47","SIRPA",0.0314316623035283,599.75,0.206973545902156,659.5,1.37422697567264,214.5,0.720333110067937,684.5,0.871405041138593,840.5
"T_cell","Myeloid","FLT3LG","FLT3",0.031477799456276,715.5,0.535075745282176,79,1.06345036944985,366,1.03530890793902,319,0.766259278103563,2098
"NK","Myeloid","HLA-A","LILRB1",0.0315065218412269,501.25,0.177094625549358,841,1.00643722116708,406,0.799623634045226,572,0.923503520777383,186
"Myeloid","B_cell","CD14","ITGA4",0.0316566419893747,502.75,0.176692433650845,842,1.75500722688281,123,1.14406013531126,251,0.874071887537374,795
"Myeloid","Myeloid","HMGB1","TLR4",0.0318072979613347,595,0.224678945858713,526,1.17028600446727,311,0.710853900109696,700,0.871291925451041,843
"T_cell","Myeloid","HLA-G","LILRB1",0.031958491030603,580.75,0.176522712527071,844,0.974433371634114,433,0.800769621794604,568,0.901783527981497,478
"Myeloid","Myeloid","APOE","ABCA1",0.0322297257897192,633,0.579207021092461,68,1.58045184528321,167,0.987835764626911,369,0.782142830554669,1928
"Myeloid","NK","GRN","TNFRSF1B",0.0324828961489294,471,0.166077798529918,919,1.06113321867024,369,1.19155260806467,226,0.910816236844525,370
"Myeloid","NK","LGALS9","HAVCR2",0.0330319885312182,611.5,0.205739950191234,669,0.739838882542356,601,1.03079517559385,325,0.870614130241409,851
"B_cell","Myeloid","ADAM28","ITGA4",0.0331875244062019,521.75,0.175244706055528,852,0.800074162781119,544,1.29383035378518,173,0.89706948691144,518
"NK","T_cell","CCL5","CCR5",0.0335002433251632,600.25,0.246258549940033,386,0.51169252708115,854,0.934381296933745,428,0.878256062387547,733
"B_cell","Myeloid","HLA-C","LILRA1",0.0336574289478761,619,0.213098600753696,621,0.961861383846262,446,0.617994789614848,855,0.894007189496921,554
"NK","T_cell","B2M","CD3D",0.0338981140794977,663,0.172878917452588,869,0.168318205784562,1479,1.07057893211023,298,0.944263637516679,6
"T_cell","B_cell","CD40LG","CD40",0.0339648174085662,679.75,0.454872752763108,99,0.658801138460752,658,1.44433856871554,109,0.788907865052711,1853
"Myeloid","T_cell","TNFSF13","TNFRSF14",0.0341323059730975,480,0.233190427993346,458,1.29198445378565,244,0.995100124230431,360,0.870312571622226,858
"Myeloid","Myeloid","APP","FPR2",0.0345541398595135,788.75,0.631123918819392,55,1.20294864739115,286,0.980050815412542,378,0.722593429594268,2436
"NK","B_cell","CCL4","CNR2",0.0346121904376343,413,0.433583834230894,108,0.853072793119575,515,1.30586543556852,168,0.870121702408425,861
"NK","Myeloid","HLA-C","LILRB1",0.0347732707494783,501.5,0.173960196447889,862,1.02636787034713,393,0.805203354162168,561,0.92331868251161,190
"Myeloid","Myeloid","GAS6","AXL",0.0348188189956097,694,0.738277439389257,41,1.63435944276072,151,0.979035873064237,379,0.754376161136478,2205
"Myeloid","T_cell","CXCL16","CXCR6",0.0348188189956097,534.75,0.459599442307875,97,1.04598751753793,379,1.32755797826165,151,0.819712069399771,1512
"Myeloid","T_cell","LGALS1","CD69",0.035097117419692,613.25,0.173444538206329,864,0.633188415347016,689,0.762100376922928,620,0.91714058055993,280
"T_cell","Myeloid","HLA-C","LILRB1",0.0352598863870282,509,0.173423887046954,865,1.00493922143593,409,0.802838937562984,566,0.923209304288441,196
"T_cell","Myeloid","B2M","LILRB1",0.0357515915034969,485.5,0.172969535570836,868,1.03802686494842,384,0.804561568267146,563,0.927706103123047,127
"NK","Myeloid","HLA-B","LILRB1",0.0360822398613759,496.75,0.172422483428496,870,1.0415382118902,383,0.808093038761224,559,0.924321303919531,175
"Myeloid","Myeloid","CCL3L1","CCR1",0.0361616390423895,705,0.566953371841827,70,1.0876607808111,354,0.976050608591333,384,0.773303534503307,2012
"NK","Myeloid","HLA-G","CD4",0.036918894738217,668.25,0.179566891694327,827,0.626068896322769,698,0.607276291911625,875,0.91777237311816,273
"B_cell","NK","HLA-DRB5","LAG3",0.0370879563725321,600,0.22859883797744,494,0.649357449106727,668,0.992508720568676,362,0.869048136053383,876
"T_cell","Myeloid","HLA-B","LILRB1",0.0372575979775175,511.75,0.171552847133354,877,0.997950928106925,416,0.793877174612073,577,0.92414426293934,177
"Myeloid","T_cell","CD14","RIPK1",0.0372593563453343,605.5,0.245711031772999,388,1.86601380963767,99,1.35867611741241,139,0.794534760510755,1796
"NK","Myeloid","B2M","LILRB1",0.0374278208780628,518.25,0.17146105993923,878,0.921484627812989,470,0.781200131044157,594,0.927411820247473,131
"Myeloid","Myeloid","SEMA4A","PLXND1",0.0375370651909674,432.25,0.391553850646867,133,1.0302212860146,389,1.24222002082433,198,0.860125554017463,1009
"Myeloid","Myeloid","ICAM1","ITGAL_ITGB2",0.0375986264005688,615.5,0.171334109883661,879,0.724304916895873,608,0.865454974995138,502,0.902366670147342,473
"Myeloid","Myeloid","ARF1","INSR",0.0379419906246253,545.5,0.246804696484225,382,1.03641983726328,386,0.831244235895387,533,0.8687868462571,881
"B_cell","NK","HLA-DQB1","LAG3",0.0382877012911265,528,0.247646135799113,375,0.710902913257264,614,1.16633627860829,240,0.868527777349032,883
"T_cell","Myeloid","SEMA4A","LILRB2",0.0383373768335435,655.25,0.182259916452685,809,1.96772566596878,66,1.4187317044621,116,0.810484310464245,1630
"Myeloid","Myeloid","HGF","NRP1",0.038378102680544,775.75,0.858941562307952,23,1.69156075546915,138,0.967120690095478,392,0.700610564573545,2550
"NK","Myeloid","CALM2","INSR",0.0391623136957538,675.75,0.203861715041696,678,0.928914595110089,466,0.72533052738891,671,0.868068212012909,888
"B_cell","Myeloid","PTPN6","CD300LF",0.0392310589749719,565,0.271737067152638,291,1.20027290888009,290,0.964124372914438,395,0.837090256449788,1284
"NK","NK","B2M","KLRC1",0.0393390187224688,651,0.214867616771986,607,0.489971118400711,889,0.716371032625249,692,0.907070933600089,416
"B_cell","T_cell","B2M","CD3D",0.0395267836007338,854.5,0.170655720632629,885,-0.00203347933933853,2172,1.00197769351566,354,0.943922056086565,7
"B_cell","Myeloid","B2M","LILRB1",0.0398727230550977,576.75,0.169256096553176,892,0.751132942689088,582,0.712598892449583,698,0.926974949062936,135
"Myeloid","Myeloid","HLA-A","LILRA1",0.0400518254036399,692,0.201181635380392,695,0.747384622186658,588,0.590743146495305,893,0.890635981438532,592
"B_cell","T_cell","ADAM28","ITGA4",0.0400518254036399,540.5,0.169143691636183,893,0.784716434178495,554,1.29147137469797,175,0.895421992958244,540
"T_cell","Myeloid","CD52","SIGLEC10",0.0402315304515463,781.5,0.169037736332203,894,0.635475878258998,686,0.627970796823097,834,0.879491958956447,712
"Myeloid","NK","ICAM1","SPN",0.0405927540493078,584.5,0.238035005864591,431,0.741726809120333,599,0.951218395708527,412,0.867674344111744,896
"B_cell","Myeloid","HLA-F","LILRB1",0.0407742753048697,623.5,0.168459597703863,897,0.86155438604218,509,0.666242182504628,765,0.913546826044328,323
"Myeloid","B_cell","TNFSF13B","TFRC",0.0409564046712097,578.5,0.220799646286614,552,1.00631202339873,407,0.908410202946719,457,0.867514372639148,898
"Myeloid","Myeloid","LGALS1","ITGB1",0.0416910303996712,650.25,0.168162431103642,902,0.691441000475384,632,0.856295584518341,509,0.893350743683398,558
"Myeloid","Myeloid","TNFSF13B","TFRC",0.0418762206996185,565,0.219658597197761,563,1.00449830535292,411,0.976069877584769,383,0.867216343010816,903
"B_cell","Myeloid","HLA-C","LILRB1",0.0422484514849522,596,0.168040560260126,905,0.789844316352833,552,0.701621780498823,713,0.922084055515239,214
"Myeloid","NK","F13A1","ITGB1",0.0424616167345017,467.5,0.322087344279621,183,1.44891866680311,194,0.957859424090315,406,0.852487006873322,1087
"Myeloid","Myeloid","CALM1","INSR",0.0430003520899317,748,0.190093950135554,762,0.745784114579013,591,0.581993370216549,909,0.878610407992433,730
"B_cell","Myeloid","HLA-B","LILRB1",0.0437622445672236,594,0.167088735720978,913,0.774203952436126,563,0.707023728562407,705,0.923214917914541,195
"B_cell","Myeloid","IL16","CD4",0.0439542892358819,705.5,0.203136122923386,683,0.564102288886633,769,0.57984358134699,914,0.903722431395876,456
"Myeloid","Myeloid","HLA-B","LILRB1",0.0439542892358819,573.5,0.166747949650878,914,0.757123318578251,576,0.774622749540832,605,0.923142521806285,199
"Myeloid","B_cell","ST6GAL1","CD22",0.0443402740928327,603.25,0.166716427170565,916,0.774964333853666,561,1.11367574127256,271,0.883305598737296,665
"T_cell","Myeloid","ANXA2","TLR2",0.0445342170472949,462.25,0.224313454719366,530,1.62833277589325,155,1.15422707540869,247,0.866073507879145,917
"NK","Myeloid","PSAP","LRP1",0.0445342170472949,463,0.166569278406889,917,1.87280564742323,96,1.14675492673693,249,0.890697429087179,590
"T_cell","Myeloid","LRPAP1","LRP1",0.0450136199074637,442.75,0.218659648252468,565,1.95852790573049,69,1.39304513496531,126,0.859962768596866,1011
"B_cell","T_cell","HLA-DRA","LAG3",0.045119864643389,640.25,0.178752211879746,829,0.707740448079322,617,1.24613259161019,195,0.865985396446989,920
"NK","T_cell","HLA-B","CD3G",0.0451494598631269,627.5,0.160052912253587,967,0.312207385587348,1169,0.988923756536717,366,0.943825999748258,8
"Myeloid","NK","GNAI2","S1PR5",0.0452269364837495,440.75,0.423566136254796,113,0.998734522644033,415,1.30881696032126,166,0.853804521861034,1069
"Myeloid","NK","TNFSF13","TNFRSF14",0.045316358047574,546.75,0.216122992888111,595,1.26332232015591,256,0.94614910550807,415,0.865962430134682,921
"Myeloid","Myeloid","SPP1","CD44",0.0461087564724508,695,0.235771987602632,445,0.888586585886117,491,0.574726757387831,919,0.865855727163147,925
"Myeloid","NK","HLA-DPA1","LAG3",0.0467098404257803,848,0.187549972090481,779,0.460212872210437,928,0.640716887247146,816,0.869412800466508,869
"Myeloid","B_cell","LGALS9","CD47",0.0467098404257803,593.5,0.165439437382214,928,0.704154204492667,619,0.865581290813727,501,0.913419743005943,326
"Myeloid","NK","IL1B","SIGIRR",0.046811426251325,569.75,0.337427152225727,167,1.1774326428901,306,0.944516707101336,420,0.828772149415009,1386
"NK","B_cell","ST6GAL1","CD22",0.0469115016132766,595,0.165427432207116,929,0.77258718818228,564,1.21444374824699,214,0.882904977334563,673
"B_cell","B_cell","CD55","CR1",0.0471138150735248,563.75,0.243752349722811,398,0.765090240767509,568,0.995239616757835,359,0.865515273142105,930
"Myeloid","T_cell","HBEGF","CD44",0.0471138150735248,757,0.226054199130719,510,0.620702895507013,703,0.568942103953392,930,0.868504436626454,885
"Myeloid","Myeloid","TNFSF13","TNFRSF14",0.0475204044337987,566.25,0.214280670933623,612,1.2602284236376,259,0.902665209363592,462,0.865464809930425,932
"Myeloid","Myeloid","APP","NOTCH2",0.0479296197647613,472,0.278668545333624,260,0.940903646060435,460,1.17775924622489,234,0.86542071056624,934
"B_cell","Myeloid","HSP90B1","TLR2",0.0485483911429877,606,0.18783281160248,778,1.52104893570522,182,0.836373209830892,527,0.865291527158348,937
"T_cell","Myeloid","CALM2","INSR",0.0500154817084347,737,0.192530574088477,740,0.888954217312206,490,0.66159649766198,774,0.864758920201437,944
"B_cell","Myeloid","HLA-A","LILRB1",0.0502277487067463,654.5,0.164009983469127,945,0.700746127403962,624,0.643836160133557,815,0.920747833121512,234
"B_cell","Myeloid","HLA-A","LILRA1",0.0504406906392389,668,0.207987273624921,652,0.872763194897391,501,0.560209169249582,946,0.89224573030073,573
"Myeloid","NK","ICAM1","ITGAX_ITGB2",0.0504406906392389,572.75,0.16397283997326,946,0.877060424152276,499,1.11046461936293,274,0.892264876511134,572
"T_cell","T_cell","HLA-B","CD3G",0.0507661471224971,657.25,0.159245663576551,977,0.268620101804074,1256,0.974707892387565,387,0.943691807963267,9
"B_cell","NK","HLA-DQA1","LAG3",0.0508686050250293,506.25,0.272040758342351,285,0.741625541629587,600,1.25105179411468,192,0.864540563150245,948
"Myeloid","T_cell","TIMP2","ITGB1",0.0510947237246228,629,0.240533602618892,419,1.15189310544447,322,0.927567896122432,433,0.832393865967493,1342
"Myeloid","NK","SPP1","CD44",0.0515155743888892,696.25,0.237687920270863,433,0.897575265680067,486,0.558042149401071,951,0.866325052480964,915
"B_cell","Myeloid","CALM2","INSR",0.052168695549642,748.75,0.189908943653496,764,0.879708780946989,497,0.659695103272501,780,0.863955200181968,954
"Myeloid","NK","HLA-DQB1","LAG3",0.0523877763845957,658.25,0.228789495025651,491,0.639146425665984,681,0.860234226605153,506,0.863939689837321,955
"Myeloid","B_cell","GNAI2","S1PR1",0.0528280073810404,937.5,0.162417828681006,957,0.457108259917969,934,0.58172970555589,910,0.864472351226688,949
"Myeloid","Myeloid","LGALS9","SLC1A5",0.0530491604326497,563,0.239817527285138,423,0.801359330876685,543,1.02739807608688,328,0.863746881206528,958
"Myeloid","Myeloid","HLA-C","LILRB1",0.0530491604326497,653.5,0.162387372178736,958,0.563966898552609,770,0.736807946464618,655,0.920845848958331,231
"Myeloid","Myeloid","IRAK4","TLR4",0.0531524079240712,692.25,0.285041039442253,243,1.280214939766,250,0.9209485999284,439,0.790236970160882,1837
"B_cell","Myeloid","IL6","FCGR3B",0.0535003690745796,838,0.592828420682804,64,1.09515390746661,342,0.920461374466203,440,0.707944625075945,2506
"B_cell","Myeloid","HLA-G","LILRB1",0.0537167871734775,682,0.162042021619557,961,0.848444335119388,518,0.687393099775377,737,0.897927284249191,512
"Myeloid","T_cell","SPP1","PTGER4",0.0542006094128828,648.5,0.330844992634947,173,1.03011524895568,390,0.919815850431037,442,0.813560621288905,1589
"Myeloid","NK","HLA-DPB1","LAG3",0.0548434774731933,887.25,0.183208847289062,804,0.437442400538404,966,0.610587919600201,869,0.866397074119935,910
"Myeloid","NK","HLA-DRB5","LAG3",0.0550709254936478,772,0.206096280996038,666,0.553688460863205,787,0.726562068504409,668,0.863038105356397,967
"B_cell","Myeloid","CALM1","INSR",0.0557575157591798,768.25,0.189026444138339,769,0.738669146555722,602,0.548963110996728,970,0.878309776087603,732
"B_cell","B_cell","IGHG1_IGLC1","FCGR2B",0.0559599643910283,507,0.374060885813282,141,0.948208885485446,458,1.64714634863363,56,0.829553398761453,1373
"NK","Myeloid","HSP90B1","TLR4",0.0559765044076255,502.75,0.268453622136843,302,1.31647983550237,232,0.917424633032575,447,0.857769454665131,1030
"T_cell","T_cell","HLA-A","CD3G",0.0563768496331527,615.25,0.165289764982644,934,0.299754949267859,1194,1.03260528437929,323,0.943352077027073,10
"B_cell","T_cell","CD72","CD5",0.0564505060898645,519.5,0.328369789023971,178,0.525386150465312,830,1.48745762923907,97,0.862861588530458,973
"Myeloid","NK","GNAS","PTGDR",0.0564505060898645,813.5,0.218053736409051,573,0.428855111769543,973,0.620245406845577,849,0.870304004643583,859
"T_cell","Myeloid","HLA-G","CD4",0.0566829319528789,758.75,0.167508218081751,908,0.515506489235087,845,0.547000381414263,974,0.915110962876865,308
"Myeloid","B_cell","GPI","AMFR",0.0576198200859195,828,0.159204351110294,978,0.528420444912016,826,0.589843487608366,896,0.888727899984336,612
"T_cell","Myeloid","CALM3","INSR",0.0581555972526795,633.5,0.27161800891377,292,0.952743978278333,453,0.977392415040049,381,0.826856320352948,1408
"Myeloid","NK","LGALS1","PTPRC",0.0583300714300271,533.75,0.159034881629461,981,0.745655515466413,592,0.87178760433051,496,0.932439072292376,66
"NK","Myeloid","GNAI2","FPR1",0.058893679772644,502.75,0.233619412099045,455,1.77727880684278,115,1.29369773681774,174,0.838833612496746,1267
"Myeloid","T_cell","GRN","TNFRSF1B",0.058893679772644,552.75,0.140724972835346,1110,0.990665231416794,423,1.19635432000852,223,0.903855541539754,455
"Myeloid","Myeloid","HLA-A","LILRB1",0.0592872628844296,686.25,0.158643344460267,985,0.575367554693229,755,0.67437013737928,753,0.919525475418655,252
"B_cell","NK","HLA-G","KLRC1",0.0595283902313476,842.5,0.203064083557218,685,0.41693082570711,986,0.62256400135647,845,0.870478050990171,854
"B_cell","T_cell","HLA-DPA1","LAG3",0.0595283902313476,786.5,0.165377538253014,931,0.547969187943738,795,0.926892216147015,434,0.862103230703457,986
"Myeloid","T_cell","HLA-DRA","LAG3",0.059770252348626,766.5,0.167291739175531,911,0.638994979985023,683,0.878736190451192,485,0.862093594181346,987
"NK","Myeloid","CCL5","CCRL2",0.060256186860423,553.75,0.380301947265331,138,0.766870303866722,567,0.837916091957838,521,0.862064761677352,989
"B_cell","Myeloid","IL24","NOTCH2",0.060745078367255,598,0.265598043248633,306,0.6681313245952,646,0.916707158712861,449,0.861945001959761,991
"Myeloid","Myeloid","LGALS3","ENG",0.0615234568003517,479.5,0.446198672372294,102,0.934822443479172,462,1.11411548324364,269,0.852647850435452,1085
"NK","T_cell","HLA-A","CD3G",0.0619815716478906,640.75,0.164389875380653,940,0.277106394864233,1235,0.980454351820719,377,0.943206033738256,11
"T_cell","Myeloid","IL16","CD4",0.0624796580355558,806,0.177265833465283,840,0.49886882610673,871,0.535560846401892,998,0.897630895285633,515
"Myeloid","B_cell","TNFSF13","TNFRSF14",0.0629820045180078,628,0.199212540690725,712,1.23492381518828,271,0.833536754456904,529,0.861163059082714,1000
"NK","Myeloid","ARF1","INSR",0.0634873741386922,673.25,0.21645624906693,592,0.949894398026255,454,0.744661206042886,645,0.861125575905429,1002
"NK","Myeloid","ANXA2","TLR2",0.0639957790022462,556.75,0.204976084290014,674,1.59535821453878,163,0.974926599713909,386,0.860758380728589,1004
"Myeloid","T_cell","LGALS1","ITGB1",0.0639957790022462,671.25,0.156169161938918,1004,0.661934444382083,655,0.938832373218398,425,0.889774374773284,601
"Myeloid","Myeloid","LRPAP1","SORL1",0.0645072312374925,874.25,0.164238408746629,941,0.49209823106674,884,0.530158586249688,1006,0.883199792034584,666
"Myeloid","Myeloid","GAS6","MERTK",0.0650117992394097,753.75,0.759977613062764,36,1.6232521063902,156,0.895443707607544,471,0.732477428942635,2352
"NK","T_cell","SPON2","ITGB2",0.0655393264592771,803.5,0.164982049817173,937,0.399437143586156,1010,0.836740434441293,526,0.877682880283184,741
"Myeloid","T_cell","LGALS1","PTPRC",0.0655393264592771,555.5,0.154999236486291,1010,0.671316185749783,643,0.869407188324677,498,0.931624948480228,71
"Myeloid","Myeloid","PLTP","ABCA1",0.0662016260017192,751.5,0.494589020530744,90,1.17080597901094,310,0.892363515331898,474,0.762055357538014,2132
"Myeloid","Myeloid","PSEN1","NOTCH2",0.0663214877902102,744.75,0.154574969349857,1013,0.612651854169817,715,0.82853857654147,535,0.879245721701473,716
"NK","NK","CCL5","CCR5",0.0665837573183277,940,0.184402533720115,801,0.445495808787769,953,0.528038265042727,1014,0.861926964668387,992
"Myeloid","Myeloid","LGALS9","MRC2",0.0666012585189784,704.25,0.501416754534149,88,1.08783749453927,352,0.888947981650944,475,0.784282472111862,1902
"NK","Myeloid","CCL4","CCR1",0.0670024063639938,531.75,0.416461177983591,118,0.911684824564111,476,1.01622295351843,341,0.845126833090556,1192
"Myeloid","Myeloid","CCL3","CCR1",0.0674050716476702,686.5,0.389632426418106,135,0.91152725468996,477,0.925731761571087,435,0.804585965537749,1699
"Myeloid","NK","F13A1","ITGA4",0.0674050716476702,492.75,0.295330991546592,229,1.41747782521661,204,0.887315488186341,477,0.854587217192538,1061
"Myeloid","T_cell","B2M","CD3D",0.0675803174179961,1016.25,0.165482520213848,927,-0.39842816689529,2790,1.0205814808226,336,0.943101755964358,12
"Myeloid","Myeloid","LRPAP1","SORT1",0.067809256476378,560.25,0.440678264599282,104,1.31242861112969,233,0.886938809899514,478,0.825044462638337,1426
"Myeloid","T_cell","ICAM1","ITGAL_ITGB2",0.0679067920653162,666.25,0.153318805525293,1019,0.650505219996937,665,0.901731180239616,465,0.897362264576238,516
"NK","Myeloid","GNAI2","C5AR1",0.0690309492283695,527.75,0.229942189584798,481,1.77426028991205,117,1.17459757558553,236,0.83752474470604,1277
"Myeloid","T_cell","FN1","CD44",0.0700645364641136,823.75,0.225066396404094,523,0.572448481041006,762,0.542040764218186,983,0.858195288578828,1027
"NK","T_cell","CCL5","CCR4",0.0706119130553025,573.75,0.524078773416452,80,0.523694660280679,833,1.00623272050119,353,0.857789348992618,1029
"Myeloid","B_cell","VCAN","ITGA4",0.0711624906690818,579.75,0.176250313593385,847,1.63877109209276,149,1.08713283861347,292,0.857736611046429,1031
"Myeloid","Myeloid","SEMA4D","PLXNB2",0.071438983750786,551.25,0.207925801975809,653,1.29252005798139,243,1.10644576112994,277,0.857602725747433,1032
"B_cell","T_cell","HLA-DRB1","LAG3",0.0717162817607728,815.75,0.159747500944887,973,0.545664754040338,799,0.905130018762308,458,0.857570449859702,1033
"T_cell","Myeloid","A2M","LRP1",0.0722532187642604,532.75,0.213023358388171,623,1.95227313016627,72,1.31442849987407,161,0.838074082583281,1275
"B_cell","T_cell","HLA-DPB1","LAG3",0.0722732988098816,853.25,0.157748363234234,993,0.498622934328729,872,0.850897597458387,513,0.857497454550925,1035
"Myeloid","NK","TNFSF13","FAS",0.0723561774468505,667,0.295751275809138,227,1.25306654039566,266,0.87367685690737,489,0.805591644663788,1686
"T_cell","Myeloid","ARF1","INSR",0.0725530209749267,703.25,0.203601009930477,680,0.913243257442872,475,0.760414213288975,622,0.857423974033812,1036
"NK","T_cell","HLA-C","CD3G",0.073173091193243,636.5,0.161480309899592,963,0.297037044044277,1198,0.986034071937661,372,0.943065867621771,13
"Myeloid","NK","TNFSF13B","TFRC",0.0733970608193039,706.25,0.185274920949189,793,0.94984483364646,455,0.827420158539239,538,0.857105013527025,1039
"Myeloid","Myeloid","HLA-G","LILRB1",0.0733970608193039,745.5,0.150016955269798,1039,0.743820423656318,596,0.651000595847277,798,0.894339085362497,549
"T_cell","B_cell","BTLA","CD79A",0.0736285650812581,574.75,0.26239952170039,320,0.887567871889639,492,1.26045337260014,185,0.83575796078442,1302
"Myeloid","Myeloid","HSP90B1","TLR4",0.0739638308595553,523,0.265212223932914,309,1.3097985123765,235,0.859345165753022,507,0.857026820018232,1041
"T_cell","Myeloid","B2M","CD1C",0.0739638308595553,803,0.1499147746265,1041,0.568132064680825,768,0.610906195861978,868,0.8956812520225,535
"T_cell","T_cell","LCK","CD8A_CD8B",0.0749149080562292,626,0.240555588694386,418,0.216359746581729,1353,1.17141621125214,238,0.900349358770577,495
"T_cell","NK","B2M","KLRC2",0.0756838481099861,780,0.21564423367959,599,0.483708605143219,897,0.505839908364923,1047,0.891867835456039,577
"NK","NK","SPON2","ITGA4",0.0762637983187446,815.5,0.199772157200319,706,0.444405243500074,954,0.814408309908807,553,0.855966473040048,1049
"T_cell","NK","HLA-A","KIR2DL3",0.0765550201291667,831.5,0.238617715082426,427,0.52247622441621,837,0.504163472768837,1050,0.859954651041475,1012
"Myeloid","T_cell","LGALS9","CD44",0.0774336914258285,624,0.148766871345052,1053,0.613234598282441,713,0.815156130622765,552,0.92411135291713,178
"NK","Myeloid","CD52","SIGLEC10",0.0777282557778937,891.5,0.148745292155386,1054,0.555283092924222,782,0.585267432959807,903,0.872548756501052,827
"NK","Myeloid","B2M","CD1C",0.0780236597426832,859.5,0.148607360672966,1055,0.451589827545397,942,0.587544758638988,899,0.895271323847585,542
"Myeloid","Myeloid","BST2","LILRA4",0.0784137976138654,662.25,0.294781424529488,230,0.869519429085956,503,0.900355157018235,467,0.823240207865753,1449
"T_cell","Myeloid","PTPN6","CLEC12A",0.0786169928877411,615.25,0.181524212675211,814,1.48401870371738,189,0.961818418266581,401,0.85494817047627,1057
"B_cell","T_cell","HLA-B","CD3G",0.0787598972218936,869.5,0.155101807056404,1009,0.0448731261332752,1979,0.8878544463379,476,0.942987174763973,14
"Myeloid","T_cell","GNAI2","CXCR3",0.0804173091103333,752.25,0.212332261277429,627,0.452984389974253,939,0.978504681621646,380,0.854482485490199,1063
"Myeloid","T_cell","F13A1","ITGB1",0.0806516518130203,588.75,0.254664015698814,342,1.34719574447382,222,0.858895256481971,508,0.837099433842507,1283
"T_cell","Myeloid","IFNG","IFNGR1_IFNGR2",0.0807203414987157,628.5,0.221993435431576,545,0.743520149333966,597,1.04772746471871,308,0.854475191409761,1064
"Myeloid","Myeloid","HLA-F","LILRB1",0.0807203414987157,746,0.147847291989657,1064,0.646454213779854,670,0.620853156105361,847,0.908251793059797,403
"Myeloid","T_cell","HLA-DRB1","LAG3",0.0810242295073288,912.5,0.151901256318168,1029,0.497294331175315,877,0.722312515122751,679,0.854466867945871,1065
"NK","NK","SPON2","ITGB1",0.0819410433527518,756.75,0.217871085038194,574,0.475846085086582,904,0.884952245812781,481,0.853882777398642,1068
"Myeloid","Myeloid","VEGFA","NRP1",0.082470409934412,864,0.673049807626772,50,1.32737416388708,230,0.851562172538033,512,0.677226542553595,2664
"NK","Myeloid","CCL4L1","CCR1",0.082470409934412,634.75,0.391741807611325,132,0.854809487291058,512,0.901903382185174,464,0.824839906170333,1431
"NK","B_cell","TNFSF9","FCRL1",0.0829290706177604,513.25,0.292350194464016,236,0.853631181432925,513,1.41029466027486,118,0.845353982913908,1186
"Myeloid","T_cell","ALCAM","CD6",0.0831755382859316,498,0.403330816190705,126,0.750759822021012,584,1.22043964165559,210,0.853529714498785,1072
"B_cell","T_cell","HLA-DQA2","CD4",0.0834863293096741,617.5,0.146353870161231,1073,0.704384824323889,618,1.56678101574101,75,0.880023197616464,704
"T_cell","NK","HLA-E","KLRK1",0.0837979904896421,788.75,0.149766331370423,1042,0.401945365437299,1007,0.489392927621046,1074,0.939521972983378,32
"Myeloid","T_cell","C1QB","C1QBP",0.0838511709857751,715.5,0.243105405608291,403,1.19252447563659,297,0.846563588906107,515,0.809349838240555,1647
"Myeloid","NK","APP","RPSA",0.0841105234485038,931.75,0.156800398153245,1000,0.367202627899857,1075,0.519258779153201,1028,0.887054157023826,624
"T_cell","T_cell","HLA-C","CD3G",0.0843407397506981,648,0.160982475279757,964,0.275608395133083,1239,0.983669655338476,374,0.942982917379763,15
"Myeloid","Myeloid","PSEN1","NCSTN",0.084423929810439,930.75,0.157552810104153,994,0.468975802813452,915,0.687126155882173,738,0.853168663183342,1076
"Myeloid","Myeloid","ADAM10","NOTCH2",0.084423929810439,791.25,0.14538215950105,1076,0.583365943827937,744,0.716796217211004,691,0.884519004897383,654
"Myeloid","B_cell","LGALS1","PTPRC",0.0847382112011394,688.5,0.145347942194766,1077,0.493532777378429,881,0.713541901971416,696,0.929548695694313,100
"NK","NK","GZMA","F2R",0.0850533692478079,824.25,0.300885490978674,221,0.377899640956346,1053,0.560477603986354,945,0.853054302426266,1078
"NK","Myeloid","IRAK4","TLR4",0.0852462980518624,771.25,0.252713882620423,351,1.24586588791343,268,0.845298786494099,518,0.780085859388699,1948
"Myeloid","Myeloid","TIMP2","ITGB1",0.0857145418487716,606.5,0.259005778582144,327,1.18139966153777,302,0.845031107422375,519,0.837491965318754,1278
"Myeloid","NK","VCAN","SELL",0.0860041196183269,668.75,0.144736613350878,1081,1.57551518713624,169,0.954792736388092,411,0.859573389701,1014
"Myeloid","B_cell","APOE","ABCA1",0.0861843895634206,848.5,0.308286087798332,206,1.28967326189215,245,0.844272961881865,520,0.723698424787257,2423
"Myeloid","NK","CXCL16","CXCR6",0.0871289043869152,751.75,0.312655760738507,197,0.963943625028858,442,0.837864959431211,522,0.789476316857001,1846
"Myeloid","NK","LGALS9","PTPRC",0.0872841589440842,617,0.144196415423362,1085,0.67598845428002,638,0.755454906814765,631,0.928780248768229,114
"NK","NK","B2M","KLRC2",0.0876063889991969,839,0.213763589955084,614,0.367166368007791,1076,0.482478471141933,1086,0.891444738353199,580
"T_cell","B_cell","SEMA4D","CD72",0.0876063889991969,783.25,0.176530628446093,843,0.469793697336765,913,1.08722537231669,291,0.852550255417848,1086
"Myeloid","Myeloid","C3","CD81",0.0880798577589528,692.75,0.421319566891809,115,1.27287142188373,253,0.836950620295146,524,0.786669447608789,1879
"Myeloid","T_cell","ICAM1","SPN",0.0885784339482198,733.5,0.184778804071349,799,0.646438108222382,671,0.982873216050747,375,0.852446715896529,1089
"B_cell","B_cell","TNFSF9","FCRL1",0.0890372648435846,541.75,0.27537184215456,272,0.83804780701365,526,1.37015187866631,136,0.841402645797795,1233
"Myeloid","T_cell","HLA-B","CD3G",0.089915623024896,867.5,0.154785468943819,1012,0.0277924922753996,2032,0.955453467316325,410,0.942932268401494,16
"T_cell","NK","LCK","CD8A_CD8B",0.0900011407323066,657,0.257675153867504,331,0.243897744210566,1309,0.834375114858412,528,0.903391268401706,460
"Myeloid","Myeloid","B2M","LILRB1",0.0902164568627204,711.5,0.164125323870465,944,0.354738255133136,1094,0.731202679756524,662,0.925926202902472,146
"Myeloid","B_cell","LGALS9","PTPRK",0.0904855091744546,603.25,0.407827742434286,124,0.829538773755778,529,1.11034711147524,275,0.821347146214265,1485
"NK","NK","HLA-E","KLRK1",0.0905467684876271,797.75,0.149484857273635,1047,0.395419205390006,1016,0.478790978960815,1095,0.939468505864532,33
"Myeloid","B_cell","LY86","CD180",0.0909715004440595,789,0.279023889398537,258,0.829535176640283,530,1.03609854924307,318,0.769772994591345,2050
"B_cell","Myeloid","HSPA1A","TLR4",0.0909715004440595,558.75,0.256731854138527,334,1.2851156387573,247,0.831913193657256,530,0.849834166723731,1124
"Myeloid","B_cell","SPP1","CD44",0.0915431472121599,756,0.230953442401421,476,0.865980175648153,504,0.478552473182636,1098,0.864652002217113,946
"Myeloid","B_cell","PSAP","CELSR1",0.0924392298552508,604.75,0.366302748272952,145,0.821654408450469,533,0.899227219657937,468,0.838246971646055,1273
"Myeloid","Myeloid","LGALS1","PTPRC",0.0928844164143084,691.25,0.141616169341426,1102,0.424790982019743,977,0.799723895234188,571,0.928692249608195,115
"T_cell","Myeloid","HMGB1","THBD",0.0935605513245314,701.75,0.248775718431937,370,1.09025352970282,348,0.540456321310788,985,0.851413835601455,1104
"B_cell","Myeloid","IL16","CD9",0.0938999996883708,741.5,0.257970870393496,329,0.644029565478485,673,0.616145402750371,859,0.851205111239254,1105
"Myeloid","NK","TNFSF13B","HLA-DPB1",0.0938999996883708,702,0.14143552061196,1105,0.95627106757501,449,0.798001006308729,574,0.882276751110707,680
"Myeloid","Myeloid","C1QB","C1QBP",0.0939216316185822,556.25,0.34873683542348,154,1.32056231003931,231,0.828284908839449,536,0.835648735155319,1304
"Myeloid","B_cell","CD55","CR1",0.094240370883561,799.75,0.192180198521253,743,0.588445158213905,739,0.767271538853286,611,0.851069588954608,1106
"Myeloid","NK","LRPAP1","SORL1",0.094240370883561,979,0.141207288720496,1106,0.419428557549768,984,0.501138077185254,1054,0.875178321943887,772
"Myeloid","NK","APP","CD74",0.0945816665811406,925.25,0.141174884159658,1107,0.40714420710014,998,0.536827337589212,996,0.889805458880437,600
"Myeloid","NK","F11R","ITGAL_ITGB2",0.0952670381751796,1077.5,0.144546023132468,1084,0.39595265915688,1015,0.471380726868647,1109,0.8516394403305,1102
"Myeloid","T_cell","HLA-DMB","CD4",0.0952670381751796,660.75,0.141056116951997,1109,0.669313917237175,644,1.29753675606477,171,0.879119550409213,719
"Myeloid","Myeloid","COPA","P2RY6",0.0954187555047011,613.5,0.305209796226795,210,1.25952039911707,260,0.825239978976333,539,0.823591544655758,1445
"B_cell","T_cell","HLA-C","CD3G",0.0954845512882144,853.25,0.155985347801299,1005,0.0605134900499815,1908,0.882452498274316,483,0.942129257410603,17
"Myeloid","NK","SPP1","ITGA5_ITGB1",0.0959210769323448,719.25,0.316593835204394,192,1.09398724676179,345,0.824830951189472,540,0.794213304959534,1800
"B_cell","NK","HLA-DQA2","LAG3",0.0959561278690275,538,0.286644748914161,242,0.749408452065822,587,1.21915545525229,212,0.85065928464688,1111
"Myeloid","T_cell","LGALS9","PTPRC",0.0963020711970366,650,0.140537308958143,1112,0.60164912456339,726,0.753074490808931,636,0.927925443326372,126
"Myeloid","B_cell","SIRPB2","CD47",0.0969967632157649,555.5,0.294601695001826,231,1.21274346708838,280,0.7791349299276,597,0.850620947389397,1114
"Myeloid","NK","LGALS1","CD69",0.0969967632157649,799.5,0.140120632051418,1114,0.508714894977244,859,0.636057174242092,826,0.908664653442761,399
"NK","Myeloid","HMGB1","THBD",0.0976952069364611,710.75,0.245422952228526,392,1.07957859437665,359,0.545120265404955,976,0.850553510865225,1116
"NK","Myeloid","HLA-C","LILRA3",0.0980458398975985,722.25,0.223606320310757,534,1.01606968889223,401,0.468261251341634,1117,0.871578996223093,837
"B_cell","T_cell","HLA-DRB5","LAG3",0.0980458398975985,806.25,0.167309295762175,910,0.568717598785756,767,0.931539577125716,431,0.850242777386859,1117
"Myeloid","Myeloid","APP","NCSTN",0.0989695740968451,599.75,0.284037011875944,249,0.79722759470407,546,1.0363468255656,317,0.836911896490749,1287
"B_cell","Myeloid","HMGB1","THBD",0.0991034034406927,731,0.243629053758408,399,1.07386696732351,361,0.508252637127176,1044,0.850086646806033,1120
"T_cell","Myeloid","HLA-C","LILRA3",0.0994578184772478,729.75,0.22291695473093,541,0.994641039981038,418,0.46589683474245,1121,0.87140609511414,839
"T_cell","B_cell","TNFSF9","FCRL1",0.0994834352356164,651.25,0.229979757087825,480,0.796385233144657,547,1.24371101603252,197,0.829011279123231,1381
"Myeloid","NK","HLA-DQA1","LAG3",0.100169499493648,795.25,0.213912077697222,613,0.543518503707913,802,0.745434820657948,643,0.849838197179188,1123
"B_cell","T_cell","HLA-DQA1","CD4",0.100884993076819,598.25,0.138897426085143,1125,0.696601913887654,627,1.5986773546034,62,0.891523142795954,579
"NK","T_cell","HLA-B","CD3D",0.101047528782869,594.25,0.173848291210669,863,0.288371789861772,1215,1.0974718398273,281,0.941845614028219,18
"Myeloid","Myeloid","ADM","GPR84",0.101206910842968,899.75,0.856011651829987,24,1.47129057843114,192,0.736065486152051,656,0.659976608251374,2727
"Myeloid","Myeloid","APP","AGER",0.101555454834111,786.5,0.437711290645879,105,0.793314902282292,551,1.0963235460093,282,0.754248093610116,2208
"Myeloid","NK","NAMPT","ITGA5_ITGB1",0.101604312818779,898.5,0.138216080439959,1127,0.470714500038689,912,0.640693370068124,817,0.877874454275559,738
"B_cell","T_cell","HLA-DQB1","LAG3",0.101965411753424,728.75,0.181249830250067,818,0.630263062936292,691,1.10536713516533,278,0.849660619623342,1128
"Myeloid","Myeloid","IL15RA","AXL",0.10312692303799,818.75,0.427667982559034,109,1.18855420592852,298,0.814180804660099,554,0.73859556903047,2314
"Myeloid","T_cell","HLA-DPA1","LAG3",0.103419441034251,1051.25,0.137266024745807,1132,0.379573021889466,1046,0.579747743804186,915,0.850650809895832,1112
"NK","NK","GNAS","PTGDR",0.103785365280379,944,0.192236455904871,742,0.33467901677446,1133,0.566814050258163,933,0.863024580051502,968
"T_cell","Myeloid","HLA-A","APLP2",0.103785365280379,595.75,0.136977804793279,1133,0.672496979863677,641,0.817800221232175,550,0.933586434856753,59
"T_cell","Myeloid","CCL5","CCR1",0.104152259718309,674.25,0.277664941285499,262,0.649884845329928,666,0.753398479634385,635,0.849206709769853,1134
"NK","Myeloid","HLA-A","APLP2",0.104888966024539,619.5,0.136232054430273,1136,0.649848425460051,667,0.765649288673605,615,0.933416991892654,60
"Myeloid","T_cell","ICOSLG","CD28",0.105260487882415,665.25,0.409321178416425,122,0.539655865368585,812,1.24550059754283,196,0.818245468805722,1531
"Myeloid","Myeloid","NAMPT","ITGA5_ITGB1",0.10562957367798,923,0.136180788170746,1138,0.492115612450818,883,0.572086197037769,923,0.877076989499541,748
"NK","NK","HLA-B","KIR2DL3",0.106001344805592,858.5,0.231057623067278,475,0.534928660735699,817,0.460481944926265,1139,0.861023497435782,1003
"B_cell","B_cell","LY86","CD180",0.106314945744636,797.25,0.255685463003181,336,0.776530469211828,560,1.31580720842042,159,0.761941832025394,2134
"T_cell","T_cell","HLA-B","CD3D",0.106604559749565,621.25,0.17297146365965,867,0.244784506078498,1304,1.08325597567815,295,0.941706983570046,19
"Myeloid","Myeloid","F13A1","ITGA4",0.107391029995723,571.5,0.257754382650005,330,1.35316740155059,218,0.80506572623465,562,0.845925792429841,1176
"NK","NK","HLA-C","KIR2DL3",0.108252622296955,865,0.233118261031399,460,0.519758319192628,839,0.457592260327209,1145,0.85930992323578,1016
"NK","B_cell","SEMA4D","CD72",0.108252622296955,896.5,0.165426250047316,930,0.442843045611538,960,0.8170684509926,551,0.84841974776278,1145
"T_cell","NK","B2M","KIR2DL3",0.109010956508657,836.25,0.231790709409556,470,0.531417313793916,822,0.456950474432186,1147,0.86683147467929,906
"Myeloid","Myeloid","VEGFB","NRP1",0.109017775743109,856.25,0.481366623962133,91,1.09448028167123,343,0.803138498993757,565,0.723544145561059,2426
"NK","Myeloid","CCL3","CCR1",0.109017775743109,820.75,0.27840280676166,261,0.76995439297744,565,0.880325781507129,484,0.776804364808853,1973
"B_cell","T_cell","HLA-DOB","CD4",0.109391614222647,568,0.250917639383577,360,0.631747452368098,690,1.56792712103053,74,0.848200124679726,1148
"Myeloid","Myeloid","TNF","TNFRSF1B",0.109391614222647,1024.5,0.1347598202216,1148,0.458085749795263,932,0.500943625659327,1056,0.863401165558796,962
"Myeloid","T_cell","F13A1","ITGA4",0.110110705793464,592.75,0.248780855057686,369,1.33780967294797,224,0.802706747147442,567,0.843602415397762,1211
"B_cell","NK","HLA-DQB2","LAG3",0.110155919539524,551.5,0.279584311401873,257,0.752816055530575,580,1.20616584312045,219,0.8480813426145,1150
"T_cell","NK","HLA-C","KIR2DL3",0.110155919539524,877.5,0.232399570678815,466,0.498329670281434,875,0.455227843728024,1150,0.859123173487339,1019
"T_cell","NK","GNAS","PTGDR",0.111309878300299,991.75,0.188680669830872,772,0.32170824523898,1153,0.504435813977779,1049,0.861917307216214,993
"Myeloid","Myeloid","CD14","RIPK1",0.111473824916618,710.5,0.21339015536651,617,1.84353716758954,104,1.23660835669545,202,0.782783717037637,1919
"T_cell","T_cell","HLA-A","CD3D",0.112155648427495,584.75,0.17953652196792,828,0.275919353542284,1237,1.14115336766987,254,0.941356021537376,20
"NK","NK","HLA-A","KIR2DL3",0.112472879786391,868.25,0.237318604997322,435,0.499827670012584,869,0.452012540210266,1156,0.859625595604042,1013
"Myeloid","Myeloid","HMGB1","THBD",0.112472879786391,761.75,0.2353040268709,447,1.0473607577577,376,0.493047727131153,1068,0.847857707488992,1156
"B_cell","NK","B2M","KLRC1",0.113253261109772,754.25,0.212104451607844,630,0.319619433276811,1158,0.647769794030676,805,0.906523980148434,424
"Myeloid","NK","ARPC5","ADRB2",0.113644971115644,990.75,0.140070585881576,1115,0.486231734275803,893,0.6523025779221,796,0.84754969941514,1159
"Myeloid","NK","LGALS9","CD44",0.114037696352003,773,0.133673736494141,1160,0.487325781603719,892,0.650881583592371,799,0.920274041775747,241
"NK","Myeloid","FASLG","TNFRSF1A",0.11455018285159,648,0.412155397870873,120,0.757150654924165,575,0.986656926306795,371,0.81865592388833,1526
"Myeloid","Myeloid","ADAM10","GPNMB",0.11455018285159,616.5,0.333668508207277,172,1.21738657962854,276,0.796571309333222,575,0.823684599880637,1443
"Myeloid","Myeloid","PLAU","ST14",0.114639884064584,922.5,0.603393194656749,61,1.40796276831801,205,0.719524965077535,687,0.657751387243274,2737
"NK","NK","CCL5","CXCR3",0.114826199528342,904,0.185935673845158,790,0.420099208124046,983,0.449387339707326,1162,0.882220578891776,681
"NK","Myeloid","SPON2","ITGA4",0.114826199528342,931,0.174354031658423,858,0.380094819834059,1045,0.732158547957117,659,0.847372530192894,1162
"Myeloid","NK","C3","ITGAX",0.11511276783331,725.5,0.217809201552618,576,1.37164038872593,217,1.17943430163492,231,0.786779321366017,1878
"B_cell","NK","GNAS","PTGDR",0.115221980978185,1003,0.187276701732703,783,0.316586860244078,1163,0.491485701725224,1070,0.86147225357109,996
"Myeloid","T_cell","HLA-DPB1","LAG3",0.115221980978185,1093.25,0.134088797163343,1155,0.356802550217433,1089,0.549618776157241,966,0.847277912720107,1163
"Myeloid","NK","SPP1","ITGA4_ITGB1",0.116243056336324,629.5,0.304416300402412,212,1.08851936880807,351,0.79335244116771,578,0.829268087935857,1377
"NK","T_cell","CCL5","SDC4",0.11681534687429,699.25,0.294222069030155,232,0.505043327554717,864,0.83108587259777,534,0.846667565529512,1167
"Myeloid","NK","HLA-G","KLRC1",0.117216257177385,941,0.187994788237257,777,0.31230691424404,1168,0.58617149742837,901,0.866068844753566,918
"Myeloid","NK","SPP1","ITGAV_ITGB1",0.117380180555424,743.25,0.317659570008685,190,1.0910386228633,347,0.792257279114096,580,0.788726214580587,1856
"T_cell","NK","HLA-B","KIR2DL3",0.117618198539352,885.75,0.229892252453812,483,0.491341376952425,886,0.446266080777113,1169,0.860720691757671,1005
"NK","T_cell","HLA-A","CD3D",0.117700799054339,605.5,0.17855906852842,830,0.253270799138658,1283,1.0890024351113,288,0.941205152970436,21
"Myeloid","Myeloid","HSPA1A","TLR4",0.118021172726457,607,0.243538932654017,400,1.2604272718679,258,0.777113967285536,600,0.846436798350506,1170
"Myeloid","NK","LGALS3BP","ITGB1",0.118830226648711,922.5,0.212902481367005,624,0.446693203489637,950,0.560789830880301,944,0.846264103474627,1172
"Myeloid","NK","ADAM9","ITGB1",0.119236309923953,656,0.250918765140411,359,0.865863165456278,505,0.787168757506078,587,0.846243433314516,1173
"Myeloid","Myeloid","LGALS9","CD44",0.119236309923953,770,0.132596231678828,1173,0.47833710180977,901,0.667566191579132,761,0.91997663218411,245
"NK","Myeloid","HSPA1A","TLR4",0.119674988599342,648.5,0.226322749388174,509,1.22821003708777,273,0.789114208476294,584,0.841611275427657,1228
"T_cell","Myeloid","SEMA4A","PLXNB2",0.1200039249184,749.5,0.171000044174578,883,1.38586657795491,210,1.27892936620287,181,0.802415289659809,1724
"Myeloid","NK","ADAM17","ITGB1",0.120051597964233,1100.75,0.139158230631041,1123,0.35709600456985,1088,0.527415213942859,1017,0.845944373782878,1175
"Myeloid","NK","GNAI2","S1PR1",0.120051597964233,1111,0.132394815449257,1175,0.385333127484283,1034,0.459429936879945,1142,0.852047599933169,1093
"NK","Myeloid","GZMB","IGF2R",0.120832698471503,590.5,0.263654999924462,314,0.749949649946548,586,1.1576381244797,245,0.842758242930063,1217
"B_cell","T_cell","ICOSLG","CD28",0.121089756069577,798.75,0.30477880737293,211,0.403172959377719,1005,1.25252159382706,190,0.795279568542475,1789
"Myeloid","NK","LGALS9","CD47",0.122938068317153,786.5,0.13180180688175,1182,0.561129262445841,774,0.685693381073171,740,0.90399909800535,450
"Myeloid","T_cell","HLA-C","CD3G",0.123240015866268,1035.5,0.150737718849713,1034,-0.165363927750242,2641,0.91763866424011,445,0.941189283382432,22
"Myeloid","B_cell","LGALS9","PTPRC",0.123354630649155,799,0.131786511480414,1183,0.423865716192036,978,0.597209204455671,886,0.925745806439923,149
"NK","Myeloid","PTPN6","CLEC12A",0.125453343784597,675,0.155918876299755,1006,1.43695212318651,196,1.04546709659549,310,0.845263288322971,1188
"Myeloid","NK","IL18","IL18R1_IL18RAP",0.126127814310262,922.75,0.435541594659897,106,0.750786785165961,583,0.78104302387608,595,0.725686817550156,2407
"B_cell","T_cell","HLA-DQA1","LAG3",0.126300283184358,696.75,0.199104020385958,713,0.660985691308616,657,1.19008265067172,227,0.845203194329511,1190
"NK","T_cell","SPON2","ITGA4",0.127578723781022,959.5,0.168284025407382,900,0.364737091231435,1081,0.729799568869908,664,0.845066973698382,1193
"T_cell","Myeloid","IRAK4","TLR4",0.127924048671094,875.25,0.220613642892063,555,1.21175794563485,281,0.77840959826795,598,0.768212305071249,2067
"B_cell","T_cell","HLA-DRA","CD4",0.127924048671094,582,0.124699752867843,1256,0.74335667065836,598,1.65472729554187,54,0.906772603527229,420
"B_cell","T_cell","HLA-A","CD3G",0.128773303097939,968,0.152243924173511,1027,-0.0285846988988892,2280,0.82466687790905,542,0.941114847738807,23
"B_cell","NK","HLA-E","KLRK1",0.129730995578659,844.5,0.148046042457102,1062,0.362059347846283,1083,0.435144007498143,1198,0.939192916193485,35
"Myeloid","Myeloid","F13A1","ITGB1",0.129735951511228,577.5,0.27422136011256,276,1.37670230056713,212,0.776358467781914,601,0.842081557311168,1221
"Myeloid","T_cell","HLA-DQB1","LAG3",0.130164696815581,864.5,0.167448835826116,909,0.558506575345013,777,0.799265083162193,573,0.844531969037676,1199
"Myeloid","Myeloid","PLAU","ITGA5",0.130952612111844,786,0.455543000864424,98,1.29559816205085,241,0.775493975558618,603,0.754634737421131,2202
"B_cell","NK","BTLA","CD247",0.131035360650665,865,0.296628573599397,225,0.31165044062932,1173,0.615856262312956,861,0.844449091797906,1201
"B_cell","Myeloid","HLA-G","CD4",0.131910385062467,898.75,0.153767013362057,1016,0.38951745272036,1026,0.433623859395036,1203,0.911726768567543,350
"NK","NK","B2M","KIR2DL3",0.132349537025955,898,0.229769251494305,485,0.414875076658488,989,0.433589037209197,1204,0.866325098560062,914
"Myeloid","Myeloid","CD52","SIGLEC10",0.132789784586226,1009.5,0.129910700855064,1205,0.4808515299319,898,0.538326516204421,993,0.864828934778763,942
"Myeloid","B_cell","LGALS9","CD44",0.133231129563964,830.75,0.129886321386467,1206,0.455730691571805,935,0.571391907373937,925,0.919213241474043,257
"NK","NK","CLEC2B","KLRF1",0.133406929511058,659,0.295347561045855,228,0.728156121418509,607,0.904464266662496,460,0.83254549441488,1341
"Myeloid","Myeloid","IL1B","ADRB2",0.133406929511058,869.75,0.257047254800546,332,1.16329831467026,315,0.769656122206157,607,0.753146875698216,2225
"Myeloid","Myeloid","CALM3","INSR",0.134024891963408,756,0.242375713862371,407,0.906120299844554,482,0.769135129442486,608,0.818550149509059,1527
"T_cell","Myeloid","HSP90B1","TLR4",0.134117119062136,685.25,0.215353619072649,602,1.20702760034466,283,0.740783795538764,648,0.843788061591111,1208
"NK","T_cell","HLA-C","CD3D",0.134300664982499,600.75,0.175398719991639,851,0.273201448318702,1245,1.09458215522824,283,0.941060357305859,24
"Myeloid","Myeloid","ADAM10","TREM2",0.134454783761499,621.75,0.347344725030935,155,1.34520395345201,223,0.765551670857112,616,0.820909069124516,1493
"Myeloid","Myeloid","GNAI2","ADCY7",0.134561767231494,991.75,0.149565683979568,1043,0.492473221820986,882,0.628107127099959,833,0.843678922776682,1209
"NK","Myeloid","SPON2","ITGB1",0.136351425352084,929.75,0.185492868097621,792,0.403629718850595,1003,0.70345128950438,711,0.843557716345398,1213
"Myeloid","T_cell","HLA-DRB5","LAG3",0.137252919310688,980.75,0.150839890253744,1033,0.473048610542234,909,0.665592925061449,766,0.843525074245872,1215
"NK","Myeloid","LRPAP1","LRP1",0.137705338933253,613.5,0.167994224263676,906,1.89241601167026,90,1.164843262432,242,0.843326130047347,1216
"NK","T_cell","GZMA","F2R",0.138613532651462,845,0.255588024652378,340,0.333909177875843,1134,0.719476426850964,688,0.842530575619636,1218
"T_cell","Myeloid","IL16","CD9",0.139069310426263,853.75,0.225117131763487,522,0.578796102698583,750,0.571862667805273,924,0.842370346277742,1219
"T_cell","Myeloid","CD99","CD81",0.139526211266819,1158.5,0.129848767261541,1207,0.289823164956689,1212,0.429833298687243,1220,0.86159032847083,995
"Myeloid","Myeloid","ADAM10","AXL",0.139665766278056,608,0.320783594816278,185,1.19864092648342,291,0.76466982785564,617,0.832752953387095,1339
"B_cell","T_cell","HLA-B","CD3D",0.139822105751583,835.25,0.168470437312135,896,0.0210375304076996,2062,0.996402529628483,358,0.940979065965398,25
"Myeloid","Myeloid","LGALS9","PTPRC",0.140443389520137,805.75,0.128402925042568,1222,0.35512392083335,1092,0.683391197718443,744,0.924846867929611,165
"Myeloid","B_cell","CD14","ITGB1",0.141365082176413,718.25,0.127995259311416,1224,1.69574259458917,137,1.00160017914943,355,0.847623142462625,1157
"Myeloid","Myeloid","HEBP1","FPR3",0.1413666777263,930,0.743761334861962,39,1.33329191690342,229,0.660036767415499,779,0.675401685467983,2673
"Myeloid","NK","ADAM15","ITGB1",0.142756118024322,782,0.228838261124752,490,0.549004036046354,793,0.763981054588523,618,0.841853321247018,1227
"B_cell","Myeloid","B2M","CD1C",0.142756118024322,968.5,0.146696292414679,1070,0.281238142421497,1227,0.518943520044415,1029,0.894662986359188,548
"NK","T_cell","CCL4","CCR5",0.14368916144357,830.5,0.213422380380295,616,0.378382919582591,1050,0.936075854070776,427,0.841610791683734,1229
"Myeloid","T_cell","GNAI2","S1PR1",0.144157394575736,1161,0.127487723858393,1230,0.373601888315192,1062,0.4281803520797,1223,0.849651149486581,1129
"T_cell","T_cell","HLA-C","CD3D",0.145337629635314,613.25,0.174857975704358,854,0.251772799407508,1286,1.09221773862906,287,0.940974668013579,26
"T_cell","NK","CLEC2B","KLRF1",0.14544998216903,680.25,0.271967129910385,287,0.69762257856866,626,0.962215569818005,398,0.826717574652032,1410
"T_cell","NK","CLEC2D","KLRB1",0.145568961968615,836.75,0.218399304280335,569,0.277961910156018,1233,0.595569539620883,888,0.884285415177393,657
"Myeloid","Myeloid","HBEGF","CD44",0.145568961968615,954,0.201482592790344,694,0.485805399034342,895,0.421352164909759,1233,0.861793135802716,994
"Myeloid","T_cell","LGALS9","CD47",0.146041779970021,855.5,0.126924403960905,1234,0.540390873334772,810,0.585120360733013,904,0.902350363746178,474
"NK","B_cell","CD55","CR1",0.146515748846256,976.75,0.165229748229384,935,0.496134397352718,879,0.616273577436824,858,0.841237743187361,1235
"Myeloid","Myeloid","SPP1","ITGA5_ITGB1",0.146754936448207,743.25,0.311931852436392,198,1.11538835917392,334,0.756223778159117,628,0.792998359294181,1813
"NK","NK","GNAI2","S1PR5",0.146754936448207,797.25,0.220742840285497,553,0.696414940788553,628,1.00902639744117,346,0.808284565623193,1662
"B_cell","T_cell","HLA-DQB1","CD4",0.14746714668885,629.75,0.126442122320293,1237,0.665879285515331,649,1.51396183909701,87,0.894812763704891,546
"B_cell","Myeloid","GRN","TNFRSF1B",0.148067032989482,679,0.120718673661873,1301,0.695426914697686,630,1.11555626485878,266,0.896983232888388,519
"NK","NK","GZMB","IGF2R",0.14872576314831,711.75,0.217509899538767,585,0.692151535312266,631,1.12857990196237,259,0.829586157896384,1372
"Myeloid","Myeloid","TNF","TNFRSF1A",0.149383835078619,812.5,0.200796080714372,699,0.679375384273645,637,0.724791035017773,673,0.840897464326253,1241
"B_cell","Myeloid","HLA-A","APLP2",0.149865912412171,825.75,0.126166544725814,1242,0.344157331696928,1117,0.609861814761936,870,0.930991738741874,74
"Myeloid","NK","APP","PTGER2",0.150712698060262,800,0.391341754279629,134,0.689388120632826,634,0.946028714868591,416,0.77248398222572,2016
"Myeloid","T_cell","HLA-B","CD3D",0.150847240862305,842,0.168126833190578,903,0.00395689654982406,2138,1.06400155060691,300,0.940922346846819,27
"B_cell","T_cell","HLA-DMB","CD4",0.151805898989164,723.25,0.125790968959862,1246,0.580257196879136,747,1.54594901700486,81,0.872900433733932,819
"Myeloid","Myeloid","PLAU","IGF2R",0.152715778955882,838.75,0.384062963659602,136,1.23374852205626,272,0.752271574411129,637,0.738959001635646,2310
"NK","NK","SPON2","ITGAM",0.153387067059684,816.25,0.210372087220978,638,0.74499394941103,593,1.23105933272791,205,0.79098186458654,1829
"B_cell","Myeloid","LTB","CD40",0.153764659467793,1135.5,0.136337012600803,1135,0.363966837063261,1082,0.41263106510392,1250,0.853204725913454,1075
"Myeloid","T_cell","LGALS9","HAVCR2",0.154257297149355,934.25,0.125194596920579,1251,0.589818402439105,737,0.868444939423471,499,0.839973085800012,1250
"Myeloid","T_cell","HLA-DRA","CD4",0.154735043239679,653.5,0.11670478542696,1343,0.674611202564062,640,1.28733089438287,178,0.903933871231621,453
"Myeloid","Myeloid","APP","RPSA",0.155246122812987,1066.75,0.143608289744366,1092,0.271169510525038,1253,0.414793273701131,1245,0.882576194663149,677
"Myeloid","B_cell","PLTP","ABCA1",0.156090228505176,1002.25,0.263247696686833,316,0.880027395619875,496,0.748800712586852,642,0.700287077770262,2555
"Myeloid","T_cell","HLA-A","CD3G",0.156350943659654,1058,0.147262287293551,1067,-0.153963271609622,2627,0.855200855154773,510,0.940186216936435,28
"B_cell","T_cell","HLA-DQA2","LAG3",0.158136547226095,724.75,0.209792540937967,640,0.668768601744851,645,1.15818631180933,243,0.829730581893391,1371
"Myeloid","B_cell","C3","CD81",0.158822269753281,965.5,0.228183810969152,497,1.08772168060927,353,0.743162397477424,646,0.730733107287092,2366
"B_cell","NK","IGHG1_IGLC1","FCGR3B",0.158822269753281,992.5,0.208770869459581,646,0.75567881432948,578,1.10403413167655,280,0.716285178946696,2466
"Myeloid","NK","HBEGF","CD44",0.159249040759793,952,0.203119882637761,684,0.494794078828291,880,0.404667556922998,1261,0.862274413887791,983
"B_cell","Myeloid","ARF1","INSR",0.159249040759793,975,0.153288120271381,1020,0.769797867397762,566,0.501275779262079,1053,0.839179482695329,1261
"Myeloid","NK","HLA-DQB2","LAG3",0.16026175007121,751.25,0.243908932979892,397,0.639120869398595,682,0.73095716350777,663,0.839077047651259,1263
"Myeloid","NK","GNAI2","ADCY7",0.161279281797817,1026,0.139312540469333,1122,0.468596163361231,916,0.649383922979224,801,0.838938624410099,1265
"Myeloid","NK","CLEC2B","KLRF1",0.16158327699966,776.25,0.246705985318894,384,0.664632928533918,650,0.809165533369995,558,0.819623445508676,1513
"NK","Myeloid","HSP90B1","TLR1",0.161789860842428,1006.25,0.154944484299221,1011,0.512678533743844,853,0.590187314951482,895,0.838912880480366,1266
"Myeloid","T_cell","TNFSF13B","HLA-DPB1",0.161789860842428,932.5,0.126882848799274,1235,0.914310588631959,474,0.401998020215525,1266,0.876519900485403,755
"B_cell","T_cell","HLA-C","CD3D",0.161848742252952,822,0.169430132743804,890,0.036677894324406,2005,0.991000581564899,364,0.940092850699212,29
"Myeloid","T_cell","APOE","SORL1",0.162278064739006,779,0.247171947986026,379,1.12291715650688,330,0.739239855572784,651,0.799092597353882,1756
"Myeloid","NK","PLAU","ITGB1",0.162974669490917,632.5,0.321058949241974,184,1.20108465666968,289,0.738794281171377,652,0.826988021944997,1405
"NK","T_cell","SPON2","ITGB1",0.163328873660698,947.25,0.172263599939263,871,0.374123162757294,1059,0.785988078204437,590,0.838613238375611,1269
"NK","Myeloid","COPA","P2RY6",0.16367309256819,717,0.263514524186776,315,1.1930285453746,296,0.737443281854179,653,0.812666014846225,1604
"Myeloid","B_cell","SELPLG","SELL",0.16436096443948,974.25,0.123453323425477,1271,0.372003658891476,1066,0.420847275491374,1235,0.913434406361505,325
"Myeloid","Myeloid","LY86","CD180",0.164373335279089,1011.25,0.221389677009733,547,0.744105550762014,594,0.736826788409024,654,0.74863459912128,2250
"Myeloid","Myeloid","HLA-C","LILRA3",0.165918262351386,901.25,0.208730752777103,648,0.553668717097713,788,0.399865843644084,1274,0.867676770253216,895
"Myeloid","Myeloid","HSP90B1","TLR1",0.165918262351386,1040,0.153073633129031,1022,0.505997210617979,861,0.532107847671929,1003,0.838090373510684,1274
"Myeloid","Myeloid","HLA-G","CD4",0.169066031025855,999.25,0.142356031694448,1098,0.28489354125729,1219,0.397231355466936,1280,0.908574275879256,400
"Myeloid","NK","PLAU","ITGA5",0.169326092938603,902.75,0.312828617131833,196,1.18057957099061,303,0.731207365310928,661,0.718203658805817,2451
"T_cell","B_cell","GPI","AMFR",0.170656606023131,949.5,0.122019236760424,1283,0.381233910881271,1044,0.716225425294645,693,0.874879360419952,778
"Myeloid","T_cell","S100A4","CCR5",0.171723206565911,1016.5,0.150011834026075,1040,0.252718001349511,1285,0.718900822239611,690,0.855704396369117,1051
"NK","B_cell","TGFB1","CXCR4",0.171723206565911,1144.25,0.124161308609775,1265,0.332030532357512,1136,0.394882508060096,1285,0.867932396006125,891
"Myeloid","Myeloid","APOE","SORL1",0.171770623660813,628,0.345264835071789,158,1.2701477449672,254,0.729439123712721,665,0.824588014059043,1435
"Myeloid","NK","SECTM1","CD7",0.17291864925016,682,0.401190069671706,128,0.70409092913738,620,0.727744990062994,666,0.835092829359743,1314
"Myeloid","NK","HLA-B","KIR2DL3",0.174411581422817,1017.75,0.22345336948851,535,0.25051376742375,1290,0.427011655705872,1226,0.859009168839371,1020
"Myeloid","Myeloid","FN1","CD44",0.174411581422817,1016,0.20060216210031,702,0.437550984568334,965,0.394450825174553,1290,0.851048065713613,1107
"Myeloid","Myeloid","ARF1","PLD2",0.174953021703177,1116.75,0.169904726499205,888,0.382106233920982,1042,0.414483758249655,1246,0.836445976916792,1291
"B_cell","B_cell","ADAM28","ITGA4",0.176584908260823,749.5,0.121141219098983,1294,0.663882603144818,652,1.03157233996228,324,0.878730831170455,728
"Myeloid","Myeloid","MAML2","NOTCH2",0.177131398864567,1038.5,0.139424859977775,1121,0.510045103112494,855,0.59962967088643,883,0.836251510762561,1295
"NK","Myeloid","CALM1","KCNQ1",0.17822818443693,938.25,0.225911094538784,514,0.538591135811975,813,0.462298397470872,1129,0.836165510705713,1297
"Myeloid","Myeloid","F11R","ITGAL_ITGB2",0.17933005555826,1186.25,0.133936417358819,1157,0.341565265822058,1123,0.391181928965703,1299,0.846758618792097,1166
"Myeloid","Myeloid","LGALS9","CD47",0.17933005555826,866.75,0.120757512679618,1299,0.51416966646044,851,0.639123265509489,821,0.900133910983131,496
"Myeloid","Myeloid","ADAM15","ITGA5",0.179501036321833,857,0.324693232914055,181,0.643517541427527,675,0.800680748975765,569,0.774017922907723,2003
"B_cell","T_cell","HLA-DQB2","LAG3",0.180241632784568,743.75,0.204625074478359,676,0.672176205209603,642,1.14519669967749,250,0.826864895790412,1407
"T_cell","Myeloid","HMGB1","AGER",0.180437027924682,1137.25,0.16806858845853,904,0.287667402586404,1217,0.462895711947714,1127,0.835914111182274,1301
"Myeloid","NK","PLAU","IGF2R",0.18098407771938,905.5,0.316843969073581,191,1.17595040742198,308,0.723213351893797,677,0.719980811883595,2446
"T_cell","Myeloid","CD40LG","ITGAM_ITGB2",0.181728372325698,705.5,0.275816910027073,269,0.642048276418777,678,1.01893198449868,337,0.817771118311895,1538
"Myeloid","B_cell","APP","NOTCH2",0.182666339298215,826,0.174133908873028,860,0.65777400584399,659,0.885577087879105,480,0.835615857488004,1305
"Myeloid","NK","SIRPB2","CD47",0.183226880012049,750.25,0.234702416340792,449,1.06971852504156,362,0.599247020187043,884,0.835597126093052,1306
"Myeloid","B_cell","SPP1","S1PR1",0.183972366099962,720.25,0.344609520949409,160,1.05519605062703,372,0.721263950458293,681,0.807457714382817,1668
"Myeloid","B_cell","IL1B","ADRB2",0.184724071295904,976.25,0.203293281335874,682,1.11654303895719,333,0.837099383187435,523,0.73069697535475,2367
"Myeloid","Myeloid","ADAM9","ITGB1",0.184916244610219,838.25,0.2136292725455,615,0.793646799220291,550,0.605667801197676,879,0.835482560967601,1309
"Myeloid","T_cell","F11R","ITGAL_ITGB2",0.184916244610219,1261.75,0.119853376188401,1309,0.267765568923122,1257,0.427458134210181,1224,0.839411156106407,1257
"Myeloid","NK","ITGB2","CD226",0.185481953549749,1209.25,0.133885193741223,1158,0.344215904866175,1116,0.409134191822042,1253,0.835375518459175,1310
"NK","B_cell","SELPLG","SELL",0.185481953549749,975,0.119486317677871,1310,0.354116269386538,1095,0.454324916247349,1151,0.912134362049415,344
"Myeloid","T_cell","HLA-DMA","CD4",0.186048959490421,744,0.11947650049771,1311,0.547635298798022,796,1.14243625243461,253,0.888485593349281,616
"NK","Myeloid","CCL5","CCR5",0.186617264413145,1129.25,0.148216588541086,1059,0.406770540566816,1000,0.385284661367097,1312,0.848407433615008,1146
"Myeloid","Myeloid","ADAM9","ITGAV",0.187749459785527,904,0.337304233323528,168,0.918361152760472,472,0.72023637126421,686,0.742703920124739,2290
"B_cell","Myeloid","LY86","CD180",0.187749459785527,990.25,0.202871955488752,686,0.69110084333356,633,1.01653544758637,340,0.74032696759471,2302
"B_cell","T_cell","HLA-DMA","CD4",0.187757779135944,717,0.118981825739917,1314,0.54428690511276,801,1.37300102217983,135,0.888279891008338,618
"B_cell","T_cell","ICOSLG","ICOS",0.188576422420141,899.5,0.283800742827345,250,0.376968437981997,1055,1.11522927307028,267,0.771449841560543,2026
"NK","NK","HLA-C","KIR2DS4",0.188903513595657,976.25,0.241389677042555,414,0.465002705256129,921,0.384316962597715,1316,0.839600815445437,1254
"NK","Myeloid","HMGB1","AGER",0.188903513595657,1148.25,0.165803517386519,923,0.276992467260229,1236,0.467559656041882,1118,0.834981435936437,1316
"T_cell","NK","HLA-C","KIR2DS4",0.190631937083518,988.25,0.240645486384405,417,0.443574056344935,959,0.381952545998531,1319,0.839392793804541,1258
"Myeloid","NK","B2M","KLRD1",0.190804612381386,678.25,0.20226041527996,690,0.135398063971767,1588,0.963335854064926,397,0.938393871762072,38
"Myeloid","Myeloid","VEGFA","NRP2",0.19122092455995,997.25,0.686611314116043,47,1.24304080462323,269,0.606449613595135,876,0.622204090052484,2797
"T_cell","Myeloid","CD40LG","CD9",0.192343373210104,874,0.577747220025963,69,0.629358392474684,692,0.967982331697671,389,0.733730898742354,2346
"T_cell","Myeloid","CALM1","KCNQ1",0.192372194534179,959.25,0.220955474934039,551,0.505993166680255,862,0.474824324147189,1102,0.834640569334318,1322
"B_cell","Myeloid","HMGB1","AGER",0.193538967200368,1182.75,0.164591590492645,939,0.271280840207098,1252,0.430692027764103,1216,0.834475392415611,1324
"Myeloid","NK","ADAM9","ITGAV",0.194665520649887,1020,0.247309250430467,378,0.839460831980232,524,0.714434497494876,695,0.711954824361562,2483
"Myeloid","Myeloid","LGALS3BP","ITGB1",0.194711039353806,1127,0.181262657625921,816,0.37447683725365,1058,0.3792888745719,1326,0.835504396557461,1308
"Myeloid","Myeloid","MFNG","NOTCH2",0.194711039353806,1046.25,0.118010396327616,1326,0.459263051600821,931,0.509194409718718,1042,0.868278133817428,886
"Myeloid","Myeloid","ARPC5","ADRB2",0.195299067744367,1216,0.117724675962339,1327,0.443792888881922,957,0.396626026973835,1282,0.835979396496667,1298
"T_cell","Myeloid","HSPA1A","TLR4",0.195888427017114,771.25,0.202596749973574,688,1.18381075986527,300,0.664536433424593,769,0.834089701897656,1328
"Myeloid","T_cell","C3","CD46",0.196222969501506,753.75,0.250725975658439,362,1.05505797249799,373,0.713021094805068,697,0.813835717327013,1583
"B_cell","T_cell","BTLA","CD247",0.196479119178652,889.75,0.253737616679163,345,0.233978622312717,1325,0.805328377777365,560,0.83391355959126,1329
"Myeloid","NK","FN1","CD44",0.196479119178652,1018.5,0.202232297383105,691,0.446539664362283,951,0.377766217187792,1329,0.851560316384346,1103
"Myeloid","T_cell","LRPAP1","SORL1",0.196479119178652,1093,0.117576779620748,1329,0.344867642606418,1113,0.539959318109751,987,0.864826857564342,943
"T_cell","B_cell","SIRPG","CD47",0.196613501810485,781.75,0.200804188735236,697.5,0.23118336890822,1329.5,0.872924849746372,491.5,0.888902188837558,608.5
"B_cell","T_cell","CD47","SIRPG",0.196613501810485,781.75,0.200804188735236,697.5,0.23118336890822,1329.5,0.872924849746372,491.5,0.888902188837558,608.5
"Myeloid","NK","HLA-DQA2","LAG3",0.197664510202086,849.75,0.221601835234659,546,0.546490677256649,798,0.694535691180131,724,0.83356413422609,1331
"Myeloid","NK","LGALS3","LAG3",0.197787909179805,639.75,0.377036416313822,139,0.625675436659074,699,0.975492446807808,385,0.833137710042274,1336
"Myeloid","T_cell","CD58","CD2",0.198855256897755,784.75,0.202285430463124,689,0.230528758238187,1333,0.993085751119035,361,0.876443356247,756
"NK","Myeloid","IL16","CD4",0.198855256897755,1030,0.137321759294217,1131,0.398147483968836,1011,0.374450025990699,1333,0.885290413643428,645
"T_cell","T_cell","CD58","CD2",0.199452643655255,749.75,0.200859996753046,696,0.228522225938279,1334,1.22204466431312,209,0.876059953656852,760
"Myeloid","T_cell","HLA-C","CD3D",0.200168369324593,996,0.16373019693323,948,-0.189199523475817,2669,1.02618674753069,331,0.939121937366559,36
"Myeloid","T_cell","ICOSLG","ICOS",0.200598878526645,760,0.381147414713138,137,0.513451343972864,852,1.10820827678605,276,0.796404635206248,1775
"T_cell","Myeloid","ANXA1","FPR2_FPR3",0.200940296205756,852.75,0.26488487633223,310,0.877736296648055,498,0.709538012835424,703,0.784608342184176,1900
"Myeloid","T_cell","SIRPB2","CD47",0.201252881759063,821.5,0.226017116206651,512,1.04898013593049,375,0.498673999846886,1062,0.832990674309251,1337
"Myeloid","T_cell","HLA-DQB1","CD4",0.201855660466432,718.25,0.116814377992547,1338,0.594122797924051,733,1.20785978709387,218,0.891026872684104,584
"B_cell","Myeloid","CALR","SCARF1",0.202459792211796,880.25,0.240325233253687,420,0.774887285149273,562,0.370661884263554,1339,0.844502204780129,1200
"Myeloid","T_cell","SECTM1","CD7",0.202527760966671,685,0.34450067568934,161,0.61869634770834,705,0.925260496754147,436,0.824333888377881,1438
"B_cell","Myeloid","PTDSS1","SCARB1",0.203324314932554,843.25,0.234302511736399,451,0.988440477310227,424,0.706246802277531,706,0.794724799336713,1792
"B_cell","T_cell","HLA-DRB5","CD4",0.20428032591575,688.75,0.11671703311885,1342,0.604333821364794,724,1.3401342810574,146,0.895241636307153,543
"B_cell","T_cell","HLA-A","CD3D",0.205619086225277,940.75,0.165366226031782,932,-0.0524202946244648,2365,0.933214961199633,429,0.939045054582004,37
"Myeloid","Myeloid","SPP1","ITGAV_ITGB1",0.206529366230887,797.25,0.297775013119232,223,1.09438060013543,344,0.704407737844562,710,0.783290072806513,1912
"Myeloid","Myeloid","HMGB1","AGER",0.207341798647999,1219.25,0.158967345784673,982,0.244774630641283,1305,0.415487117768079,1243,0.832060197040582,1347
"Myeloid","Myeloid","HLA-A","APLP2",0.207341798647999,883.5,0.122038196644698,1281,0.218778758986195,1347,0.640395792007659,819,0.929915353076448,87
"NK","B_cell","TNFSF9","HLA-DPA1",0.207341798647999,853.25,0.116451977435781,1347,0.556544328873579,780,0.821446516345243,547,0.877864754708315,739
"NK","Myeloid","CD99","CD81",0.208575972614807,1090.75,0.146975017061971,1069,0.372088511289021,1065,0.366330791890203,1349,0.868813449171219,880
"Myeloid","T_cell","ITGB2","CD226",0.208575972614807,1158.5,0.127575240700027,1228,0.335180956941814,1130,0.570459481878413,927,0.832029028965052,1349
"Myeloid","T_cell","CD72","CD5",0.209195121644091,921,0.203418644053055,681,0.306581131703037,1184,0.898895233913236,469,0.831994128691763,1350
"Myeloid","T_cell","SPP1","ITGA4_ITGB1",0.209764604777786,768.25,0.248695338719048,371,0.997823831509108,417,0.701565986844088,714,0.814476670691084,1571
"Myeloid","T_cell","APP","CD74",0.20981564808994,999.75,0.143989001284614,1087,0.430852303497134,972,0.365610103449323,1351,0.890769389779735,589
"NK","T_cell","HLA-G","CD8A",0.20981564808994,982.5,0.124342104656714,1260,0.216594656095154,1351,0.595280786325246,889,0.906189522325177,430
"Myeloid","NK","APOE","SORL1",0.210578138985962,706.25,0.296848414588754,224,1.19747807145023,294,0.700418614648287,715,0.813391757709402,1592
"B_cell","NK","B2M","KIR2DL3",0.211060841398336,1023.25,0.226814453553795,506,0.244523391534588,1306,0.364987798614623,1353,0.865573867552955,928
"B_cell","Myeloid","HSP90B1","TLR4",0.211060841398336,831,0.180170821011886,823,1.13450715468296,325,0.637531626508196,823,0.831668640944491,1353
"Myeloid","Myeloid","HSPA4","TLR4",0.21139356508374,899.25,0.19805801023397,716,1.178714645471,304,0.727396651048966,667,0.783294565717745,1910
"B_cell","Myeloid","HLA-C","LILRA3",0.211685512348162,843,0.215997291966617,596,0.779546134897937,557,0.364679677678289,1354,0.869628946263652,865
"B_cell","B_cell","IL24","NOTCH2",0.211685512348162,1037.25,0.165966436594204,922,0.385001684378755,1035,0.624525000367073,838,0.831520250048002,1354
"Myeloid","NK","APOE","LDLR",0.212210884093698,947.25,0.375013385325552,140,1.16013967776355,317,0.699770532326575,717,0.689142943499126,2615
"Myeloid","T_cell","GSTP1","TRAF2",0.214198072540465,981,0.141528064175756,1103,0.555999133750859,781,0.720523061774112,682,0.831005744551979,1358
"B_cell","T_cell","HLA-DPA1","CD4",0.214198072540465,675.5,0.115369415198714,1358,0.583585410522776,743,1.33548692007869,149,0.903940909842261,452
"Myeloid","Myeloid","ADAM15","ITGB1",0.214829691935223,975.25,0.194830192262829,731,0.476787669810367,903,0.582480098280122,908,0.830846615700942,1359
"Myeloid","Myeloid","ICAM1","SPN",0.215462707173316,1033.25,0.133242286833974,1165,0.554226354267045,786,0.638556422297138,822,0.830676058723219,1360
"T_cell","T_cell","CD48","CD2",0.216097120309722,720.5,0.182193404648257,810,0.213279481233657,1361,1.07113333845384,297,0.90733104358331,414
"T_cell","Myeloid","PTDSS1","SCARB1",0.216325908298901,904.25,0.216439780949453,593,0.968014623695064,438,0.697041071046212,722,0.78818073192291,1864
"Myeloid","T_cell","HLA-A","CD3D",0.216502925511793,1015.5,0.15995520884491,970,-0.177798867335198,2657,0.963748938445356,396,0.938085930111621,39
"B_cell","NK","HLA-B","KIR2DL3",0.217370148504936,1042.75,0.223910045542387,532,0.267594401281626,1258,0.359412634727447,1363,0.859132757158532,1018
"Myeloid","T_cell","LGALS3BP","ITGB1",0.217370148504936,1126.5,0.168335086181137,899,0.344970281160349,1112,0.461825663271957,1132,0.830356574706871,1363
"Myeloid","T_cell","ADAM9","ITGB1",0.218008767681257,845.75,0.19839332864122,715,0.76414024312699,569,0.688204589897734,735,0.830334194546192,1364
"Myeloid","NK","LGALS9","SLC1A5",0.218648792990913,918.25,0.142782747955351,1095,0.63350548689796,688,0.836772423063755,525,0.830262443682023,1365
"T_cell","B_cell","CXCL13","CXCR5",0.219916826489898,754.5,0.43455464636489,107,0.501535433147195,867,1.08831822498661,290,0.799544203692689,1754
"Myeloid","Myeloid","ADAM15","ITGAV",0.220488406087502,996,0.307621927680778,207,0.601502023350548,727,0.697048668346655,721,0.736278804138251,2329
"NK","T_cell","HLA-G","CD8B",0.220577326352801,981,0.141916157900129,1101,0.20712367019071,1368,0.61776403791643,856,0.889810637230474,599
"Myeloid","T_cell","HGF","CD44",0.221222996836262,826.75,0.265257435747066,308,0.872949895675082,500,0.462020134806186,1130,0.829748215699035,1369
"Myeloid","T_cell","VIM","CD44",0.221936056317059,1016.5,0.0961469503965095,1551,0.311038510711277,1175,0.390859635949997,1300,0.938056322214629,40
"NK","Myeloid","CALR","SCARF1",0.223819864089839,933,0.227352873308765,501,0.709532312842075,616,0.355261028727874,1373,0.840823869636586,1242
"Myeloid","Myeloid","SIRPB2","CD47",0.225126837926795,834.5,0.215035595396945,606,1.02275892905616,396,0.552676904623361,961,0.829497369653859,1375
"T_cell","B_cell","SELPLG","SELL",0.225126837926795,891,0.114149170828428,1375,0.330050858188514,1140,0.72482303705342,672,0.910285887058198,377
"T_cell","Myeloid","LRPAP1","SORT1",0.225546241154757,954.75,0.215512569337799,601,1.01432572290739,403,0.68889968133688,733,0.767323159470397,2082
"B_cell","NK","HLA-C","KIR2DL3",0.226439527382676,1039.25,0.225185553882248,521,0.283234765198332,1222,0.354010686663864,1377,0.857204092824732,1037
"Myeloid","B_cell","ICAM1","IL2RG",0.227098020666564,1090.75,0.114025349811008,1378,0.358878503074415,1086,0.395556496504957,1284,0.888511714524457,615
"T_cell","B_cell","HMGB1","CXCR4",0.227363333507435,1309,0.0794426812988629,1802,0.185610611683373,1423,0.113567054010683,1970,0.937118903476533,41
"Myeloid","NK","GNAI2","CXCR3",0.227757949096825,1225,0.144914895345009,1079,0.344337635665738,1115,0.37860816956128,1327,0.829090722905141,1379
"Myeloid","NK","C3","CD46",0.228100925451434,747.5,0.256826655818188,333,1.06397915584264,365,0.687393815285754,736,0.815650024121095,1556
"T_cell","Myeloid","MFNG","NOTCH2",0.230412055978216,1004.75,0.11345399084092,1383,0.446974673015206,949,0.664946436926056,768,0.866010059709291,919
"Myeloid","T_cell","HLA-DQA1","LAG3",0.231747774545067,1013.25,0.156560196854884,1002,0.462878653386942,923,0.684465677214988,743,0.82881758235825,1385
"T_cell","Myeloid","ADAM10","GPNMB",0.232396993099536,838,0.232199013998742,468,1.07683535212951,360,0.685507439100932,741,0.795798158265808,1783
"Myeloid","T_cell","HLA-DQA2","CD4",0.2324178074281,872.75,0.113144532890557,1386,0.501467049514716,868,1.04216125166885,311,0.865758915011128,926
"Myeloid","B_cell","WNT5A","PTPRK",0.232784761288859,1021.5,0.720975218582876,42,1.04327881475306,382,0.606346528300069,877,0.630163814001807,2785
"Myeloid","B_cell","VCAN","ITGB1",0.233089292169404,800.25,0.127674989392484,1227,1.57950645979912,168,0.944672882451643,419,0.828530013471807,1387
"B_cell","NK","B2M","KLRC2",0.233762230864767,965,0.211014622409394,637,0.19681468288389,1388,0.41387723254736,1247,0.890816884137451,588
"NK","NK","HLA-G","CD8A",0.234436625611492,1003.25,0.144734389612521,1082,0.29490101332038,1201,0.346675266620742,1389,0.912448440868316,341
"B_cell","T_cell","HLA-DRB1","CD4",0.235868347690658,701.25,0.111441831570085,1408,0.581280976619376,745,1.31372472269399,162,0.900624843473094,490
"Myeloid","NK","HLA-E","KLRC1_KLRD1",0.236468567155513,769.75,0.18908165729852,768,0.195941076779594,1392,0.739633774304635,650,0.918112761387248,269
"Myeloid","Myeloid","ADAM17","ITGB1",0.236468567155513,1311.75,0.118477673687708,1322,0.284879638333863,1220,0.345914257634458,1392,0.835166648145784,1313
"Myeloid","T_cell","NAMPT","ADORA2A",0.238513688809719,1115.25,0.148585196318926,1056,0.379303425045946,1047,0.550613207921756,963,0.828062676825101,1395
"NK","B_cell","IFNG","IFNGR1_IFNGR2",0.239198334767363,1058,0.14912498553298,1048,0.375700942866925,1057,0.690494886574711,731,0.827955946246088,1396
"T_cell","Myeloid","GNAI2","FPR1",0.239967598703811,725.5,0.168378536308607,898,1.6853935308257,140,1.0508699335779,304,0.815452414253555,1560
"NK","Myeloid","ADAM10","GPNMB",0.240250760796864,827.75,0.237269709177998,436,1.08385906341611,358,0.676296735242912,750,0.797547806481688,1767
"Myeloid","Myeloid","SELPLG","ITGB2",0.240572047446106,937.75,0.112442362099285,1398,0.418723290567273,985,0.449633836892463,1161,0.922736528859166,207
"NK","Myeloid","TGFB1","ENG",0.241133014875743,996.25,0.271926281500448,289,0.578744300948341,751,0.682672149589692,746,0.754969294466504,2199
"NK","Myeloid","TNF","TNFRSF1A",0.241261118390526,914,0.165727785045572,925,0.629059849176225,694,0.75201285546194,638,0.827633759749281,1399
"Myeloid","Myeloid","GPI","AMFR",0.241261118390526,1132,0.112401546674467,1399,0.349156062045037,1104,0.447091000746632,1168,0.870316165475095,857
"Myeloid","Myeloid","ADAM17","RHBDF2",0.241951668556379,1038.75,0.139569821923527,1119,0.505723626325961,863,0.663301966376211,773,0.827376854258751,1400
"NK","Myeloid","HSP90B1","TLR7",0.243337215015652,864.75,0.219322059467524,564,0.757023944979993,577,0.577636004399025,916,0.827204440730532,1402
"NK","B_cell","HMGB1","CXCR4",0.243610085441044,1319.5,0.0783720272227896,1819,0.174935676357199,1459,0.118230998104851,1956,0.936717933977526,44
"Myeloid","Myeloid","TNFSF10","TNFRSF10C",0.243791335617965,909.75,0.422132711038258,114,0.955476495301271,450,0.673980453849318,754,0.737858633478057,2321
"Myeloid","B_cell","SEMA4D","CD72",0.244032215544487,1125,0.120961978760416,1296,0.334926956422681,1131,0.725835221710163,670,0.827174847716219,1403
"NK","Myeloid","TNF","TNFRSF1B",0.248938993538634,1130,0.111224514138969,1410,0.407770214697843,997,0.528165446103494,1012,0.851682603837891,1101
"B_cell","B_cell","HMGB1","CXCR4",0.249013990216124,1345.25,0.0777991734678397,1827,0.169224049304067,1477,0.0813633698270722,2032,0.936500147941453,45
"T_cell","Myeloid","SPN","SIGLEC1",0.249160066798657,933.25,0.310276176445368,202,0.886006739651901,494,0.668516740623362,760,0.744544673838896,2277
"T_cell","Myeloid","TNF","TRPM2",0.249160066798657,1031.75,0.19042173683693,760,0.797722092482156,545,0.685998825331846,739,0.7672275461369,2083
"T_cell","NK","HLA-A","CD8A",0.249645955091802,988,0.136193779642346,1137,0.238991010169293,1318,0.337404300932572,1411,0.929929373292059,86
"Myeloid","NK","B2M","KLRC1",0.250965102351526,1079.5,0.205674788225828,670,-0.0767752542791413,2446,0.666373581337616,762,0.905211561341754,440
"Myeloid","Myeloid","HSP90B1","TLR7",0.251775876525959,904,0.216673892070931,590,0.750342621854128,585,0.519556537119472,1027,0.826334526580613,1414
"B_cell","Myeloid","PSAP","SORT1",0.252488869712528,879,0.194077504113953,733,1.0034309420523,413,0.556893249522847,955,0.826329434357976,1415
"Myeloid","NK","GNAI2","F2R",0.25320337614895,910,0.232484577718068,465,0.471156788839208,911,0.620427293235145,848,0.826221743038714,1416
"Myeloid","Myeloid","ADAM10","TSPAN14",0.25320337614895,1242.75,0.114515704876139,1367,0.247269709674345,1299,0.335072016057302,1416,0.86804515173993,889
"NK","Myeloid","SPON2","ITGA5",0.253687170557994,812,0.309132164402261,204,0.570359590467754,765,0.921651940200023,438,0.789919660518793,1841
"Myeloid","NK","HLA-E","KLRC3_KLRD1",0.254598400484901,822.75,0.189489849373843,766,0.164103926599227,1495,0.684622604284339,742,0.916439163591282,288
"T_cell","Myeloid","CCL5","CCRL2",0.254636937331368,991,0.219747384943988,562,0.371760717133981,1067,0.576786175210826,917,0.826109660876991,1418
"B_cell","T_cell","HLA-DPB1","CD4",0.254636937331368,728.5,0.110047208388387,1418,0.534239156907767,819,1.25949230139007,186,0.900571355275606,491
"T_cell","Myeloid","LGALS9","LRP1",0.255355996361147,792.5,0.122022312395583,1282,1.89690472249395,87,0.976461248965876,382,0.825954236989551,1419
"Myeloid","T_cell","ADAM17","ITGB1",0.255355996361147,1321.5,0.110027899138057,1419,0.255373082240562,1278,0.428451046334515,1222,0.830010407081937,1367
"Myeloid","NK","TNFSF13","TNFRSF1A",0.25622302177017,840.25,0.150379576728449,1036,1.31200089337706,234,1.03684321352295,315,0.796355504871298,1776
"NK","NK","ITGB2","CD226",0.257522312939211,1335.75,0.122379798467539,1277,0.261836575388655,1266,0.330329522181497,1422,0.829103609117475,1378
"B_cell","B_cell","TNFSF9","HLA-DPA1",0.257522312939211,900.75,0.109688983131425,1422,0.540960954454305,806,0.781303734736696,593,0.874620893023892,782
"Myeloid","Myeloid","HGF","ST14",0.257722288438989,1042,0.600123172764942,62,1.16058371456595,316,0.549058531400577,969,0.579895390402843,2821
"NK","T_cell","ITGB2","CD226",0.258247472118749,1280.5,0.116612089881227,1346,0.252801627464294,1284,0.491654812237868,1069,0.825656232580031,1423
"T_cell","B_cell","CCL4","CNR2",0.258974161707462,815.5,0.216540257148153,591,0.550842638110713,792,0.909500289611238,455,0.825617568476103,1424
"Myeloid","B_cell","TNFSF9","FCRL1",0.259183639765874,790.25,0.188690144891052,771,0.758488064163741,574,1.15544933482078,246,0.814526301222788,1570
"Myeloid","T_cell","ADAM15","ITGB1",0.259702383857068,989.75,0.180934990332839,819,0.447281113717066,948,0.665016886980179,767,0.825583459491536,1425
"T_cell","Myeloid","ICAM2","ITGAM_ITGB2",0.261163434453384,970.25,0.109413010117474,1427,0.604379680652153,723,0.705543132296028,708,0.858841324593286,1023
"Myeloid","Myeloid","SPP1","ITGA4_ITGB1",0.262886785496501,754.75,0.262484736761863,319,1.02025597385707,397,0.661477082037664,775,0.818519247348774,1528
"NK","Myeloid","ARF1","PLD2",0.263366558434394,1270.5,0.149012317515243,1052,0.295580794683955,1199,0.327900728397155,1430,0.827271815322366,1401
"Myeloid","T_cell","HLA-DQA1","CD4",0.263366558434394,825.75,0.109218328833205,1430,0.49849487596598,874,1.09306038114667,286,0.879340655609897,713
"Myeloid","B_cell","LYZ","ITGAL",0.263754810724124,674,0.10478526748026,1473,1.77167037768406,118,1.03370674362988,320,0.874517450881006,785
"NK","Myeloid","SELPLG","ITGB2",0.264843031670968,937.25,0.108829178716729,1432,0.400835901062335,1009,0.483111477648438,1084,0.921564188187138,224
"Myeloid","B_cell","HMGB1","CXCR4",0.265190725731485,1389,0.0751407047796679,1869,0.142717839738253,1569,0.0661584598310485,2070,0.935458473087025,48
"NK","Myeloid","IL16","CD9",0.265583591950919,1111,0.174390518334625,857,0.478074760560688,902,0.410751847394081,1252,0.824669449428579,1433
"B_cell","Myeloid","CD99","PILRA",0.267814593425823,902.25,0.108355978358773,1436,0.848349258802723,519,0.6229042014337,842,0.873264191067157,812
"Myeloid","B_cell","HBEGF","CD44",0.268561374690289,1022,0.197364830580808,723,0.463198988796377,922,0.325177880704564,1437,0.860558826646557,1006
"T_cell","Myeloid","TNF","TNFRSF1A",0.270059621404406,929.75,0.158218354824433,989,0.618285416240508,706,0.788726754982189,585,0.82430107370168,1439
"NK","Myeloid","CD99","PILRB",0.270059621404406,1106.75,0.107776411776247,1439,0.300345344313278,1192,0.379862697858031,1324,0.902492876789287,472
"Myeloid","NK","HLA-E","KLRK1",0.270571325289542,1252,0.130085765497927,1202,-0.0543613575282263,2378,0.35249305794663,1379,0.935393358907119,49
"NK","B_cell","CALM1","KCNN4",0.270811091201327,1167.25,0.143724912568276,1089,0.20480445612515,1372,0.324970621286236,1440,0.875420858997826,768
"Myeloid","T_cell","CCL3L1","CCR5",0.272280918466502,888.5,0.290544580335132,240,0.554358875829577,785,0.89590350914368,470,0.768603364823998,2059
"Myeloid","T_cell","GNAI2","CCR5",0.272318734554404,915.5,0.191929452021629,749,0.435930954622841,967,0.863602126787698,504,0.823695221102532,1442
"NK","Myeloid","HLA-C","NOTCH4",0.272318734554404,1079.25,0.17477170730539,855,0.46019576995823,929,0.324301789657855,1442,0.852249906113594,1091
"NK","Myeloid","MFNG","NOTCH2",0.273832664110114,1101,0.10749087984399,1444,0.430892485928853,971,0.527715862741343,1015,0.8628465045111,974
"Myeloid","T_cell","ICAM1","IL2RA",0.274183152270081,1009.75,0.186394349463385,787,0.609980279387827,718,0.77795980962914,599,0.780974908616822,1935
"B_cell","Myeloid","LRPAP1","LRP1",0.275352897317998,783.75,0.126353335766657,1239,1.83807998145174,106,1.01376633034983,344,0.823575715224868,1446
"Myeloid","Myeloid","PLAU","ITGB1",0.275988568678595,781,0.273345796725904,279,1.12886829043369,328,0.557293324862975,954,0.815173862308275,1563
"B_cell","NK","COL19A1","ITGA1_ITGB1",0.276093201766558,836.75,0.330283645714444,174,0.553234348188293,789,0.75988843222867,623,0.798278887777344,1761
"T_cell","Myeloid","ADAM10","TREM2",0.276093201766558,825.75,0.241716256362273,412,1.20465272595298,285,0.654487800624823,789,0.792694127343736,1817
"T_cell","Myeloid","HLA-C","NOTCH4",0.2761153832511,1090.25,0.174232896062593,859,0.438767121047036,963,0.32193737305867,1447,0.852055398447309,1092
"T_cell","Myeloid","HSP90B1","TLR1",0.2761153832511,1240.25,0.124296536524932,1262,0.403226298586136,1004,0.413546477457671,1248,0.82345936879697,1447
"Myeloid","NK","GRN","TNFRSF1A",0.276879451651783,817.75,0.107203531881723,1448,0.992678665402423,419,1.11480403304671,268,0.848960406428407,1136
"Myeloid","Myeloid","PTDSS1","SCARB1",0.277051159136993,858.75,0.236988007605906,439,0.991511314920048,421,0.653881421966114,790,0.795652833183483,1785
"Myeloid","T_cell","TNFSF13","TNFRSF1A",0.277533467467501,919.75,0.130285460577379,1201,1.28392090090207,248,1.02709227647098,329,0.784477493439951,1901
"T_cell","Myeloid","ADAM10","AXL",0.278972942557293,845.75,0.22323243755758,537,1.05808969898439,370,0.65360595762335,792,0.80596290877178,1684
"NK","T_cell","COL6A2","CD44",0.279181173546822,1064.5,0.232329267121707,467,0.320940144530145,1155,0.440793895020079,1185,0.823225799126261,1451
"B_cell","T_cell","CD48","CD2",0.281497216508596,813.5,0.166245806782735,918,0.176101764707265,1454,0.93932630807044,423,0.903407547604718,459
"Myeloid","NK","SPP1","PTGER4",0.281870299555394,764.75,0.310602930159433,201,1.00553191146759,408,0.652410298059603,795,0.80872503760003,1655
"T_cell","Myeloid","ARF1","PLD2",0.282272423530848,1308.75,0.140162543095733,1113,0.258929654100572,1269,0.343653735643244,1398,0.822853491548622,1455
"T_cell","NK","HLA-F","CD8A",0.282272423530848,1043,0.138120522954974,1129,0.197975194881005,1385,0.316932094390248,1455,0.923042706326653,203
"T_cell","Myeloid","TNF","TNFRSF1B",0.283049230566963,1136.75,0.106184727192097,1456,0.396995781762127,1013,0.564879345623743,937,0.848729913311491,1141
"Myeloid","NK","FN1","ITGA4_ITGB7",0.283811666602698,905.75,0.275041308902626,275,0.637508984762476,684,0.651385638567931,797,0.787931421432401,1867
"T_cell","Myeloid","PSAP","SORT1",0.283827639817028,948.25,0.184732597522074,800,0.980048831705002,431,0.473731875393125,1105,0.822759914435099,1457
"Myeloid","T_cell","HLA-DRB1","CD4",0.283827639817028,760.5,0.105968194317693,1457,0.532910553754353,820,1.13090721905443,257,0.898348224129625,508
"T_cell","NK","CD48","CD244",0.284607653482643,1338.5,0.11387856897579,1380,0.217280684545981,1350,0.447628162163357,1166,0.822710731425407,1458
"Myeloid","T_cell","TNFSF12","TNFRSF25",0.285309731529525,911.5,0.392804030795291,130,0.348816452537436,1106,1.02497059381305,334,0.767720719388219,2076
"Myeloid","T_cell","TIMP1","CD63",0.285389273766918,964,0.105726688086692,1459,0.703046693322608,622,0.782777828869823,592,0.845400800095214,1183
"Myeloid","NK","VIM","CD44",0.28667824583636,1212.25,0.0863923667669828,1683,0.185129694032555,1424,0.226585088919603,1690,0.934874445795442,52
"Myeloid","NK","ADM","ADRB2",0.286738423897152,1037.25,0.296583044684692,226,0.805531758992498,542,0.650157711420909,800,0.6948116054393,2581
"Myeloid","T_cell","LGALS3","LAG3",0.286738423897152,787.75,0.275949334862258,268,0.545035586338103,800,0.914523303364848,450,0.810301101176713,1633
"Myeloid","Myeloid","APOE","LDLR",0.288444265317225,1085.25,0.277126648264454,264,1.10580536991648,336,0.535154880971288,999,0.655853946808793,2742
"NK","Myeloid","TNF","TRPM2",0.288699407448067,1020,0.19945961835802,711,0.808496525417872,539,0.649284925811597,802,0.771342509278201,2028
"Myeloid","NK","C1QB","C1QBP",0.289682844741286,883,0.209679726349364,643,1.15200858379227,321,0.64900992487694,803,0.797676332939178,1765
"B_cell","T_cell","COL4A3","CD44",0.290112858029081,1098.5,0.214321262785513,611,0.318619979639371,1160,0.450270925582322,1158,0.822369121716679,1465
"NK","T_cell","HLA-B","CD8A",0.290112858029081,995.75,0.113297772477704,1384,0.173137089263556,1465,0.542328292794504,982,0.925433899125017,152
"Myeloid","Myeloid","C3","CD46",0.290668246551932,737,0.272391399318863,284,1.08673988527705,355,0.648574347620214,804,0.820032647488999,1505
"Myeloid","T_cell","HLA-DRB5","CD4",0.290905786458043,803.75,0.105227772229797,1466,0.508664833121272,860,1.07418762899313,296,0.890281982933727,593
"T_cell","B_cell","CALM1","KCNN4",0.291700339184967,1194.5,0.140572141360347,1111,0.172206486993431,1467,0.337496547962553,1410,0.874206330795781,790
"Myeloid","NK","SELPLG","ITGAM",0.291700339184967,1076.25,0.10516188785804,1467,0.508768793717135,857,0.663979978988371,771,0.843607396796097,1210
"Myeloid","Myeloid","VIM","CD44",0.292035607278924,1212.25,0.0856959832167121,1698,0.176141014238606,1452,0.243269696906364,1646,0.934627632542631,53
"Myeloid","Myeloid","FABP5","RXRA",0.292644946215061,1028,0.261706736355547,323,0.575445647236873,754,0.647466212460013,806,0.752495243913289,2229
"Myeloid","B_cell","CD14","ITGB2",0.293636245300983,787.5,0.0988253408739505,1526,1.49471525875817,187,0.755595061222901,630,0.87336855720713,807
"Myeloid","NK","S100A4","CCR5",0.294093765328207,1394,0.112331378094875,1400,0.18652128305613,1420,0.312557790348593,1470,0.836912207089482,1286
"Myeloid","Myeloid","ICAM2","ITGAM_ITGB2",0.294093765328207,1044.25,0.104916826718964,1470,0.593507642824188,734,0.570393206556252,928,0.8562785426255,1045
"NK","Myeloid","ADAM10","TREM2",0.295624745031132,817.25,0.246994786338677,381,1.21167643723958,282,0.645277096766802,809,0.794463502456216,1797
"Myeloid","T_cell","ADAM10","TSPAN14",0.295697544926914,1222.75,0.104806015302719,1472,0.207904686095175,1366,0.485493152566233,1081,0.862887613155753,972
"NK","NK","NCAM1","PTPRA",0.29662194688159,1063.25,0.424345744085083,111,0.614397148176333,710,0.645136459416396,810,0.687322803203359,2622
"Myeloid","NK","FN1","ITGA5_ITGB1",0.297621117518899,949,0.269367911325704,299,0.642951645444006,677,0.644555018976194,811,0.773565465376887,2009
"NK","B_cell","SPON2","ITGA4",0.29811550205013,1299.5,0.12052552356835,1303,0.243903260197757,1308,0.469900534134216,1112,0.821937117209538,1475
"Myeloid","T_cell","PLAU","ITGB1",0.299522229407908,786.5,0.2538508971002,343,1.09936173434039,340,0.639830113563033,820,0.809534843802094,1643
"NK","Myeloid","ADAM10","AXL",0.299625367516656,834.5,0.228107323223471,498,1.06511341027098,363,0.64439525376533,813,0.807646514665571,1664
"T_cell","NK","B2M","CD247",0.300548257907695,998.25,0.136370515481691,1134,0.245832270245859,1301,0.31123930143769,1478,0.930406891445322,80
"Myeloid","T_cell","CD59","CD2",0.301362475546197,922.5,0.228948348204677,489,0.23531657551278,1323,0.962204931498228,399,0.821651322020328,1479
"NK","NK","HLA-F","CD8A",0.302178346417854,1046.5,0.138379680533249,1126,0.201511071488202,1378,0.31042256142132,1480,0.923109259377283,202
"T_cell","T_cell","B2M","CD247",0.302178346417854,1009.5,0.116652044554427,1344,0.168160451929256,1480,0.500711416902098,1057,0.925177463620164,157
"Myeloid","B_cell","VIM","CD44",0.302732937183553,1294.5,0.0839445878414994,1719,0.153534604000641,1529,0.147095412701169,1875,0.9339939787137,55
"Myeloid","Myeloid","HGF","CD44",0.302995872759028,997.75,0.236424521715395,442,0.738052399202411,604,0.314430195762553,1464,0.82146548449288,1481
"T_cell","Myeloid","SELPLG","ITGB2",0.304635900802949,855.25,0.103968058886412,1483,0.376770489864311,1056,0.753609598454508,634,0.919896671662119,248
"NK","NK","TGFB1","TGFBR3",0.304670487149979,866,0.290566239928792,239,0.534617186977774,818,0.872142460536766,494,0.783242792336709,1913
"NK","NK","CCL4","CCR5",0.305458406985985,1158.25,0.159814259055323,972,0.31218620128921,1170,0.529732822179758,1007,0.821366301458554,1484
"NK","Myeloid","HLA-DPB1","CD4",0.305458406985985,1084.25,0.103964620900995,1484,0.420117261071776,982,0.360353332799914,1361,0.897996565647483,510
"Myeloid","B_cell","MIF","CD74_CXCR4",0.308072914016683,1079.75,0.0916404042205947,1609,0.354013129037629,1096,0.281079499903389,1558,0.933885176999668,56
"Myeloid","Myeloid","ADAM10","IL6R",0.308765098465852,987.25,0.22313752360461,538,0.444029142462235,955,0.549255775185279,968,0.821101764370083,1488
"NK","Myeloid","ADAM10","NOTCH2",0.308765098465852,1060,0.103380396579275,1488,0.449838427615501,943,0.596521643120694,887,0.865932409505841,922
"Myeloid","Myeloid","CALM2","KCNQ1",0.309595949253702,917.25,0.236943758257792,440,0.608418782421032,720,0.52447250664397,1020,0.821052942010462,1489
"NK","T_cell","CCL4L1","CCR5",0.311262680075354,972.75,0.200754532462525,701,0.321507582309539,1154,0.82175628273752,545,0.820960867300349,1491
"NK","Myeloid","SPN","SIGLEC1",0.311816552203723,863.75,0.399702724839034,129,0.981295440549852,430,0.636861920281142,825,0.767875626547532,2071
"Myeloid","NK","ADAM15","ITGA5",0.311816552203723,1074.5,0.22297200231773,539,0.528498950367282,825,0.756394138728075,627,0.739471219581982,2307
"Myeloid","NK","SELPLG","ITGB2",0.313775383217598,1053.25,0.102779651942107,1494,0.336343961089754,1128,0.370829167251918,1338,0.919472084204827,253
"B_cell","T_cell","ICOSLG","CTLA4",0.314007098255696,968,0.262369203347383,321,0.365525194256781,1079,1.00653784147085,352,0.763580912338234,2120
"T_cell","Myeloid","CALM3","KCNQ1",0.315943504199482,1001.5,0.275212787137733,274,0.526495623456985,829,0.697374532409407,719,0.756650907242285,2184
"NK","T_cell","HLA-B","CD8B",0.316303268805001,997.75,0.129310860653915,1211,0.163666103359112,1497,0.564811544385688,938,0.912089037782237,345
"Myeloid","Myeloid","S100A8","CD69",0.316303268805001,940.25,0.102319952715127,1497,0.981920982890295,429,0.653445091387208,793,0.85648677634014,1042
"Myeloid","Myeloid","CALM1","KCNQ1",0.317149281756544,1205.25,0.192609783291048,737,0.319535759757666,1159,0.301975487585908,1498,0.82494727280551,1427
"T_cell","Myeloid","HMGB1","TLR9",0.317996990690653,1326,0.1323055953759,1177,0.293549720235181,1203,0.32939618156336,1425,0.820527380867815,1499
"Myeloid","T_cell","HLA-DQB2","LAG3",0.318018853672175,978,0.178514607370823,831,0.558481019077623,778,0.66998802006481,758,0.816874624174669,1545
"NK","NK","SELPLG","ITGAM",0.318846397872414,1084.25,0.101782652678408,1500,0.490881404212197,887,0.697457619744346,718,0.841440721848564,1232
"Myeloid","B_cell","TNFSF10","CCR6",0.31905949855086,772.25,0.339030622393307,166,0.524246588844646,832,0.871641969409607,497,0.813259856963006,1594
"T_cell","Myeloid","CCL4L1","CCR1",0.31905949855086,1048.25,0.208465335987308,650,0.610519303895079,717,0.62897405771368,832,0.774530795908205,1994
"Myeloid","B_cell","F13A1","ITGA4",0.319697505568424,897.75,0.178177594320216,833,1.21697584191429,277,0.54280771241175,980,0.820300409325144,1501
"Myeloid","NK","LILRB4","LAIR1",0.320530917626683,835.75,0.163084084237169,954,1.52854951524728,179,1.00116434190782,356,0.788894864712297,1854
"Myeloid","B_cell","FN1","CD44",0.320550316046789,1085.75,0.196502393525724,726,0.41494457433037,988,0.298276540969358,1502,0.849734526066306,1127
"B_cell","B_cell","CD52","SIGLEC10",0.320550316046789,1160.25,0.101507182861379,1502,0.373489279812974,1063,0.558255515331837,950,0.849748737988275,1126
"Myeloid","Myeloid","ADAM17","IL6R",0.321146731075662,932.75,0.272014863040069,286,0.523678534995092,834,0.68868365213747,734,0.786971752915974,1877
"B_cell","T_cell","BTLA","TNFRSF14",0.321404831577129,1329.75,0.150020324876889,1038,0.161911176682562,1503,0.390628175685701,1301,0.821877387579461,1477
"Myeloid","T_cell","ICOSLG","CTLA4",0.322170070359869,806,0.352364629352074,152,0.502008100247647,866,0.999516845186622,357,0.78916007476035,1849
"Myeloid","NK","HGF","CD44",0.322261054430576,998.5,0.238345757012817,429,0.74704107899636,589,0.297745587775792,1504,0.822058199233926,1472
"NK","NK","HLA-G","KIR2DL4",0.322261054430576,1038.75,0.228643081535531,493,0.38977489375532,1025,0.461765133985745,1133,0.820111159574243,1504
"Myeloid","T_cell","CD48","CD2",0.322261054430576,853.5,0.159936928997395,971,0.161394241236908,1504,0.904663325298172,459,0.901706326056003,480
"Myeloid","NK","ADAM15","ITGAV",0.323241890547798,1152.5,0.225546378713066,518,0.522601702570308,836,0.691246794577321,729,0.705066773285198,2527
"Myeloid","Myeloid","IL1B","SIGIRR",0.323241890547798,969.5,0.191975664428233,748,1.01802312188075,399,0.626182241984135,836,0.78498547417304,1895
"T_cell","Myeloid","ADAM10","NOTCH2",0.323978631198871,1072.5,0.101171052283367,1506,0.442814716328905,961,0.605732346978715,878,0.864673480425758,945
"Myeloid","Myeloid","APP","LRP10",0.324292444093649,1115.5,0.182422982554759,808,0.537073878538577,816,0.624832594116453,837,0.774074226145219,2001
"Myeloid","NK","APP","LRP10",0.324292444093649,1115.25,0.17770275798348,837,0.530675202852375,823,0.661157709897966,776,0.771773639768871,2025
"T_cell","T_cell","HLA-A","CD8A",0.32483998966354,977.75,0.117004819982444,1335,0.160684652944067,1507,0.586009820637077,902,0.924817168256716,167
"T_cell","Myeloid","SEMA4D","CD72",0.325703064550955,1321.75,0.109357262064436,1428,0.250988678574489,1288,0.498662976990861,1063,0.819846466611239,1508
"T_cell","Myeloid","CALR","SCARF1",0.326567858139806,977.75,0.22474761910352,525,0.696406997389842,629,0.296605227366542,1509,0.840051090278429,1248
"Myeloid","T_cell","PSEN1","CD44",0.326567858139806,1154.5,0.100823025080931,1509,0.225976815136337,1338,0.393421983632902,1294,0.902025097181862,477
"B_cell","T_cell","COL19A1","ITGA1_ITGB1",0.32745600564324,874.75,0.282904118418666,254,0.518141147805357,840,0.846419838774065,516,0.78552346948125,1889
"B_cell","NK","HLA-A","KIR2DL3",0.328302610544127,1132,0.219784312266884,561,0.194136576249461,1398,0.296225066298597,1511,0.854930261993807,1058
"Myeloid","NK","CD86","CTLA4",0.328514494679808,975,0.201615826075658,693,1.04441537665617,381,0.622956807081553,841,0.775524560820869,1985
"B_cell","NK","IL6","FCGR3B",0.329574968739738,1303,0.19742452553737,721,0.516993535271093,842,0.629358999028837,831,0.583133014949747,2818
"Myeloid","NK","HLA-E","KLRC2_KLRD1",0.33063742827423,879,0.188669129263238,773,0.134538701583134,1589,0.622687493562977,843,0.914819470202644,311
"NK","Myeloid","HMGB1","TLR9",0.330917686465512,1337.75,0.130522504439636,1196,0.282874784909006,1224,0.334060125657528,1417,0.819526128855646,1514
"Myeloid","B_cell","CCL4","CNR2",0.331701873729956,982.75,0.191574154145113,751,0.516077687762979,844,0.655809306985873,786,0.816622512783287,1550
"B_cell","Myeloid","GNAI2","FPR1",0.332073316551021,871,0.131342228593858,1189,1.63323157996601,152,0.992236124274386,363,0.79602474377262,1780
"NK","NK","HLA-B","CD8A",0.33266972862925,1015.25,0.131878770986634,1179,0.251443446488782,1287,0.29372277309,1516,0.930507319473167,79
"NK","T_cell","HLA-C","CD8A",0.33266972862925,1011.75,0.114308194415395,1370,0.157966747720485,1516,0.539438608195448,990,0.924444812945474,171
"Myeloid","Myeloid","TNF","TRPM2",0.333836724169103,909.5,0.24166563027474,413,0.858812060515292,510,0.62206310536743,846,0.787827401184415,1869
"Myeloid","B_cell","ADAM17","RHBDF2",0.335310824999594,1126.5,0.124372746971289,1259,0.448908664802573,945,0.657038879291642,783,0.818988348314727,1519
"B_cell","Myeloid","HMGB1","TLR9",0.336194675130011,1367.5,0.129568461148639,1208,0.277163157855875,1234,0.297192497379749,1508,0.818982965161836,1520
"NK","NK","SELPLG","ITGB2",0.336194675130011,1053,0.0994769666949389,1520,0.318456571584815,1161,0.404306808007893,1264,0.918254599263547,267
"NK","T_cell","CD58","CD2",0.337967616180001,1016.25,0.14912212914917,1049,0.155692671156731,1522,0.895013560954854,472,0.85896442291438,1022
"T_cell","Myeloid","NAMPT","INSR",0.338130275252241,897.75,0.175458961265911,850,0.899692426490128,483,0.70615732854118,707,0.816580394511194,1551
"Myeloid","T_cell","PKM","CD44",0.338856711697762,1017.25,0.0991058776594455,1523,0.300735950058264,1191,0.393652776900496,1293,0.933178612576267,62
"T_cell","Myeloid","CCL4","CCR1",0.339208634282392,1005.75,0.207988867326558,651,0.609454669555249,719,0.619857807561149,851,0.794084806837133,1802
"NK","NK","HLA-C","CD8A",0.339747560278681,1027.5,0.133054903583123,1167,0.236273104945711,1322,0.290833088490944,1524,0.929580409114033,97
"NK","Myeloid","ANXA1","FPR2_FPR3",0.340288982643873,785,0.336806275506941,169,1.00012708056448,414,0.618457729699086,852,0.8042123876964,1705
"Myeloid","T_cell","GNAI2","ADCY7",0.340640164225632,1266.5,0.104664112769546,1476,0.387908466666009,1029,0.51514828793331,1036,0.818671149628338,1525
"T_cell","NK","HSPA8","ADRB2",0.342430647436681,1330.75,0.0987685831459853,1527,0.16710956531631,1483,0.341748758535227,1401,0.866365067017619,912
"Myeloid","T_cell","IL15","IL2RA",0.342455648979713,1192.25,0.224035858975113,531,0.527824081160135,827,0.618137012283811,854,0.699825970840076,2557
"Myeloid","NK","YBX1","NOTCH1",0.344228179784134,1265.25,0.131882716037827,1178,0.326753635566413,1147,0.432777968521101,1207,0.818466687283128,1529
"T_cell","NK","HLA-C","CD8A",0.345129595157257,1040.75,0.132644702875782,1172,0.214844456034517,1358,0.28846867189176,1530,0.929479280434628,103
"T_cell","Myeloid","MAML2","NOTCH2",0.345129595157257,1187.75,0.108444447709585,1434,0.443762978247177,958,0.633001766683773,829,0.818312167783507,1530
"T_cell","B_cell","B2M","CD1C",0.346937735862014,1104.75,0.0975282228278501,1532,0.364979029774172,1080,0.529568270256255,1008,0.873820659426945,799
"Myeloid","Myeloid","IL16","CD9",0.348752971942042,1233,0.159345121949537,976,0.448201043108055,946,0.311443136724159,1476,0.818050847431261,1534
"T_cell","NK","SELPLG","ITGAM",0.349663256539922,1028.75,0.0972362830636455,1535,0.466815993014173,918,0.967955740550416,390,0.83836856525248,1272
"Myeloid","NK","ARPC5","LDLR",0.351489170448925,1104.75,0.160113748207734,966,0.438694918396673,964,0.558004166709663,952,0.817779129117749,1537
"Myeloid","NK","FN1","ITGA4_ITGB1",0.352304223320446,872.5,0.259006884830705,326,0.637483767490289,685,0.613076508954431,863,0.811301838855431,1616
"T_cell","NK","HLA-G","CD8A",0.352404804403583,1123.5,0.135014865326141,1147,0.184338606232697,1427,0.28639935612338,1538,0.909631681344537,382
"T_cell","T_cell","HLA-A","CD8B",0.353322226123224,983.25,0.133541848543966,1163,0.151213667039624,1539,0.608493072228261,874,0.911372502923032,357
"NK","B_cell","B2M","CD1C",0.354241437933394,1172.5,0.0966776745099391,1540,0.248436792638744,1296,0.506206833033266,1046,0.873336976419047,808
"Myeloid","NK","FN1","ITGAV_ITGB1",0.354514718968768,979.75,0.270274671743428,297,0.640003021545519,680,0.611981346900817,865,0.767688861074353,2077
"Myeloid","NK","ADAM10","NOTCH1",0.355162442161154,1390.5,0.123860716189631,1268,0.245242656587162,1303,0.3208159762391,1450,0.817223337997881,1541
"T_cell","T_cell","HMGB1","CXCR4",0.355872814450801,1639.75,0.0688808776150137,1985,-0.00451307505039365,2187,-0.0458074588185247,2322,0.932782348036025,65
"NK","NK","HLA-A","CD8A",0.356085241135073,1032.5,0.135452297759491,1143,0.216342455765667,1354,0.285253368374002,1542,0.929751302028509,91
"NK","Myeloid","TNFSF9","HLA-DPA1",0.356085241135073,1142.5,0.0966570199632705,1542,0.388148162819307,1028,0.474302044002414,1103,0.867520183751633,897
"Myeloid","B_cell","PSEN1","NOTCH2",0.357009837185234,1194.25,0.0965905340862718,1543,0.329522213953372,1141,0.536356418195682,997,0.851978965157167,1096
"NK","T_cell","S100A4","CCR5",0.35793623264323,1236.5,0.126257691952874,1241,0.148880382249548,1544,0.550257561036318,965,0.844731951421911,1196
"T_cell","NK","HMGB1","HAVCR2",0.35793623264323,1282.5,0.0965205325355946,1544,0.175185391590982,1457,0.324853864225824,1441,0.881765662357613,688
"NK","T_cell","HLA-C","CD8B",0.358864429842168,1012.25,0.130464091891644,1199,0.148495761816042,1545,0.561921859786632,941,0.910939973029717,364
"Myeloid","NK","ALCAM","CD6",0.359794431116664,976,0.236163401312815,443,0.541967962430002,805,0.471069048902441,1110,0.816818760952592,1546
"T_cell","NK","GZMA","F2R",0.359794431116664,1198.5,0.19199158130857,747,0.148252775229404,1546,0.510412114630839,1040,0.822608461664108,1461
"Myeloid","NK","ACTR2","ADRB2",0.360726238802845,1183.75,0.133558845322542,1162,0.382455110344879,1040,0.539989010991916,986,0.816812228308767,1547
"Myeloid","Myeloid","IL18","IL18BP",0.362314301299702,995.75,0.292808210755322,235,0.709727060225874,615,0.609534524220983,872,0.746260378861265,2261
"NK","Myeloid","CCL5","CXCR3",0.364471580439914,1338.75,0.103227837936546,1489,0.316216816499323,1164,0.283769405125604,1551,0.848051207378462,1151
"Myeloid","B_cell","ICAM1","IL2RA",0.364560720689765,1089.5,0.172023278229397,874,0.596538709242178,731,0.676075819752414,751,0.774035413357908,2002
"Myeloid","Myeloid","HMGB1","TLR9",0.365412455279361,1411.25,0.125140988701511,1252,0.250656948290061,1289,0.281987587383725,1552,0.816391455386774,1552
"Myeloid","T_cell","HLA-DPA1","CD4",0.367299668685566,861.25,0.0957584758417901,1554,0.415189244468504,987,0.988342447735865,367,0.895542126564127,537
"B_cell","NK","CD48","CD244",0.368246011947255,1484.75,0.103910647101597,1485,0.18010296801959,1440,0.315821131779955,1459,0.815931331047941,1555
"B_cell","Myeloid","LGALS9","HAVCR2",0.368246011947255,1317,0.095754315484807,1555,0.312082839662647,1171,0.501030024554693,1055,0.821124694499878,1487
"NK","T_cell","HMGB1","CXCR4",0.371702483816075,1652.5,0.0679525656399359,2000,-0.0151880103765684,2227,-0.0411435147243573,2315,0.93235572198163,68
"Myeloid","Myeloid","SELPLG","SIGLEC5",0.372049683562645,1120.5,0.183577948301397,803,0.540546579641348,809,0.38577141948954,1311,0.815496333014298,1559
"B_cell","NK","HLA-C","KIR2DS4",0.37300518787621,1158.5,0.233175504509118,459,0.228479151261833,1335,0.28073538893437,1560,0.837255852208186,1280
"Myeloid","Myeloid","ANXA1","FPR2_FPR3",0.374569274638601,777,0.35588157775697,150,1.03258808970242,388,0.580483902334349,913,0.808513179150714,1657
"NK","NK","HMGB1","HAVCR2",0.375882745910825,1294.5,0.0952197191706071,1563,0.164510456264807,1494,0.329517808319991,1424,0.881056525935975,697
"B_cell","Myeloid","IRAK4","TLR4",0.375912715494527,1078,0.170821721199553,884,1.15885179897056,318,0.626308621100297,835,0.744663097358305,2275
"T_cell","NK","HLA-B","CD8A",0.376845621488049,1050.75,0.131213622431016,1191,0.207856162705508,1367,0.279506908940848,1564,0.93034365935554,81
"T_cell","Myeloid","CD99","PILRB",0.376845621488049,1153.5,0.0952177757061749,1564,0.218079997980946,1348,0.44336520465507,1179,0.896904095763284,523
"Myeloid","NK","SPP1","S1PR1",0.377058912339461,848.25,0.280908286354216,255,0.983420918193348,426,0.598964181782348,885,0.791069312579323,1827
"T_cell","NK","HLA-G","KIR2DL4",0.377810345785751,1170,0.213288734929677,619,0.279212486667637,1229,0.401489223488384,1267,0.81492623040146,1565
"NK","Myeloid","COL6A2","CD44",0.378776921168779,1290.75,0.207075574356808,658,0.186042648057473,1421,0.293203955976446,1518,0.814696617338616,1566
"T_cell","NK","HLA-E","CD8A",0.378776921168779,1063.5,0.134474661617647,1151,0.187579884630525,1416,0.27851134036308,1566,0.92840930042922,121
"T_cell","NK","SELPLG","ITGB2",0.378776921168779,951.75,0.0950335861497337,1566,0.294391160386791,1202,0.674804928813963,752,0.916523095485498,287
"Myeloid","B_cell","LILRB4","LAIR1",0.379799115938962,918.5,0.139913574668901,1116,1.49951099687491,185,0.96719147331511,391,0.775852180944633,1982
"Myeloid","NK","ADAM17","RHBDF2",0.380715634657765,1176.25,0.117214664920166,1334,0.422147846842933,979,0.637528571911762,824,0.814553006398146,1568
"Myeloid","T_cell","ADAM10","CD44",0.380715634657765,1234.5,0.094826925571102,1568,0.196690904794457,1390,0.281679624302436,1554,0.906409502452747,426
"T_cell","Myeloid","SELPLG","SIGLEC5",0.381663708077946,1034.5,0.169742458117284,889,0.498593778938386,873,0.689747181051586,732,0.809528449234429,1644
"B_cell","T_cell","HMGB1","CXCR4",0.382226907681902,1676.5,0.0674558720648844,2007,-0.0208996374297,2256,-0.078011143002136,2373,0.932124011173563,70
"B_cell","NK","HMGB1","HAVCR2",0.38461537888076,1326,0.0945237186254496,1572,0.158798829211675,1513,0.292650180042212,1520,0.880671583196435,699
"NK","NK","COL6A2","CD44",0.385594978203796,1294.25,0.208758313946601,647,0.195031327851422,1395,0.276519347989685,1573,0.815306751525263,1562
"B_cell","NK","COL4A3","CD44",0.385594978203796,1314.25,0.192577310712095,739,0.192711162960649,1404,0.285996378551928,1541,0.81442034841137,1573
"Myeloid","Myeloid","IL16","CD4",0.386576447585361,1148.5,0.125474439149696,1247,0.368273766516203,1073,0.275141315320777,1574,0.880628963437938,700
"Myeloid","T_cell","GNAI2","F2R",0.387559789403907,966.25,0.197484676937497,719,0.427166325758705,975,0.779426116099755,596,0.814194922064071,1575
"T_cell","Myeloid","GNAI2","C5AR1",0.388545006039398,767.75,0.165728219971164,924,1.68237501389497,141,0.931769772345701,430,0.813995767729405,1576
"NK","Myeloid","PSAP","SORT1",0.389532099873311,1042,0.164171914887395,943,0.928603464600131,467,0.442609473108503,1181,0.813992112713923,1577
"Myeloid","B_cell","S100A8","ITGB2",0.390521073288631,912.75,0.0941101009733454,1578,1.01983048392783,398,0.723352394567821,676,0.861247637314282,999
"B_cell","NK","LGALS9","HAVCR2",0.392504668403003,1284.75,0.0939961030204168,1580,0.304914968400149,1187,0.614941724485594,862,0.819759634815194,1510
"NK","Myeloid","PSEN1","NCSTN",0.394495810476642,1386.5,0.0936752173754224,1582,0.290388563553199,1211,0.430981565086928,1214,0.817531097169441,1539
"NK","T_cell","HLA-A","CD8A",0.395494217596715,1025.25,0.116367808846903,1348,0.138036098540441,1583,0.533858888078506,1001,0.924627158296047,169
"B_cell","Myeloid","COL4A3","CD44",0.396494518627862,1316.25,0.191025001447354,755,0.183722483166699,1430,0.302680986538689,1496,0.813807954713974,1584
"Myeloid","T_cell","HLA-DPB1","CD4",0.396494518627862,893,0.093542002601142,1584,0.392418772796471,1021,0.95821348008892,405,0.893055594748496,562
"Myeloid","T_cell","VEGFA","CD44",0.397496715963651,1122,0.207850538308362,655,0.50876330409302,858,0.346461617248741,1390,0.813769500722974,1585
"T_cell","T_cell","HLA-C","CD8A",0.397496715963651,1033.25,0.113955788747198,1379,0.136538098809291,1585,0.537074191596264,995,0.924336909402344,174
"Myeloid","B_cell","S100A9","ITGB2",0.397496715963651,880.25,0.093447857191617,1585,1.06298470283938,368,0.753805886403917,633,0.865395734421488,935
"Myeloid","T_cell","HMGB1","CXCR4",0.397970593171279,1720.25,0.0651508434158083,2056,-0.0474058469955144,2350,-0.0932160529981596,2402,0.931015836572738,73
"Myeloid","B_cell","ARPC5","ADRB2",0.400514709757223,1310.5,0.0931059765223201,1588,0.397037613168849,1012,0.464069287955113,1125,0.819254791279087,1517
"Myeloid","Myeloid","PSEN1","NOTCH4",0.401591535966555,1041.25,0.251489156477089,357,0.571950573988617,764,0.582987047740451,906,0.761796421126795,2138
"Myeloid","B_cell","IL18","IL18BP",0.402781796867474,1168.25,0.216131186752464,594,0.617749634974303,707,0.582980658368726,907,0.716456060126957,2465
"Myeloid","NK","GNAS","ADRB2",0.404565395221295,1366,0.092939387138818,1592,0.217432678562303,1349,0.350692910053296,1381,0.848714521657926,1142
"T_cell","T_cell","CCL5","CXCR3",0.405582849344059,996.5,0.157420339907866,997,0.133636375699821,1593,0.788153935020679,586,0.873292352805546,810
"Myeloid","T_cell","GRN","TNFRSF1A",0.406602221381598,892.5,0.0928787128584179,1594,0.964598672927429,441,1.10505309599474,279,0.839532421990149,1256
"B_cell","NK","BTLA","TNFRSF14",0.407623513742596,1418.5,0.139040190823636,1124,0.133249043052829,1595,0.34167715696334,1402,0.816245598749915,1553
"B_cell","Myeloid","CALM1","KCNQ1",0.408646728837248,1237.75,0.191528149190442,752,0.312420791734375,1167,0.268945228366087,1596,0.82454028006979,1436
"B_cell","T_cell","IL16","CD4",0.408646728837248,1224.5,0.0927342290477059,1596,0.140455950425586,1576,0.664290593453898,770,0.863800083756298,956
"Myeloid","Myeloid","IRAK4","TLR7",0.408763180479654,1057,0.2328736982784,461,0.720759049243629,609,0.58115997129485,912,0.749399287595397,2246
"NK","Myeloid","BST2","LILRA4",0.408763180479654,1085.25,0.167107016067271,912,0.64395578305262,674,0.653695263999706,791,0.778104875675937,1964
"NK","Myeloid","SELPLG","SIGLEC5",0.409671869077263,1126.5,0.17767891896919,838,0.52265919013641,835,0.419249060245516,1236,0.813026521891129,1597
"NK","NK","HLA-E","CD8A",0.410698936875857,1077.5,0.134221927017197,1153,0.181053724583232,1437,0.267909391702849,1598,0.928346758140049,122
"Myeloid","NK","CD48","CD244",0.410698936875857,1541.25,0.0999673321642389,1518,0.165395444549233,1492,0.281158149007687,1557,0.813008340313352,1598
"NK","Myeloid","HSPA4","TLR4",0.412376078993757,1048.75,0.16673019404826,915,1.13823961685541,324,0.591776616747838,892,0.76832518050851,2064
"NK","Myeloid","ICAM2","ITGAM_ITGB2",0.413791729777976,1134.5,0.0924627712862089,1601,0.563392998963939,771,0.524999979982507,1019,0.84832679727837,1147
"NK","Myeloid","MAML2","NOTCH2",0.414826531973306,1273.25,0.100925366915013,1508,0.427676018274407,974,0.529395261501898,1009,0.812909223426611,1602
"Myeloid","B_cell","COPA","CD74",0.415863273815982,914.75,0.091905573521005,1603,0.47479502362825,906,0.561528665887506,942,0.922730030187676,208
"Myeloid","Myeloid","FN1","ITGA5_ITGB1",0.416007032958023,973.25,0.265401350953351,307,0.664352757856135,651,0.575947845945838,918,0.772263571789035,2017
"B_cell","Myeloid","BTLA","TNFRSF14",0.416901957728291,1448.5,0.137854954617679,1130,0.13015514653452,1604,0.298193260818862,1503,0.815602706109939,1557
"NK","Myeloid","PSEN1","NOTCH2",0.416901957728291,1158.75,0.0919047006846465,1604,0.434064614909564,970,0.572393985746226,922,0.848815790026256,1139
"T_cell","T_cell","HLA-B","CD8A",0.417942586134034,1041.25,0.112726339720525,1393,0.129549805480282,1605,0.528112428645353,1013,0.925259250463055,154
"T_cell","NK","ICAM3","ITGAL",0.417942586134034,1328.75,0.0938241311120388,1581,0.150615329591649,1543,0.264873168604469,1605,0.890947746831735,586
"Myeloid","T_cell","APP","LRP10",0.418437701236299,1163.75,0.166057118277517,920,0.514888523529906,846,0.655916039512723,785,0.765749337214103,2104
"NK","NK","B2M","CD247",0.420029686128574,1092.25,0.135181221663015,1146,0.129290033110431,1607,0.2878778642147,1532,0.930122774430375,84
"T_cell","B_cell","TNFSF9","HLA-DPA1",0.423174980503035,1054.5,0.0916079345600516,1610,0.499298380585312,870,0.654862872102909,788,0.864406651953037,950
"NK","Myeloid","HSP90B1","ASGR1",0.425777869601097,896.75,0.272535168485992,282,0.848042265851833,520,0.570572443172515,926,0.78850413523392,1859
"T_cell","T_cell","CCL5","CCR4",0.426337906498322,991.75,0.302825007316013,218,0.128585073547938,1613,0.745102803754175,644,0.820951261168261,1492
"NK","T_cell","HLA-A","CD8B",0.427396144665347,1025.5,0.132814804610254,1170,0.128565112635998,1614,0.55634213966969,957,0.911151778568657,361
"Myeloid","NK","HMGB1","HAVCR2",0.428456351646938,1377.5,0.0912937569812017,1615,0.132292619645861,1599,0.277445270046189,1570,0.878832569447351,726
"NK","NK","CLEC2D","KLRB1",0.430582681817028,1202.25,0.176096111921436,848,0.128174661880158,1617,0.291698652490312,1522,0.872806644444203,822
"Myeloid","NK","HGF","ITGB1",0.431949873271506,891.75,0.319319006196744,188,0.953705602917619,452,0.568327847494418,931,0.774427728341507,1996
"Myeloid","T_cell","SPP1","S1PR1",0.433190296211967,883,0.270496680090819,296,0.971689679024256,436,0.567714596982103,932,0.787930999911528,1868
"T_cell","Myeloid","HSP90B1","TLR7",0.434859075412028,1101.75,0.175940256916041,849,0.647571709822285,669,0.400995166905214,1268,0.810880919346331,1621
"T_cell","NK","ICAM2","ITGAL_ITGB2",0.434859075412028,1338.25,0.0910955248776199,1621,0.194617881926252,1397,0.339449144181759,1408,0.865649968290755,927
"B_cell","Myeloid","TNFSF9","HLA-DPA1",0.435933132512162,1210.25,0.0910436255849045,1622,0.372564788400033,1064,0.434159262393867,1202,0.86404412498502,953
"NK","Myeloid","CALM3","INSR",0.436923610262359,984.75,0.193119697059742,734,0.827586905516301,531,0.566200259486647,935,0.801065313308646,1739
"T_cell","T_cell","HLA-C","CD8B",0.437009177992597,1036.25,0.130061878509534,1203,0.127067112904848,1623,0.559557443187448,947,0.91081464334365,372
"B_cell","Myeloid","LGALS9","SLC1A5",0.437009177992597,1247.5,0.109565074648083,1424,0.366435416734478,1077,0.611544624978626,866,0.810779880042997,1623
"T_cell","Myeloid","PSEN1","NCSTN",0.437009177992597,1431.75,0.0909972760099355,1623,0.282901647798654,1223,0.381688003716409,1320,0.815357799220061,1561
"Myeloid","T_cell","HLA-DQA2","LAG3",0.438087214305854,1083,0.162188256601616,960,0.465850826935677,920,0.633566547737171,828,0.810772630273391,1624
"NK","NK","SPON2","ITGA5",0.43817206346886,1057,0.212285969310087,628,0.45534099940751,936,0.877365329952333,486,0.757040852435252,2178
"NK","Myeloid","CALM2","KCNQ1",0.439167243905962,1081.25,0.206559760200272,663,0.502666240288741,865,0.445312644758269,1172,0.810748499818682,1625
"Myeloid","B_cell","ADAM10","NOTCH2",0.439167243905962,1268,0.0908461472894668,1625,0.300236303611492,1193,0.424614058865216,1228,0.858251010065728,1026
"Myeloid","B_cell","HBEGF","CD82",0.440249269248465,902.5,0.26250546218927,318,0.617298062985464,708,0.556339826330908,958,0.810744069468209,1626
"NK","NK","ICAM3","ITGAL",0.442419316990379,1331.75,0.0940585692361596,1579,0.151644111936112,1537,0.252815264183847,1628,0.891068922851714,583
"Myeloid","NK","TGFB1","TGFBR3",0.443185952878236,1147.25,0.213355717656391,618,0.45221089991539,940,0.624191673660434,839,0.755881245974517,2192
"NK","T_cell","CALM1","FAS",0.443507344308434,1161,0.131595800957083,1187,0.125484819770257,1629,0.456091211832161,1149,0.882526500026372,679
"B_cell","NK","PTDSS1","JMJD6",0.443507344308434,1533.5,0.104155435459122,1479,0.16006616025358,1509,0.29350703469079,1517,0.810558064633369,1629
"Myeloid","Myeloid","ADAM17","ITGA5",0.444444444444444,1137.75,0.197448344381364,720,0.451609509951023,941,0.564114908330101,939,0.779403965478484,1951
"T_cell","NK","HMGB1","CXCR4",0.444893454833469,1758.5,0.0637569057364287,2091,-0.0967500123612459,2509,-0.0649511113854482,2352,0.930318066343323,82
"B_cell","Myeloid","TNF","TNFRSF1A",0.445689418146682,1105,0.131413657341449,1188,0.579826384478073,748,0.618349542529237,853,0.810452171550504,1631
"Myeloid","Myeloid","LIN7C","ABCA1",0.446967450665241,1119,0.197370461456701,722,0.59716475203415,730,0.561459875532353,943,0.767339416512699,2081
"T_cell","Myeloid","LTB","CD40",0.447879534016008,1443,0.102968005687159,1491,0.232761061568185,1328,0.251299805843331,1633,0.834740624305783,1320
"Myeloid","Myeloid","COPA","CD74",0.447879534016008,959.25,0.0902452128513627,1633,0.44556528278442,952,0.514530871629272,1037,0.922077587231773,215
"B_cell","Myeloid","HSP90B1","TLR1",0.448977613878578,1434.25,0.103989935860219,1482,0.33070585292444,1139,0.310294308427103,1482,0.810117701433694,1634
"NK","Myeloid","HLA-DPA1","CD4",0.448977613878578,1208.75,0.0901522676941642,1634,0.369969466176657,1070,0.279045291279848,1565,0.892686488431013,566
"T_cell","B_cell","CD52","SIGLEC10",0.451179829805264,1318,0.0900855773856186,1636,0.288794528979022,1214,0.435734823109063,1197,0.841968335794518,1225
"Myeloid","T_cell","PLAU","IGF2R",0.45331010047621,1148.5,0.21212322537774,629,1.08590649072855,356,0.559202373108441,948,0.677814326306281,2661
"NK","T_cell","HLA-F","CD8A",0.453390137145957,1044.5,0.11888273937723,1317,0.123204714262976,1638,0.559028081125824,949,0.917543593512068,274
"B_cell","T_cell","IL16","CCR5",0.456720812867522,1334.25,0.132733722559594,1171,0.121417975017599,1641,0.443965868374106,1177,0.832030249935327,1348
"Myeloid","NK","PSEN1","NOTCH1",0.457835105275535,1318.75,0.131692681374191,1184,0.274528566929043,1241,0.432558335569567,1208,0.809538783140008,1642
"Myeloid","Myeloid","GNAS","ADCY7",0.457835105275535,1342.25,0.0908308677412613,1626,0.21383350073125,1359,0.246199482778663,1642,0.877634115540878,742
"T_cell","Myeloid","PSEN1","NOTCH2",0.461190218739398,1202,0.0892773739856356,1645,0.426577699155019,976,0.523100424375706,1022,0.84694534907606,1165
"T_cell","Myeloid","FABP5","RXRA",0.4622741273225,1317,0.162883130170236,955,0.448129019935759,947,0.622567625298493,844,0.705757840887105,2522
"Myeloid","T_cell","LGALS9","SLC1A5",0.462312676921501,1126.75,0.107662530366113,1441,0.572753418779297,760,0.731376415091208,660,0.80943252483075,1646
"NK","T_cell","GNAI2","CXCR3",0.466823011125002,1338.75,0.110657633901183,1416,0.150664808118773,1541,0.678714118741551,748,0.809126431209081,1650
"NK","Myeloid","PTDSS1","SCARB1",0.467440589029513,1088.5,0.173123425415736,866,0.918482805305871,471,0.555358140205864,959,0.768940835292228,2058
"T_cell","T_cell","HLA-B","CD8B",0.467955732499972,1045,0.128658663704048,1218,0.120078819575839,1651,0.550595680236537,964,0.911886108823714,347
"Myeloid","Myeloid","TGS1","RXRA",0.468737222054642,1367,0.171073004145664,882,0.443966924952972,956,0.552959722090338,960,0.675861467921466,2670
"T_cell","Myeloid","CD40LG","CD53",0.469090513991999,1279.25,0.191778545879813,750,0.11967941171139,1652,0.404482941745264,1262,0.822945013497487,1453
"Myeloid","Myeloid","PKM","CD44",0.469090513991999,1221.5,0.0883332814359309,1652,0.165838453585593,1490,0.246062837856863,1643,0.929500224358805,101
"T_cell","T_cell","HLA-F","CD8A",0.470227358097437,1046.25,0.118660095686213,1320,0.119668837655779,1653,0.565537614094753,936,0.917472653760912,276
"Myeloid","NK","PTDSS1","JMJD6",0.470227358097437,1557.75,0.105349229711002,1464,0.163136997863401,1501,0.241141654379373,1653,0.81143150187006,1613
"T_cell","NK","HSPA8","LDLR",0.472507244141524,1484.5,0.112901705616061,1389,0.11957274943718,1655,0.24745034732279,1639,0.83957329355851,1255
"B_cell","Myeloid","TNF","TNFRSF1B",0.472507244141524,1330.25,0.0881953510994452,1655,0.358536749999691,1087,0.394502133170791,1287,0.836424431729086,1292
"NK","NK","HMGB1","CXCR4",0.475919653799984,1767.25,0.0628976498567369,2106,-0.107424947687421,2531,-0.0602871672912808,2344,0.929876975457087,88
"T_cell","T_cell","S100A4","CCR5",0.477091877598028,1227.5,0.119279320470396,1313,0.118375492714807,1659,0.711635373566707,699,0.840966624035267,1239
"B_cell","NK","HLA-G","KIR2DL4",0.479396665085139,1363.5,0.195792016233505,728,0.153223450152911,1534,0.288112701469157,1531,0.808384362772727,1661
"T_cell","NK","ICAM2","ITGAM_ITGB2",0.479396665085139,1263.75,0.0873819820293183,1661,0.322234698527352,1152,0.50743366359525,1045,0.844654922460866,1197
"T_cell","NK","SIRPG","CD47",0.479839620812988,1054,0.159976093508968,968.5,0.0881584268613932,1776.5,0.693036940005815,726.5,0.877172558907611,744.5
"NK","T_cell","CD47","SIRPG",0.479839620812988,1054,0.159976093508968,968.5,0.0881584268613932,1776.5,0.693036940005815,726.5,0.877172558907611,744.5
"Myeloid","T_cell","CCL3","CCR4",0.480331675523523,905.5,0.424938207302519,110,0.39022748290797,1023,0.917436085690876,446,0.7702317540141,2043
"Myeloid","B_cell","BAG6","NCR3",0.480497217243881,1105.5,0.199952724963125,704,0.435264932745298,969,0.702189551890278,712,0.770792567548747,2037
"Myeloid","NK","ADAM10","TSPAN14",0.482869491212944,1399.25,0.100246384955022,1515,0.1894190326876,1411,0.236379182059062,1664,0.86023503302166,1007
"Myeloid","NK","ADAM28","ITGA4",0.482869491212944,1298.25,0.0873118627695182,1664,0.310542654210786,1177,0.368673808827313,1344,0.860173374970288,1008
"NK","Myeloid","HLA-B","CANX",0.485195167881031,1160.75,0.0875022260217049,1660,0.292122780405642,1209,0.236166400149696,1666,0.929147857463404,108
"Myeloid","NK","PKM","CD44",0.486216448518244,1219.5,0.0890510962251942,1647,0.174827133379542,1460,0.229378229870103,1681,0.929764941384705,90
"T_cell","T_cell","CCL5","CCR5",0.487529235434998,1175,0.142293966040793,1099,0.116582940348409,1668,0.673251380186732,755,0.845766388933818,1178
"T_cell","Myeloid","COPA","P2RY6",0.488427485063641,944.5,0.207143365884916,657,1.10313291381464,338,0.545355886502745,975,0.79365158931589,1808
"NK","NK","TGFB1","ITGB1",0.488699422092703,1290.5,0.131309726912869,1190,0.275756735247743,1238,0.496837985992386,1065,0.807414775076744,1669
"NK","T_cell","TGFB1","CXCR4",0.491046113779809,1425.25,0.107654220162786,1442,0.141906845623745,1573,0.235507995230888,1671,0.859539600016443,1015
"NK","NK","CD99","PILRB",0.493401246793826,1315,0.086927272975311,1673,0.201023920813277,1379,0.247384176174054,1640,0.892615672634587,568
"T_cell","NK","GNAI2","S1PR5",0.495091182266805,1061.75,0.159097893509461,980,0.604529664771465,722,0.766198594201338,614,0.781625230290127,1931
"B_cell","Myeloid","IL6","IL6R_IL6ST",0.496429935136897,1129,0.307330597806795,208,0.421787442028392,981,0.616040271703702,860,0.716273914897435,2467
"T_cell","Myeloid","CALM2","KCNQ1",0.496949818037899,1162.75,0.195078655189389,730,0.462705862490859,924,0.381578615031339,1321,0.806322223454991,1676
"NK","T_cell","HLA-F","CD8B",0.498136917701709,1048.75,0.135685186121289,1140,0.113733728358533,1677,0.581511332717008,911,0.902934739075777,467
"Myeloid","NK","GNAI2","IGF1R",0.499113452900784,1169.5,0.158903322163234,983,0.484605102283772,896,0.611050935475715,867,0.781538532355644,1932
"T_cell","Myeloid","PTPN6","CD300LF",0.500517496105601,989.75,0.178031836593599,835,1.02464930495451,394,0.503236977296577,1051,0.806167835438688,1679
"Myeloid","Myeloid","SPINT1","ST14",0.50161931214539,1108.5,0.479760008540438,93,0.821424099645951,534,0.527544757817973,1016,0.627171054637798,2791
"NK","Myeloid","NAMPT","INSR",0.502906596856453,1024.5,0.152982624279226,1023,0.853434820857524,514,0.604765853247797,880,0.806091131127109,1681
"T_cell","Myeloid","BST2","LILRA4",0.503153756783013,1119,0.15850542698298,986,0.628759270149978,695,0.656705178837517,784,0.773509274756693,2011
"Myeloid","Myeloid","ICAM1","IL2RG",0.50410434945963,1314.75,0.086423715181152,1682,0.234655969504383,1324,0.316426780083656,1457,0.874027584085098,796
"Myeloid","Myeloid","GNAI2","S1PR4",0.505857308560738,1192.25,0.158305369304751,988,0.460914819248122,927,0.644517977921848,812,0.770234088146995,2042
"T_cell","T_cell","HLA-F","CD8B",0.506506271829996,1048.75,0.13543107479434,1144,0.110197851751335,1684,0.588020865685937,898,0.9028525616015,469
"B_cell","NK","B2M","CD247",0.506742328951279,1324,0.13344281152864,1164,-0.0410616520134697,2327,0.219276625620126,1711,0.929700982332153,94
"NK","Myeloid","SEMA4D","CD72",0.507710446685122,1521.25,0.102478317434221,1496,0.224038026849263,1340,0.228506055666767,1685,0.814998626369452,1564
"NK","B_cell","HSP90B1","TLR1",0.507710446685122,1333.75,0.0981737242477878,1531,0.328957496003824,1142,0.543637644072066,977,0.805651353103178,1685
"T_cell","T_cell","CCL5","SDC4",0.508916767381356,1291.75,0.170008412334206,887,0.109933740821976,1686,0.569955955850757,929,0.807594716433188,1665
"NK","Myeloid","CRTAM","CADM1",0.509248013195745,1081.75,0.313732322114742,194.5,0.413825189341182,990.5,0.543339177231558,978.5,0.75855181055361,2163.5
"Myeloid","NK","CADM1","CRTAM",0.509248013195745,1081.75,0.313732322114742,194.5,0.413825189341182,990.5,0.543339177231558,978.5,0.75855181055361,2163.5
"NK","Myeloid","TGS1","RXRA",0.509927655839753,1379.75,0.169367952484499,891,0.442061847037931,962,0.539329150983676,991,0.674763298113085,2675
"NK","Myeloid","LTB","TNFRSF1A",0.510125236466445,1447.25,0.0877160433424478,1658,0.387293572525204,1031,0.227589002384677,1687,0.826432686883768,1413
"T_cell","Myeloid","GPI","AMFR",0.510125236466445,1261.75,0.0861480910556771,1687,0.201969528014293,1377,0.573472938432911,921,0.854551184734086,1062
"T_cell","T_cell","HLA-E","CD8A",0.511335856489649,1064.5,0.115527916297587,1355,0.1092735274053,1688,0.527116860067584,1018,0.923195353637256,197
"Myeloid","T_cell","ENTPD1","ADORA2A",0.512651231201495,1128,0.16822529309134,901,0.409894302665504,993,0.6556386397486,787,0.790484597784239,1831
"B_cell","Myeloid","CALM2","KCNQ1",0.51498064770322,1173.75,0.192422328306861,741,0.453460426125641,938,0.37967722064186,1325,0.805249432380687,1691
"NK","B_cell","LTB","CD40",0.516199897001711,1304.75,0.0859710771335262,1692,0.37866678518248,1049,0.533502075906993,1002,0.82191867685379,1476
"B_cell","NK","HMGB1","CXCR4",0.516971480715534,1792.75,0.0624379047643262,2116,-0.113136574740552,2549,-0.0971547955690595,2410,0.929637414651643,96
"B_cell","NK","CLEC2D","KLRB1",0.517421310007289,1266,0.170128893566894,886,0.107045920351504,1693,0.248654870082877,1638,0.870880770172109,847
"B_cell","NK","HLA-E","CD8A",0.517421310007289,1134,0.132930020259428,1168,0.14769386703951,1550,0.224262420240177,1693,0.928024412367304,125
"Myeloid","T_cell","HBEGF","CD82",0.519870637374532,979.75,0.243211155617153,402,0.588022426714069,740,0.484889156202883,1082,0.80481761634253,1695
"NK","Myeloid","CCL4","CCR5",0.52109855685739,1367,0.128453355816431,1221,0.273460933068257,1243,0.386979218504128,1308,0.804774786532852,1696
"T_cell","T_cell","HLA-G","CD8A",0.52232865028972,1127.5,0.115992008254152,1350,0.106032249007471,1697,0.535004875827884,1000,0.903192761349129,463
"Myeloid","B_cell","HSP90B1","TLR1",0.52232865028972,1366.5,0.0969883420915819,1538,0.322276172877959,1151,0.485558176792513,1080,0.804698551104763,1697
"Myeloid","T_cell","TNF","ICOS",0.523560920235898,1126.75,0.217868460519896,575,0.158726600430304,1514,0.697058686302072,720,0.804630865719018,1698
"B_cell","NK","GRN","TNFRSF1B",0.525006369374455,1076.25,0.0740184709157828,1883,0.404183755864371,1002,0.786369240552402,589,0.872090623531106,831
"T_cell","T_cell","VIM","CD44",0.527178150837627,1289,0.0730440539824376,1899,0.0964213901221017,1741,0.333164109700849,1418,0.929574853104605,98
"T_cell","NK","PTDSS1","JMJD6",0.528511816499491,1594.25,0.0962148440851094,1549,0.139640306638417,1579,0.284301303459471,1547,0.804394517953111,1702
"T_cell","Myeloid","HLA-B","CANX",0.528511816499491,1194.25,0.0870608966188274,1671,0.248535496622368,1294,0.221950536000544,1702,0.928981240074417,110
"Myeloid","Myeloid","LTB","TNFRSF1A",0.53100039049923,1462,0.0852612410471769,1704,0.382513105664334,1039,0.235820193348924,1668,0.824387460378879,1437
"T_cell","B_cell","MIF","CD74_CXCR4",0.532273065585144,1141,0.0800163777958622,1788,0.278066115407906,1232,0.323595408887833,1445,0.929572438699201,99
"B_cell","Myeloid","HLA-C","NOTCH4",0.533497742527674,1265.75,0.168824456472801,895,0.223672215963934,1341,0.22072021599451,1706,0.850056841520961,1121
"B_cell","B_cell","BTLA","TNFRSF14",0.533497742527674,1562,0.128161049881627,1223,0.104850538085199,1706,0.229064805912174,1684,0.810056527725691,1635
"Myeloid","NK","APP","NOTCH2",0.536003893202611,1213.5,0.112822905935169,1390,0.491714575296785,885,0.60954680735084,871,0.803601916647062,1708
"T_cell","T_cell","GZMA","F2R",0.537260274482188,1263.25,0.163087787506583,953,0.104262312148902,1709,0.669410937495449,759,0.810388961633787,1632
"NK","B_cell","GNAI2","S1PR1",0.537260274482188,1566.75,0.0846445684564392,1709,0.154788678062489,1525,0.281939142675796,1553,0.82157985743549,1480
"T_cell","Myeloid","HSPA4","TLR4",0.537523445163943,1005.75,0.191239023025896,754,1.16990462498505,313,0.529232310314356,1011,0.780306242191114,1945
"Myeloid","Myeloid","ACTR2","ADRB2",0.538518863166017,1445.25,0.112251774264682,1401,0.340016264950998,1124,0.284312460043651,1546,0.803450081188306,1710
"Myeloid","NK","GNAS","ADCY7",0.539779661838125,1380.5,0.084604159198695,1711,0.189956442271495,1410,0.267476278657927,1600,0.873769421255895,801
"T_cell","NK","CALM1","PTPRA",0.54104267308405,1435.25,0.120083706767278,1307,0.138085129145524,1582,0.218595017657536,1712,0.848763070922999,1140
"NK","T_cell","HLA-E","CD8A",0.54104267308405,1076,0.115310790621902,1359,0.102747367358006,1712,0.516514911407353,1032,0.923128633541991,201
"T_cell","T_cell","CD47","SIRPG",0.542434884425403,1139.75,0.154056084639543,1014.5,0.0674200377503248,1880.5,0.592463919665658,890.5,0.875126743190164,773.5
"T_cell","T_cell","SIRPG","CD47",0.542434884425403,1139.75,0.154056084639543,1014.5,0.0674200377503248,1880.5,0.592463919665658,890.5,0.875126743190164,773.5
"Myeloid","B_cell","HGF","CD44",0.543575343647054,1076.25,0.231592640472233,471,0.715445988964446,613,0.218255911557358,1714,0.819946262098497,1507
"T_cell","Myeloid","ICAM2","ITGAL_ITGB2",0.546116895569559,1478.75,0.0844091589316713,1716,0.140230488591429,1578,0.259250346278815,1620,0.86115492475353,1001
"NK","Myeloid","FLT3LG","FLT3",0.546585746413165,1181.25,0.274085409922224,277,0.906873646465863,480,0.33087876520118,1421,0.701159173476304,2547
"B_cell","B_cell","LGALS9","PTPRK",0.547370767873755,1179,0.186323650106874,788,0.394614859613572,1018,0.694493660366991,725,0.756543446369031,2185
"B_cell","Myeloid","PSEN1","NCSTN",0.547391008520528,1506.75,0.0843909449590557,1717,0.264431846830634,1264,0.340048646036092,1406,0.809616836056098,1640
"B_cell","NK","HLA-B","CD8A",0.547524177988247,1332.5,0.127799209676338,1226,-0.0158908129652908,2232,0.192653462891183,1770,0.929484470716454,102
"NK","Myeloid","HMGB1","HAVCR2",0.548667349590279,1352.5,0.097000819575005,1537,0.171678327527305,1469,0.21560610838909,1718,0.882024160937567,686
"B_cell","T_cell","IL16","KCNA3",0.549945921374931,1545.25,0.134062726600354,1156,0.100465203582964,1719,0.268277315825075,1597,0.803590117383891,1709
"T_cell","B_cell","IFNG","IFNGR1_IFNGR2",0.549945921374931,1286,0.10655940290945,1453,0.271710813655428,1249,0.696407900235091,723,0.802686166628674,1719
"Myeloid","NK","PSEN1","CD44",0.551226726472114,1387.5,0.090594030548313,1630,0.100067998457615,1720,0.229147436602508,1683,0.897195233967152,517
"Myeloid","Myeloid","FN1","ITGAV_ITGB1",0.551620969620759,1044.75,0.253356270431252,347,0.643344998817646,676,0.524131805631283,1021,0.761874845280894,2135
"Myeloid","NK","ICAM2","ITGAM_ITGB2",0.552509767480969,1364.25,0.0837911346839497,1721,0.311362660699387,1174,0.372283737855474,1336,0.841881999881343,1226
"T_cell","Myeloid","TXLNA","STX4",0.553795047002149,1396.5,0.114907290793053,1360,0.243189537726201,1310,0.43616529591155,1194,0.802547961225356,1722
"T_cell","Myeloid","TNFSF10","TNFRSF10C",0.554464403974528,1177,0.232747589271604,462,0.783506484600853,556,0.522714837245839,1023,0.676380147456224,2667
"NK","Myeloid","PTPN6","CD300LF",0.555889110013011,1040.25,0.152919125763801,1024,0.977582724423652,432,0.586885655625486,900,0.794010698119487,1805
"T_cell","T_cell","HLA-E","CD8B",0.556372331991652,1065,0.131856204754019,1180,0.0998025415008559,1724,0.549600111658768,967,0.90948904951796,389
"Myeloid","B_cell","LTB","CD40",0.556372331991652,1319.25,0.0835651090867189,1724,0.373886318321609,1060,0.54173326687124,984,0.819831855568632,1509
"Myeloid","NK","WNT5A","ADRB2",0.556573800846215,1142,0.322830399512163,182,0.897650747282032,485,0.460973650293121,1135,0.646908295953699,2766
"Myeloid","T_cell","FN1","ITGA4_ITGB1",0.557315808128588,1060.75,0.211597752381815,633,0.546788230191325,797,0.521290054630809,1025,0.795338054037389,1788
"Myeloid","NK","HLA-B","CD8A",0.557663600872774,1310.5,0.127538556615319,1229,-0.0329714468231663,2293,0.260252483869608,1616,0.929417533870696,104
"Myeloid","Myeloid","TXLNA","STX4",0.55895860227608,1507.75,0.114402235608012,1369,0.241876745100633,1313,0.257316916354923,1623,0.802198708843836,1726
"B_cell","Myeloid","SEMA4D","PLXNB2",0.560255113421583,1110.5,0.0942593230834647,1575,1.13203007779436,326,0.643863579960115,814,0.802176641953478,1727
"B_cell","Myeloid","ICAM1","ITGAX_ITGB2",0.560585988027953,936.75,0.0804699447802582,1777,0.897193275849745,487,0.958936388834886,404,0.852981428250984,1079
"T_cell","NK","B2M","CD3G",0.562724929036438,1696.5,0.0890539804130787,1646,-0.105639143607448,2529,-0.165263600359941,2506,0.929313089979233,105
"T_cell","Myeloid","HMGB1","HAVCR2",0.562854900767778,1341.75,0.0983259648665157,1529,0.18235326285348,1433,0.210942164294923,1729,0.882728296230936,676
"B_cell","Myeloid","ICAM2","ITGAM_ITGB2",0.562854900767778,1202.75,0.0831595461863791,1729,0.54089724951543,807,0.510111328598418,1041,0.841377754212567,1234
"Myeloid","B_cell","C1QB","C1QBP",0.564479166451485,1046.5,0.171167712745657,881,1.10532745082897,337,0.518443995046263,1030,0.780805307218087,1938
"B_cell","NK","CLEC2B","KLRF1",0.565917808919303,1186.75,0.151106965235359,1031,0.539785924677952,811,0.551615656407601,962,0.780519053509522,1943
"B_cell","Myeloid","GNAI2","C5AR1",0.566622287706108,913.5,0.129274872136973,1212,1.63021306303528,154,0.873135963042185,490,0.794453405891199,1798
"B_cell","Myeloid","NAMPT","INSR",0.56677153361623,1055.25,0.14477538884072,1080,0.836543854127793,527,0.600508816065301,882,0.801745247244964,1732
"Myeloid","B_cell","MIF","CD44_CD74",0.567780673827136,1269,0.0817369067443297,1751,0.206746423506158,1369,0.157021270901004,1850,0.929257290875823,106
"Myeloid","NK","GNAI2","CCR5",0.568081608848385,1260.25,0.143719993709539,1090,0.36973423632946,1072,0.45725909489668,1146,0.801700393735519,1733
"Myeloid","B_cell","IL15","IL2RA",0.56880106143854,1286.5,0.206762613849559,662,0.514382511014486,848,0.516253022407085,1033,0.691331571241855,2603
"T_cell","Myeloid","TXLNA","STX3",0.570245670664641,1141.75,0.228324225577684,496,0.562435221038135,773,0.515745931347464,1034,0.745717801188389,2264
"Myeloid","B_cell","APP","APLP2",0.570708571447186,1104,0.120772228525448,1298,0.558407715598882,779,0.775051619723349,604,0.801518376139497,1735
"B_cell","Myeloid","TNF","TRPM2",0.571692267977296,1209.5,0.158161275932996,990,0.75926306071972,572,0.515621612878894,1035,0.750243059664668,2241
"Myeloid","B_cell","MAML2","NOTCH2",0.57202546405595,1557.25,0.0871235604755397,1670,0.226915462896049,1336,0.307447512540642,1487,0.80146860208198,1736
"T_cell","T_cell","CXCL13","CXCR3",0.572680058439478,1157.5,0.284587190216804,245,0.118904816638544,1657,0.872349701136514,493,0.751281667381599,2235
"Myeloid","Myeloid","MIF","CD44_CD74",0.572830839352556,1256.25,0.0815146585634084,1758,0.203434758203225,1374,0.181609515874484,1786,0.929167743555178,107
"B_cell","Myeloid","PSEN1","NOTCH2",0.573344634368221,1261.75,0.0827959064762354,1737,0.408107898186999,996,0.48146106669539,1091,0.841996195597139,1223
"Myeloid","Myeloid","CALR","SCARF1",0.574666085008837,1137.5,0.200102614115844,703,0.572245038785622,763,0.208116787235752,1738,0.832093058109524,1346
"NK","T_cell","CCL3","CCR4",0.576730416537198,1078,0.303629733030331,216,0.248654621195449,1293,0.872030105626919,495,0.739149524163548,2308
"Myeloid","Myeloid","HGF","ITGB1",0.576730416537198,1061.25,0.271864429771085,290,0.881489236681632,495,0.386826891186017,1309,0.760065781613439,2151
"B_cell","B_cell","COL4A3","CD44",0.577315837782014,1409.25,0.187120964274003,784,0.161116072928735,1505,0.206506702333493,1740,0.812238465089795,1608
"T_cell","T_cell","HLA-G","CD8B",0.577315837782014,1125.75,0.132385889751469,1176,0.0965612631030277,1740,0.557488127419068,953,0.88635627161116,634
"Myeloid","Myeloid","HSP90B1","ASGR1",0.577498529545534,933.5,0.269244488335706,300,0.841360942725969,523,0.512492975892961,1039,0.787489442526404,1872
"B_cell","B_cell","COL4A3","CD47",0.579974743404417,1056,0.238340625259512,430,0.409539585849597,994,0.500696085773284,1058,0.800438923235409,1742
"T_cell","NK","CD40LG","ITGAM_ITGB2",0.581307635112233,983.25,0.220279363939358,557,0.359903294293976,1085,0.820822515797899,548,0.80041636111976,1743
"NK","NK","CALM1","PTPRA",0.581307635112233,1401.75,0.122776960562614,1273,0.170683098277243,1473,0.206069090981219,1743,0.85018115261975,1118
"Myeloid","T_cell","CCL3","CCR5",0.582642822929165,1005,0.199673545376128,708,0.378225349708441,1051,0.845584662123434,517,0.80036694730082,1744
"Myeloid","T_cell","SELPLG","ITGB2",0.582642822929165,1300.5,0.082472081019183,1744,0.163211987892261,1500,0.269661080701757,1593,0.910937181600529,365
"NK","NK","B2M","CD3G",0.582914449030746,1750.25,0.0882773363704889,1654,-0.222181380742876,2697,-0.18862503758293,2541,0.929024848116011,109
"Myeloid","NK","ICAM2","ITGAL_ITGB2",0.586662189396407,1450.5,0.0873520743849084,1662,0.183745844098287,1429,0.204299218441983,1747,0.863191108555025,964
"NK","T_cell","HLA-G","CD4",0.586662189396407,1130.75,0.0819745746060476,1747,0.202422557861723,1376,0.691723304018533,728,0.882921198742703,672
"NK","NK","GNAS","ADRB2",0.58800658801911,1534,0.0819354838479876,1748,0.12325658356722,1637,0.297261553465882,1507,0.840445500200173,1244
"T_cell","B_cell","CD40LG","CD53",0.589353295943139,1297.25,0.184896862196967,797,0.094964169245994,1749,0.459703998391054,1141,0.820266999587777,1502
"NK","Myeloid","IRAK4","TLR7",0.590678749810656,1166.75,0.2064629590436,664,0.686409997391054,636,0.505510157860549,1048,0.737927314977311,2319
"NK","T_cell","CD48","CD2",0.590702315811472,1015.75,0.130854370112152,1195,0.0935957464908644,1750,0.820114465878214,549,0.892446863522947,569
"Myeloid","B_cell","PSEN1","NCSTN",0.590702315811472,1518,0.0817840458948395,1750,0.226877482682682,1337,0.384387677493235,1315,0.80718682607483,1670
"NK","T_cell","HLA-E","CD8B",0.592053650268597,1079.75,0.131608391338283,1186,0.0932763814535628,1751,0.538998162998537,992,0.909411591112463,390
"Myeloid","NK","NAMPT","ADORA2A",0.592053650268597,1478.5,0.102110982322913,1498,0.313167362826729,1166,0.300722009477276,1499,0.799698287986509,1751
"Myeloid","Myeloid","FN1","ITGA4_ITGB1",0.593407301960513,1036.5,0.223330202405151,536,0.569220372539287,766,0.481201149824385,1092,0.799695102332305,1752
"NK","T_cell","ARF6","SMAP1",0.593407301960513,1614.25,0.0817120013078555,1752,0.112372328770019,1678,0.271221000178006,1586,0.823925793493772,1441
"T_cell","T_cell","CALM1","FAS",0.59612156764028,1194.5,0.128709095758047,1216,0.0928868506385378,1754,0.468617138508477,1116,0.881371857863313,692
"NK","Myeloid","LIN7C","ABCA1",0.596588171107601,1281,0.15715212609695,998,0.538554607806387,814,0.501964156311816,1052,0.746383160702103,2260
"NK","T_cell","GZMB","IGF2R",0.597482186927689,987.25,0.145620260902099,1075,0.602107618618839,725,0.964568923177017,394,0.799324221702865,1755
"Myeloid","B_cell","PKM","CD44",0.597998121663681,1305.75,0.0865279867794355,1679,0.143232043347628,1567,0.149888553651668,1865,0.928820655649366,112
"B_cell","NK","IL24","NOTCH2",0.600210411657786,1482.5,0.107531128115412,1443,0.21894225383155,1346,0.348494719838807,1384,0.79890064237989,1757
"NK","NK","CCL4L1","CCR5",0.601578022409102,1329.5,0.150328362003681,1037,0.255310864016158,1279,0.415413250846502,1244,0.798708279257811,1758
"Myeloid","Myeloid","VEGFA","CD44",0.602947968959533,1327,0.1852576308349,794,0.373865807620348,1061,0.198871678205108,1759,0.804892196574189,1694
"NK","Myeloid","HSP90B1","TLR9",0.602947968959533,1223.75,0.149522473351072,1045,0.396850779325155,1014,0.488558320306605,1077,0.798435342689665,1759
"Myeloid","NK","SEMA4A","PLXND1",0.605511685504974,1020.75,0.148330191867974,1058,0.577608909032835,753,0.918459048414577,444,0.791004683396017,1828
"NK","B_cell","COL6A2","CD44",0.607071849994005,1386,0.202843506649144,687,0.163436237819509,1499,0.19702967177125,1762,0.813132898552417,1596
"NK","Myeloid","ADAM10","TSPAN14",0.607071849994005,1580.5,0.0814314426562422,1762,0.113742193461909,1676,0.214797441966992,1720,0.847264942255563,1164
"Myeloid","Myeloid","PSEN1","CD44",0.608451166336941,1392.75,0.089863778617645,1639,0.091079318663666,1763,0.245832044589269,1644,0.896821383755571,525
"Myeloid","NK","LRPAP1","LDLR",0.608502009154575,1217.25,0.178389443140795,832,0.382090163863089,1043,0.500489994863542,1060,0.780991829434036,1934
"Myeloid","Myeloid","WNT5A","ADRB2",0.609468066785343,1335,0.27132823022168,293,0.855211901888151,511,0.205297099344855,1744,0.626815153140558,2792
"NK","Myeloid","SELPLG","SELL",0.60983283178457,1393.25,0.0839809690990402,1718,0.142084572637748,1570,0.196272607946204,1764,0.89693954203604,521
"B_cell","T_cell","LAMA5","CD44",0.611216849002543,1699.75,0.0855982846475409,1700,0.0984892897621144,1729,0.193970820476291,1765,0.812601206917838,1605
"T_cell","Myeloid","LGALS3","ENG",0.61300231017971,1205.75,0.148006126635232,1063,0.459772668799346,930,0.661041512348924,777,0.769194058088487,2053
"Myeloid","Myeloid","HSP90B1","TLR9",0.615383037957707,1268.5,0.14771708934206,1065,0.39016945619929,1024,0.430478853027051,1217,0.797456057774609,1768
"NK","NK","CD48","CD244",0.616776488943793,1754.25,0.0817895051764862,1749,0.0975969498031892,1736,0.196609289587729,1763,0.797271898646592,1769
"Myeloid","B_cell","APP","NCSTN",0.617520376724152,1095.25,0.147440696232196,1066,0.5551292745733,783,0.733608347176658,658,0.787109424971572,1874
"Myeloid","NK","B2M","CD247",0.618031939163798,1445,0.129397670786072,1210,-0.437456339569422,2797,0.237880412927067,1657,0.928688374211026,116
"Myeloid","NK","APP","APLP2",0.619570488954493,1180,0.114441980287013,1368,0.542989614190211,803,0.660150762291423,778,0.797201110076245,1771
"T_cell","NK","ITGB2","CD226",0.619570488954493,1646,0.0981995605512576,1530,0.0887046021911621,1771,0.229161435631337,1682,0.812939389598537,1601
"Myeloid","T_cell","HGF","ITGB1",0.619818124081789,1051.25,0.252475180572199,354,0.851982680588331,516,0.469363679886074,1113,0.753254349647049,2222
"B_cell","Myeloid","HSP90B1","TLR7",0.620971043330059,1275.5,0.147196507187147,1068,0.575051264160589,757,0.297742997874646,1505,0.796823207588365,1772
"NK","NK","HLA-G","CD8B",0.620971043330059,1248.75,0.133163692583447,1166,0.183893308223159,1428,0.192287364833478,1772,0.88665097656225,629
"B_cell","NK","ADAM17","ITGB1",0.620971043330059,1606.25,0.0807883016397951,1772,0.177831737445651,1447,0.287318281048421,1534,0.807096025446798,1672
"Myeloid","NK","WNT5A","LDLR",0.621894829588845,1206,0.369025266625171,144,0.850113931402902,517,0.366675239080683,1348,0.596604913726091,2815
"NK","Myeloid","ARF6","SMAP1",0.623779274210336,1546.75,0.0953739390372671,1559,0.15215822968769,1536,0.191210643996694,1774,0.834860927576796,1318
"Myeloid","T_cell","FN1","ITGA4_ITGB7",0.625089925327771,1145.75,0.214497356809818,610,0.540716143955225,808,0.49130209479456,1071,0.766417085058555,2094
"T_cell","Myeloid","SIRPG","CD47",0.625849589288317,1174.75,0.146570943125818,1071.5,0.0411988308759923,1990.5,0.646466824442133,807.5,0.872379761609479,829.5
"Myeloid","T_cell","CD47","SIRPG",0.625849589288317,1174.75,0.146570943125818,1071.5,0.0411988308759923,1990.5,0.646466824442133,807.5,0.872379761609479,829.5
"Myeloid","NK","CCL3L1","CCR5",0.62660974551976,1209.5,0.217564656274849,580,0.488162157536196,890,0.489560477252662,1072,0.74188926747889,2296
"B_cell","NK","B2M","CD3G",0.628015601908972,1799.25,0.087142103131033,1669,-0.392533065866776,2788,-0.257226276177504,2622,0.928596937487219,118
"B_cell","Myeloid","IL24","IL10RB",0.629424299559502,1137.5,0.221007785125711,549,0.337595505963892,1126,0.478723416371153,1097,0.79624384908607,1778
"B_cell","NK","CD72","CD5",0.630841522302062,1387.75,0.126625500629801,1236,0.233517318126406,1326,0.431854510152414,1210,0.796216072660802,1779
"T_cell","NK","GNAS","ADRB2",0.630841522302062,1598.75,0.0804199281691146,1779,0.11028581203174,1683,0.234883317185498,1673,0.839189714271212,1260
"Myeloid","Myeloid","CALM3","KCNQ1",0.631181016427051,1156.75,0.245583479583409,390,0.479871945023206,899,0.489117246811845,1075,0.746011337065905,2263
"NK","T_cell","NUCB2","ERAP1",0.63226113698111,1665.75,0.103080729696147,1490,0.0872075133944913,1780,0.232222699026112,1678,0.80306554105825,1715
"NK","B_cell","GPI","AMFR",0.63226113698111,1485.75,0.0803451940539273,1780,0.216279250602278,1355,0.226590006895404,1689,0.850163552706553,1119
"T_cell","Myeloid","TGS1","RXRA",0.632708708170428,1420.5,0.163407504473365,949,0.435402155646524,968,0.488791624372143,1076,0.670819858988519,2689
"Myeloid","NK","HMGB1","CXCR4",0.632999136100367,1830,0.0603043446328728,2159,-0.139642784306367,2606,-0.112359705565083,2436,0.928491757171212,119
"T_cell","Myeloid","LRPAP1","SORL1",0.633683146286481,1459.5,0.0803203704297137,1781,0.193995342844437,1399,0.332119457687054,1420,0.840966731002715,1238
"Myeloid","Myeloid","ADAM10","CADM1",0.635107552909522,1210.75,0.188185354722124,776,0.389014476696653,1027,0.407205377508141,1258,0.795960467568228,1782
"T_cell","Myeloid","SELPLG","SELL",0.635107552909522,1277.25,0.0802297549571122,1782,0.118019161439724,1661,0.466770728752274,1119,0.894808270618665,547
"NK","Myeloid","HLA-DRB1","CD4",0.636534359543093,1313,0.0801535685724713,1783,0.343473124244961,1120,0.223883453229557,1697,0.884872918327481,652
"T_cell","NK","HLA-A","CD8B",0.637963568881563,1262.25,0.125305856145346,1250,0.127983305072073,1618,0.183016399145309,1784,0.908767732459682,397
"T_cell","T_cell","CLEC2D","KLRB1",0.637963568881563,1404.5,0.117271020683898,1332,0.0863939449888467,1784,0.363972662864111,1358,0.848480722236679,1144
"B_cell","NK","HLA-C","CD8A",0.637977144288853,1321,0.128527220594182,1220,-0.000250449048584428,2164,0.187251514827599,1780,0.928438786761111,120
"Myeloid","NK","VEGFA","CD44",0.639395183620813,1324,0.186763073235266,786,0.382854487414298,1038,0.182187070218347,1785,0.805526907048114,1687
"NK","Myeloid","GNAS","ADCY7",0.640829206458238,1514.5,0.0800766104213356,1786,0.119657405736168,1654,0.192768126191249,1769,0.870704985615619,849
"Myeloid","Myeloid","TNFSF10","TNFRSF10B",0.642265640092742,1214.75,0.165303553306253,933,0.350160518281129,1101,0.512763608302085,1038,0.795589970086291,1787
"B_cell","Myeloid","COPA","P2RY6",0.646546346021755,1045,0.182051646325394,811,1.06311890585955,367,0.483075866235666,1085,0.782878115389788,1917
"B_cell","Myeloid","CALR","ITGAV",0.646589432790448,1398,0.118958142021057,1316,0.244261083821299,1307,0.179223872325972,1790,0.845633459248991,1179
"NK","T_cell","SELPLG","ITGB2",0.648035536632548,1306.75,0.0798219521255889,1791,0.145324598387322,1559,0.303138721457732,1494,0.909603345368589,383
"B_cell","Myeloid","HMGB1","HAVCR2",0.649484064788924,1379.5,0.0962918002259355,1548,0.165966700474174,1489,0.178738480111312,1792,0.881641929114754,689
"B_cell","NK","GNAS","ADRB2",0.649484064788924,1616.75,0.079821525515002,1792,0.105164427036838,1704,0.221933204932943,1703,0.838685117368407,1268
"NK","T_cell","LCK","CD8A_CD8B",0.649642960633049,1082.5,0.188440034379399,775,0.0701452721304825,1857,0.481880055361009,1087,0.888847910326732,611
"NK","Myeloid","ADAM10","IL6R",0.650935019967551,1294,0.158671777617908,984,0.310501626249799,1178,0.428981201094969,1221,0.794677535243829,1793
"NK","Myeloid","TGFB1","ITGB1",0.652388404877915,1508.25,0.111795550336171,1404,0.203540369011756,1373,0.315337029683985,1462,0.794596022375247,1794
"B_cell","Myeloid","HLA-B","CANX",0.652878053694541,1446.75,0.0847954166302285,1708,0.0247885209515696,2045,0.135097089950878,1911,0.92810654505764,123
"NK","Myeloid","ICAM1","ITGAX_ITGB2",0.653307982231672,1050.5,0.0700336331890321,1960,0.865011640471808,507,0.831262733318767,532,0.844056382307734,1203
"Myeloid","B_cell","TNFSF9","HLA-DPA1",0.654302576122846,1203.75,0.0751610257536932,1866,0.461401211604396,925,0.566601190891172,934,0.852386220235352,1090
"T_cell","Myeloid","ADAM10","TSPAN14",0.655302474739355,1590.5,0.0796911698454089,1796,0.106718482175313,1694,0.224008145825013,1695,0.845861923324943,1177
"T_cell","NK","TGFB1","TGFBR3",0.655859696901266,1393.5,0.143634807835347,1091,0.377798227395271,1054,0.548538614539333,973,0.717559119482126,2456
"Myeloid","NK","ICAM3","ITGAL",0.656763165116961,1500.5,0.0796645344174958,1797,0.0884789209392246,1773,0.199004103557013,1757,0.882742361876169,675
"Myeloid","Myeloid","HLA-B","CANX",0.657833998721517,1424.75,0.0846224720168696,1710,0.00770788709369405,2115,0.202696110929303,1750,0.928038401482645,124
"NK","B_cell","CD99","CD81",0.658226296079362,1541.75,0.0796006692921258,1798,0.18693877001456,1418,0.272542569072482,1583,0.829754450031834,1368
"B_cell","Myeloid","MFNG","NOTCH2",0.659691870343603,1364.5,0.0795976834838478,1799,0.355666047492421,1091,0.358449573955244,1366,0.844082813760464,1202
"B_cell","NK","CALR","ITGAV",0.661159890628239,1600,0.0872193291081847,1667,0.165360763041059,1493,0.173421998556638,1800,0.82427489827828,1440
"Myeloid","Myeloid","ARPC5","LDLR",0.662630359653336,1364,0.118320540327777,1323,0.384360610549599,1037,0.393388515354376,1295,0.794150751213663,1801
"Myeloid","T_cell","APP","NOTCH2",0.665578654812741,1401.75,0.100165061364329,1516,0.457431096627891,933,0.364341173948041,1355,0.794041397484317,1803
"T_cell","B_cell","TNFSF10","CCR6",0.666814290895132,1171,0.186928323695204,785,0.352276578144229,1098,0.720376352806129,683,0.763804145800863,2118
"NK","B_cell","COPA","CD74",0.66705648639474,1045,0.079350183958395,1804,0.408303169885771,995,0.473731968765351,1104,0.917328131119352,277
"Myeloid","B_cell","LGALS1","ITGB1",0.668387045762034,1227.25,0.0791510571536315,1807,0.472449909528909,910,0.480284872986347,1093,0.851782155126915,1099
"Myeloid","Myeloid","B2M","CD1C",0.66996175172364,1302.5,0.142249390086763,1100,-0.115156545134455,2556,0.537547307351355,994,0.893203655942336,560
"NK","B_cell","CD52","SIGLEC10",0.670019531193895,1450.25,0.079271089509128,1806,0.208601743644245,1364,0.393031459245774,1296,0.833273016571726,1335
"Myeloid","NK","TNF","TNFRSF1B",0.671504749867813,1595.75,0.0826277785459048,1741,0.166842590961948,1484,0.171756601352947,1807,0.831914506542019,1351
"B_cell","NK","HSPA8","ADRB2",0.672992436364984,1525.75,0.0926446111261228,1597,0.0798194643652346,1808,0.214704943521718,1721,0.862616068097762,977
"Myeloid","T_cell","YBX1","NOTCH1",0.674482593417568,1555.25,0.0959744835132537,1552,0.239060175834141,1317,0.285107304233426,1543,0.793651537754758,1809
"T_cell","T_cell","ITGB2","CD226",0.674482593417568,1585.75,0.093571456438848,1583,0.0796696542668011,1809,0.390486725687707,1302,0.80924096496285,1649
"T_cell","Myeloid","TNF","PTPRS",0.676280072074059,1420.5,0.141494166040702,1104,0.39357930660333,1019,0.497465186190097,1064,0.710738200045074,2495
"Myeloid","Myeloid","S100A4","CCR5",0.677470330125168,1618.5,0.0902882043508771,1632,0.147796014835177,1548,0.169804186672963,1811,0.821450720063757,1483
"Myeloid","NK","B2M","CD3G",0.677602763757501,1817.5,0.0845005065719502,1713,-0.788927753422728,2822,-0.238622488870563,2607,0.927569665329754,128
"B_cell","B_cell","B2M","CD1C",0.678967915252062,1346.75,0.0954344141882144,1558,0.0780851075148437,1812,0.437605594438692,1192,0.872619356987696,825
"B_cell","Myeloid","LGALS9","MRC2",0.679450919914571,1187.5,0.2290815219482,488,0.652913580397062,662,0.473094530542691,1106,0.710768547837978,2494
"Myeloid","Myeloid","CCL4L1","CCR1",0.682629551623429,1108,0.211602692591508,632,0.614701103192216,709,0.472013339073628,1108,0.775832423252694,1983
"B_cell","Myeloid","TGS1","RXRA",0.682629551623429,1486.25,0.14117034414605,1108,0.410556267397096,992,0.478725808035294,1096,0.654472102740058,2749
"T_cell","Myeloid","ADAM10","IL6R",0.684983098156021,1301.25,0.155280800233402,1008,0.303477914963203,1190,0.43819190495299,1191,0.792909522364101,1816
"Myeloid","Myeloid","WNT5A","LDLR",0.687341750473447,1350.75,0.27270156017485,281,0.795779623555829,548,0.202059587725397,1751,0.559737087905385,2823
"Myeloid","Myeloid","SPN","SIGLEC1",0.689486349912253,1251.25,0.22373728148884,533,0.793794985696565,549,0.324199946869753,1443,0.71222811991656,2480
"NK","Myeloid","TGFB1","LPP",0.689520646646926,1237.25,0.13815573043217,1128,0.349113477956941,1105,0.588240738784015,897,0.792456296265665,1819
"Myeloid","T_cell","ADAM10","NOTCH1",0.694080701527261,1694.25,0.0901366655238725,1635,0.15754919685489,1518,0.173145311951426,1802,0.7922813605722,1822
"NK","Myeloid","CALR","ITGAV",0.697133278349592,1471.5,0.112536977602391,1395,0.178906111514102,1443,0.163823016790292,1824,0.84197687684144,1224
"T_cell","Myeloid","NUCB2","ERAP1",0.697133278349592,1592.75,0.0990963665824046,1524,0.0761026101052814,1824,0.399929066622895,1273,0.799929774435242,1750
"NK","Myeloid","GNAI2","ADCY7",0.697133278349592,1611,0.0779466323318927,1824,0.190153639965505,1407,0.328316564219864,1429,0.795760394683207,1784
"Myeloid","B_cell","APP","LRP10",0.698639254880393,1292,0.139607562690395,1118,0.479033846344428,900,0.583245968610027,905,0.749831702536084,2245
"NK","Myeloid","COPA","CD74",0.698663337095888,1096.25,0.0779166482159377,1825,0.379073429041941,1048,0.426734174507117,1227,0.91663419714735,285
"Myeloid","Myeloid","HMGB1","HAVCR2",0.701731009048024,1425.75,0.0930014216214101,1590,0.139460490908359,1580,0.163533570115288,1827,0.879815828918027,706
"T_cell","T_cell","IL16","CD4",0.701731009048024,1374.75,0.0809241121979177,1770,0.0752224876456841,1827,0.6200078585088,850,0.85558627537948,1052
"Myeloid","NK","HLA-C","CD8A",0.702190241779726,1449.5,0.124203332656219,1264,-0.226127866848808,2700,0.222437680793393,1701,0.927293604045611,133
"Myeloid","Myeloid","SELPLG","SELL",0.704808772016224,1380.25,0.0867691794446256,1675,0.159971962142686,1510,0.162794967190229,1829,0.898439373869951,507
"T_cell","T_cell","CKLF","CCR4",0.706715399329055,1128.5,0.283210936823279,253,0.117652464176435,1664,0.80966704219297,557,0.770297106491693,2040
"B_cell","NK","HLA-A","CD8A",0.707091314324778,1448.25,0.125444400401625,1248,-0.0893486379974552,2483,0.129465894462333,1928,0.927202941216037,134
"NK","Myeloid","CD28","CD86",0.707527192055349,1124.25,0.163218767245203,950.5,0.962799312557723,443.5,0.464624634610143,1123.5,0.776234422639749,1979.5
"Myeloid","NK","CD86","CD28",0.707527192055349,1124.25,0.163218767245203,950.5,0.962799312557723,443.5,0.464624634610143,1123.5,0.776234422639749,1979.5
"T_cell","NK","HLA-F","CD8B",0.707896648105662,1335.75,0.127078567211852,1233,0.0869674897837843,1781,0.162544192602985,1831,0.900024857682998,498
"T_cell","NK","MFNG","NOTCH1",0.709444385485323,1664.5,0.0966589890283389,1541,0.108851385774431,1690,0.268966195954152,1595,0.790483321689709,1832
"NK","NK","ADAM10","NOTCH1",0.712547472756718,1731,0.088076625111519,1656,0.111715140374726,1681,0.20054140214879,1753,0.79037249692204,1834
"Myeloid","B_cell","ADM","ADRB2",0.719741272442555,1307,0.197140990176748,724,0.716337637885543,612,0.461924421453922,1131,0.649879006836174,2761
"Myeloid","T_cell","MIF","CD74_CXCR4",0.721761759031276,1587.5,0.07382568451319,1885,0.0565097937067426,1924,-0.0938233413828873,2404,0.92689054189346,137
"T_cell","NK","CD99","PILRB",0.721917834294224,1402,0.0767980808091513,1840,0.118758574480946,1658,0.310886682971093,1479,0.886531941228883,631
"T_cell","Myeloid","IL24","NOTCH2",0.725061728761183,1458.5,0.0963193295121851,1547,0.394861016913799,1017,0.328998350467213,1428,0.789909801525726,1842
"B_cell","T_cell","GRN","TNFRSF1B",0.726299765855769,1201,0.0627190834725629,2109,0.333715768610923,1135,0.791170952496251,582,0.86256351156612,978
"T_cell","T_cell","CCL4","CCR5",0.726637521125208,1526.5,0.106587315947092,1452,0.0761527645737299,1822,0.539710708113496,989,0.789698327217691,1843
"T_cell","T_cell","HLA-G","CD4",0.72821588062251,1287.25,0.0764696364162904,1844,0.0918601507740404,1761,0.631447393521172,830,0.87928015540817,714
"NK","Myeloid","TNF","PTPRS",0.729590550233265,1417.25,0.148209825344327,1060,0.404353739539046,1001,0.460751286669848,1137,0.715481456044559,2471
"T_cell","Myeloid","CD48","CD244",0.729796810039665,1709.25,0.076323326630548,1845,0.102422388665748,1713,0.317725881209049,1454,0.791624419208573,1825
"NK","Myeloid","LRPAP1","SORT1",0.731238823756702,1202,0.165576352081079,926,0.948213828847161,457,0.460697808803574,1138,0.742970237187179,2287
"NK","NK","ICAM2","ITGAL_ITGB2",0.731380312164762,1565.5,0.0769830267251857,1835,0.153631200238039,1528,0.158905991868237,1846,0.85555730303233,1053
"NK","NK","CALR","ITGAV",0.734555045698686,1703.5,0.0825113734930888,1742,0.100005790733862,1721,0.158021143020958,1848,0.820219942182446,1503
"T_cell","T_cell","SELPLG","ITGB2",0.734555045698686,1205.25,0.0762565105873199,1848,0.121259187189298,1643,0.573636842263803,920,0.907707011717366,410
"Myeloid","Myeloid","ADM","ADRB2",0.737168223932093,1223.5,0.249268200112683,367,0.763092913598617,571,0.394481160472644,1288,0.676079497535565,2668
"Myeloid","NK","ADAM17","ITGA5",0.737851105903862,1391,0.135590915480172,1142,0.336590918890778,1127,0.519828298082411,1026,0.745409818432977,2269
"Myeloid","Myeloid","ADAM28","ITGA4",0.739336511098231,1446.5,0.0762026875957875,1851,0.24623223054477,1300,0.286424046875623,1537,0.851786979140132,1098
"NK","T_cell","TNF","ICOS",0.740935508105457,1261,0.179818536620803,825,0.108411065332883,1692,0.724280506746239,675,0.789102038462457,1852
"NK","NK","HLA-F","CD8B",0.74253709737956,1336.5,0.127317006605395,1231,0.0905033663909816,1765,0.156034659634056,1853,0.900109162479994,497
"NK","B_cell","TNFSF10","CCR6",0.742830439639453,1316.75,0.165092283924432,936,0.327588299103241,1145,0.556825417738895,956,0.752416054061403,2230
"T_cell","Myeloid","TNFSF9","HLA-DPA1",0.744141281720719,1388.75,0.076036063573483,1854,0.330902214531039,1138,0.30771839976008,1486,0.853112937613178,1077
"B_cell","Myeloid","ANXA2","TLR2",0.745748063930627,1268.5,0.0760104919715459,1855,1.3754429032995,213,0.447164015833704,1167,0.790110595435347,1839
"Myeloid","NK","HLA-A","CD8A",0.746103500762912,1491.25,0.121339681905844,1290,-0.214727210708188,2691,0.159999871708056,1842,0.926072150954829,142
"T_cell","T_cell","NUCB2","ERAP1",0.747357446812486,1532.75,0.0972481393351485,1534,0.0701616126162153,1856,0.542552040753071,981,0.798418969264934,1760
"Myeloid","NK","ADAM17","NOTCH1",0.749496333648951,1310.75,0.150991887003586,1032,0.324892049120019,1149,0.460243853191291,1140,0.78254935653755,1922
"T_cell","NK","ADAM10","NOTCH1",0.750584025812426,1745.75,0.0861943379881213,1685,0.10469142908813,1707,0.209752106006811,1733,0.788577276245777,1858
"NK","NK","HLA-B","CD3G",0.750955535705799,1703.75,0.0887723286724521,1650,-0.102127796665665,2520,-0.161732129865862,2502,0.925997528106137,143
"B_cell","NK","HLA-F","CD8A",0.753821041176397,1289.75,0.12884772486937,1215,0.0714596206407629,1847,0.151871916833404,1860,0.920537839866976,237
"NK","T_cell","TGFB1","ITGB1",0.753821041176397,1521.75,0.103822341826989,1486,0.174033812918455,1464,0.397873818384042,1277,0.788492075184688,1860
"B_cell","B_cell","LGALS9","CD47",0.753821041176397,1256,0.0755840680692502,1860,0.26923029035046,1255,0.449727839705474,1160,0.877013076966384,749
"NK","Myeloid","TGFB1","TGFBR1_TGFBR2",0.75451580823239,1408.75,0.155555986420492,1007,0.346942546061191,1108,0.454242254473177,1152,0.730638227702237,2368
"NK","Myeloid","HLA-DRB5","CD4",0.755443469518962,1374,0.0755701330669695,1861,0.343363276435568,1121,0.223668980337941,1698,0.873038037699316,816
"T_cell","NK","VIM","CD44",0.755802142305169,1571.75,0.0656333734535914,2044,-0.0294874265566203,2286,0.168889562670455,1813,0.925991679271677,144
"B_cell","NK","COL4A3","ITGA1_ITGB1",0.756192781202291,1258.75,0.268841584384382,301,0.3435821511491,1119,0.453248648441402,1153,0.716714027117542,2462
"B_cell","NK","ICAM1","SPN",0.75706851538444,1551.5,0.0767557245796734,1842,0.220336950379007,1343,0.450091737226022,1159,0.788291163859384,1862
"Myeloid","NK","VEGFA","ITGB1",0.7578716599652,1114,0.250212127487245,363,0.589519011335557,738,0.452769329936973,1154,0.754791349764254,2201
"T_cell","NK","BTLA","CD247",0.758696181586614,1550,0.153254555393452,1021,0.152442165906156,1535,0.15118595216094,1863,0.796006814699487,1781
"NK","Myeloid","TXLNA","STX4",0.758696181586614,1607.75,0.0963563115531313,1546,0.194969878836364,1396,0.253251280945825,1626,0.788225057508016,1863
"B_cell","T_cell","HLA-E","CD8A",0.760326470940779,1137.5,0.114200906469895,1373,0.0693875098142837,1864,0.472867939944681,1107,0.922784765551019,206
"Myeloid","T_cell","MIF","CD44_CD74",0.760643324611269,1520.75,0.0740300647306178,1882,0.0830568848974731,1797,-0.0163122023462542,2259,0.925932123140835,145
"Myeloid","NK","HLA-A","KIR2DL3",0.76687391623618,1252.25,0.212592658205356,625,0.0687580035387284,1868,0.32675904354432,1435,0.852854988099144,1081
"Myeloid","B_cell","PSEN1","CD44",0.768517363632645,1481.25,0.0880272047157846,1657,0.0684729084257014,1869,0.149657760384074,1867,0.895862105413213,532
"NK","T_cell","ICAM3","ITGAL",0.770163451104618,1473.5,0.0814971729421713,1759,0.068401904666088,1870,0.266138165417075,1603,0.883914335808787,662
"T_cell","B_cell","HSP90B1","TLR1",0.770163451104618,1594,0.078755006717042,1814,0.219505260846116,1345,0.366996806578255,1347,0.787814040161104,1870
"T_cell","NK","ARPC5","ADRB2",0.770163451104618,1648,0.0750359366850849,1870,0.129015810690026,1611,0.344893474981519,1393,0.802726215666204,1718
"Myeloid","B_cell","SELPLG","SIGLEC5",0.771812181477977,1364,0.129122916010477,1213,0.38778551512358,1030,0.369264555561608,1342,0.787544998052366,1871
"B_cell","Myeloid","ADAM17","IL6R",0.773067169022162,1397.25,0.157918210846285,992,0.344414267870893,1114,0.448586719243031,1163,0.737860475764728,2320
"Myeloid","NK","VEGFB","ADRB2",0.774765051967556,1424.25,0.182475493025872,807,0.346545529879484,1109,0.447856046549996,1164,0.688741056648575,2617
"NK","B_cell","SPON2","ITGB1",0.775117582239914,1598.75,0.0873081847593951,1665,0.184638627904119,1426,0.327440577972386,1431,0.787204267948176,1873
"B_cell","T_cell","CD58","CD2",0.775117582239914,1436,0.0869629541751992,1672,0.0681934129035102,1873,0.680052490772301,747,0.823038912698437,1452
"T_cell","NK","HLA-B","CD3G",0.775134366249742,1735.75,0.0883245933337496,1653,-0.145715080448939,2616,-0.175947994015014,2526,0.925824093763603,148
"B_cell","Myeloid","ADAM10","GPNMB",0.776464829856677,1180.5,0.157489155493056,995,0.973350433818269,434,0.447743489194338,1165,0.762442527501034,2128
"Myeloid","Myeloid","MIF","TNFRSF10D",0.7784335885557,1469,0.164719074867712,938,0.257807445508374,1272,0.179157045760527,1791,0.787095587177528,1875
"Myeloid","B_cell","TGFB1","CXCR4",0.780095575877037,1479.75,0.0911686268511,1617,0.249624245295128,1291,0.146931721183764,1876,0.849203102676564,1135
"NK","NK","GNAS","ADCY7",0.780095575877037,1562.75,0.0745871361206978,1876,0.0957803472764127,1744,0.214044922070513,1723,0.866654698373743,908
"NK","T_cell","ADAM10","TSPAN14",0.781760223086763,1574.25,0.0745269396401448,1877,0.0743771698827389,1837,0.365218578475923,1352,0.841443553264862,1231
"NK","NK","LCK","CD8A_CD8B",0.783427533021334,1219.5,0.201850703685781,692,0.0976832697593198,1734,0.144838958967281,1878,0.892198873260674,574
"NK","NK","ARF6","SMAP1",0.783427533021334,1760.25,0.0743283300034567,1878,0.0908698142114119,1764,0.155207982465847,1856,0.816950302685013,1543
"T_cell","Myeloid","VIM","CD44",0.784768013395541,1576.5,0.0651043220647675,2058,-0.0384761063505696,2316,0.185574170657216,1782,0.925713877026787,150
"Myeloid","NK","ACTR2","LDLR",0.786703233935874,1312,0.15267022120525,1025,0.334918294465749,1132,0.445690599779478,1171,0.782579025691426,1920
"Myeloid","Myeloid","MIF","CD74_CXCR4",0.789576734912554,1600.75,0.0710677264736513,1941,0.0164708176997983,2078,-0.00364424651856643,2233,0.925590000984188,151
"Myeloid","T_cell","CKLF","CCR4",0.790123456790123,1070.25,0.341536953269503,163,0.189962138279602,1409,0.63485740065934,827,0.786443850934526,1882
"NK","NK","S100A4","CCR5",0.790123456790123,1671.5,0.0945438779828489,1571,0.0826836639561676,1801,0.1439145291453,1882,0.824803347037937,1432
"Myeloid","B_cell","C3","CD46",0.790131148370748,1104.75,0.171642925890488,876,0.939412770986081,461,0.445101728645058,1173,0.783411158343703,1909
"T_cell","T_cell","ICAM3","ITGAL",0.791804122948688,1469,0.0812940437164041,1763,0.0673731223216241,1883,0.278196069837698,1567,0.883786238950694,663
"T_cell","Myeloid","CCL3","CCR1",0.791847934601456,1398,0.132562206208696,1174,0.584328736448826,741,0.450767242431462,1157,0.706019903749088,2520
"NK","NK","PTDSS1","JMJD6",0.793487468882586,1842.75,0.0769592507938511,1836,0.0901084882492243,1768,0.142618372619123,1884,0.786227910773293,1883
"NK","NK","ICAM2","ITGAM_ITGB2",0.793487468882586,1469.25,0.0738447850967415,1884,0.281248016839139,1226,0.326890511281728,1433,0.833288807663045,1334
"NK","T_cell","COL6A2","ITGA1_ITGB1",0.795287159817821,1271.75,0.249624558192604,364,0.310809115656939,1176,0.530303024424554,1005,0.701965241615825,2542
"Myeloid","B_cell","MFNG","NOTCH2",0.796862211466047,1579.75,0.0737421282175243,1886,0.176133411384376,1453,0.217012251372929,1716,0.838988368213807,1264
"T_cell","T_cell","PKM","CD44",0.798553613814222,1345.75,0.0736329773696043,1887,0.0878538947689314,1779,0.29055649361785,1526,0.92329809071699,191
"NK","NK","COL6A2","ITGA1_ITGB1",0.79873391495909,1244.75,0.291430572310363,238,0.345902316039874,1110,0.443771617879159,1178,0.717905467211226,2453
"T_cell","NK","HLA-A","CD3G",0.799177994033132,1690.5,0.0916769156938777,1608,-0.114580232985154,2553,-0.11805060202329,2448,0.925385083111199,153
"T_cell","T_cell","HLA-E","KLRK1",0.800247707334954,1359,0.0862439593861875,1684,0.066598282213312,1888,0.2451141029995,1645,0.921806078613092,219
"Myeloid","T_cell","ADAM28","ITGA4",0.800247707334954,1474.75,0.0735497475653626,1888,0.230874501942146,1332,0.284065067788414,1549,0.849536265635992,1130
"T_cell","T_cell","ICAM2","ITGAL_ITGB2",0.801944494881329,1582.75,0.075533771013758,1862,0.0664307916924933,1889,0.295526551523293,1514,0.854379014466792,1066
"Myeloid","B_cell","F13A1","ITGB1",0.803643979307941,1173.75,0.129071103483504,1214,1.15771120962065,319,0.40034775624992,1272,0.785331685796643,1890
"Myeloid","T_cell","LAMA5","CD44",0.803643979307941,1834,0.0733673241889787,1890,0.0689781311800216,1867,0.160409215003527,1838,0.800577595134116,1741
"B_cell","T_cell","COL4A3","ITGA1_ITGB1",0.803918147532016,1299,0.230275983723086,479,0.308488950766165,1181,0.539780054986797,988,0.700734541957852,2548
"T_cell","T_cell","TNF","ICOS",0.805346163470899,1280.5,0.171670628574787,875,0.0976366323971667,1735,0.760994406266489,621,0.785217684632968,1891
"NK","B_cell","HLA-B","LILRB1",0.80564998069769,1345,0.0564952953611605,2249,0.307885171970017,1182,0.445813139269237,1170,0.874864060102725,779
"T_cell","NK","GNAS","ADCY7",0.807051050227823,1620.5,0.0732075023843752,1892,0.0828095757409325,1800,0.15166668579013,1861,0.865572199580369,929
"T_cell","Myeloid","HSP90B1","ASGR1",0.808139128682226,1128.5,0.218627837430015,568,0.738590030694125,603,0.393931605678704,1291,0.769543228781713,2052
"Myeloid","NK","MIF","CD74_CXCR4",0.808757701515919,1636.25,0.0703080075880145,1956,-0.00146272314718073,2171,-0.0177865505964049,2263,0.925219042317581,155
"B_cell","Myeloid","ADAM17","RHBDF2",0.808758642437842,1509.25,0.0810272509375753,1766,0.326459359201762,1148,0.423205033481773,1230,0.785036113737559,1893
"NK","NK","HLA-B","CD8B",0.812181954661255,1287.75,0.121335808061664,1291,0.140435741391561,1577,0.139334871302737,1895,0.909503235242676,388
"NK","NK","HLA-A","CD3G",0.813539483480023,1722.5,0.0911777976560236,1616,-0.13722878738878,2598,-0.170201534581861,2520,0.925196392351276,156
"NK","B_cell","SELPLG","SIGLEC5",0.813897680400468,1371.75,0.124973725565472,1255,0.369898125618642,1071,0.402742196317584,1265,0.784799761014886,1896
"Myeloid","NK","CCL3","CCR5",0.814337264657445,1345.75,0.149518900737467,1046,0.31202863141506,1172,0.439241630232416,1187,0.776252364093508,1978
"NK","NK","VCAM1","ITGA4_ITGB1",0.815616123044416,1367.25,0.181640333820303,813,0.208765170119916,1363,0.344325486345436,1396,0.784723261186653,1897
"T_cell","B_cell","B2M","LILRB1",0.816080337346268,1330,0.0566745403861997,2246,0.304373825028234,1188,0.442281668775159,1183,0.880174121112843,703
"B_cell","NK","LTB","TNFRSF1A",0.817337285459791,1632,0.0731203080563335,1898,0.171560939093965,1470,0.280663085404331,1561,0.812989531415288,1599
"T_cell","Myeloid","IRAK4","TLR7",0.817825279403086,1271.75,0.18023760722832,822,0.652302055112477,663,0.4386209696344,1189,0.724581191363893,2413
"Myeloid","B_cell","WNT5A","ADRB2",0.821645892666278,1385.75,0.214587805201893,609,0.808456626175078,540,0.272740360326134,1581,0.598993398479078,2813
"T_cell","T_cell","ADAM10","TSPAN14",0.82251712002403,1592,0.072934223086198,1901,0.0673534585961423,1884,0.374429282333943,1334,0.839997157827306,1249
"Myeloid","B_cell","ACTR2","ADRB2",0.825983994547968,1534,0.0887775733833384,1649,0.293260989237925,1204,0.351755721024929,1380,0.784264545470347,1903
"Myeloid","Myeloid","SEMA4D","CD72",0.825983994547968,1820.5,0.0749335734403445,1871,0.116121937660405,1670,0.137272826384329,1903,0.790227716577894,1838
"NK","NK","YBX1","NOTCH1",0.82772153587701,1729.5,0.0855456858598569,1701,0.145536028481064,1558,0.200173834815341,1755,0.784073094235898,1904
"NK","NK","HLA-C","CD3G",0.827852590643941,1717.75,0.0895640256881035,1642,-0.117298138208736,2565,-0.164621814464919,2505,0.925015312436883,159
"NK","Myeloid","FASLG","TNFRSF10B",0.828334125303442,1246.25,0.229926958971641,482,0.29903917194404,1195,0.466437653330082,1120,0.756387069337808,2188
"NK","B_cell","HLA-G","LILRB1",0.828334125303442,1370.25,0.0620024893233603,2126,0.351342738801615,1099,0.498765632799979,1061,0.844757743621511,1195
"Myeloid","Myeloid","CCL4","CCR1",0.831204841055592,1204,0.184008700527329,802,0.574689719207514,758,0.366166824935784,1350,0.783888973534998,1906
"B_cell","NK","GNAS","ADCY7",0.831204841055592,1639.25,0.0726627672083422,1906,0.0776881907460301,1815,0.138716573537574,1897,0.865137082791466,939
"T_cell","B_cell","VIM","CD44",0.83261289355273,1668,0.0637737648520421,2090,-0.0610825165885342,2406,0.0893998864520211,2016,0.925000755487429,160
"Myeloid","T_cell","PSEN1","NOTCH1",0.832950610664206,1605.75,0.0958361903445954,1553,0.186835107196771,1419,0.284887671281892,1544,0.783825550890293,1907
"NK","NK","HLA-C","CD8B",0.834699128794271,1304,0.12241791549954,1276,0.125265399848491,1630,0.136445186703681,1908,0.908323769199457,402
"Myeloid","Myeloid","GNAI2","CCR5",0.834699128794271,1466,0.115517323667069,1356,0.331008968108507,1137,0.314505491221051,1463,0.783763179345727,1908
"NK","NK","GNAI2","ADCY7",0.834699128794271,1654.75,0.0726031739517765,1908,0.166276581505751,1488,0.349593360099129,1383,0.789928819612058,1840
"B_cell","T_cell","HLA-E","CD8B",0.837142696084348,1142.25,0.130341640264688,1200,0.0599165239098401,1911,0.495351191535865,1066,0.909012410740497,392
"T_cell","B_cell","HLA-A","LILRB1",0.837142696084348,1319.25,0.0583437936954005,2206,0.295432735650528,1200,0.489494667111809,1073,0.873886068233189,798
"NK","T_cell","HLA-E","KLRK1",0.838204422153531,1373.25,0.0860818706153033,1688,0.0600721221660189,1910,0.234512154339269,1675,0.921738253965318,220
"Myeloid","Myeloid","TGFB1","ENG",0.838909981717705,1299,0.199668849875264,709,0.496338013885957,878,0.43472136271336,1201,0.72529051551409,2408
"Myeloid","Myeloid","GNAI2","CXCR3",0.839961203153892,1682.5,0.0804539065683748,1778,0.240455244041014,1316,0.212990234979558,1725,0.783293847219686,1911
"Myeloid","Myeloid","ADAM10","CD44",0.841720744218038,1501.75,0.084519442257095,1712,0.0617934083217857,1902,0.134089685258803,1912,0.90141320544563,481
"B_cell","NK","HLA-B","CD3G",0.842117424310174,1814.25,0.0860262297001332,1689,-0.369462056119738,2779,-0.26280144006468,2627,0.924913657001938,162
"T_cell","NK","HLA-C","CD8B",0.843483048235332,1327,0.122040508022049,1280,0.103836750937297,1710,0.134080770104496,1913,0.908195128899874,405
"Myeloid","Myeloid","TNF","PTPRS",0.845997656654319,1326.5,0.179571289414861,826,0.454669274636467,937,0.433529466225681,1205,0.734607969111929,2338
"T_cell","NK","HLA-C","CD3G",0.846861660206416,1730,0.0892879048860871,1644,-0.13872678711993,2603,-0.166986231064103,2510,0.924908157466311,163
"T_cell","T_cell","BTLA","CD247",0.847015956694369,1585.75,0.131094739656727,1192,0.0747703475895534,1832,0.340658067625349,1404,0.783033266642571,1915
"NK","B_cell","HLA-C","LILRB1",0.851332838550047,1359,0.0569991365626323,2239,0.292714830426946,1208,0.442923454670181,1180,0.873296026902706,809
"NK","T_cell","B2M","CD247",0.851600548476877,1141.25,0.115634716468261,1353,0.0516182147938278,1947,0.477349979679109,1101,0.924873721098002,164
"B_cell","NK","HLA-G","CD8A",0.852336113852507,1355,0.123939188407752,1267,0.0583495697179707,1918,0.173022834104153,1803,0.906051475054986,432
"Myeloid","NK","B2M","KLRC2",0.853114926244337,1292.75,0.204617995745075,677,-0.199580004672061,2680,0.4324810198543,1209,0.889310862464089,605
"T_cell","NK","HLA-G","CD8B",0.85589678206839,1422.75,0.124221189370535,1263,0.0733309011354765,1840,0.132011454336116,1920,0.883110569694108,668
"NK","T_cell","CD99","PILRB",0.85589678206839,1523.75,0.0718562339814103,1920,0.129228291229237,1608,0.137591839394881,1900,0.883143358061925,667
"NK","NK","MFNG","NOTCH1",0.8576812939093,1793.25,0.091578618772918,1611,0.0927691986880785,1756,0.13173562176944,1921,0.785977248372794,1885
"T_cell","T_cell","GNAI2","CXCR3",0.8576812939093,1707,0.0797552320684532,1795,0.0587795321016846,1917,0.435886315501719,1195,0.782552669232564,1921
"T_cell","Myeloid","TNF","TNFRSF21",0.858472253531886,1316.5,0.199844239206459,705,0.61380321421263,712,0.431376244389459,1212,0.684815819475001,2637
"Myeloid","NK","HLA-C","KIR2DL3",0.859468594775639,1215.5,0.217609904959526,579,0.0573573473981088,1922,0.389196852629658,1305,0.855096867869812,1056
"Myeloid","NK","HLA-B","CD3G",0.861062298219011,1798.5,0.0858507747802159,1695,-0.386542689977614,2786,-0.195202419086255,2547,0.924842732147526,166
"B_cell","B_cell","PSAP","CELSR1",0.861258687571886,1351.25,0.176264830297647,846,0.298103959921142,1197,0.325109193278303,1439,0.782365644577513,1923
"NK","NK","HLA-A","CD8B",0.861258687571886,1321,0.124623651551338,1257,0.105334750668447,1703,0.130865466586739,1923,0.908541171995728,401
"Myeloid","NK","TGFB1","ITGB1",0.864847260579576,1627.25,0.0964175364200111,1545,0.193350448185359,1402,0.248887199116054,1637,0.782256230340783,1925
"T_cell","Myeloid","GNAS","ADCY7",0.864847260579576,1575.25,0.0785954382115746,1817,0.106686634200687,1695,0.130389889910865,1925,0.869650421730638,864
"B_cell","Myeloid","ICAM1","ITGAM_ITGB2",0.866645746607532,1102,0.071613215102939,1926,0.66706425021527,647,0.810621102529846,556,0.837356745293727,1279
"T_cell","T_cell","IL16","CCR5",0.870251132264289,1505.5,0.115829492164475,1351,0.0561845122376963,1928,0.399683133429008,1275,0.822294655794171,1468
"T_cell","B_cell","MIF","CD44_CD74",0.87050270567856,1364.5,0.0713690785799657,1931,0.130799409876435,1603,0.199537179885448,1756,0.924667022436474,168
"NK","Myeloid","FABP5","RXRA",0.871037067353992,1514.5,0.130892064675424,1194,0.406914226023757,999,0.429951222347196,1219,0.682555128465098,2646
"B_cell","NK","COL4A3","CD47",0.873867755476636,1352,0.189880511923857,765,0.26651464380277,1262,0.320808176032728,1451,0.781663512384395,1930
"T_cell","Myeloid","TIMP1","CD63",0.873867755476636,1218.75,0.0714146953940926,1930,0.526851094448015,828,0.792053231459144,581,0.817991421926704,1536
"B_cell","NK","ICAM3","ITGAL",0.879313811745264,1542.75,0.0797826658667079,1794,0.0889973159303598,1770,0.126946031824519,1933,0.88281902749932,674
"Myeloid","T_cell","ICAM2","ITGAL_ITGB2",0.879313811745264,1695.5,0.072429810279159,1910,0.0555587538645286,1933,0.160376625783517,1839,0.85174920232981,1100
"Myeloid","Myeloid","VEGFA","ITGAV",0.879921802973321,1239.5,0.336354316836791,170,0.642016998639751,679,0.385836943695105,1310,0.617503542181009,2799
"T_cell","Myeloid","MIF","CD44_CD74",0.879921802973321,1355.75,0.0711750212254583,1937,0.127487744573502,1622,0.224125424858928,1694,0.924572136309903,170
"T_cell","B_cell","SELPLG","SIGLEC5",0.88661476946498,1279,0.119391470302881,1312,0.345832714420618,1111,0.673240317123654,756,0.78091589966485,1937
"B_cell","T_cell","B2M","CD247",0.889319622196911,1342.75,0.114147671444395,1376,-0.118733470330073,2568,0.408748741084535,1255,0.924422819232572,172
"Myeloid","Myeloid","TNF","TNFRSF21",0.890054899728719,1208,0.253623797507757,346,0.674893182245767,639,0.367440524425042,1346,0.709951736562887,2501
"T_cell","NK","HLA-B","CD8B",0.890282250692331,1342.25,0.120723834376489,1300,0.0968484576082874,1739,0.125119007153585,1939,0.909294930951612,391
"T_cell","Myeloid","CD40LG","CD40",0.890963019158331,1232,0.229858574541357,484,0.278846477193257,1230,0.640610466210022,818,0.726528062640147,2396
"B_cell","T_cell","HLA-B","CD8A",0.894010562554657,1319.25,0.109792999073426,1421,-0.0941971701905167,2499,0.441258982595687,1184,0.924342447352478,173
"NK","Myeloid","CCL4L1","CCR5",0.895804791396146,1543.25,0.120828909059206,1297,0.216585595795205,1352,0.272659647170873,1582,0.780574490307547,1942
"T_cell","NK","HLA-E","CD8B",0.897651335058776,1362.75,0.123724171897611,1269,0.0765721795333048,1820,0.124123438575816,1943,0.906834582856022,419
"Myeloid","T_cell","MIF","TNFRSF14",0.899500731994527,1489,0.0829300254404894,1732,0.114957037254245,1674,0.124120347742397,1944,0.889074120681355,606
"T_cell","B_cell","MFNG","NOTCH2",0.899500731994527,1517.25,0.0708949295971741,1944,0.163845032798761,1496,0.372764278580267,1335,0.836311040641642,1294
"T_cell","NK","S100A4","CCR5",0.90135298514113,1643.25,0.0893183563393469,1643,0.0521787744214258,1945,0.305292341675689,1489,0.820657344593036,1496
"Myeloid","Myeloid","ICAM2","ITGAL_ITGB2",0.903208097437831,1586.5,0.080940475832072,1769,0.129358450763465,1606,0.124100420539039,1946,0.858627232701927,1025
"T_cell","Myeloid","HSP90B1","TLR9",0.905066071825387,1486.5,0.119946996850104,1308,0.287398544167447,1218,0.311917482812794,1473,0.780116499631078,1947
"Myeloid","T_cell","HLA-B","CD8A",0.908051554684103,1296.5,0.109569070605015,1423,-0.111277804048392,2544,0.508858003574112,1043,0.924271027123169,176
"B_cell","Myeloid","ADAM10","TREM2",0.90926848646558,1172,0.163944232268116,947,1.10116780764174,339,0.416723850718229,1240,0.758985023860857,2162
"B_cell","T_cell","HLA-F","CD8B",0.90926848646558,1301.25,0.126338834305983,1240,-0.0163177224889066,2234,0.422960688129092,1231,0.899761895448551,500
"Myeloid","B_cell","TIMP2","ITGB1",0.910657196963403,1198.75,0.121909400626119,1285,0.962408570591295,445,0.469020395890381,1115,0.779524598597486,1950
"T_cell","NK","CCL5","CCR5",0.910657196963403,1606.5,0.106552109063405,1454,0.0503862220550282,1950,0.266908348295714,1602,0.825943197106009,1420
"Myeloid","Myeloid","TNFSF10","TNFRSF10D",0.911108982844537,1329.75,0.242423994282059,406,0.350118623344449,1102,0.416493481321624,1241,0.697761076588376,2570
"B_cell","Myeloid","ADAM10","AXL",0.912951282858682,1182.5,0.151407568293076,1030,0.954604780673146,451,0.415842007716756,1242,0.773795694280135,2007
"B_cell","T_cell","HLA-C","CD8B",0.914795385145335,1312.75,0.126024570809609,1243,-0.0880277921782539,2477,0.458340286123287,1144,0.909525569193147,387
"NK","NK","TGFB1","CXCR4",0.91815227842308,1562.25,0.099645942454593,1519,0.0496699083128932,1954,0.216364342663964,1717,0.854808108214958,1059
"Myeloid","NK","APP","NCSTN",0.918488991062782,1213.75,0.12586553953723,1245,0.516890254964367,843,0.670131379155131,757,0.773552963227217,2010
"T_cell","B_cell","CD99","CD81",0.920033255586058,1643,0.0703252089191325,1955,0.104673423682229,1708,0.336045075869521,1414,0.820824260100535,1495
"NK","B_cell","HLA-A","LILRB1",0.920338491945544,1364,0.0580261516847612,2211,0.272784181246902,1246,0.437343734553239,1193,0.873584934613331,806
"NK","T_cell","VIM","CD44",0.922044887453139,1652,0.0621184965719527,2123,-0.00507288272767686,2188,0.0433107367414343,2118,0.924083435473342,179
"Myeloid","NK","HLA-G","KIR2DL4",0.925693530654042,1532.75,0.181262377795096,817,0.0485995386898406,1958,0.251720197541057,1631,0.802341332921639,1725
"B_cell","T_cell","HLA-B","CD8B",0.925897769706573,1317.5,0.125310735537657,1249,-0.10366815609496,2526,0.463742234186871,1126,0.910821075531089,369
"B_cell","Myeloid","GNAS","ADCY7",0.927586080060998,1592.75,0.0780106115411498,1823,0.101565249205785,1716,0.117439777658309,1959,0.869226510995804,873
"NK","NK","ARPC5","ADRB2",0.927586080060998,1773.25,0.0700606507274899,1959,0.101688049405792,1715,0.242741586734345,1649,0.797237655833252,1770
"B_cell","T_cell","COL4A3","CD47",0.929481529926185,1443.75,0.18285387256754,806,0.245776254691702,1302,0.22023515569257,1707,0.778428728090423,1960
"Myeloid","NK","ADAM10","CD44",0.929481529926185,1499.25,0.0852062649885298,1706,0.070782088115735,1852,0.117405077272042,1960,0.901772240276014,479
"T_cell","B_cell","HLA-C","LILRB1",0.929612920231004,1373.5,0.0568234114633974,2242,0.271286181515752,1251,0.440559038070997,1186,0.873125101019605,815
"B_cell","NK","HLA-C","CD3G",0.931347351866464,1816.75,0.0865162799484978,1680,-0.353821692203032,2774,-0.268203388128263,2632,0.923805748201325,181
"NK","NK","ADAM10","TSPAN14",0.933281142880433,1774.75,0.0712846133793605,1934,0.0558915164751637,1932,0.116104607968752,1962,0.838453783607416,1271
"Myeloid","T_cell","TNF","TNFRSF1B",0.933281142880433,1751.25,0.0700141258750054,1962,0.0963746037084999,1742,0.176558313296796,1795,0.820012545211965,1506
"T_cell","B_cell","PSAP","CELSR1",0.935185311897865,1440.25,0.167777610812396,907,0.274721849573841,1240,0.241947819148582,1651,0.778135132447784,1963
"T_cell","NK","NAMPT","ITGA5_ITGB1",0.935185311897865,1651.75,0.0699018047245251,1963,0.117810770498953,1663,0.226874948809897,1688,0.836387420896671,1293
"Myeloid","T_cell","HLA-B","CD8B",0.935199066018797,1300.25,0.12505515784763,1254,-0.120748789952836,2570,0.531341255165296,1004,0.910738123818075,373
"Myeloid","NK","MIF","CD44_CD74",0.935990668830808,1629,0.0695601927570946,1972,0.0082484283596149,2111,-0.012840858791507,2251,0.923767996635889,182
"Myeloid","NK","PSEN1","NCSTN",0.939002389845606,1655.25,0.0698164979218525,1965,0.188638463073749,1412,0.320910709471707,1449,0.794575186064115,1795
"T_cell","NK","ADAM10","TSPAN14",0.940915304713356,1786.5,0.0697611886376602,1966,0.0488678051885672,1957,0.125315311826772,1938,0.836985398421774,1285
"Myeloid","Myeloid","CD99","PILRB",0.942831140804502,1536.25,0.077310443526066,1834,0.100778017458128,1718,0.114473995813594,1967,0.886865953418535,626
"B_cell","Myeloid","MAML2","NOTCH2",0.942831140804502,1560.75,0.0697582758940011,1967,0.36099449703253,1084,0.39771579912695,1278,0.783189824048044,1914
"T_cell","Myeloid","CRTAM","CADM1",0.945482043076939,1428.5,0.19100523709629,756.5,0.267194936944777,1259.5,0.435016908521414,1199.5,0.710257820541595,2498.5
"Myeloid","T_cell","CADM1","CRTAM",0.945482043076939,1428.5,0.19100523709629,756.5,0.267194936944777,1259.5,0.435016908521414,1199.5,0.710257820541595,2498.5
"Myeloid","Myeloid","IRAK4","TLR6",0.946419529306095,1511.25,0.157472233407762,996,0.327524421275311,1146,0.404786962436728,1260,0.683199593595534,2643
"B_cell","Myeloid","CD48","CD244",0.946671588548496,1886.5,0.0696426582319703,1969,0.0652446721393566,1891,0.185918850825647,1781,0.783968442048389,1905
"B_cell","Myeloid","LIN7C","ABCA1",0.948295834310301,1412.75,0.12431866882313,1261,0.490706439822773,888,0.48787065923924,1078,0.723568348181613,2424
"Myeloid","NK","HLA-E","CD8A",0.949889006663715,1533.75,0.116803550815033,1339,-0.268726838335,2723,0.141611470688664,1888,0.923583767432269,185
"NK","NK","HLA-E","CD8B",0.950523756875715,1380,0.123491642001091,1270,0.0700460194860117,1858,0.113521489915585,1971,0.906755085684904,421
"Myeloid","B_cell","ADAM9","ITGB1",0.952454243701562,1480.25,0.100551488521929,1510,0.574655708273816,759,0.229657089665683,1680,0.776989293163879,1972
"Myeloid","NK","MFNG","NOTCH1",0.952454243701562,1733.75,0.100540893443361,1511,0.121139764360046,1645,0.113214168746814,1972,0.793725336742543,1807
"T_cell","B_cell","HLA-B","LILRB1",0.955818794970936,1378.5,0.0562103536390957,2254,0.264297888186743,1265,0.431597275120085,1211,0.874587018188351,784
"T_cell","T_cell","CD40LG","CD53",0.956324037578016,1440,0.171253227434154,880,0.0459636983128725,1974,0.370840728306117,1337,0.814546910229485,1569
"B_cell","NK","GNAI2","S1PR5",0.957703962996173,1228.5,0.124102943024887,1266,0.552367713911781,790,0.707564784897821,704,0.759685951437746,2154
"T_cell","B_cell","CD55","CR1",0.958263350593269,1549.25,0.109558565733495,1425,0.305449300867043,1186,0.110291638949136,1975,0.81184260041811,1611
"B_cell","NK","ICAM2","ITGAL_ITGB2",0.958263350593269,1649,0.0692373100813083,1975,0.131135450789529,1602,0.144017340484149,1881,0.848880519798569,1138
"Myeloid","NK","TNFSF10","RIPK1",0.95959089922922,1442.75,0.156268602106795,1003,0.259878045466484,1267,0.438958940706354,1188,0.73870435012018,2313
"Myeloid","B_cell","CD52","SIGLEC10",0.960205611638826,1600.75,0.069233537723785,1976,0.134170180651923,1592,0.346090542490387,1391,0.823655028605774,1444
"NK","Myeloid","TNFSF10","TNFRSF10C",0.966853884750689,1331.75,0.205559170120245,672,0.758818205559865,573,0.359163902178606,1364,0.662638696786867,2718
"NK","B_cell","HLA-F","LILRB1",0.967156296650566,1391.75,0.0592802076120445,2187,0.257952796969437,1271,0.462512927600557,1128,0.862418179048157,981
"T_cell","NK","LRPAP1","SORL1",0.968004195868805,1619.5,0.069057060549721,1980,0.121325669327466,1642,0.303098948622619,1495,0.830601134319952,1361
"Myeloid","T_cell","B2M","CD247",0.968346508876914,1409.75,0.110687437122745,1415,-0.515128157886025,2810,0.427352528391476,1225,0.923340451863107,189
"B_cell","T_cell","HLA-A","CD8B",0.969052051691276,1401.5,0.123001778518185,1272,-0.177125981127125,2656,0.400554665758021,1270,0.907995464175044,408
"NK","NK","GNAI2","S1PR1",0.97192125387608,1826.25,0.0689979795357457,1982,0.0830135456288031,1799,0.159639373999851,1844,0.806104832777293,1680
"B_cell","NK","ICAM1","ITGAL_ITGB2",0.974749866496929,1455.25,0.0596240192182982,2177,0.257302451489369,1275,0.444527114415577,1175,0.84501466873767,1194
"Myeloid","B_cell","TNFSF10","TNFRSF10A",0.976652649634022,1393.75,0.189928686536079,763,0.255866345495237,1276,0.409045661332163,1254,0.743442982581656,2282
"T_cell","Myeloid","MIF","TNFRSF10D",0.979791021451864,1553.25,0.143825464727028,1088,0.181860431878652,1435,0.221672954744971,1704,0.7755093417394,1986
"T_cell","Myeloid","NAMPT","ITGA5_ITGB1",0.979791021451864,1681.25,0.0688724700602303,1986,0.139211882911082,1581,0.158267775779542,1847,0.835369854481816,1311
"Myeloid","T_cell","CCL4","CCR5",0.985724636728642,1763.75,0.0942982850583368,1574,0.0413878142259951,1989,0.286019725488131,1540,0.779345651211638,1952
"B_cell","Myeloid","ADAM17","ITGB1",0.985724636728642,1869.25,0.0687822056665953,1989,0.105615371209665,1701,0.105817324740019,1988,0.794261462498082,1799
"T_cell","B_cell","HLA-F","LILRB1",0.986192833472893,1391.75,0.059169187591004,2190,0.25441692036224,1281,0.469022460569485,1114,0.862306930319155,982
"T_cell","Myeloid","CALR","ITGAV",0.98770848442699,1531.75,0.111247407649404,1409,0.165780796061869,1491,0.10516721542896,1990,0.841208638045535,1237
"B_cell","B_cell","ADAM17","RHBDF2",0.989695325105896,1599.5,0.0722045900736333,1914,0.269644397678375,1254,0.416941946397203,1239,0.775149246530216,1991
"B_cell","Myeloid","ADAM10","NOTCH2",0.989695325105896,1426.5,0.068619342132683,1991,0.339329798017662,1125,0.367968397072121,1345,0.84031079019291,1245
"B_cell","T_cell","HLA-C","CD8A",0.991300435523366,1314.5,0.110418437229349,1417,-0.0785568062738103,2451,0.435857034532103,1196,0.923226809874332,194
"Myeloid","B_cell","SPP1","ITGA4_ITGB1",0.991685161774139,1232.75,0.153342296886474,1018,0.842664648565682,522,0.342342719360217,1399,0.775143747238092,1992
"B_cell","T_cell","IL24","NOTCH2",0.991685161774139,1705.25,0.0954669794841573,1556,0.184658775162656,1425,0.103289086436008,1992,0.789171309615728,1848
"Myeloid","B_cell","VEGFA","CD44",0.993677997442004,1405.25,0.181471463202671,815,0.351259397382384,1100,0.102697393999913,1993,0.803265720619308,1713
"NK","NK","TNF","TNFRSF1B",0.995673835121292,1738.5,0.0681971414627753,1994,0.116527055864527,1669,0.198978421797115,1758,0.818063956106596,1533
"NK","Myeloid","TNF","TNFRSF21",0.995776656859339,1310.5,0.209329335743349,645,0.624577647148346,700,0.39466234486921,1286,0.689798623808175,2611
"Myeloid","T_cell","HLA-C","CD8B",0.999622361894653,1378.25,0.121784876532463,1288,-0.313905209978477,2751,0.493526452089082,1067,0.90810767758451,407
"Myeloid","Myeloid","CD99","CD81",0.999674528568892,1517,0.105428484480463,1463,0.172521184433872,1466,0.100942089845766,1996,0.848693840914171,1143
"NK","T_cell","FASLG","FAS",1,1161.5,0.304061768391241,215,0.198965017692481,1383,0.65878611939628,781,0.745537314610933,2267
"Myeloid","NK","VEGFA","ITGAV",1,1324.75,0.24661277789589,385,0.563116677859511,772,0.380035069925771,1322,0.580248247940015,2820
"T_cell","NK","CD40LG","ITGA5_ITGB1",1,1265,0.231108398829453,473,0.166715303443682,1486,0.617497376820776,857,0.749871992167603,2244
"T_cell","Myeloid","CD40LG","ITGA5_ITGB1",1,1283.75,0.227705226521351,499,0.188116415855811,1414,0.548890203790421,971,0.74847816561182,2251
"Myeloid","Myeloid","TXLNA","STX3",1,1240,0.227320665810478,502,0.561122428412567,775,0.336897551790836,1413,0.74529992960994,2270
"Myeloid","Myeloid","MAML2","NOTCH4",1,1348.75,0.226840351806153,505,0.469343822931293,914,0.354078142085411,1375,0.691650046027018,2601
"Myeloid","NK","HLA-C","KIR2DS4",1,1360,0.225331059210183,519,0.00260173346160991,2146,0.315921554900164,1458,0.834910946623522,1317
"T_cell","B_cell","CD40LG","TRAF3",1,1501,0.220210084953506,558,0.0836503704645212,1795,0.500591495913065,1059,0.692513963800021,2592
"Myeloid","NK","B2M","KIR2DL3",1,1364.25,0.219938876094332,559,-0.151871296021364,2624,0.383591585921564,1317,0.863772901942585,957
"NK","NK","FASLG","FAS",1,1630.5,0.215311447293742,603,0.117228955363243,1665,0.193707561008431,1766,0.711438005472562,2488
"Myeloid","Myeloid","VEGFA","ITGB1",1,1338.25,0.213027649595082,622,0.51730264509957,841,0.271268373628572,1585,0.739599563201982,2305
"Myeloid","Myeloid","SPP1","PTGER4",1,1156.5,0.198887389608625,714,0.869856960392482,502,0.347521329477111,1386,0.771862641702979,2024
"Myeloid","T_cell","VEGFA","ITGB1",1,1334.75,0.197834613169795,717,0.487796089006268,891,0.353805162328629,1378,0.732411671087277,2353
"NK","Myeloid","CALM3","KCNQ1",1,1423.75,0.19567557501638,729,0.401338550694953,1008,0.286182376856006,1539,0.723894321268378,2419
"T_cell","NK","CXCL13","CXCR3",1,1723,0.19422824698746,732,0.0102580623300284,2102,0.272453189076148,1584,0.71391128272444,2474
"Myeloid","Myeloid","FN1","ITGA4_ITGB7",1,1306.5,0.192908243045437,735,0.498323354530007,876,0.326327962703493,1436,0.756787697439589,2179
"NK","NK","VCAM1","ITGA4_ITGB7",1,1394.25,0.192885201472928,736,0.208790387392103,1362,0.382634615958936,1318,0.75903874254282,2161
"T_cell","NK","CD40LG","TRAF3",1,1656,0.192587396070787,738,0.0524247740217581,1943,0.396573284152726,1283,0.678062653772484,2660
"T_cell","B_cell","CD200R1","CD200",1,1548.75,0.192077482386942,744.5,0.12064445980125,1648.5,0.477999120374278,1099.5,0.667555992608113,2702.5
"B_cell","T_cell","CD200","CD200R1",1,1548.75,0.192077482386942,744.5,0.12064445980125,1648.5,0.477999120374278,1099.5,0.667555992608113,2702.5
"NK","Myeloid","TXLNA","STX3",1,1351,0.191462874662265,753,0.514215562148299,850,0.332831916381739,1419,0.728666252576252,2382
"T_cell","T_cell","CD40LG","TRAF3",1,1691,0.190332678145726,761,0.0498759666873547,1953,0.348270458037968,1385,0.676775932085407,2665
"NK","T_cell","CKLF","CCR4",1,1706.25,0.185521724444125,791,-0.00345772885457275,2181,0.305387373448906,1488,0.73075954301237,2365
"B_cell","Myeloid","HSP90B1","ASGR1",1,1299.5,0.182910123059185,805,0.66606958503243,648,0.290679436648135,1525,0.753347440101096,2220
"T_cell","Myeloid","MAML2","NOTCH4",1,1467.75,0.176436086604552,845,0.403061698065977,1006,0.387450237882754,1307,0.664229732146085,2713
"Myeloid","Myeloid","CCL3L1","CCR5",1,1407.25,0.174871193413838,853,0.449436889315243,944,0.346806873577033,1388,0.720428500498286,2444
"B_cell","Myeloid","COL4A3","CD47",1,1445.75,0.173969529468056,861,0.219555047817369,1344,0.274238060469046,1578,0.774103656539605,2000
"B_cell","NK","CD200","CD200R1",1,1770,0.172038945402943,872.5,0.0987408523636363,1726.5,0.208357237335248,1736.5,0.655219619503977,2744.5
"NK","B_cell","CD200R1","CD200",1,1770,0.172038945402943,872.5,0.0987408523636363,1726.5,0.208357237335248,1736.5,0.655219619503977,2744.5
"B_cell","Myeloid","TNF","TNFRSF21",1,1500.75,0.165987457029762,921,0.575344182450194,756,0.260999031936507,1614,0.664448012646777,2712
"NK","Myeloid","MAML2","NOTCH4",1,1566,0.164202752226654,942,0.386974738093206,1032,0.283843732700878,1550,0.656169989011327,2740
"Myeloid","Myeloid","HLA-C","NOTCH4",1,1476.25,0.163144896706386,952,-0.00220520183628914,2173,0.255906381960304,1625,0.847862864401503,1155
"Myeloid","Myeloid","HBEGF","CD82",1,1448,0.162799282132603,956,0.466011886908659,919,0.141144365837134,1890,0.771354497741699,2027
"Myeloid","NK","TNFSF12","TNFRSF25",1,1832.25,0.162346351301024,959,0.135679066464171,1586,0.0383443775928524,2129,0.679983542149694,2655
"B_cell","Myeloid","TXLNA","STX3",1,1499.75,0.161935015019827,962,0.4755891069494,905,0.243260870936178,1648,0.711794771619234,2484
"Myeloid","NK","HBEGF","CD82",1,1420.75,0.159505605200606,974,0.461014325192915,926,0.210061443947633,1732,0.76954712332185,2051
"T_cell","NK","CD40LG","CD53",1,1534.25,0.159380984346932,975,0.00332509705890361,2140,0.357637373402794,1369,0.809058963200412,1653
"B_cell","T_cell","IL24","IL10RB",1,1393,0.158418950151583,987,0.247802267972569,1297,0.430094844151136,1218,0.767902304215914,2070
"T_cell","NK","SPTAN1","PTPRA",1,1484.25,0.157984861139552,991,0.146016810462247,1554,0.355313754150568,1372,0.772204608084946,2020
"NK","Myeloid","VCAM1","ITGA4_ITGB1",1,1581.25,0.156620440972225,1001,0.140501775168915,1575,0.21245012721539,1726,0.771941244702658,2023
"Myeloid","Myeloid","VEGFB","ADRB2",1,1667.5,0.153364592232811,1017,0.304106684485604,1189,0.192179495601731,1773,0.66981341307632,2691
"NK","B_cell","FASLG","TNFRSF10B",1,1603,0.151999513103923,1028,0.17978545231676,1441,0.311757896268241,1475,0.716269254346021,2468
"NK","T_cell","VCAM1","ITGA4_ITGB7",1,1686.25,0.150426007092337,1035,0.111997546584853,1679,0.222551072185566,1700,0.735576918909263,2331
"NK","Myeloid","PSEN1","NOTCH4",1,1496.25,0.14952638029737,1044,0.393363334728364,1020,0.326842456945206,1434,0.711481489322901,2487
"NK","NK","SPTAN1","PTPRA",1,1641,0.149114642641163,1050,0.122230535729717,1639,0.180058256554758,1789,0.767082462603186,2086
"NK","B_cell","PSAP","CELSR1",1,1549.25,0.149104013107442,1051,0.22327648246897,1342,0.21082541686396,1731,0.767782864031145,2073
"NK","T_cell","VCAM1","ITGA4_ITGB1",1,1607.75,0.148392527879638,1057,0.118069632820953,1660,0.252539032021815,1629,0.767156270157823,2085
"Myeloid","T_cell","TNF","FAS",1,1496,0.148134445656758,1061,0.121189747041961,1644,0.396920228107257,1281,0.774274038175847,1998
"Myeloid","NK","TNF","SEMA4C",1,1670.75,0.145684548816286,1074,0.195327021579814,1394,0.225266087340428,1692,0.705689962377115,2523
"T_cell","Myeloid","PSEN1","NOTCH4",1,1546.25,0.145251793162706,1078,0.385876418973818,1033,0.277548895574687,1569,0.708495467771326,2505
"T_cell","T_cell","CCL3","CCR4",1,1721,0.144574071465867,1083,0.0630289646668357,1897,0.442471566551251,1182,0.661625044921346,2722
"NK","T_cell","TNFSF9","TNFRSF9",1,1639.5,0.143992143066541,1086,0.0918808303695579,1760,0.404399993127992,1263,0.718901123149775,2449
"Myeloid","T_cell","TNFSF10","TNFRSF10A",1,1603.5,0.143487042339095,1093,0.197701505088131,1386,0.313973017082812,1465,0.715803376011347,2470
"NK","T_cell","TNFSF14","TNFRSF14",1,1624.25,0.143311902300897,1094,0.131612106539827,1601,0.241304777333302,1652,0.760154938796995,2150
"NK","T_cell","CCL3","CCR5",1,1252,0.142672097340055,1096,0.23665248799592,1321,0.800178682059476,570,0.772155393001105,2021
"B_cell","T_cell","TNF","ICOS",1,1490,0.142586902664686,1097,0.0591776006347312,1915,0.590617193813537,894,0.769150901843411,2054
"NK","Myeloid","IRAK4","TLR6",1,1609.75,0.139612946918989,1117,0.293175369422736,1206,0.329137149002427,1426,0.670031492271187,2690
"B_cell","Myeloid","IRAK4","TLR7",1,1487.75,0.139558451091323,1120,0.599395908448184,728,0.286519992466747,1536,0.698339821978992,2567
"Myeloid","NK","ICOSLG","ICOS",1,1747.75,0.136074401493388,1139,0.282139502027449,1225,0.0647937299918281,2073,0.700353270910507,2554
"B_cell","T_cell","TNFSF9","TNFRSF9",1,1699.25,0.13562974283192,1141,0.0762974559502834,1821,0.364257211519444,1357,0.712816435536778,2478
"NK","Myeloid","VCAM1","ITGA4_ITGB7",1,1875.5,0.135285661176013,1145,0.0696047571596343,1863,0.0575769400944987,2085,0.72513212111631,2409
"B_cell","Myeloid","PSEN1","NOTCH4",1,1609.75,0.134706626610006,1149,0.367406618005798,1074,0.235909537894371,1667,0.700651753119101,2549
"B_cell","NK","IL24","IL10RB",1,1539.75,0.134505558017634,1150,0.213494856563629,1360,0.329775212393084,1423,0.753001571182849,2226
"T_cell","Myeloid","TGFB1","ENG",1,1534,0.13442056860518,1152,0.421925341365838,980,0.359068303592259,1365,0.684172688542599,2639
"NK","NK","TNFSF9","TNFRSF9",1,1843,0.134158793818493,1154,0.0767622887639021,1818,0.133527420998966,1915,0.711699009312455,2485
"NK","Myeloid","ADAM10","CADM1",1,1514.5,0.133817496371996,1159,0.255486960484217,1277,0.28693080341783,1535,0.766877052910299,2087
"T_cell","Myeloid","TNFSF10","TNFRSF10D",1,1748.25,0.133663179316204,1161,0.178148612644032,1446,0.265227864718145,1604,0.631574249628916,2782
"NK","NK","TNFSF14","TNFRSF14",1,1718.75,0.132822764245891,1169,0.102949972910094,1711,0.192353758610941,1771,0.753157756532928,2224
"Myeloid","Myeloid","LRPAP1","LDLR",1,1487.5,0.131825877149571,1181,0.327755856016016,1144,0.335874343508255,1415,0.754028056428707,2210
"NK","Myeloid","TNFSF14","TNFRSF14",1,1752.5,0.131690527960635,1185,0.0998560763917849,1723,0.148869862466463,1871,0.752361105970869,2231
"T_cell","Myeloid","ADAM10","CADM1",1,1527,0.130957680274508,1193,0.248463249197621,1295,0.296141507275851,1512,0.764940461593597,2108
"Myeloid","Myeloid","ADAM10","TSPAN17",1,1549,0.130470294978437,1197,0.208561393814542,1365,0.387720798363205,1306,0.736284989878153,2328
"Myeloid","B_cell","FN1","ITGA4_ITGB1",1,1569.5,0.130468409795562,1198,0.391629047247899,1022,0.162066787146938,1835,0.753177171162725,2223
"Myeloid","NK","IL18","IL18BP",1,1519.25,0.129952182447869,1204,0.514374171075425,849,0.389568562688737,1304,0.662082930261959,2720
"NK","NK","FASLG","TNFRSF10B",1,1726.75,0.129455809627187,1209,0.145286432570381,1560,0.273230446465149,1579,0.699677280663973,2559
"Myeloid","B_cell","PLAU","ITGB1",1,1429.25,0.128658991413025,1217,0.909877199487215,478,0.181282613330982,1788,0.751606684322874,2234
"Myeloid","B_cell","SPP1","PTGER4",1,1500,0.128603360366792,1219,0.784499254725647,555,0.149852595643649,1866,0.731226804282313,2360
"Myeloid","B_cell","HGF","ITGB1",1,1678.75,0.127961738407483,1225,0.662498145735157,654,0.0108161796540231,2200,0.684872220960832,2636
"Myeloid","NK","ICOSLG","CTLA4",1,1772.25,0.127146514144396,1232,0.287779872341528,1216,0.0752130712531879,2044,0.692153562900351,2597
"B_cell","NK","TNFSF9","TNFRSF9",1,1920,0.126367469201665,1238,0.0611789143446276,1905,0.0933846393904187,2012,0.705522283243926,2525
"Myeloid","T_cell","IL18","IL18BP",1,1602.5,0.12590828521656,1244,0.509523340462806,856,0.27468488645998,1577,0.658537568051471,2733
"T_cell","NK","LGALS3","LAG3",1,1528.5,0.125064692107548,1253,0.150625661979249,1542,0.522418475913097,1024,0.741978005015927,2295
"B_cell","Myeloid","LRPAP1","SORT1",1,1425.5,0.124534783866628,1258,0.893877798628646,489,0.309620876721399,1483,0.714846543715905,2472
"Myeloid","B_cell","CALM1","KCNN4",1,1556,0.122538577929593,1274,-0.0142509199291584,2220,0.164647711401272,1821,0.86646127976075,909
"NK","B_cell","TNFSF14","TNFRSF14",1,1853,0.122430103217605,1275,0.0745514679424641,1833,0.0797414075597749,2036,0.745506316081305,2268
"B_cell","NK","HLA-E","CD8B",1,1442.25,0.122303015892268,1278,0.0366861619422889,2004,0.0698745184529135,2059,0.906345404871042,428
"NK","T_cell","TNF","FAS",1,1634,0.122263310520339,1279,0.0708742119445403,1851,0.424142048551425,1229,0.757060829643694,2177
"B_cell","B_cell","MTMR4","SMAD3",1,1943,0.121914093657919,1284,0.0846798496358094,1790,0.140585134101623,1891,0.609986800867495,2807
"T_cell","Myeloid","IRAK4","TLR6",1,1728.5,0.121879021822308,1286,0.25906742714416,1268,0.262247960776277,1613,0.654845004667019,2747
"B_cell","B_cell","CALM1","KCNN4",1,1595.75,0.121850441001844,1287,-0.0213658879524495,2258,0.131617452181452,1922,0.866135143738036,916
"B_cell","T_cell","HLA-G","CD8B",1,1359.25,0.121525875634513,1289,-0.0294277734116988,2285,0.444111605399842,1176,0.881973588895891,687
"Myeloid","B_cell","VEGFB","ADRB2",1,1739,0.121292838625874,1292,0.25735140877253,1274,0.259622756583009,1618,0.643373438461459,2772
"NK","NK","GNAI2","F2R",1,1555,0.12116007776691,1293,0.168837206983728,1478,0.32063673035505,1452,0.774382955843362,1997
"T_cell","Myeloid","SEMA4A","PLXND1",1,1164.5,0.120970105600206,1295,0.599120043335552,729,0.756886943814038,626,0.773651096915935,2008
"B_cell","B_cell","IL24","IL10RB",1,1628.25,0.120630294147479,1302,0.193588672475041,1401,0.292402025287584,1521,0.742737897729204,2289
"NK","NK","TNF","SEMA4C",1,1782.5,0.120241279136473,1304,0.145011486482394,1561,0.252487907784595,1630,0.685371962657349,2635
"B_cell","Myeloid","BST2","LILRA4",1,1336,0.120194162044316,1305,0.561074377713047,776,0.529331021583692,1010,0.748361661644964,2253
"Myeloid","Myeloid","CCL3","CCR5",1,1560.75,0.120178291169018,1306,0.273303363194107,1244,0.296488026556786,1510,0.756711793191675,2183
"Myeloid","T_cell","HLA-A","CD8B",1,1424,0.118976986070845,1315,-0.302504553837858,2745,0.431088643003744,1213,0.906596371066647,423
"Myeloid","NK","MAML2","NOTCH1",1,1696,0.118785297114544,1318,0.171921815871719,1468,0.203649429914526,1749,0.748815929851443,2249
"NK","B_cell","TGFB1","SMAD3",1,1758,0.11877517092441,1319,0.163041692199441,1502,0.29471410464184,1515,0.668792167227686,2696
"B_cell","NK","HLA-F","CD8B",1,1598.75,0.118547076962951,1321,-0.0395480844564577,2320,-0.00251598495385963,2230,0.896854507961208,524
"B_cell","NK","HLA-C","CD8B",1,1607.75,0.118252195194443,1324,-0.111258154145805,2543,0.0328636130403357,2146,0.906872063895289,418
"NK","Myeloid","TNFSF10","TNFRSF10D",1,1913,0.1180493095626,1325,0.153460333603044,1531,0.101676929650912,1995,0.617007552514735,2801
"B_cell","NK","HLA-B","CD8B",1,1611,0.117582384637873,1328,-0.126898518062511,2582,0.0382655611039193,2130,0.908201730969763,404
"B_cell","Myeloid","TNF","PTPRS",1,1614.75,0.11752281125992,1330,0.355120274840895,1093,0.327087973737145,1432,0.691290400933835,2604
"Myeloid","NK","HLA-B","CD8B",1,1584,0.117342569316985,1331,-0.143979151920387,2612,0.105864582082344,1987,0.908116588604033,406
"B_cell","Myeloid","MIF","TNFRSF10D",1,1882.25,0.117244632401609,1333,0.0852407083691583,1789,-0.00323744603935866,2232,0.757223463788329,2175
"T_cell","T_cell","IL16","KCNA3",1,1714.25,0.116989241624953,1336,0.0352317408030617,2007,0.223994580879978,1696,0.79261698477787,1818
"T_cell","Myeloid","LGALS9","MRC2",1,1857.75,0.116943756587937,1337,0.473827696537897,908,-0.0958608603034389,2407,0.637129565529246,2779
"NK","T_cell","FASLG","TNFRSF10B",1,1846,0.116754128769921,1340,0.125848830440844,1627,0.174783884348005,1799,0.68871677085397,2618
"T_cell","T_cell","TNF","FAS",1,1653.25,0.116723335441896,1341,0.0600997790088239,1909,0.460855948071674,1136,0.752771228771335,2227
"B_cell","NK","IL16","KCNA3",1,1763.75,0.11661251125768,1345,0.0727146913727718,1843,0.0749575451848271,2046,0.792351770825844,1821
"Myeloid","NK","CD59","CD2",1,2181,0.116252661351731,1349,-0.150981790662179,2623,-0.30333944061464,2660,0.76651033736291,2092
"B_cell","T_cell","MTMR4","SMAD3",1,1980,0.115695402496108,1352,0.0749951961666681,1830,0.130143530263783,1927,0.603741383184776,2811
"Myeloid","NK","ENTPD1","ADORA2A",1,1475.5,0.115608084484044,1354,0.343758240446287,1118,0.40574744130412,1259,0.757734679392503,2171
"B_cell","NK","HLA-A","CD8B",1,1689,0.115415829065352,1357,-0.200356343094676,2681,-0.0249220073249306,2279,0.90530175517841,439
"T_cell","NK","TNF","SEMA4C",1,1783.25,0.114792926012538,1361,0.134237053546677,1590,0.289201807304844,1528,0.680351002452103,2654
"Myeloid","NK","HLA-G","CD8A",1,1520.75,0.114741716362892,1362,-0.0462743417450995,2345,0.136630330176053,1906,0.90271792746654,470
"Myeloid","B_cell","C3","IFITM1",1,1578.75,0.114677076988543,1363,0.621609936019018,701,-0.100664609162896,2416,0.790349578218673,1835
"B_cell","Myeloid","ADAM17","ITGA5",1,1608.25,0.114628623343545,1364,0.272345242826824,1247,0.324017975435663,1444,0.729148481062629,2378
"B_cell","Myeloid","CALM3","KCNQ1",1,1873.5,0.114532660216791,1365,0.273654798387911,1242,0.0184233104218072,2182,0.667314247694418,2705
"Myeloid","T_cell","HLA-E","CD8B",1,1462.5,0.11452918138626,1366,-0.356504181464669,2777,0.412700241984352,1249,0.903520735821409,458
"Myeloid","NK","HLA-C","CD8B",1,1660.25,0.114273977676979,1371,-0.337135571946029,2768,0.0680497790061299,2065,0.90541691174395,437
"Myeloid","Myeloid","TGFB1","TGFBR1_TGFBR2",1,1735,0.114220974627422,1372,0.264536258998807,1263,0.206291467596845,1742,0.699186638018348,2563
"Myeloid","T_cell","TNFSF10","RIPK1",1,1683.75,0.114172250108354,1374,0.196875679607032,1387,0.31541249125916,1461,0.707300933297167,2513
"B_cell","NK","HLA-G","CD8B",1,1663.75,0.114030950269361,1377,-0.0526581353792499,2368,0.0186349323168897,2181,0.878619857383127,729
"NK","NK","ANGPT2","ITGA5_ITGB1",1,1698.75,0.113680773838751,1381,0.171498066346356,1471,0.311874264314339,1474,0.715939175967219,2469
"B_cell","Myeloid","MAML2","NOTCH4",1,1800.25,0.113494765909812,1382,0.32029321685133,1156,0.152164270325931,1859,0.613393644624854,2804
"T_cell","T_cell","TNFSF9","TNFRSF9",1,1909,0.113272639156991,1385,0.0346348820812902,2009,0.237816348885658,1658,0.694031841716514,2584
"Myeloid","NK","HLA-F","CD8A",1,1571,0.113082231351713,1387,-0.143640551621563,2611,0.106482890434137,1985,0.915631444636727,301
"B_cell","Myeloid","CALM3","INSR",1,1428.5,0.11303665591713,1388,0.699903153209259,625,0.298441193052449,1501,0.754945865712064,2200
"Myeloid","Myeloid","ACTR2","LDLR",1,1593,0.112819937495498,1391,0.280583986618676,1228,0.281074948424192,1559,0.755749550691894,2194
"T_cell","Myeloid","LIN7C","ABCA1",1,1524.75,0.112807984882678,1392,0.473931930388821,907,0.379866933806816,1323,0.713746665072648,2477
"NK","T_cell","TGFB1","SMAD3",1,1797.75,0.112716592432716,1394,0.1533570387303,1533,0.284272500804001,1548,0.662968125396011,2716
"Myeloid","T_cell","HLA-G","CD8B",1,1495.25,0.112507494457138,1396,-0.134051684874769,2591,0.407719101471741,1257,0.87790082452697,737
"NK","Myeloid","LMAN1","MCFD2",1,1685.5,0.112445098693513,1397,0.170508613204594,1474,0.299163023356091,1500,0.730107812922972,2371
"Myeloid","T_cell","CALM1","FAS",1,1552.25,0.112197405603752,1402,-0.0935705562840518,2497,0.295768301947196,1513,0.87400439955895,797
"NK","Myeloid","ANGPT2","ITGA5_ITGB1",1,1731.5,0.112006774696136,1403,0.192899178758485,1403,0.243267091283984,1647,0.714428270652063,2473
"Myeloid","NK","HLA-A","CD8B",1,1706.75,0.111639259630976,1405,-0.325734915805409,2758,0.0056119699207926,2210,0.90386603633714,454
"B_cell","T_cell","CALM1","FAS",1,1584.25,0.11156734134727,1406,-0.100685524307343,2516,0.262738042727376,1611,0.873694000329796,804
"T_cell","Myeloid","ADAM17","IL6R",1,1684,0.11153863466517,1407,0.271544463421965,1250,0.284796110072683,1545,0.702874708310591,2534
"NK","Myeloid","MIF","TNFRSF10D",1,1954.75,0.111031634786299,1411,0.0626568364870749,1900,-0.0214830336047577,2276,0.752183779388779,2232
"Myeloid","T_cell","HLA-F","CD8B",1,1501,0.110880322521637,1412,-0.231417894751233,2706,0.377571661729825,1330,0.893720793401784,556
"B_cell","NK","MTMR4","SMAD3",1,2016.5,0.110853555132757,1413,0.0674547648050815,1878,0.116334312596745,1961,0.598616400752204,2814
"B_cell","T_cell","HLA-F","CD8A",1,1298,0.11069378420276,1414,-0.00684673658446294,2194,0.400477436537908,1271,0.914803222687965,313
"Myeloid","T_cell","ADAM17","NOTCH1",1,1603.5,0.109880724368038,1420,0.237198589387747,1319,0.312573188903616,1469,0.754298310457278,2206
"NK","NK","FASLG","TNFRSF1A",1,1702.25,0.109478629365975,1426,0.176163308344649,1451,0.356873917624006,1371,0.699397852346063,2561
"Myeloid","B_cell","TNFSF10","TNFRSF10B",1,1570,0.109278440985243,1429,0.230906798653849,1331,0.358083851240243,1368,0.75987855849197,2152
"Myeloid","NK","TNF","NOTCH1",1,1720.25,0.109124203568421,1431,0.156711349303555,1520,0.140485013823983,1892,0.770697771786603,2038
"Myeloid","T_cell","APP","NCSTN",1,1388.75,0.10844717386078,1433,0.486018579913555,894,0.486954057717557,1079,0.760242150671217,2149
"Myeloid","T_cell","CCL4L1","CCR5",1,1641.75,0.108439280142311,1435,0.0813991982106965,1804,0.391866239625975,1297,0.771169170422767,2031
"NK","NK","TGFB1","SMAD3",1,1829.25,0.107999408135832,1437,0.145816607368713,1555,0.270463283136962,1590,0.658175453397645,2735
"T_cell","Myeloid","CXCL13","CXCR3",1,2169.5,0.107831711839321,1438,-0.093624329294695,2498,0.106835254494426,1983,0.650269863453937,2759
"B_cell","T_cell","HLA-A","CD8A",1,1406.75,0.10776996956353,1440,-0.167654995222681,2642,0.378071414166837,1328,0.921908525455407,217
"Myeloid","NK","HLA-E","CD8B",1,1741.25,0.107465766602041,1445,-0.37973454343222,2783,-0.0127764310985996,2250,0.900710341834044,487
"NK","NK","TGFB1","LPP",1,1478.25,0.107438762541637,1446,0.243123796932111,1311,0.465403273310536,1122,0.771017443870595,2034
"T_cell","NK","CCL5","CXCR3",1,1595.75,0.107437993386779,1447,0.0249896213913056,2042,0.188257422960313,1779,0.850608945186171,1115
"NK","NK","CCL3","CCR5",1,1620.25,0.10683526012427,1449,0.17045576970254,1475,0.393835650168458,1292,0.745715699510966,2265
"T_cell","T_cell","CCL4L1","CCR5",1,1571.75,0.106831490148986,1450,0.0772173989135595,1816,0.548826958266027,972,0.769848498398552,2049
"Myeloid","T_cell","HLA-C","CD8A",1,1381,0.106703761484729,1451,-0.304434224074034,2746,0.471043200497898,1111,0.922005227393608,216
"B_cell","T_cell","HLA-G","CD8A",1,1359.75,0.106476833718112,1455,-0.0199567875072551,2250,0.421628353808657,1232,0.899385674576188,502
"B_cell","NK","HSPA8","LDLR",1,1685,0.105901434232543,1458,0.0322826484861046,2019,0.120406532309281,1951,0.835215636434481,1312
"Myeloid","NK","HLA-G","CD8B",1,1784.75,0.105568764169669,1460,-0.15728204684232,2631,-0.0177575716112106,2262,0.87444783933424,786
"T_cell","NK","TNFSF9","TNFRSF9",1,2112.25,0.10553715166887,1461,0.0195163404756344,2066,-0.0330562232433679,2294,0.68647043532202,2628
"B_cell","Myeloid","ARF1","PLD2",1,1724,0.105526258297726,1462,0.115484264055462,1671,0.0845153016163472,2025,0.801210871875898,1738
"B_cell","Myeloid","ADAM10","IL6R",1,1689.75,0.10531931928521,1465,0.199992996651961,1380,0.200427955046396,1754,0.759224804900171,2160
"Myeloid","B_cell","LIN7C","ABCA1",1,1602.25,0.10505150178372,1468,0.306386168643085,1185,0.417897072787307,1238,0.70641437878718,2518
"NK","Myeloid","NUCB2","ERAP1",1,1734,0.105039806904143,1469,0.0931485108835574,1752,0.0895997248959356,2015,0.804550046237439,1700
"Myeloid","NK","TNF","FAS",1,2029,0.104896587483412,1471,0.0394536847127226,1997,-0.0681583302805914,2357,0.742696567442283,2291
"T_cell","B_cell","TNFSF10","TNFRSF10A",1,1883.75,0.10471930454304,1474,0.0838963347948198,1794,0.257780044728684,1622,0.682710988119477,2645
"Myeloid","NK","CALM1","PTPRA",1,1798.25,0.104678540978158,1475,-0.0483722777770655,2353,0.0457461810962553,2112,0.839738670803216,1253
"Myeloid","T_cell","HLA-A","CD8A",1,1426.75,0.104243583483794,1477,-0.293033567933414,2739,0.40860539141256,1256,0.920702528083326,235
"T_cell","Myeloid","CD40LG","TRAF3",1,2081,0.104179460687846,1478,-0.0475144652147458,2351,0.228495873422429,1686,0.607702557420305,2809
"B_cell","NK","CALM1","PTPRA",1,1829.75,0.104090700227865,1480,-0.0554872458003566,2383,0.0127159218764346,2197,0.839359371029147,1259
"Myeloid","NK","HLA-F","CD8B",1,1779.75,0.104041945612814,1481,-0.254648256718784,2719,-0.0479050113531267,2328,0.89065947802259,591
"NK","B_cell","BAG6","NCR3",1,1700.5,0.103409539555429,1487,0.174301726092953,1463,0.37046981421197,1341,0.707464206882617,2511
"Myeloid","NK","ICOSLG","CD28",1,1957.5,0.102931886360873,1492,0.206163808243082,1370,-0.0831191012182216,2380,0.693022710806515,2588
"NK","T_cell","GNAI2","F2R",1,1593.5,0.102919768056772,1493,0.124846743903225,1634,0.479635553219661,1094,0.759811439324223,2153
"Myeloid","NK","CD58","CD2",1,2020.5,0.102714083016644,1495,-0.155769607936772,2629,-0.272458620993834,2639,0.834837482312938,1319
"T_cell","NK","CD58","CD2",1,1943.25,0.101990293289937,1499,-0.157776140236681,2633,-0.0434997077997524,2316,0.834349375857693,1325
"T_cell","NK","IL16","KCNA3",1,1927,0.101761388880937,1501,0.00748122859286941,2117,0.0306748102397295,2154,0.780921940756383,1936
"Myeloid","Myeloid","TGFB1","LPP",1,1567.75,0.101444390173897,1503,0.266707190894557,1261,0.340289951907683,1405,0.76591018396926,2102
"T_cell","T_cell","CXCL13","CXCR5",1,2248.5,0.101330265298023,1504,-0.0342898657971543,2297,-0.122931883322423,2459,0.658244253950017,2734
"B_cell","NK","ICOSLG","ICOS",1,1953.75,0.10132042021766,1505,0.145656596036583,1556,0.0718147262760582,2056,0.668525521133932,2698
"NK","Myeloid","ADAM17","IL6R",1,1702.5,0.100937712189606,1507,0.254888702171453,1280,0.329101604570703,1427,0.692341948923898,2596
"B_cell","Myeloid","HSP90B1","TLR9",1,1679,0.100350990122451,1512,0.214878098505751,1357,0.208665313782225,1734,0.764436311750007,2113
"Myeloid","T_cell","HLA-E","CD8A",1,1463.75,0.100346568487288,1513,-0.347033195560225,2769,0.390216990393168,1303,0.91804939919961,270
"Myeloid","B_cell","VEGFA","ITGB1",1,1963.25,0.100268315329077,1514,0.298311554153094,1196,-0.104742337903422,2420,0.660853992277849,2723
"NK","T_cell","GNAI2","CCR5",1,1520.25,0.100024644907419,1517,0.133611372767361,1594,0.563811563907604,940,0.771311369496867,2030
"B_cell","NK","IL16","CCR5",1,1802.5,0.0993932383507185,1521,0.0552212567242178,1934,0.0376228364830876,2133,0.810836455444501,1622
"Myeloid","Myeloid","TNFSF10","RIPK1",1,1836.25,0.0991540103566608,1522,0.1743990375589,1462,0.193344730542204,1767,0.692491712474602,2594
"Myeloid","Myeloid","CALR","ITGAV",1,1757.75,0.0990484222838559,1525,0.0416188374576487,1987,0.0166787752981701,2186,0.833296769204792,1333
"Myeloid","T_cell","HLA-G","CD8A",1,1487.5,0.0985752352476939,1528,-0.124580698970325,2576,0.385235849880557,1313,0.895842796134887,533
"NK","T_cell","TGFB1","TGFBR3",1,1825.5,0.0972750934437555,1533,0.153880757589236,1527,0.274764389188265,1576,0.676453433972047,2666
"Myeloid","T_cell","HLA-F","CD8A",1,1497.75,0.0971495626104673,1536,-0.221946908846789,2696,0.355088410138641,1374,0.909577524162497,385
"B_cell","T_cell","TNF","FAS",1,1864.5,0.0969485520471585,1539,0.0216407472463884,2058,0.290478735618722,1527,0.735096124184264,2334
"NK","NK","TGFB1","TGFBR1_TGFBR2",1,1777.25,0.0961516483691927,1550,0.180920709433071,1438,0.313433599273954,1468,0.680772362635275,2653
"NK","NK","HSPA8","LDLR",1,1895,0.0954497098780684,1557,-0.0980454522447953,2513,0.0456054386609318,2113,0.827940018472699,1397
"B_cell","NK","TNF","SEMA4C",1,1997,0.0953451845771841,1560,0.0957780217842417,1745,0.118824594851892,1954,0.659837986864085,2729
"B_cell","NK","CD47","SIRPG",1,1789.25,0.0953322309028276,1561.5,0.0278403797110822,2030.5,-0.0903125261992697,2396.5,0.846459121197276,1168.5
"NK","B_cell","SIRPG","CD47",1,1789.25,0.0953322309028276,1561.5,0.0278403797110822,2030.5,-0.0903125261992697,2396.5,0.846459121197276,1168.5
"T_cell","B_cell","LGALS9","PTPRK",1,1867.75,0.0951163035733684,1565,0.215528975754406,1356,0.125538269520861,1936,0.689467083151661,2614
"NK","T_cell","FASLG","TNFRSF1A",1,1785.5,0.0948498058089546,1567,0.148083315869655,1547,0.347122980572042,1387,0.684107861131652,2641
"B_cell","NK","ICOSLG","CTLA4",1,1966,0.0946727532947985,1569,0.151296966350662,1538,0.082234067537418,2029,0.659877832913989,2728
"NK","T_cell","CLEC2D","KLRB1",1,1847.75,0.0945560282416711,1570,-0.0633933032870131,2412,0.0601017757335393,2082,0.834116443924725,1327
"B_cell","Myeloid","IRAK4","TLR6",1,1929,0.0943712456440899,1573,0.206161280479866,1371,0.110146983608625,1977,0.62539439826934,2795
"Myeloid","T_cell","TNF","TRADD",1,1896.5,0.0942575417983384,1576,0.0854345175448306,1788,0.129045204607437,1929,0.742320324043411,2293
"Myeloid","T_cell","TNF","TRAF2",1,1982.75,0.0941189007594865,1577,0.0794081269215957,1810,0.0562092474996997,2089,0.717641630568663,2455
"T_cell","Myeloid","HLA-DPB1","CD4",1,1374.75,0.093267428275294,1586,0.378156782128724,1052,-0.03564965329329,2297,0.892915135965798,564
"NK","NK","CALM1","FAS",1,1692.25,0.0931852843971847,1587,0.0437487574410188,1981,-0.00898734655568834,2240,0.8634214941163,961
"Myeloid","NK","TNFSF10","TNFRSF10B",1,1676.25,0.093070884002564,1589,0.19640777890747,1391,0.319556401437152,1453,0.744928617476293,2272
"NK","NK","HLA-DPB1","LAG3",1,1764.25,0.0929561781923907,1591,0.0414945503526624,1988,0.0971747844181035,2005,0.82203877490312,1473
"Myeloid","T_cell","TNFSF9","TNFRSF9",1,2080.75,0.0929361390992436,1593,-0.00326228689962558,2180,0.14955466767392,1868,0.672627775273086,2682
"NK","Myeloid","ADAM10","TSPAN17",1,1892,0.0927766576241317,1595,0.0750338776021066,1829,0.267446224272895,1601,0.701881388334473,2543
"Myeloid","B_cell","B2M","CD1C",1,1586.5,0.092541447286112,1598,-0.318309580041108,2754,0.456209381745633,1148,0.870898704280498,846
"T_cell","NK","CD48","CD2",1,1893.5,0.092511993806383,1599,-0.173018884941303,2648,-0.194411033659027,2546,0.874638445027231,781
"NK","B_cell","TNFSF10","TNFRSF10A",1,2055,0.0924865147037756,1600,0.0592080557538317,1914,0.0942291096614505,2011,0.669106846657931,2695
"T_cell","NK","MAML2","NOTCH1",1,1844.25,0.0923910265619711,1602,0.105639691006402,1700,0.237021525711869,1660,0.724453921733893,2415
"T_cell","B_cell","BAG6","NCR3",1,1840.25,0.0917458387309297,1605,0.142773899910908,1568,0.264032079145034,1608,0.694928431879237,2580
"T_cell","Myeloid","LMAN1","MCFD2",1,1834.25,0.0917242008535636,1606,0.121493774445138,1640,0.270757372534602,1588,0.709576935405026,2503
"Myeloid","B_cell","ADAM15","ITGB1",1,1663.25,0.091703096713343,1607,0.257796578863892,1273,0.206469386748128,1741,0.771156537778348,2032
"T_cell","T_cell","LGALS3","LAG3",1,1774.25,0.0915336479675897,1612,0.0699858116582773,1859,0.461449332470137,1134,0.710993173099508,2492
"NK","B_cell","VCAM1","ITGA4_ITGB1",1,2197.5,0.0914968940835682,1613,-0.0370895501224734,2310,-0.106684235462056,2426,0.721224769921857,2441
"B_cell","T_cell","CLEC2D","KLRB1",1,1904.75,0.091351888973065,1614,-0.0845220448156677,2468,0.0170579933261045,2185,0.831717698906782,1352
"NK","T_cell","TNFSF9","TRAF2",1,1986.75,0.0911554230659731,1618,0.0605189128143579,1907,0.154085975966526,1857,0.698481087799734,2565
"T_cell","Myeloid","TNFSF10","TNFRSF10B",1,1678,0.0911419620512979,1619,0.178190507580712,1445,0.361497991698606,1360,0.742933822189672,2288
"T_cell","NK","CALM1","FAS",1,1730,0.0911411580421899,1620,0.0111507883092995,2098,0.00353858012062858,2217,0.862108409952332,985
"NK","NK","NUCB2","ERAP1",1,1874,0.0908791921454634,1624,0.0502057537621927,1951,0.0467425296749834,2106,0.792913023460609,1815
"T_cell","Myeloid","ADAM10","TSPAN17",1,1908.25,0.0907939260222263,1627,0.0680101663155101,1874,0.276656928130916,1572,0.699616356208346,2560
"NK","T_cell","IL16","KCNA3",1,2039.25,0.0906275516515768,1628,-0.065489601334833,2415,0.0628837604687851,2078,0.770848916325588,2036
"Myeloid","T_cell","BSG","SLC16A1",1,1894.75,0.0906190603885121,1629,0.0809561733994526,1805,0.108732597737633,1980,0.75845772592023,2165
"T_cell","Myeloid","HLA-DPA1","CD4",1,1416,0.0905661569743163,1631,0.371591914554562,1068,-0.0913726888149469,2400,0.892905690816688,565
"NK","NK","TNF","NOTCH1",1,1842.5,0.0900660634805016,1637,0.106395814206134,1696,0.16770683426815,1816,0.753298740941711,2221
"Myeloid","Myeloid","LMAN1","MCFD2",1,1914.25,0.0898891601063601,1638,0.117153024973954,1666,0.159755367304567,1843,0.707490234275032,2510
"NK","T_cell","IL16","CCR5",1,1838.75,0.0897291335348982,1640,-0.0445368299001984,2342,0.238572313017816,1656,0.802866950221919,1717
"Myeloid","B_cell","APOE","SORL1",1,1693,0.0896850784911777,1641,0.886540338988729,493,0.045561054999944,2114,0.705523898541154,2524
"B_cell","Myeloid","ADAM10","CADM1",1,1920.25,0.0888221449203641,1648,0.144978330886379,1562,0.0583775573692571,2084,0.728265472783357,2387
"NK","T_cell","BSG","SLC16A1",1,1904.75,0.0886003864221144,1651,0.0713689968679003,1848,0.126355710733855,1934,0.756388130028801,2186
"B_cell","NK","ADAM17","NOTCH1",1,1818.5,0.0876583300685239,1659,0.14562778199582,1557,0.220146920296853,1708,0.732764752776539,2350
"T_cell","NK","GNAI2","F2R",1,1949.5,0.0873247491299238,1663,0.0769519309666394,1817,0.0778089271152179,2040,0.744499555180861,2278
"T_cell","NK","LRPAP1","LDLR",1,1857.75,0.0872408973221566,1666,0.0839872756407866,1793,0.302450866300907,1497,0.713778712232376,2475
"Myeloid","B_cell","TGFB1","SMAD3",1,2090.25,0.0872137170462345,1668,0.0806354051370565,1807,0.0467633177655085,2105,0.633739207362472,2781
"T_cell","Myeloid","HLA-DRB1","CD4",1,1432.25,0.0868037181681721,1674,0.370301117780355,1069,-0.07911968826424,2376,0.888870956677072,610
"T_cell","NK","IL16","CCR5",1,1965,0.0867350670254685,1676,-0.0100122060556846,2203,-0.00665989846200998,2236,0.800167491111638,1745
"Myeloid","NK","TNFSF9","TNFRSF9",1,2271.25,0.0865894489669512,1677,-0.0183808285052814,2241,-0.121317904455105,2457,0.664792888854361,2710
"NK","NK","TNF","FAS",1,2154.25,0.0865767849681973,1678,-0.010861850384698,2208,-0.0409365098364242,2313,0.723933922972099,2418
"Myeloid","T_cell","MAML2","NOTCH1",1,2004.25,0.0864431510211455,1681,0.0842283561394469,1792,0.0559787656268514,2090,0.717762912292477,2454
"T_cell","NK","TNFSF10","RIPK1",1,1915,0.0861604407053491,1686,0.0879080347660659,1778,0.287693324102875,1533,0.677337471395066,2663
"NK","NK","MAML2","NOTCH1",1,1958,0.0859850223073932,1690,0.0895527310336318,1769,0.133415020529994,1916,0.717224361716203,2457
"T_cell","NK","TNF","NOTCH1",1,1857.75,0.0859850047804561,1691,0.0956213812704179,1747,0.204420733788399,1746,0.748964739344767,2247
"NK","Myeloid","CCL3","CCR5",1,1835.25,0.0858706085652418,1693,0.131730501481586,1600,0.251082046492829,1634,0.724454919020285,2414
"B_cell","T_cell","TNFSF9","TRAF2",1,2059.5,0.0858615360871427,1694,0.0449355383950834,1978,0.113943194357978,1968,0.692143670851086,2598
"T_cell","NK","ARPC5","LDLR",1,1805.75,0.0857730764622112,1696,0.0814789948108963,1802,0.250595063769081,1635,0.766612822063783,2090
"T_cell","NK","NUCB2","ERAP1",1,1737,0.0857369982389451,1697,0.0331598529839168,2015,0.357071871401943,1370,0.788090117874585,1866
"T_cell","Myeloid","CCL5","CCR5",1,1843.5,0.0856430212136117,1699,0.0116609538340748,2096,0.124154744620084,1941,0.809678282665394,1638
"B_cell","NK","SPTAN1","PTPRA",1,2248.5,0.0854957373677719,1702,-0.0483691805332323,2352,-0.126791801462453,2464,0.713774144093684,2476
"Myeloid","B_cell","LGALS3BP","ITGB1",1,1853.75,0.0853171001359153,1703,0.155485746307175,1523,0.00327816303990619,2218,0.777016820258944,1971
"B_cell","T_cell","HLA-E","KLRK1",1,1435.5,0.0852533193283363,1705,0.0267122646222961,2036,0.190865182876598,1775,0.921388696045,226
"B_cell","T_cell","ENTPD1","ADORA2A",1,1812.5,0.0847985752891213,1707,0.115225294335765,1673,0.310338724301659,1481,0.728165757258414,2389
"B_cell","NK","HLA-A","CD3G",1,1850.25,0.0844411231562078,1714,-0.442919881151902,2799,-0.32598900849353,2677,0.922496570288086,211
"B_cell","NK","CD48","CD2",1,1987,0.0844143127854361,1715,-0.210196601467694,2688,-0.326218064042429,2678,0.869529819424905,867
"Myeloid","T_cell","TNFSF10","TNFRSF10B",1,1802.5,0.0839391450013661,1720,0.176970176777933,1450,0.221109839320008,1705,0.734994083755115,2335
"NK","B_cell","LIN7C","ABCA1",1,1759.25,0.0836450740052147,1722,0.247776024415322,1298,0.35840135356677,1367,0.682242919835816,2650
"Myeloid","NK","HLA-C","CD3G",1,1836.25,0.0836057159638625,1723,-0.579699110003255,2813,-0.233017222162469,2600,0.922592605182416,209
"NK","NK","HSPA8","ADRB2",1,1755.5,0.0835012416766451,1725,-0.0505086363656652,2359,0.139903849873369,1894,0.856342158168844,1044
"T_cell","Myeloid","HSPA8","LDLR",1,1794.5,0.083431878660965,1726,0.0652384415901065,1892,0.0828346959675033,2028,0.818142490022164,1532
"Myeloid","T_cell","APP","APLP2",1,1495.25,0.0834233659847065,1727,0.467439948070376,917,0.391311788322104,1298,0.770444433673708,2039
"T_cell","NK","HLA-DPB1","LAG3",1,2032.25,0.0833916731208054,1728,-0.000465928590389353,2167,-0.298828201675101,2656,0.813957349348565,1578
"T_cell","NK","ACTR2","LDLR",1,1944.75,0.0830632806121444,1730,0.0703226555292307,1854,0.174996703276245,1797,0.726397435641118,2398
"T_cell","Myeloid","HSPA8","ADRB2",1,1608.25,0.0830117142220784,1731,0.124670719922429,1635,0.0860722075869619,2020,0.855980113771026,1047
"T_cell","Myeloid","ARF6","SMAP1",1,1781.75,0.0828298785131747,1733,0.0679548555804449,1875,0.0557492406476868,2091,0.824909242347164,1428
"NK","NK","GNAI2","IGF1R",1,1771.75,0.0828129721966564,1734,0.182285520428292,1434,0.311260372595621,1477,0.720873618011794,2442
"NK","NK","ACTR2","LDLR",1,1952.75,0.0828105053928093,1735,0.0693617855341214,1865,0.170249733980588,1809,0.726094464461931,2402
"Myeloid","T_cell","IL16","KCNA3",1,2167,0.08280873529029,1736,-0.0953633187874659,2505,-0.036424950201137,2300,0.762783044492796,2127
"Myeloid","B_cell","ADAM10","CD44",1,1590.5,0.082792092214208,1738,0.0391869980838211,1998,0.0379154010536081,2132,0.900491881578428,494
"Myeloid","T_cell","TGFB1","SMAD3",1,2129,0.082765050324355,1739,0.0709507516679152,1850,0.0363217139276688,2137,0.627641962439839,2790
"T_cell","NK","TNF","FAS",1,2170.75,0.0826538318839546,1740,-0.0216362833204143,2260,-0.00422261031617499,2235,0.719276291544939,2448
"NK","Myeloid","GNAI2","S1PR4",1,1790.25,0.0825013471609407,1743,0.158595237392641,1515,0.344727415041753,1395,0.707604468555131,2508
"Myeloid","Myeloid","TGFB1","ITGB1",1,1881,0.0820887515308394,1745,0.121134081949372,1646,0.0673862428076528,2067,0.768243554357807,2066
"Myeloid","T_cell","IL16","CCR5",1,1967,0.0819878274466128,1746,-0.0744105473528313,2440,0.139263602347893,1896,0.795629283672386,1786
"Myeloid","B_cell","ADAM17","NOTCH1",1,1815.75,0.0816838564960285,1753,0.177052372672091,1449,0.23860986396068,1655,0.725796718303031,2406
"NK","NK","LMAN1","MCFD2",1,1970.75,0.0816823975875023,1754,0.0950807459963834,1748,0.169813981633005,1810,0.697486310926273,2571
"Myeloid","NK","HLA-A","CD3G",1,1862,0.0816780899804417,1755,-0.568298453862635,2812,-0.295455031247807,2654,0.921298879065752,227
"B_cell","B_cell","BAG6","NCR3",1,1931.5,0.0816063424982722,1756,0.115366108884129,1672,0.242512064376806,1650,0.682374344257808,2648
"T_cell","NK","CALR","ITGAV",1,1763.75,0.0815658692659156,1757,0.086880475281629,1782,0.0993653416596262,2000,0.819368622420185,1516
"B_cell","Myeloid","TXLNA","STX4",1,1778,0.0814960121440539,1760,0.156343423637466,1521,0.163680235500264,1826,0.773907846622926,2005
"T_cell","Myeloid","HLA-DRB5","CD4",1,1497.75,0.0814536315270726,1761,0.365728211450439,1078,-0.0941050664630723,2405,0.877135351467562,747
"Myeloid","NK","CD48","CD2",1,2018.5,0.0812108660759936,1764,-0.224904124938052,2699,-0.360881046814697,2709,0.867319561425694,902
"Myeloid","NK","CCL4L1","CCR5",1,2095.25,0.0812011522763248,1765,0.0152024799173156,2084,-0.0144767922650431,2256,0.744652878946616,2276
"T_cell","NK","HLA-DPA1","LAG3",1,2061.5,0.0809764297983795,1767,-0.00703079616455173,2195,-0.354551237196758,2703,0.813942391080078,1581
"T_cell","Myeloid","ADAM17","ITGA5",1,1894.25,0.080962924242678,1768,0.199475438377896,1382,0.160227366265314,1841,0.693483000747094,2586
"Myeloid","Myeloid","ADAM17","NOTCH1",1,1861,0.0808726635517672,1771,0.175322032024143,1455,0.171871099535458,1806,0.724802458791098,2412
"Myeloid","B_cell","BSG","SLC16A1",1,2012.25,0.0807882344236661,1773,0.0612489164098887,1903,0.0436639295278616,2117,0.747783554928453,2256
"T_cell","T_cell","BSG","SLC16A1",1,1962.25,0.0807198829882304,1774,0.0339425581087134,2013,0.172317385506835,1805,0.747703728231703,2257
"NK","NK","HLA-DPA1","LAG3",1,1937.5,0.0806063657771353,1775,-0.00865324454245661,2199,0.015866742898037,2188,0.813595306123295,1588
"NK","Myeloid","TNFSF10","TNFRSF10B",1,1857.5,0.0804952100300073,1776,0.153502228539724,1530,0.197947056631373,1760,0.730894002804874,2364
"T_cell","Myeloid","IL24","IL10RB",1,2163,0.0801486389730436,1784,0.0643251982824912,1893,-0.108985391874496,2431,0.701787436145019,2544
"NK","NK","ARPC5","LDLR",1,1936.25,0.0800858604199413,1785,0.0541512335266618,1940,0.148443175521908,1873,0.760419389708,2147
"Myeloid","Myeloid","TNF","TRADD",1,2118.75,0.0800576554922379,1787,0.0526645432802515,1942,-0.062956556414441,2349,0.726397630544536,2397
"T_cell","NK","CCL4L1","CCR5",1,2014.75,0.0799972121551345,1789,0.0110206806201786,2099,0.142483926375009,1885,0.743230126153077,2286
"B_cell","Myeloid","IL16","CCR5",1,2024.75,0.0798889603911528,1790,0.0164959885032645,2077,-0.105130767192542,2422,0.793512794812172,1810
"T_cell","NK","CCL4","CCR5",1,1981.75,0.0798143704162008,1793,0.00995604628034906,2106,0.133367676222478,1917,0.76467394325203,2111
"Myeloid","Myeloid","C3","IFITM1",1,1831.75,0.0795307133713471,1800,0.54870396022374,794,-0.213437631262741,2567,0.758421610259879,2166
"Myeloid","NK","CALM1","FAS",1,2010.25,0.0794489419401888,1801,-0.17530661861329,2654,-0.169310256440652,2515,0.853743113578644,1071
"Myeloid","T_cell","TNF","NOTCH1",1,2051.25,0.0794125219052237,1803,0.0690178895712829,1866,-0.0071856504636918,2238,0.741415767867444,2298
"Myeloid","NK","TGFB1","SMAD3",1,2167.75,0.0793013367104615,1805,0.0634103203063286,1894,0.0225124962606308,2176,0.622632883947511,2796
"T_cell","T_cell","TNFSF10","TNFRSF10A",1,2107.5,0.079113184841793,1808,0.0257314943877135,2039,0.162707400479333,1830,0.651594767862488,2753
"Myeloid","T_cell","TGFB1","CXCR4",1,1805.25,0.0790478735836595,1809,0.0595005585613608,1912,-0.0124427916454442,2248,0.839839708887842,1252
"B_cell","NK","CALM1","FAS",1,2025.75,0.0790027824388842,1810,-0.182421586636581,2661,-0.202340515660473,2559,0.853391172168452,1073
"NK","B_cell","BSG","SLC16A1",1,2025.75,0.0789885566856373,1811,0.0516617398783363,1946,0.0612870425240845,2080,0.745653170559882,2266
"Myeloid","NK","TGFB1","LPP",1,1831.25,0.0788896682966445,1812,0.160717509869726,1506,0.217452486434204,1715,0.74261979147785,2292
"NK","NK","IL16","KCNA3",1,2235.25,0.0788310565898757,1813,-0.0932401135450253,2492,-0.130436010171463,2469,0.758300631029819,2167
"B_cell","NK","ADAM17","ITGA5",1,1876,0.0787172970635962,1815,0.157326651766579,1519,0.279731365187972,1563,0.690485344862278,2607
"NK","B_cell","TGFB1","LPP",1,1828.75,0.0786010207279604,1816,0.143618433407933,1564,0.246811677208168,1641,0.742269323603394,2294
"Myeloid","NK","CD72","CD5",1,2151.25,0.0784420141609707,1818,0.0147122993641298,2087,-0.15670788517342,2497,0.754613878940482,2203
"NK","NK","PSEN1","NOTCH1",1,1864.5,0.0782997177030636,1820,0.0959413276687894,1743,0.176413744774322,1796,0.766213505156381,2099
"B_cell","Myeloid","HSPA8","LDLR",1,1998.25,0.078258831987519,1821,-0.0220516593609687,2261,-0.0442091190460052,2318,0.813332137053184,1593
"Myeloid","Myeloid","GNAS","ADRB2",1,1642.5,0.0781124685542911,1822,0.174993833168422,1458,0.0950163591050312,2009,0.837215644142116,1281
"B_cell","Myeloid","HSPA8","ADRB2",1,1809,0.0778647191045577,1826,0.0373806189713538,2001,-0.0409716074265465,2314,0.851989547735311,1095
"NK","T_cell","TNF","TRADD",1,2028.75,0.0777958094127332,1828,0.0351189824474101,2008,0.156267025051604,1852,0.723540456418645,2427
"Myeloid","NK","TNF","ICOS",1,2361.75,0.0777817695335631,1829,-0.0725852415151112,2430,-0.346355860492152,2698,0.711052375514445,2490
"NK","T_cell","TNF","TRAF2",1,2112.75,0.0776813815204975,1830,0.0290925918241751,2025,0.083431067943867,2027,0.697795387719584,2569
"T_cell","NK","HLA-DRB1","LAG3",1,2096.25,0.0776123822111242,1831,-0.00832159293875892,2197,-0.342298236646051,2691,0.807573856668022,1666
"T_cell","T_cell","BTLA","TNFRSF14",1,2100.75,0.0775087103376599,1832,0.00270290195939763,2145,-0.074042134466315,2363,0.768334175661041,2063
"Myeloid","NK","TNF","TRADD",1,2139.75,0.0773161729075354,1833,0.0463378508116719,1969,-0.0465305938952349,2324,0.722921496355296,2433
"B_cell","NK","LAMA5","CD44",1,1993,0.076913915328545,1837,-0.0274195269166077,2276,0.0296962734458968,2156,0.804319338382545,1703
"T_cell","Myeloid","TGFB1","TGFBR1_TGFBR2",1,1977.75,0.0768955616544471,1838,0.190123586478688,1408,0.130638408475745,1924,0.656014707750544,2741
"Myeloid","NK","MIF","TNFRSF14",1,1579,0.0768602959080175,1839,0.0862949036245125,1786,0.0751693290200364,2045,0.885270341926811,646
"Myeloid","Myeloid","NUCB2","ERAP1",1,2063,0.0767679154105978,1841,0.012064184108961,2095,-0.0705364566853482,2359,0.778716525259132,1957
"B_cell","NK","ICOSLG","CD28",1,2198.25,0.076642644504939,1843,0.0696809022522158,1862,-0.0760981049339914,2364,0.660793447610947,2724
"B_cell","Myeloid","LAMA5","CD44",1,1991.75,0.0762939347975546,1846,-0.0364082067105569,2305,0.0463808814326577,2109,0.803681647238458,1707
"Myeloid","Myeloid","ARF6","SMAP1",1,1922.5,0.0762699096026287,1847,0.0239203489511352,2051,-0.0199609509139193,2270,0.818870504633299,1522
"Myeloid","T_cell","TGFB1","ITGB1",1,1903.75,0.0762342185888247,1849,0.0916275258560707,1762,0.14992303150771,1864,0.761591458912252,2140
"Myeloid","Myeloid","MIF","TNFRSF14",1,1612.25,0.0762051068941713,1850,0.0832010071062033,1796,0.031685432875558,2150,0.884834870189155,653
"NK","NK","TNFSF10","RIPK1",1,2100.75,0.0760956053036418,1852,0.0632197557250778,1895,0.124142389035642,1942,0.663616454099066,2714
"T_cell","NK","PSEN1","NOTCH1",1,1919.5,0.0760613236131664,1853,0.0884544119142439,1774,0.127120183403803,1932,0.763605726203323,2119
"NK","Myeloid","S100A4","CCR5",1,1929,0.0759912067332617,1856,0.0439583957352143,1980,0.00116092546967017,2220,0.808456619774227,1660
"NK","NK","CD47","SIRPG",1,2101.5,0.075949002764269,1857.5,-0.115184562335744,2557.5,-0.270200435939826,2634.5,0.831099836528406,1356.5
"NK","NK","SIRPG","CD47",1,2101.5,0.075949002764269,1857.5,-0.115184562335744,2557.5,-0.270200435939826,2634.5,0.831099836528406,1356.5
"NK","NK","CD58","CD2",1,2220,0.0757194560081714,1859,-0.230605695018228,2704,-0.370530811158014,2714,0.812730389209383,1603
"NK","NK","GNAI2","CXCR3",1,1962.75,0.0755228590297171,1863,0.0420180538102573,1984,0.0788176066811852,2038,0.777877682598728,1966
"NK","T_cell","TGFB1","LPP",1,1890.25,0.0753522770505746,1864,0.132408560502355,1598,0.184857933413997,1783,0.738211168294541,2316
"Myeloid","T_cell","NUCB2","ERAP1",1,2004,0.0753361318057071,1865,0.00612318661989491,2126,0.072086517444828,2055,0.777090169501812,1970
"T_cell","NK","HLA-A","CD3D",1,1881.75,0.0751577709078116,1867,-0.183374089042221,2662,-0.296268633595917,2655,0.912171497731616,343
"T_cell","T_cell","NAMPT","ADORA2A",1,1953.5,0.0751459117128752,1868,0.0263996955062103,2038,0.136794786663529,1904,0.774010244600547,2004
"Myeloid","T_cell","HLA-E","KLRK1",1,1731.5,0.0749107718247811,1872,-0.389708440752213,2787,0.108214233325085,1981,0.916575453342118,286
"NK","NK","GNAI2","CCR5",1,1969.5,0.0749001322385536,1873,0.0674146544739798,1882,0.157468532016586,1849,0.744806102910296,2274
"NK","NK","HLA-A","CD3D",1,1901.25,0.0747485883032151,1874,-0.206022643445847,2685,-0.348419566154488,2700,0.911952571010724,346
"B_cell","B_cell","LAMA5","CD44",1,2083.25,0.0747346920005695,1875,-0.0590146169485215,2398,-0.0497934027725374,2332,0.802047561656537,1728
"T_cell","T_cell","TNF","TRADD",1,2036,0.0742707384530187,1879,0.0243445495116937,2047,0.192980924571853,1768,0.718878764477377,2450
"T_cell","T_cell","GNAI2","F2R",1,1984.75,0.0741782531978708,1880,0.0329614678861367,2016,0.236807749979828,1662,0.728674249665803,2381
"T_cell","T_cell","TNF","TRAF2",1,2123.25,0.0741614954986729,1881,0.0183181588884588,2070,0.120144967464116,1952,0.692883845817193,2590
"NK","NK","HLA-C","CD3D",1,1898.5,0.0734255998175708,1889,-0.186091994265803,2664,-0.342839846037545,2692,0.911742489569396,349
"NK","Myeloid","ADAM17","ITGA5",1,1928,0.0732679969570065,1891,0.182819677127384,1432,0.204532860763334,1745,0.682767576994013,2644
"T_cell","NK","HLA-C","CD3D",1,1907,0.0731992328655005,1893,-0.207520643176997,2687,-0.34520426263673,2696,0.911618179652721,352
"Myeloid","NK","TGFB1","CXCR4",1,1949.75,0.0731675901823875,1894,-0.0327363787494915,2291,-0.0315864442123677,2291,0.834572332041312,1323
"Myeloid","T_cell","MFNG","NOTCH1",1,2074.5,0.0731662238243557,1895,0.0334463046277741,2014,-0.0344564955408607,2296,0.766493007718655,2093
"T_cell","NK","CD47","SIRPG",1,2149.25,0.0731384655138192,1896.5,-0.135922951446813,2594.5,-0.370773456279984,2715.5,0.828436723720163,1390.5
"NK","T_cell","SIRPG","CD47",1,2149.25,0.0731384655138192,1896.5,-0.135922951446813,2594.5,-0.370773456279984,2715.5,0.828436723720163,1390.5
"T_cell","NK","B2M","CD3D",1,1882.75,0.0730074589405268,1900,-0.174432999664515,2652,-0.343481631932568,2695,0.916732524710594,284
"T_cell","NK","HLA-DRB5","LAG3",1,2167,0.0728287971526227,1902,-0.0128944992686749,2214,-0.357283614844883,2705,0.789288182499345,1847
"NK","NK","HLA-B","CD3D",1,1892.5,0.072776557662516,1903,-0.170921652722732,2644,-0.339950161438489,2688,0.912882190365484,335
"T_cell","T_cell","B2M","TFRC",1,1473.25,0.0727011099600719,1904,0.101361451906687,1717,0.0968343476970823,2007,0.91835898880323,265
"T_cell","NK","ACTR2","ADRB2",1,1812.25,0.0726653551667142,1905,0.117859471408361,1662,0.269295114488682,1594,0.766840992806146,2088
"Myeloid","NK","CALR","ITGAV",1,2011,0.0726216532475169,1907,-0.0372814833225911,2311,0.0108769015288363,2199,0.810613553635972,1627
"NK","NK","ACTR2","ADRB2",1,1818.5,0.0724442225440322,1909,0.116898601413251,1667,0.264548145193025,1607,0.766568414589358,2091
"T_cell","T_cell","MIF","TNFRSF14",1,1602.5,0.072410857445513,1911,0.0390100236245224,1999,0.166636256726841,1818,0.882207004278584,682
"T_cell","NK","HLA-B","CD3D",1,1910.5,0.072409499175013,1912,-0.214508936506006,2690,-0.354166025587641,2702,0.912680916999009,338
"NK","NK","B2M","CD3D",1,1912.5,0.0723707573828,1913,-0.290975236799942,2737,-0.366843069155557,2711,0.9163975977812,289
"T_cell","T_cell","GNAI2","CCR5",1,1912,0.0720916260895267,1915,0.0417260967502726,1985,0.320983760667771,1448,0.741157119678634,2300
"NK","T_cell","B2M","TFRC",1,1616.25,0.072067080086525,1916,-0.015180785228741,2226,0.0734729104740928,2052,0.918030019036579,271
"Myeloid","NK","IL16","KCNA3",1,2331.5,0.0720299729921183,1917,-0.123113830997658,2574,-0.229744720841385,2593,0.749936356177459,2242
"T_cell","B_cell","BSG","SLC16A1",1,2078.75,0.0719629711624196,1918,0.0142353011191495,2090,0.107248717297064,1982,0.736719287058423,2325
"B_cell","NK","YBX1","NOTCH1",1,1896.75,0.0719186798684854,1919,0.0922427248746514,1758,0.155866577884594,1854,0.769023406682941,2056
"T_cell","NK","BTLA","TNFRSF14",1,2199,0.0718357721507796,1921,-0.0259592316703349,2274,-0.122993153188676,2460,0.76150074554833,2141
"T_cell","Myeloid","S100A4","CCR5",1,1887.75,0.0717911072242006,1922,0.0134535062004725,2091,0.16253873800006,1832,0.8040156935201,1706
"T_cell","T_cell","TNFSF9","TRAF2",1,2248.5,0.0717081857680475,1923,0.00327296452609027,2141,-0.0124976682758087,2249,0.672627896284183,2681
"Myeloid","T_cell","SELPLG","SELL",1,1682.25,0.0716928792222906,1924,0.0728320381879538,1841,-0.0714682721300781,2360,0.889394716685122,604
"NK","NK","HLA-DRB1","LAG3",1,2066.75,0.0716663932249988,1925,-0.0351495864741528,2299,-0.0392950951522537,2306,0.801304827204259,1737
"B_cell","NK","B2M","CD3D",1,1945.75,0.0714400803514865,1927,-0.461326921923843,2802,-0.435444307750131,2756,0.915900448833163,298
"Myeloid","T_cell","TGFB1","TGFBR3",1,2178,0.0714267334597134,1928,0.0714744705268516,1846,0.0268136023119332,2162,0.641776997389196,2776
"B_cell","NK","TNF","NOTCH1",1,2089.75,0.071417781882894,1929,0.0571623495079824,1923,0.0340435213354476,2144,0.731114703429288,2363
"Myeloid","B_cell","YBX1","NOTCH1",1,1791.75,0.0713461435903805,1932,0.178913959118486,1442,0.21114397929049,1728,0.768312782678234,2065
"NK","Myeloid","ICAM2","ITGAL_ITGB2",1,1701.75,0.0713325110823718,1933,0.0992438069032159,1725,0.0787071939652935,2039,0.850782789545764,1110
"Myeloid","B_cell","PSEN1","NOTCH1",1,1865.75,0.0712433383039389,1935,0.126688890481115,1624,0.210924346338955,1730,0.757648652092243,2174
"T_cell","Myeloid","BTLA","TNFRSF14",1,2218,0.0712234142596433,1936,-0.0290531281886441,2283,-0.166477049333154,2508,0.760722466544965,2145
"B_cell","Myeloid","ARF6","SMAP1",1,2010.25,0.0711630150951948,1938,-0.0103602373000073,2205,-0.0409340865999759,2312,0.813673869921829,1586
"T_cell","Myeloid","HLA-DMA","CD4",1,1604.75,0.0711449005636805,1939,0.382403044522001,1041,-0.1072559573482,2429,0.860105214482268,1010
"B_cell","T_cell","B2M","TFRC",1,1772.75,0.0711403082994675,1940,-0.185532470352641,2663,0.0048716718795192,2213,0.917541703948472,275
"T_cell","T_cell","ARF6","SMAP1",1,1867.75,0.0709648276008963,1942,0.0281689546627745,2028,0.135759596828999,1910,0.813462369407502,1591
"B_cell","NK","HLA-C","CD3D",1,1968.5,0.0709270234382408,1943,-0.422615548260098,2793,-0.44642141970089,2762,0.910339576415837,376
"Myeloid","B_cell","MIF","TNFRSF14",1,1715.75,0.0708463945527723,1945,0.0578963986568825,1920,-0.0374430220311297,2302,0.881067363082856,696
"Myeloid","Myeloid","YBX1","NOTCH1",1,1838.25,0.0706376132789648,1946,0.177183618470538,1448,0.144405214865268,1879,0.767423285664079,2080
"Myeloid","NK","CCL4","CCR5",1,2222.5,0.0706121379113676,1947,-0.0248089040673858,2271,-0.120323306402887,2453,0.753473942943176,2219
"Myeloid","NK","TGFB1","TGFBR1_TGFBR2",1,2128.5,0.0706018150858871,1948,0.098514422370686,1728,0.0654828123976219,2071,0.646316792252304,2767
"B_cell","NK","PSEN1","NOTCH1",1,2003.25,0.0705393310218518,1949,0.0699846109462239,1860,0.0854808257234862,2023,0.756735746350763,2181
"Myeloid","Myeloid","PSEN1","NOTCH1",1,1911.25,0.0705358289399487,1950,0.124958549833167,1633,0.144185581913734,1880,0.756731176510065,2182
"NK","Myeloid","HSPA8","LDLR",1,2179.25,0.0705352374378871,1951,-0.152379760091869,2625,-0.119010212694355,2451,0.805315529158407,1690
"B_cell","NK","HLA-B","CD3D",1,1964.5,0.0705252747098817,1952,-0.438255912176805,2798,-0.441019471637307,2757,0.911624559510918,351
"Myeloid","NK","HLA-B","CD3D",1,1956.5,0.0703814347849018,1953,-0.45533654603468,2800,-0.373420450658882,2718,0.911542282591621,355
"T_cell","T_cell","MFNG","NOTCH1",1,2022,0.0703412609901608,1954,0.0211579260421594,2060,0.121295531666477,1949,0.762950809527235,2125
"B_cell","T_cell","HLA-G","CD4",1,1516,0.0701966013325786,1957,-0.034128885740686,2296,0.518070871501945,1031,0.874663170181538,780
"NK","Myeloid","HSPA8","ADRB2",1,2019.5,0.0701800207157484,1958,-0.0929474817595461,2490,-0.115772701074896,2443,0.845317376326758,1187
"Myeloid","T_cell","PTDSS1","JMJD6",1,2041.5,0.0700189676250629,1961,0.0304277724695637,2022,0.00113984044195303,2221,0.778178222339973,1962
"NK","T_cell","TNFSF10","TNFRSF10A",1,2281,0.069871574921754,1964,0.00104321534672548,2155,-0.000843534587900707,2227,0.637365137895291,2778
"T_cell","Myeloid","IL16","CCR5",1,2184,0.0697147456819083,1968,-0.0487374742766379,2354,-0.14941350213764,2485,0.78212929987682,1929
"NK","Myeloid","SIRPG","CD47",1,2176.25,0.0695848780930521,1970.5,-0.162144158321145,2636.5,-0.316770551503508,2668.5,0.824868191561727,1429.5
"Myeloid","NK","CD47","SIRPG",1,2176.25,0.0695848780930521,1970.5,-0.162144158321145,2636.5,-0.316770551503508,2668.5,0.824868191561727,1429.5
"NK","T_cell","SELPLG","SELL",1,1708.75,0.0693891254144081,1973,0.0549446486830157,1936,-0.037990631374103,2304,0.887777998670641,622
"Myeloid","NK","B2M","CD3D",1,1964.5,0.0692744696574994,1974,-0.857721609479795,2823,-0.41684052044319,2746,0.914707290827433,315
"B_cell","NK","HLA-A","CD3D",1,1989.25,0.0692257864625827,1977,-0.511713737208969,2809,-0.504207040066157,2775,0.908821857836125,396
"B_cell","T_cell","PTDSS1","JMJD6",1,2019,0.0692255281162719,1978,0.0273569348597428,2034,0.0535052207533702,2095,0.777193051564502,1969
"B_cell","T_cell","ICAM3","ITGAL",1,1693,0.0691277974003769,1979,0.00575510866033529,2129,0.140268933057747,1893,0.875198478708019,771
"Myeloid","T_cell","ICAM3","ITGAL",1,1653.5,0.0690254422484271,1981,0.00523671366920006,2130,0.212327004790241,1727,0.875117532619462,776
"Myeloid","T_cell","B2M","TFRC",1,1814.75,0.0689837847951703,1983,-0.581927157908593,2814,0.0234754591864597,2171,0.91636970500532,291
"Myeloid","T_cell","COPA","CD74",1,1620,0.0689066770917428,1984,0.0699120397002451,1861,-0.0289025038558385,2287,0.911817152886788,348
"NK","Myeloid","GNAS","ADRB2",1,1826.25,0.0688640532565272,1987,0.0808177381733393,1806,0.0415850025176172,2123,0.828445156351649,1389
"Myeloid","NK","HSPA8","LDLR",1,2277.25,0.0688163756282199,1988,-0.430150639024627,2796,-0.247079090024354,2614,0.80337427874803,1711
"B_cell","NK","TNF","FAS",1,2368,0.0686509624828836,1990,-0.0600953150828499,2403,-0.174599822769127,2523,0.700160360253017,2556
"Myeloid","NK","HLA-C","CD3D",1,1986.25,0.0685409102110006,1992,-0.648492966060322,2819,-0.411235253735096,2740,0.908933164421742,394
"T_cell","Myeloid","TGFB1","LPP",1,1846.75,0.0682941411116444,1993,0.192294518374438,1405,0.264636892786582,1606,0.728597134303811,2383
"B_cell","NK","GNAI2","F2R",1,2166,0.0681169192556847,1995,0.0247899801069556,2044,0.0191751178117017,2180,0.720165755968699,2445
"NK","Myeloid","TGFB1","CXCR4",1,2146.25,0.0680863195251882,1996,-0.313824349474318,2750,-0.127567190525581,2465,0.82954375749738,1374
"B_cell","NK","ADAM17","RHBDF2",1,1658.75,0.0680489660096723,1997,0.242883579718734,1312,0.397431639017324,1279,0.76994145878302,2047
"NK","T_cell","HLA-DPB1","LAG3",1,2054.5,0.0680337347631091,1998,-0.0391452999683089,2318,0.0362056409751434,2139,0.798051372501547,1763
"B_cell","T_cell","LGALS9","CD44",1,1324.25,0.0679668977851748,1999,0.178310684140234,1444,0.399302679514512,1276,0.891667262531892,578
"T_cell","T_cell","CCL3","CCR5",1,1960.5,0.0679336828813326,2001,0.051026831467307,1948,0.370620142983809,1340,0.700465071881171,2553
"B_cell","NK","MFNG","NOTCH1",1,2133.25,0.067814552467655,2002,0.0175427602516467,2073,-0.0375306670166595,2303,0.759626885572794,2155
"T_cell","B_cell","MAML2","NOTCH2",1,1713.5,0.067764575125043,2003,0.160633338030732,1508,0.340819608337985,1403,0.780717864415827,1940
"T_cell","Myeloid","GNAS","ADRB2",1,1889,0.0675902790370844,2004,0.0678469666378591,1876,-0.0207932337627666,2272,0.827114349759685,1404
"NK","NK","HLA-DRB5","LAG3",1,2132.25,0.0675682813491474,2005,-0.0352594342835451,2300,-0.0395095680438693,2308,0.782986129140623,1916
"Myeloid","NK","COPA","CD74",1,1556,0.0675599668687556,2006,0.0462039433032508,1970,0.14231473028405,1886,0.91102040907458,362
"NK","T_cell","ADAM10","CD44",1,1582,0.0674308677596931,2008,0.0631633885820212,1896,0.161405050212126,1837,0.890911642801832,587
"NK","B_cell","SPON2","ITGB2",1,1941.25,0.0674107866678113,2009,-0.0163887079268779,2235,0.0814354600458569,2031,0.821002235120071,1490
"T_cell","NK","YBX1","NOTCH1",1,2009.5,0.0672459719461029,2010,0.0739684214708588,1838,0.0676911973035912,2066,0.763003197389002,2124
"T_cell","T_cell","MAML2","NOTCH1",1,2175.25,0.0672353536683392,2011,0.0179462312741302,2071,0.0893508614241943,2017,0.691629401813832,2602
"NK","NK","IL16","CCR5",1,2255,0.0671906805931206,2012,-0.110733548193579,2542,-0.167770718873202,2512,0.778970957184252,1954
"NK","B_cell","MFNG","NOTCH2",1,1643,0.067168711319844,2013,0.147762845712408,1549,0.235533704395555,1670,0.83258183786075,1340
"T_cell","NK","MIF","TNFRSF14",1,1701.5,0.0671110360892053,2014,0.0103478899947899,2101,0.11768523800448,1957,0.878200004160493,734
"NK","NK","HLA-B","CANX",1,1432,0.0671034195943723,2015,0.154650224200263,1526,0.124507170203597,1940,0.91989771202945,247
"B_cell","Myeloid","GNAS","ADRB2",1,1905.5,0.0670873414780884,2016,0.0627255816429568,1899,-0.0337433460153221,2295,0.826579692461478,1412
"NK","NK","LRPAP1","LDLR",1,2192.5,0.0670263900396508,2017,0.0178753815805582,2072,0.0742489937676017,2050,0.686114087950098,2631
"T_cell","NK","TXLNA","STX4",1,1948,0.0670171637330797,2018,0.0682171173123128,1872,0.218482963144496,1713,0.756338206472864,2189
"Myeloid","B_cell","ADAM10","NOTCH1",1,1961.5,0.0670063880087068,2019,0.097402980139235,1737,0.0991819870084893,2001,0.766823786082711,2089
"Myeloid","Myeloid","CD48","CD244",1,1943,0.0669997824329681,2020,0.0505371486689988,1949,0.151255868053379,1862,0.780674320215939,1941
"Myeloid","NK","HLA-A","CD3D",1,2005,0.0669606206587032,2021,-0.637092309919702,2817,-0.473673062820434,2769,0.907434050391403,413
"NK","NK","ICAM1","SPN",1,1714.25,0.0668011177968398,2022,0.188155315001069,1413,0.322418081709903,1446,0.776468116884663,1976
"T_cell","NK","HLA-B","CANX",1,1483,0.0667649743519247,2023,0.111062940416989,1682,0.110291306054445,1976,0.919711221492503,251
"Myeloid","NK","TXLNA","STX4",1,2056.25,0.0667226013445965,2024,0.0669043246867443,1886,0.0396345835878686,2124,0.755932075599121,2191
"NK","T_cell","MFNG","NOTCH1",1,2145.75,0.0666441433846948,2025,0.00507573895580659,2131,-0.0159350425182353,2257,0.758033848634993,2170
"T_cell","NK","LMAN1","MCFD2",1,2139.75,0.0666303176356135,2026,0.0460659072369265,1972,0.141408330811517,1889,0.675576566202987,2672
"T_cell","Myeloid","MIF","TNFRSF14",1,1734,0.0665389538062266,2027,0.00725399347648075,2118,0.074201341860002,2051,0.87774140220386,740
"Myeloid","Myeloid","LGALS1","CD69",1,1500.25,0.0664439201426957,2028,0.233513072660372,1327,0.164372451879205,1822,0.872624457307025,824
"NK","NK","CD48","CD2",1,2145.25,0.0664436712224827,2029,-0.292702619684095,2738,-0.445429906234654,2760,0.855340473185287,1054
"NK","T_cell","GNAI2","S1PR1",1,1880.75,0.0664406331319795,2030,0.0712823064597115,1849,0.128389789199605,1930,0.803136162563682,1714
"Myeloid","NK","NUCB2","ERAP1",1,2214.5,0.0664186877416207,2031,-0.0308785730124037,2288,-0.1133936519063,2439,0.765988760473168,2100
"B_cell","NK","ICAM2","ITGAM_ITGB2",1,1548.75,0.0664148254638312,2032,0.258752267390629,1270,0.312001859897639,1472,0.825792270612381,1421
"Myeloid","Myeloid","ADAM10","NOTCH1",1,2006.75,0.0663409553087248,2033,0.0956726394912866,1746,0.0324432225832676,2147,0.765930314069899,2101
"T_cell","T_cell","SELPLG","SELL",1,1593.5,0.0662896914433191,2034,0.0308792374849915,2020,0.232507489431967,1677,0.885481457772767,643
"T_cell","B_cell","BTLA","TNFRSF14",1,2306.25,0.0662150125324498,2035,-0.0543577366379649,2377,-0.235605504239842,2602,0.754023454741491,2211
"B_cell","B_cell","LIN7C","ABCA1",1,1888.25,0.0661692877608628,2036,0.199927856431709,1381,0.344307856494194,1397,0.656315048893212,2739
"T_cell","NK","PKM","CD44",1,1635.5,0.0661625476505049,2037,-0.0380549219097907,2315,0.126281946587456,1935,0.919423242590819,255
"NK","Myeloid","TNF","TRADD",1,2250.25,0.0660758809308794,2038,0.00234900818283098,2149,-0.0357347359702738,2299,0.70691548032103,2515
"T_cell","T_cell","ADAM10","CD44",1,1593.5,0.0659898014842438,2039,0.0561396772954247,1929,0.170615754070147,1808,0.889857440016285,598
"Myeloid","NK","LAMA5","CD44",1,2122,0.0659238462988888,2040,-0.0569306854987004,2390,-0.00386533202686701,2234,0.791900435977266,1824
"B_cell","B_cell","HSP90B1","TLR1",1,1804,0.0658886267159473,2041,0.146984815184421,1551,0.263744637547687,1609,0.772522711890934,2015
"B_cell","NK","LGALS9","PTPRC",1,1318,0.065878800430888,2042,0.241064540137813,1314,0.339601455706512,1407,0.898112140360972,509
"T_cell","B_cell","HSPA8","ADRB2",1,1738.5,0.0656522233105224,2043,0.0779154442093558,1813,0.15351546856824,1858,0.840906797685794,1240
"T_cell","Myeloid","PKM","CD44",1,1633.75,0.0656292307435601,2045,-0.04704360170374,2348,0.142966554574217,1883,0.919122938106167,259
"NK","T_cell","TNF","NOTCH1",1,2181.75,0.0655434175478592,2046,0.0187023544738624,2068,0.0200361699804754,2178,0.722594611652747,2435
"NK","T_cell","NAMPT","ADORA2A",1,2143.75,0.0655197015572675,2047,-0.0198579101263933,2249,0.035403311370146,2142,0.761796666532203,2137
"NK","B_cell","CD99","PILRB",1,1641.75,0.065395965079057,2048,0.0984527704894695,1731,0.0729482452202466,2053,0.878193820618179,735
"Myeloid","Myeloid","LAMA5","CD44",1,2121.75,0.0653924534935852,2049,-0.0659193652926497,2416,0.0128192759598938,2196,0.791232778268861,1826
"Myeloid","T_cell","ARF6","SMAP1",1,2008.75,0.0653445481659808,2050,-0.0158655519665352,2231,0.0600494052673926,2083,0.8071211482567,1671
"Myeloid","NK","LMAN1","MCFD2",1,2217.25,0.0652973068628549,2051,0.0417251577657426,1986,0.0304063255814822,2155,0.673358027769856,2677
"Myeloid","Myeloid","CCL4L1","CCR5",1,2311.25,0.0652667701099447,2052,-0.0235227883036377,2266,-0.157230395940673,2498,0.723336204194568,2429
"B_cell","NK","LGALS9","SLC1A5",1,1686.25,0.0652329402912491,2053,0.198581572755753,1384,0.420918971955502,1234,0.767778309753254,2074
"B_cell","B_cell","MIF","CD74_CXCR4",1,1426,0.0652283016682032,2054,0.181446391898413,1436,0.0986850081035029,2004,0.922583011526102,210
"NK","Myeloid","ICAM3","ITGAL",1,1850.25,0.0652130750463838,2055,-0.0395100042110527,2319,0.0136129987374138,2195,0.87197973106903,832
"T_cell","NK","TNF","TNFRSF1B",1,1747.75,0.065107003771289,2057,0.105752622928811,1698,0.235692321317364,1669,0.814587690759191,1567
"T_cell","Myeloid","ICAM3","ITGAL",1,1845.5,0.0650505334395299,2059,-0.0405387865555166,2323,0.0256709031580364,2166,0.871840374205189,834
"B_cell","NK","HLA-B","CANX",1,1760.75,0.0650276305017248,2060,-0.11268403525381,2548,0.0234378600047798,2172,0.918732341194234,263
"Myeloid","T_cell","HLA-G","CD4",1,1652.5,0.0649873427704158,2061,-0.138752797203756,2604,0.481678367573845,1089,0.870375218831684,856
"T_cell","NK","TGFB1","ITGB1",1,1944.25,0.0649099750771598,2062,0.11893777566524,1656,0.173234139994954,1801,0.746686951000701,2258
"Myeloid","NK","HLA-B","CANX",1,1731.25,0.0648950033048586,2063,-0.129764669111686,2584,0.0910368809832047,2014,0.91865609111145,264
"NK","B_cell","LMAN1","MCFD2",1,2175.5,0.0647626605487285,2064,0.053594802542962,1941,0.0929160471674484,2013,0.672453228154685,2684
"B_cell","NK","F11R","ITGAL_ITGB2",1,1715.25,0.0646702823124399,2065,0.195628895432305,1393,0.270118612714696,1591,0.793371588754617,1812
"T_cell","T_cell","MIF","CD44_CD74",1,1645,0.0646398024770608,2066,0.00710987126775054,2121,0.0262037066381898,2164,0.921144404266728,229
"NK","B_cell","ADAM10","NOTCH2",1,1585,0.0646001597906961,2067,0.166708787399056,1487,0.304339484774906,1490,0.83621943419146,1296
"T_cell","NK","ARF6","SMAP1",1,2012,0.0645522939119439,2068,0.00666644010416697,2123,0.0197465791168391,2179,0.806169869848243,1678
"B_cell","NK","ACTR2","LDLR",1,2211.25,0.0645252181446881,2069,-0.000145755256050803,2162,0.0686726192219058,2063,0.700598069356406,2551
"T_cell","Myeloid","LRPAP1","LDLR",1,2160.75,0.0644691054040234,2070,0.0296529677937133,2024,0.137835214945621,1898,0.681910188211191,2651
"T_cell","T_cell","MIF","CD74_CXCR4",1,1716,0.0644613466438419,2071,-0.01943721992298,2246,-0.0513074323984433,2334,0.922159566726412,213
"T_cell","B_cell","B2M","TFRC",1,1650.75,0.0643933501069332,2072,0.0560814190888757,1931,-0.0239613128874995,2278,0.913692967055072,322
"T_cell","Myeloid","GZMB","IGF2R",1,2068.25,0.06432405784422,2073,0.132646352618783,1597,0.0121452414994156,2198,0.725824890634613,2405
"T_cell","Myeloid","CCL4L1","CCR5",1,2253.5,0.0642990833110126,2074,-0.0277045876007747,2277,-0.000269677300620441,2224,0.72183904536005,2439
"T_cell","B_cell","PKM","CD44",1,1716.75,0.0642879458094417,2075,-0.0696500119417046,2422,0.046792270369022,2104,0.918352126268775,266
"Myeloid","B_cell","MAML2","NOTCH1",1,2253.5,0.0642606788741707,2076,0.0240821394237916,2049,-0.0179845593160848,2264,0.686783040071838,2625
"B_cell","T_cell","LGALS9","PTPRC",1,1374,0.0642070699383523,2077,0.166725210421183,1485,0.337221039700678,1412,0.896930093272972,522
"NK","NK","TNF","ICOS",1,2482.25,0.0641974700694442,2078,-0.122900776612532,2573,-0.319134040047985,2673,0.690942446243165,2605
"B_cell","Myeloid","ICAM2","ITGAL_ITGB2",1,1795,0.0641553261645497,2079,0.0767480574547062,1819,0.0638185425812047,2077,0.843925567984224,1205
"T_cell","Myeloid","CCL4","CCR5",1,2220.25,0.064152121237114,2080,-0.0287692219406043,2281,-0.00938592745315159,2241,0.744455076794532,2279
"NK","T_cell","ADAM10","NOTCH1",1,2088.25,0.0640956514896458,2081,0.0240216806424545,2050,0.0528707378611154,2096,0.762829790813766,2126
"T_cell","Myeloid","B2M","TFRC",1,1615.25,0.0640605779548784,2082,0.0542677010430655,1939,0.0436983617505505,2116,0.913488458032996,324
"Myeloid","B_cell","LAMA5","CD44",1,2197.25,0.0640560076495268,2083,-0.0885257755306143,2479,-0.0833550082453013,2382,0.789522209899459,1845
"T_cell","T_cell","PTDSS1","JMJD6",1,2090.5,0.0639479194250071,2084,0.00693108124457918,2122,0.0442994895220509,2115,0.770251655322207,2041
"B_cell","T_cell","ADAM17","ITGB1",1,1887.75,0.0638766896075744,2085,0.0761088151163635,1823,0.188354113440077,1778,0.788150223941969,1865
"NK","T_cell","ICAM2","ITGAL_ITGB2",1,1826,0.0638320962573954,2086,0.0254441100042798,2040,0.114983399209771,1966,0.843592633923305,1212
"NK","B_cell","B2M","TFRC",1,1786.5,0.0638317726062873,2087,-0.0604608180465521,2404,-0.047322750110489,2327,0.913346969756545,328
"NK","NK","TNF","TRADD",1,2267.75,0.0638131881786735,2088,-0.00397768428574862,2185,-0.0193087734510677,2267,0.703292927967004,2531
"B_cell","T_cell","ADAM17","NOTCH1",1,2153.5,0.0637912473045205,2089,0.0579343222635479,1919,0.0724762560091778,2054,0.700520998792559,2552
"Myeloid","Myeloid","MAML2","NOTCH1",1,2291,0.0636225134944705,2092,0.0223517987758432,2054,-0.0847233237413065,2384,0.685708575008307,2634
"Myeloid","T_cell","GNAS","ADCY7",1,1684.5,0.0635622552665608,2093,0.109268745576273,1689,0.133240643612014,1918,0.85713857437034,1038
"NK","Myeloid","B2M","TFRC",1,1752.75,0.0635019025761616,2094,-0.0622745360923624,2409,0.020336924527561,2177,0.913141718813923,331
"T_cell","T_cell","CD99","PILRB",1,1641.25,0.0634831931920028,2095,0.0469629448969062,1965,0.20109434619192,1752,0.876597174015229,753
"T_cell","Myeloid","ARPC5","LDLR",1,2116.75,0.0633844180539541,2096,0.0271446869638229,2035,0.0859794124137951,2021,0.738471557766817,2315
"B_cell","T_cell","LTB","TNFRSF1A",1,1744.75,0.063349779404433,2097,0.143480946618971,1565,0.270912148352366,1587,0.801840314071956,1730
"T_cell","B_cell","ADAM10","NOTCH2",1,1599.25,0.0632195886256509,2098,0.15968507611246,1511,0.313550188632926,1467,0.834734742839383,1321
"Myeloid","B_cell","GNAI2","ADCY7",1,1715.75,0.0631279106689575,2099,0.291180831403523,1210,0.270748447389236,1589,0.778090567403529,1965
"T_cell","Myeloid","TNF","TRADD",1,2265,0.0630818614487854,2100,-0.0084254247528854,2198,0.000979163549975404,2222,0.702088880370735,2540
"NK","B_cell","MAML2","NOTCH2",1,1829.5,0.063066065186207,2101,0.144546378057961,1563,0.237213103156109,1659,0.774505025511176,1995
"T_cell","Myeloid","ARPC5","ADRB2",1,1940,0.0630652129866199,2102,0.0865769652961454,1783,0.0892169240332537,2018,0.788602518221431,1857
"B_cell","B_cell","B2M","TFRC",1,1897,0.0630109056320967,2103,-0.230812503170452,2705,-0.115923988705063,2444,0.912833405516493,336
"T_cell","T_cell","TNFSF10","RIPK1",1,2186.25,0.0629501464339864,2104,0.0249056689066147,2043,0.164146874655681,1823,0.642131755984769,2775
"NK","B_cell","LGALS1","CD69",1,1472.5,0.062900209466801,2105,0.193827880112535,1400,0.292943836090544,1519,0.869547199935253,866
"Myeloid","Myeloid","GZMB","IGF2R",1,1909.75,0.0628852577003473,2107,0.128190566358311,1616,0.303982680156261,1491,0.723568231027948,2425
"T_cell","T_cell","ADAM10","NOTCH1",1,2101.5,0.0627258621804847,2108,0.0169979693558579,2076,0.062081441719136,2079,0.760870062104749,2143
"NK","T_cell","IL16","CD4",1,1697,0.0626891332588185,2110,-0.0254988544922106,2273,0.458897038097608,1143,0.839085955454851,1262
"B_cell","Myeloid","B2M","TFRC",1,1871.5,0.0626852776808363,2111,-0.232626221216263,2707,-0.0482643140670126,2329,0.912627054487514,339
"Myeloid","NK","PSEN1","NOTCH2",1,1672,0.062581864795726,2112,0.163462783406167,1498,0.260326137667416,1615,0.822474737063081,1463
"NK","T_cell","MAML2","NOTCH1",1,2290.5,0.0625735377140752,2113,0.00185927130135984,2152,-0.0142556437576812,2255,0.683914377528051,2642
"T_cell","T_cell","TNF","NOTCH1",1,2191.75,0.0625735249592671,2114,0.00792792153814601,2114,0.0567500695007246,2087,0.717923188565801,2452
"B_cell","T_cell","GSTP1","TRAF2",1,1921,0.0624734993869311,2115,0.0814491811993318,1803,0.236868955723979,1661,0.765647268335393,2105
"Myeloid","Myeloid","TNFSF9","HLA-DPA1",1,1569.75,0.0623848639302057,2117,0.293005045550124,1207,0.219456718548343,1709,0.840276310479866,1246
"T_cell","B_cell","COPA","CD74",1,1311,0.0623755530722812,2118,0.318407538325819,1162,0.281644573413918,1555,0.907730776055752,409
"Myeloid","NK","CD99","PILRB",1,1825.25,0.0623548874700411,2119,0.00145659395812774,2153,-0.0180045258703831,2265,0.87562393928954,764
"NK","Myeloid","ICAM1","ITGAM_ITGB2",1,1237.5,0.0623255508836499,2120,0.634882614837332,687,0.682947447013728,745,0.82767480071448,1398
"NK","T_cell","YBX1","NOTCH1",1,2082.5,0.0622538211514534,2121,0.0578425687487919,1921,0.0525031705276664,2098,0.75595827546309,2190
"B_cell","T_cell","GNAI2","CXCR3",1,1930.75,0.0622123825966263,2122,0.00661758124200078,2124,0.377252506198203,1331,0.760678037453363,2146
"T_cell","Myeloid","MIF","CD74_CXCR4",1,1721.25,0.062053218762764,2124,-0.0594761959299242,2400,0.0388716624658776,2128,0.920782059480366,233
"B_cell","T_cell","NAMPT","ADORA2A",1,2191.75,0.0620046904958827,2125,-0.0367488768561253,2309,0.0311462741876495,2153,0.756757616314093,2180
"T_cell","NK","ADAM17","NOTCH1",1,2157.25,0.0619136349156654,2127,0.0727579775468917,1842,0.0563563111265044,2088,0.697377825372733,2572
"T_cell","Myeloid","GRN","SORT1",1,1905.75,0.0618728392898614,2128,0.896754468304546,488,-0.0632205049424528,2351,0.679749086726342,2656
"T_cell","B_cell","MIF","TNFRSF14",1,1845,0.0618599614463001,2129,-0.01805061497284,2239,0.00507288695331432,2212,0.873774943276416,800
"Myeloid","B_cell","GNAS","ADRB2",1,1769.25,0.0617775126910767,2130,0.128238557455348,1615,0.162459620086309,1834,0.82059004185199,1498
"NK","B_cell","MIF","CD74_CXCR4",1,1478.25,0.0617717401658643,2131,0.158862520016329,1512,0.0804394205381038,2034,0.920616087890772,236
"NK","Myeloid","LRPAP1","SORL1",1,1801.25,0.0617094120051417,2132,0.127883448784209,1620,0.103917585153748,1991,0.822539036141593,1462
"B_cell","T_cell","TNF","TRADD",1,2271,0.0616880979731571,2133,-0.0141144822507418,2218,0.0226037121189015,2175,0.699747063408247,2558
"B_cell","T_cell","TNF","TRAF2",1,2349.75,0.0615973625070647,2134,-0.0201408728739768,2252,-0.0502322449888358,2333,0.672788294001884,2680
"B_cell","B_cell","HSPA8","ADRB2",1,1947.25,0.0615815728487136,2135,-0.00937465674171948,2202,0.0264716535547317,2163,0.836578311891092,1289
"B_cell","Myeloid","ADAM10","TSPAN17",1,2325.5,0.0615810484587884,2136,-0.0354747519957323,2301,0.0388929782243218,2127,0.65731519003176,2738
"Myeloid","NK","IL16","CCR5",1,2352.5,0.0613938607168955,2137,-0.140607265646212,2609,-0.267079429543125,2631,0.77110608186812,2033
"T_cell","NK","MIF","CD74_CXCR4",1,1748.25,0.0613898655847767,2138,-0.0774097367769033,2448,0.0247293583880391,2167,0.92038919323276,240
"T_cell","Myeloid","ACTR2","LDLR",1,2250,0.0613819384871034,2139,0.0159883476821574,2082,0.0103810519209583,2201,0.695334206692822,2578
"T_cell","B_cell","TGFB1","CXCR4",1,1781,0.0613763171768365,2140,0.175211572775009,1456,0.0712786620626633,2057,0.822082545937825,1471
"T_cell","NK","TNF","ICOS",1,2501.5,0.0612885648322953,2141,-0.133675209548248,2590,-0.282420140527736,2643,0.685969650813696,2632
"T_cell","Myeloid","COPA","CD74",1,1361.5,0.0612486800100644,2142,0.289177797481989,1213,0.234646779155684,1674,0.906964453740486,417
"NK","Myeloid","ACTR2","LDLR",1,2254.25,0.0611951431564838,2143,0.0150274776870481,2086,0.00563408262530157,2209,0.695011280273296,2579
"Myeloid","B_cell","B2M","TFRC",1,1931,0.0611008141203947,2144,-0.627207190726404,2815,-0.0973202013981221,2411,0.911600933744844,354
"T_cell","Myeloid","ACTR2","ADRB2",1,2100.5,0.0610728179428207,2145,0.0754206260144799,1826,0.013618563540417,2194,0.750945231542107,2237
"B_cell","NK","LGALS9","CD44",1,1598.75,0.0610713198625176,2146,0.0524018674615124,1944,0.235028132484118,1672,0.886391100351195,633
"T_cell","T_cell","HLA-DPB1","LAG3",1,2292.75,0.0610335652871881,2147,-0.0811057789113607,2466,-0.359797345118061,2708,0.789160038348952,1850
"T_cell","B_cell","GNAI2","S1PR1",1,1987,0.0610066107739649,2148,0.0629034020454011,1898,0.039111339435963,2125,0.796303404756573,1777
"B_cell","T_cell","ARF6","SMAP1",1,2091.5,0.0609691960007791,2149,-0.0501461382176778,2357,0.039076269581336,2126,0.801669066230154,1734
"NK","NK","NAMPT","ITGA5_ITGB1",1,1835.25,0.0609473659906447,2150,0.0715531648663491,1845,0.125483473516514,1937,0.826790601659726,1409
"T_cell","NK","TNF","TRADD",1,2280.5,0.0609216954595474,2151,-0.014752117221465,2221,0.0174051260691815,2184,0.698432120369137,2566
"NK","Myeloid","ACTR2","ADRB2",1,2107.75,0.0608869633168398,2152,0.0744597560193706,1835,0.00887159424476019,2204,0.750660112496462,2240
"Myeloid","Myeloid","B2M","TFRC",1,1903.5,0.0607850571459031,2153,-0.629020908772215,2816,-0.0296605267600721,2289,0.911391948277843,356
"T_cell","NK","MIF","CD44_CD74",1,1747.5,0.0607369065047601,2154,-0.0676985852701077,2418,0.029675050192937,2157,0.918852649070695,261
"NK","NK","ADAM10","CD44",1,1859.5,0.0605896727341527,2155,-0.0627454280967009,2410,-0.00286949681826776,2231,0.885603400857264,642
"B_cell","Myeloid","LGALS9","CD44",1,1601.75,0.0605790418507312,2156,0.0434131876675631,1982,0.251712740470879,1632,0.885982953785566,637
"B_cell","Myeloid","CD99","CD81",1,2189.25,0.0605023989975973,2157,-0.0432797074526414,2338,-0.24966811199793,2617,0.809492857937303,1645
"B_cell","NK","ICAM1","IL2RG",1,1560.5,0.0604255066122947,2158,0.167677569548253,1481,0.291488872646837,1523,0.852974494787519,1080
"NK","T_cell","GSTP1","TRAF2",1,2017.25,0.0602834561867857,2160,0.0683027563282196,1871,0.136018640267127,1909,0.762430622918308,2129
"T_cell","B_cell","TNFSF10","TNFRSF10B",1,2090.25,0.0602518900658457,2161,0.058936787953431,1916,0.206818234636764,1739,0.701474927593195,2545
"B_cell","NK","LGALS9","CD47",1,1582.5,0.060216094183063,2162,0.126205348303634,1625,0.269839929964918,1592,0.864219941744435,951
"B_cell","B_cell","LGALS9","PTPRC",1,1678.75,0.0602091061959543,2163,-0.0110581979501706,2210,0.181355753347418,1787,0.893920269391922,555
"NK","Myeloid","GNAI2","CCR5",1,2202.5,0.0602022209658154,2164,0.0286893862530265,2026,0.0147149283409563,2192,0.723497469835967,2428
"Myeloid","NK","HSPA8","ADRB2",1,2188.25,0.0602018887221689,2165,-0.382613823145497,2784,-0.152780678811917,2489,0.835023489425672,1315
"T_cell","B_cell","IL24","NOTCH2",1,2059.25,0.0601878526616842,2166,0.111731376697354,1680,0.0368161921214248,2136,0.748246601320934,2255
"Myeloid","T_cell","PSEN1","NCSTN",1,1877.5,0.0601546850418289,2167,0.157766788022937,1517,0.137733388034133,1899,0.782152082966919,1927
"B_cell","T_cell","ICAM1","IL2RA",1,2051,0.0601039048800982,2168,0.0885904206465011,1772,0.276833151146634,1571,0.669397617720385,2693
"NK","Myeloid","ADAM10","CD44",1,1859.75,0.0601012771387159,2169,-0.0717341078906501,2429,0.0138151111684931,2193,0.885192790964309,648
"NK","Myeloid","NAMPT","ITGA5_ITGB1",1,1857.75,0.0600498893552578,2170,0.0929542772784781,1753,0.0568763004861587,2086,0.825725785643771,1422
"T_cell","B_cell","LIN7C","ABCA1",1,2008.75,0.0600426636167153,2171,0.183153346997756,1431,0.236304131061769,1665,0.645275289523328,2768
"Myeloid","B_cell","ICAM1","ITGAL_ITGB2",1,1640.5,0.0599647895470553,2172,0.272079743109749,1248,0.117585661463677,1958,0.84538748959596,1184
"NK","T_cell","PSEN1","CD44",1,1698.25,0.0599457336537531,2173,0.0473895758760842,1964,0.137277392837658,1902,0.876529432101668,754
"B_cell","Myeloid","F11R","ITGAL_ITGB2",1,1850,0.0599235159487827,2174,0.141241502097482,1574,0.189919814811752,1776,0.787053162161918,1876
"T_cell","NK","GNAI2","IGF1R",1,2157.75,0.0596865085848548,2175,0.0904002444112036,1766,0.0684325693557883,2064,0.686769594763544,2626
"T_cell","Myeloid","CCL5","CXCR3",1,2112.75,0.0596474659230485,2176,-0.0788927702334178,2453,0.0226394883785919,2174,0.809251508829776,1648
"B_cell","T_cell","ICAM1","SPN",1,1748.25,0.0595829631946234,2178,0.125048249481056,1631,0.481746557568242,1088,0.766387911931027,2096
"T_cell","Myeloid","HLA-DQB1","CD4",1,1745.5,0.0595397556384178,2179,0.349720552036765,1103,-0.266765953921666,2630,0.85374767677351,1070
"NK","T_cell","COPA","CD74",1,1799.75,0.0594932091027304,2180,0.00342018595776634,2139,-0.116699200977993,2446,0.905730283033159,434
"T_cell","Myeloid","GNAI2","S1PR4",1,2186.25,0.0594619083818174,2181,0.0667099613755532,1887,0.101899611801921,1994,0.672615489876591,2683
"T_cell","Myeloid","HLA-DRA","CD4",1,1729.75,0.0594613498645762,2182,0.328168261244573,1143,-0.41098840398794,2739,0.870406633389559,855
"Myeloid","NK","ARF6","SMAP1",1,2147,0.05943987495434,2183,-0.0373680665251428,2313,-0.055963612444767,2339,0.799641804480526,1753
"B_cell","NK","MAML2","NOTCH1",1,2278.75,0.0594317077283642,2184,0.0228712097917552,2053,0.00173555815504611,2219,0.678320090344698,2659
"B_cell","B_cell","LGALS9","CD44",1,1688.5,0.0593409691926011,2185,0.0208067774295985,2063,0.155538456265684,1855,0.884935836467614,651
"T_cell","NK","ADAM10","CD44",1,1868,0.0592948097593966,2186,-0.0697691393832974,2423,0.00634120703975283,2207,0.88450455061766,656
"T_cell","T_cell","HLA-DPA1","LAG3",1,2314.75,0.0592658718774375,2188,-0.0876706464855231,2476,-0.415520380639718,2744,0.789143602804065,1851
"NK","Myeloid","ARPC5","LDLR",1,2242,0.0591816904142943,2189,-0.000183074320411567,2163,-0.0161724758333784,2258,0.731792608124248,2358
"Myeloid","NK","SPTAN1","PTPRA",1,2520.75,0.0590346673874286,2191,-0.119326877954485,2569,-0.286693825648507,2647,0.674501171468982,2676
"Myeloid","B_cell","TNF","NOTCH1",1,2290,0.0590342035020371,2192,0.00887167285562762,2108,-0.081148975406628,2378,0.711990383460868,2482
"B_cell","T_cell","MIF","TNFRSF14",1,1942.5,0.0590283812341405,2193,-0.0576096998849708,2392,-0.0582741440574888,2341,0.871168377495299,844
"NK","T_cell","HLA-DPA1","LAG3",1,2212.5,0.058995025571616,2194,-0.0892930948634279,2482,-0.045102400544923,2319,0.78876226239599,1855
"NK","Myeloid","ARPC5","ADRB2",1,2069.5,0.0588836503588099,2195,0.059249204011911,1913,-0.0129349642139198,2252,0.78282731852201,1918
"NK","B_cell","ADAM10","CD44",1,1933.5,0.0588729687061149,2196,-0.0943405181286147,2500,-0.082359173036702,2379,0.884139365867021,659
"Myeloid","NK","ADAM10","NOTCH2",1,1757.5,0.0588600255777037,2197,0.134176873064287,1591,0.14858377833695,1872,0.829747129781727,1370
"Myeloid","T_cell","TNFSF9","TRAF2",1,2417.75,0.0588339953645582,2198,-0.0346242044548256,2298,-0.100759349487546,2417,0.650480572216647,2758
"T_cell","Myeloid","ADAM10","CD44",1,1871,0.0588168516749255,2199,-0.0787578191772467,2452,0.0230258150265137,2173,0.884090512781807,660
"T_cell","T_cell","HMGB1","HAVCR2",1,1787,0.0587336059628747,2200,0.0251649114877307,2041,0.162503628055447,1833,0.853320580537512,1074
"T_cell","B_cell","TGFB1","SMAD3",1,2357.25,0.0587138025928924,2201,0.00622273261693758,2125,-0.0288897413555922,2286,0.586726335640149,2817
"B_cell","Myeloid","LGALS9","PTPRC",1,1706.5,0.0586632521258302,2202,-0.0797999933088565,2458,0.26753774661019,1599,0.892680708893951,567
"B_cell","T_cell","ICAM1","IL2RG",1,1549.25,0.0585847249571385,2203,0.141985569652439,1571,0.384863311514128,1314,0.851023974839189,1109
"B_cell","NK","ADAM10","NOTCH1",1,2211.75,0.0584613744230016,2204,0.00120651077688753,2154,-0.028011843899783,2285,0.754406151405436,2204
"Myeloid","Myeloid","TNF","NOTCH1",1,2324.75,0.0584479416455923,2205,0.00714133220767925,2120,-0.14788773983185,2481,0.710965998323864,2493
"NK","NK","COPA","CD74",1,1749,0.0583304754420971,2207,-0.020287910439228,2253,0.0545180331618953,2093,0.904884280383414,443
"B_cell","NK","ENTPD1","ADORA2A",1,2214.25,0.0582754274104813,2208,0.0490892321165483,1955,0.0604475258571794,2081,0.68950092590191,2613
"T_cell","T_cell","PSEN1","CD44",1,1750,0.05823203429619,2209,0.0399026601215387,1995,0.0879838314671385,2019,0.874951350228995,777
"B_cell","B_cell","MIF","CD44_CD74",1,1695,0.0581791367671286,2210,0.0341796863669419,2011,-0.0253732208988822,2281,0.917234113494195,278
"B_cell","Myeloid","MIF","CD44_CD74",1,1684.75,0.0580209437570297,2212,0.0308680210640091,2021,-0.000784975925401721,2225,0.917130704244215,281
"B_cell","T_cell","LGALS9","CD47",1,1679.25,0.0579877624128174,2213,0.105466959192566,1702,0.16926690962476,1812,0.861992329773747,990
"B_cell","B_cell","GPI","AMFR",1,1849.75,0.0579846976846068,2214,0.127771684675731,1621,0.023787266479726,2170,0.828183518386064,1394
"NK","T_cell","HMGB1","HAVCR2",1,1802.25,0.0579420494141969,2215,0.0144899761615559,2089,0.167167572149615,1817,0.852469382979857,1088
"NK","T_cell","HLA-B","CANX",1,1588.25,0.0578793913254416,2216,0.0924872369118735,1757,0.0693536750999649,2061,0.914277692238218,319
"B_cell","T_cell","GNAI2","F2R",1,2196,0.0578621082104621,2217,-0.0192004829735471,2244,0.178173940676312,1793,0.70343363447764,2530
"T_cell","B_cell","HLA-G","LILRB1",1,1492.5,0.0578387608383211,2218,0.240780331713932,1315,0.438489722302617,1190,0.84014473395153,1247
"NK","T_cell","TNF","TNFRSF1B",1,1907.25,0.0577864167561714,2219,0.0460590686110793,1973,0.203780133740963,1748,0.805410652718249,1689
"T_cell","B_cell","CD99","PILRB",1,1761.25,0.0577757065053712,2220,0.0161874241571383,2080,0.136450752017286,1907,0.871410740096426,838
"Myeloid","B_cell","TGFB1","LPP",1,2209.75,0.0577148163876458,2221,0.0612121463455482,1904,-0.00113910966816355,2228,0.711639825641632,2486
"B_cell","NK","NAMPT","ITGA5_ITGB1",1,1891.25,0.0576776522934275,2222,0.0546621981366171,1937,0.121226436334018,1950,0.822806656964482,1456
"T_cell","B_cell","CD48","CD244",1,2069,0.057638820636445,2223,0.0452780225578672,1975,0.0997152048352946,1999,0.767518829995043,2079
"T_cell","B_cell","ADAM10","CD44",1,1943.75,0.0576147934437067,2224,-0.101364229415211,2518,-0.0731484691786815,2362,0.883028310119065,671
"T_cell","T_cell","HLA-B","CANX",1,1648.5,0.0575874687267384,2225,0.0488999531285996,1956,0.055137810950813,2092,0.914079339527413,321
"B_cell","T_cell","HMGB1","HAVCR2",1,1838.75,0.0575185268672803,2226,0.00877834910842435,2109,0.130299943871836,1926,0.852007462637884,1094
"T_cell","T_cell","LRPAP1","SORL1",1,1783.25,0.05750062098836,2227,0.0467647543841161,1966,0.341920189547117,1400,0.817324511170745,1540
"T_cell","T_cell","IL24","IL10RB",1,2426.5,0.0574507510446552,2228,-0.0254680397088322,2272,-0.157613964094512,2499,0.665821562594208,2707
"NK","B_cell","PSEN1","NOTCH2",1,1721.25,0.0574292471899309,2229,0.150934974693119,1540,0.280211827400437,1562,0.816114881896037,1554
"B_cell","T_cell","ICAM2","ITGAL_ITGB2",1,1915.5,0.0574095723397597,2230,0.00294836055577014,2144,0.100094747825683,1998,0.836468502620308,1290
"Myeloid","T_cell","IL16","CD4",1,1828.25,0.0572806806208904,2231,-0.0553725719448435,2382,0.359588327427686,1362,0.8329012950359,1338
"T_cell","Myeloid","ADAM17","RHBDF2",1,1835,0.0572300616364403,2232,0.253589554752834,1282,0.259414424311424,1619,0.754249527585046,2207
"B_cell","T_cell","LGALS9","HAVCR2",1,1714.5,0.0571974680600837,2233,0.154894488296898,1524,0.452591488315218,1155,0.780116944993974,1946
"B_cell","NK","ICAM1","ITGAM_ITGB2",1,1404,0.0571934239672958,2234,0.384919268090469,1036,0.612511633829068,864,0.821460013066004,1482
"Myeloid","B_cell","CD99","CD81",1,2086.5,0.0570993499089772,2235,-0.0126285568405888,2213,0.00715386702804482,2206,0.804989074871737,1692
"B_cell","NK","ARPC5","LDLR",1,2339.5,0.0570965402650057,2236,-0.0563152317195176,2387,-0.0622960851206668,2347,0.728257996544876,2388
"T_cell","NK","ADAM17","ITGB1",1,1962,0.0570612902307501,2237,0.104961932996723,1705,0.123527671878072,1947,0.778577693823972,1959
"NK","B_cell","NUCB2","ERAP1",1,2350.75,0.0570209835796361,2238,-0.0524709203642355,2366,-0.213424261362757,2566,0.752039387651085,2233
"NK","T_cell","PSEN1","NOTCH1",1,2209.5,0.0569807416130986,2240,0.00824786793651749,2112,0.028743080486647,2159,0.736554603150692,2327
"B_cell","Myeloid","NAMPT","ITGA5_ITGB1",1,1910.25,0.0568283236230914,2241,0.0760633105487461,1825,0.0526192633036623,2097,0.821722630401441,1478
"T_cell","T_cell","HLA-DRB1","LAG3",1,2345.5,0.0568037577314781,2243,-0.0889614432597303,2481,-0.403267380089011,2732,0.782153419838617,1926
"Myeloid","Myeloid","CCL4","CCR5",1,2409.25,0.0567556745543455,2244,-0.0635341722883391,2413,-0.263076910078516,2629,0.732629255989707,2351
"NK","Myeloid","GPI","AMFR",1,1921.25,0.0567253596810627,2245,0.0370148677352994,2003,0.08383752003367,2026,0.826615638041077,1411
"Myeloid","B_cell","TIMP1","CD63",1,1402,0.056627332361446,2247,0.596204686053947,732,0.601451479885682,881,0.80007962392083,1748
"Myeloid","Myeloid","PTDSS1","JMJD6",1,2314,0.0565828376815809,2248,-0.0200416634138472,2251,-0.231940731301956,2598,0.759246168612643,2159
"Myeloid","NK","MAML2","NOTCH2",1,2104.5,0.0564481285229524,2250,0.0608560323488437,1906,0.0314172320123761,2152,0.764677260071337,2110
"B_cell","NK","ACTR2","ADRB2",1,2080.5,0.0564479016376334,2251,0.0473910606230792,1963,0.162971030434343,1828,0.743508659741229,2280
"B_cell","T_cell","GNAI2","CCR5",1,2133.25,0.0562344526870053,2252,-0.0104358541094112,2206,0.262349951364255,1612,0.716626152577117,2463
"NK","NK","LGALS1","ITGB1",1,1663.75,0.0562189226258049,2253,0.146705289862352,1552,0.313631063565978,1466,0.828863687129387,1384
"NK","NK","TXLNA","STX4",1,2190.75,0.0561977108980995,2255,0.0199974584224761,2064,0.0355689481787714,2141,0.73975029171519,2303
"NK","B_cell","B2M","LILRB1",1,1403.75,0.0561802789960487,2256,0.187831587892806,1415,0.41892023155217,1237,0.879711440191385,707
"T_cell","Myeloid","GNAI2","ADCY7",1,2021,0.0561791494307202,2257,0.0982683639484173,1733,0.0854887609800318,2022,0.767859669583492,2072
"T_cell","B_cell","LGALS1","CD69",1,1626.25,0.0561182478061013,2258,0.167360844518219,1482,0.177192322213018,1794,0.862938880175027,971
"B_cell","T_cell","HLA-B","CANX",1,1884,0.0560889399605383,2259,-0.174847022542199,2653,-0.0317156350988524,2292,0.9130382877527,332
"NK","T_cell","GNAS","ADCY7",1,1878,0.0560365664124304,2260,0.0150926505811908,2085,0.0798092870246002,2035,0.849248212148147,1132
"NK","NK","ADAM17","NOTCH1",1,2203.75,0.0560292017244971,2261,0.0561022162963796,1930,0.100661805624525,1997,0.686737053696132,2627
"Myeloid","T_cell","HLA-B","CANX",1,1852.25,0.0559745436827596,2262,-0.191927656400075,2673,0.0358833858795725,2140,0.912957201335247,334
"B_cell","Myeloid","PTDSS1","JMJD6",1,2306.5,0.0559416534359564,2263,-0.0231125010236681,2265,-0.179575350990539,2529,0.758203041678355,2169
"T_cell","Myeloid","LGALS9","SLC1A5",1,2004.5,0.0559318416920675,2264,0.187349532875312,1417,0.0425892341324959,2121,0.753783357521296,2216
"NK","T_cell","MIF","TNFRSF14",1,1994.75,0.0559003643319501,2265,-0.0801935717670543,2460,-0.0765197316228878,2367,0.868081951494413,887
"NK","NK","VIM","CD44",1,1887.25,0.0558162678766827,2266,-0.130981699406399,2586,-0.12096381028896,2455,0.920244834517506,242
"T_cell","B_cell","PSEN1","NOTCH2",1,1773.5,0.055787487918401,2267,0.143448058938574,1566,0.230918266029918,1679,0.813928555248934,1582
"Myeloid","B_cell","ADAM17","ITGB1",1,2105.75,0.055765327962614,2268,0.0658885473873878,1890,-0.0300964538975358,2290,0.776591094049692,1975
"T_cell","T_cell","TGFB1","SMAD3",1,2394.25,0.0557188822001344,2269,-0.00346192085220375,2182,-0.0393313451934319,2307,0.580364683094062,2819
"T_cell","NK","ADAM17","ITGA5",1,2194,0.0555985265534222,2270,0.0844568473176513,1791,0.115940756017624,1963,0.652157475637685,2752
"NK","T_cell","TNFSF10","RIPK1",1,2361,0.0555966225060139,2271,0.000217389865626666,2161,0.000595939588447725,2223,0.627736442159903,2789
"Myeloid","T_cell","PSEN1","NOTCH2",1,1914.75,0.0555606707308188,2272,0.129179304737273,1609,0.0151205042646173,2191,0.813619854845755,1587
"Myeloid","T_cell","HMGB1","HAVCR2",1,1900.25,0.055553066363646,2273,-0.01772786045739,2238,0.115095033875812,1965,0.8498020363959,1125
"NK","B_cell","HSPA8","ADRB2",1,2146.75,0.0555039061070487,2274,-0.139702757472619,2607,-0.0483294400936177,2330,0.829350566412574,1376
"B_cell","B_cell","ICAM1","IL2RA",1,2156.75,0.0554698722446699,2275,0.0751488505008518,1828,0.174949161269908,1798,0.660459920684592,2726
"B_cell","NK","ARF6","SMAP1",1,2219.5,0.0554598889741755,2276,-0.0716486527762853,2428,-0.0769367481308236,2370,0.794032256072173,1804
"B_cell","B_cell","B2M","LILRB1",1,1613.5,0.0554578090763566,2277,0.0174799027689059,2074,0.350318992957596,1382,0.879024933119504,721
"NK","Myeloid","VIM","CD44",1,1887.75,0.055366349298903,2278,-0.139970379200348,2608,-0.104279202302199,2419,0.919947325448896,246
"T_cell","T_cell","PSEN1","NOTCH1",1,2263,0.0553518039999592,2279,0.00076095218197199,2157,-0.0205504808838722,2271,0.733730961108153,2345
"Myeloid","T_cell","TGFB1","LPP",1,2274,0.0553293429791033,2280,0.0500022734399709,1952,-0.0630928534623351,2350,0.707289573052708,2514
"B_cell","Myeloid","ICAM3","ITGAL",1,2054,0.0553152468596769,2281,-0.102156800216805,2521,-0.112256233621914,2435,0.862507191747527,979
"T_cell","Myeloid","TGFB1","ITGB1",1,2212.25,0.0552635860013124,2282,0.0467214094292529,1967,-0.00826681631344789,2239,0.731171890741311,2361
"B_cell","Myeloid","ICAM1","ITGAL_ITGB2",1,1566.25,0.0552476460408298,2283,0.202915058154547,1375,0.364328316512633,1356,0.839956859831513,1251
"Myeloid","Myeloid","ICAM3","ITGAL",1,2024,0.055233343476228,2284,-0.102675195207941,2522,-0.04019816188942,2310,0.862419308103332,980
"T_cell","NK","LTB","TNFRSF1A",1,2015.5,0.0552238321213368,2285,0.0403551635988888,1994,0.119331826143742,1953,0.790707921562046,1830
"B_cell","B_cell","HLA-F","LILRB1",1,1606.25,0.0551968312917199,2286,0.127901346121998,1619,0.303962283012641,1492,0.8581290324145,1028
"B_cell","Myeloid","LGALS9","CD47",1,1704.5,0.055170304025894,2287,0.0792457523182331,1811,0.223269814401236,1699,0.859002967046677,1021
"T_cell","T_cell","TNF","TNFRSF1B",1,1919.75,0.0551680081155153,2288,0.035284635675363,2006,0.240494033261212,1654,0.801751209488584,1731
"NK","B_cell","MIF","CD44_CD74",1,1752.5,0.0550961228108324,2289,0.0115958144848584,2097,-0.0436188084642812,2317,0.915143790614064,307
"B_cell","B_cell","HLA-C","LILRB1",1,1617,0.0550595310761067,2290,0.0561912764326504,1927,0.339341881006836,1409,0.871368201797752,842
"T_cell","T_cell","GNAS","ADCY7",1,1944,0.0550000614397074,2291,0.00212187904571055,2150,0.0174310507442165,2183,0.848049182519833,1152
"NK","Myeloid","MIF","CD44_CD74",1,1744.25,0.0549463127243213,2292,0.00828414918192565,2110,-0.0190305634908008,2266,0.915038011592202,309
"NK","Myeloid","HLA-DRA","CD4",1,1636.75,0.0549354932097641,2293,0.310402612333051,1179,0.0314597929426559,2151,0.865875825270007,924
"B_cell","B_cell","SEMA4D","CD72",1,1871.75,0.0548358795707314,2294,0.174436976235653,1461,0.263253040540337,1610,0.763175727547951,2122
"B_cell","B_cell","COPA","CD74",1,1428,0.0548198687356208,2295,0.278393530370727,1231,0.219364553146838,1710,0.902179277908677,476
"NK","Myeloid","CD48","CD244",1,2180.75,0.0548166979501029,2296,-0.0172613460770445,2236,0.066707008633422,2068,0.763009975032076,2123
"B_cell","B_cell","HLA-B","LILRB1",1,1624.5,0.0547476598664945,2297,0.0405509125159441,1993,0.34474382907042,1394,0.873133872817427,814
"B_cell","NK","MIF","TNFRSF14",1,2025.25,0.0547080363780066,2298,-0.0862718335147034,2471,-0.10722516277985,2427,0.866842550454789,905
"T_cell","Myeloid","TNFSF10","RIPK1",1,2340.75,0.0546696720573092,2299,0.00242902685848284,2148,0.0420791139387253,2122,0.625769842831729,2794
"Myeloid","B_cell","HLA-B","LILRB1",1,1605,0.0546359991984515,2300,0.0234702786580685,2052,0.412342850048845,1251,0.873020752696183,817
"B_cell","T_cell","GNAS","ADCY7",1,1963,0.0545908073718268,2301,-0.00299950594919178,2178,0.00448093849166098,2215,0.8475673356163,1158
"NK","T_cell","GNAI2","ADCY7",1,1978.75,0.0545460355565653,2302,0.0855888848105286,1787,0.215357725053216,1719,0.765220025314817,2107
"NK","B_cell","GNAS","ADRB2",1,1978,0.0544631350506766,2303,0.034062462460266,2012,0.109028263498895,1979,0.811125880769571,1618
"T_cell","NK","GNAI2","CXCR3",1,2354.25,0.0544322423680863,2304,-0.0498672222068308,2356,-0.164010196558647,2503,0.748306716786691,2254
"Myeloid","B_cell","MFNG","NOTCH1",1,2330.25,0.0543907892999238,2305,-0.0266999120878812,2275,-0.108419820483797,2430,0.73891637964921,2311
"B_cell","Myeloid","MIF","TNFRSF14",1,2047.5,0.0542416824044692,2306,-0.0893657300330125,2484,-0.150709058924328,2487,0.866347693432558,913
"NK","B_cell","VIM","CD44",1,1940.5,0.0542348100544172,2307,-0.162576789438313,2639,-0.200453486507394,2558,0.919183679723888,258
"Myeloid","NK","GPI","AMFR",1,1824.5,0.0541322911538324,2308,0.125972809311814,1626,0.133601839622955,1914,0.823236916300278,1450
"B_cell","NK","TNF","TNFRSF1B",1,2003,0.0540768452157317,2309,0.0672935911663753,1885,0.0653151088644119,2072,0.800158778707826,1746
"B_cell","Myeloid","ADAM10","TSPAN14",1,2057.5,0.0540505957500539,2310,0.00323356386407059,2143,-0.0137558040815813,2254,0.818822218597328,1523
"T_cell","NK","B2M","TFRC",1,1830.75,0.054033025194383,2311,-0.000385770663391752,2166,-0.104951357294979,2421,0.906520885972699,425
"NK","Myeloid","IL16","CCR5",1,2438,0.0540056216059451,2312,-0.149458816414533,2620,-0.310524322548832,2664,0.759594279348613,2156
"B_cell","T_cell","PSEN1","CD44",1,1832.5,0.0540044341613815,2313,0.0214328591535187,2059,0.046344473786822,2110,0.870769614971633,848
"T_cell","NK","GNAI2","CCR5",1,2362,0.0539834191103177,2314,-0.0244706215431083,2270,-0.0853592712232466,2385,0.712459823552652,2479
"NK","NK","PSEN1","CD44",1,1974.5,0.053863942502319,2315,-0.0785192408026378,2450,-0.0269971541927362,2283,0.870622981114077,850
"Myeloid","Myeloid","MFNG","NOTCH1",1,2359.25,0.0538506406535993,2316,-0.0284302527358295,2279,-0.175158584909019,2524,0.737952516242328,2318
"B_cell","Myeloid","COPA","CD74",1,1473.75,0.0538294962209139,2317,0.249163789526897,1292,0.172366758888604,1804,0.901371858476221,482
"T_cell","B_cell","NUCB2","ERAP1",1,2251,0.05379457996199,2318,-0.0695168211425115,2421,0.0969050803642027,2006,0.746568816923886,2259
"Myeloid","B_cell","B2M","LILRB1",1,1796.75,0.0537766796065973,2319,-0.378914784787046,2782,0.368922780264537,1343,0.8773786479236,743
"B_cell","B_cell","HLA-A","LILRB1",1,1759.75,0.0537388876092251,2320,-0.0329069125162204,2292,0.28155626064157,1556,0.869285522077081,871
"Myeloid","T_cell","GPI","AMFR",1,1990,0.0537232119263641,2321,0.124405951595918,1636,-0.188859344060493,2543,0.822684309970806,1460
"B_cell","T_cell","F11R","ITGAL_ITGB2",1,1964.75,0.0536227251793682,2322,0.0674418051985464,1879,0.22619602005623,1691,0.777594903314475,1967
"NK","NK","B2M","TFRC",1,1946.25,0.0535618005851554,2323,-0.11692800779882,2564,-0.128312794517968,2467,0.906149089748388,431
"T_cell","B_cell","GNAS","ADRB2",1,2032.5,0.0534557337424911,2324,0.0210916909247858,2061,0.0466500272185117,2108,0.809691585778333,1637
"NK","Myeloid","PSEN1","CD44",1,1976,0.0534297610472315,2325,-0.0875079205965871,2475,-0.0103125462059753,2244,0.870166484124017,860
"T_cell","NK","TGFB1","SMAD3",1,2423.25,0.0533870494993604,2326,-0.0110023522137903,2209,-0.0531405628604699,2336,0.575150115594208,2822
"Myeloid","NK","TNF","TNFRSF1A",1,2107,0.0533363867420615,2327,0.0983880376941293,1732,0.095008026334984,2010,0.731468378274051,2359
"T_cell","T_cell","HLA-DRB5","LAG3",1,2425.75,0.0533026977329346,2328,-0.0935343495896462,2496,-0.418252758287843,2748,0.76216353851277,2131
"T_cell","NK","HLA-DQB1","LAG3",1,2402.25,0.0532353033819717,2329,-0.0289021586823487,2282,-0.529944502303477,2784,0.753870806212029,2214
"T_cell","T_cell","TGFB1","CXCR4",1,2139.5,0.0532164136808717,2330,-0.0149121139587582,2222,-0.0880958507665449,2391,0.811409142391644,1615
"NK","B_cell","TNFSF10","TNFRSF10B",1,2269.75,0.0532135630657744,2331,0.0342485089124429,2010,0.0432672995695309,2119,0.688308005488141,2619
"Myeloid","B_cell","HLA-C","LILRB1",1,1793.75,0.053207228963066,2332,-0.169686141367573,2643,0.37452804697263,1332,0.869438159337301,868
"T_cell","NK","HLA-DRA","LAG3",1,2362.75,0.0531651997157306,2333,-0.0504544494745402,2358,-0.674166952369751,2805,0.778960860281107,1955
"T_cell","NK","TGFB1","LPP",1,2134.75,0.0531099071093649,2334,0.0863048373496074,1785,0.141799427313103,1887,0.703033748749407,2533
"B_cell","B_cell","HLA-G","LILRB1",1,1693.5,0.0530940727118857,2335,0.114791295199206,1675,0.32511320028339,1438,0.834313036900714,1326
"T_cell","NK","GZMB","IGF2R",1,2236.5,0.0530660118853452,2336,0.074848237984501,1831,-0.0169129810179157,2260,0.706271378603743,2519
"B_cell","B_cell","GNAS","ADRB2",1,2054,0.053057970977996,2337,0.0159703059298835,2083,0.0336999149659562,2145,0.809115482532047,1651
"NK","NK","LRPAP1","SORL1",1,1984.25,0.0530559131952193,2338,0.0552137752672373,1935,0.0748970760893137,2047,0.811241934690251,1617
"B_cell","NK","ICAM1","ITGAX_ITGB2",1,1434,0.0528739632131841,2339,0.35567056541095,1090,0.609337960880421,873,0.824652518370834,1434
"B_cell","NK","B2M","TFRC",1,2015,0.0528730039031374,2340,-0.28727969292272,2734,-0.196914033112542,2550,0.905597275268126,436
"T_cell","B_cell","LMAN1","MCFD2",1,2328.75,0.0528284767677954,2341,0.00457996378350521,2136,0.06451039634596,2076,0.649641164804282,2762
"B_cell","T_cell","MIF","CD44_CD74",1,1926.75,0.052693519150586,2342,-0.0895098522417427,2485,-0.19870669414614,2553,0.913396480632918,327
"Myeloid","B_cell","ADAM28","ITGA4",1,1900.75,0.0526765497329639,2343,0.110040670908469,1685,0.0241660330527225,2169,0.826936986075382,1406
"NK","B_cell","TGFB1","ITGB1",1,2329.5,0.0526201716763137,2344,-0.0154507219347191,2230,-0.060673681848009,2345,0.726327536812744,2399
"B_cell","B_cell","CD48","CD244",1,2227.25,0.0525936284972037,2345,0.00810030603147606,2113,-0.0320918255481075,2293,0.75924653852492,2158
"NK","NK","ICAM1","IL2RG",1,1740.5,0.0525887991709555,2346,0.135495934170316,1587,0.163815217130719,1825,0.844049104889987,1204
"B_cell","T_cell","MIF","CD74_CXCR4",1,1966.75,0.0525480442960087,2347,-0.116056943432473,2562,-0.276217833182773,2640,0.914502129482495,318
"NK","T_cell","HLA-DRB1","LAG3",1,2327.75,0.0524519454533402,2348,-0.115789436795124,2560,-0.100264238595214,2414,0.775286665081151,1989
"B_cell","Myeloid","TNF","TRADD",1,2465.25,0.0523947941064753,2349,-0.0468844565153209,2347,-0.169398048902976,2516,0.682319487242436,2649
"NK","B_cell","PSEN1","CD44",1,2047.25,0.0523378004571977,2350,-0.110114330834552,2537,-0.10648683041117,2425,0.868995588552295,877
"B_cell","T_cell","YBX1","NOTCH1",1,2249.25,0.0523370943721931,2351,0.00454926514237952,2137,0.00819591359691885,2205,0.739599829218821,2304
"T_cell","NK","GNAI2","ADCY7",1,2078.5,0.0523279125288463,2352,0.0743913054886624,1836,0.106765556859297,1984,0.761470248838588,2142
"T_cell","NK","PSEN1","CD44",1,2016.75,0.0523241064199849,2353,-0.0860061565571833,2470,-0.0762907155632554,2366,0.868980692632587,878
"NK","T_cell","ICAM1","IL2RA",1,2224.75,0.0523089066246501,2354,0.0564087852685634,1925,0.149159495630516,1870,0.653850452625888,2750
"T_cell","B_cell","MFNG","NOTCH1",1,2276.75,0.0522907498245552,2355,-0.0389882906734959,2317,0.047332206723541,2102,0.735100429157745,2333
"Myeloid","T_cell","ADAM10","NOTCH2",1,1993.25,0.0522563926627145,2356,0.0998933943953932,1722,-0.0966218550658487,2409,0.821176122948137,1486
"Myeloid","B_cell","HLA-A","LILRB1",1,1840.5,0.0519804750758155,2357,-0.158285485226953,2635,0.312090237887293,1471,0.867383750392587,899
"B_cell","T_cell","TNF","NOTCH1",1,2412.25,0.0519725778767475,2358,-0.0305311102242895,2287,-0.113627142952227,2440,0.698753707342071,2564
"T_cell","Myeloid","PSEN1","CD44",1,2022.5,0.0519023371322911,2359,-0.0949948363511326,2504,-0.0596061075764945,2343,0.868519276061357,884
"NK","NK","ICAM1","ITGAL_ITGB2",1,1614.5,0.0518912583150488,2360,0.225120816111432,1339,0.316853458899458,1456,0.835699143307126,1303
"Myeloid","NK","GZMB","IGF2R",1,2079.25,0.051879031646625,2361,0.0703924517240287,1853,0.27492445763893,1575,0.703919430365155,2528
"NK","T_cell","ICAM1","SPN",1,1927.5,0.0518555269309887,2362,0.0928666141031185,1755,0.354072902052123,1376,0.753723811391091,2217
"NK","NK","MIF","TNFRSF14",1,2079.5,0.051808962086993,2363,-0.108855705396787,2534,-0.125470750345249,2462,0.863668708337722,959
"NK","Myeloid","ADAM17","RHBDF2",1,1862.5,0.0517907674537485,2364,0.236933793502322,1320,0.303719918809445,1493,0.74487691273653,2273
"Myeloid","B_cell","LMAN1","MCFD2",1,2403,0.0517715865841854,2365,0.000239214312321231,2160,-0.0464916088840748,2323,0.64733785278117,2764
"T_cell","Myeloid","MFNG","NOTCH1",1,2325,0.051771456427703,2366,-0.0407186313214443,2325,-0.0194065577016808,2268,0.734127547033536,2341
"B_cell","B_cell","PSEN1","NOTCH2",1,1859.75,0.0517373599382439,2367,0.124978257970554,1632,0.189278908349601,1777,0.808153609505911,1663
"B_cell","T_cell","PKM","CD44",1,1924.5,0.0516931694846398,2368,-0.0955014099690611,2507,-0.115230242878868,2442,0.909795609925157,381
"T_cell","Myeloid","PTDSS1","JMJD6",1,2372.25,0.0516767794160509,2369,-0.0435383546388317,2339,-0.188781082221858,2542,0.750859677253075,2239
"T_cell","NK","NAMPT","ADORA2A",1,2359,0.0516419068160911,2370,-0.0397363667130065,2322,-0.113096411780951,2438,0.739533693020572,2306
"NK","NK","ADAM17","ITGB1",1,2002.25,0.051638036522224,2371,0.0883061717462112,1775,0.167833166376093,1815,0.769849803726249,2048
"Myeloid","T_cell","CD99","PILRB",1,2051.25,0.0515440923265171,2372,-0.0703390356259116,2426,-0.127796862649556,2466,0.864879679636829,941
"NK","Myeloid","MIF","TNFRSF14",1,2099.25,0.0513673210241119,2373,-0.111949601915096,2545,-0.168954646489727,2514,0.863163918186496,965
"B_cell","T_cell","PSEN1","NOTCH1",1,2339.25,0.0513333063314442,2374,-0.017708848786048,2237,-0.0621898385641887,2346,0.726303962444468,2400
"T_cell","T_cell","TGFB1","ITGB1",1,2229.75,0.0513222118336593,2375,0.0172148533359517,2075,0.0742699723866095,2049,0.723838230594023,2420
"T_cell","NK","TNFSF10","TNFRSF10B",1,2218.5,0.0513156723384334,2376,0.0244377682070527,2046,0.168290784833673,1814,0.684399009485467,2638
"Myeloid","NK","B2M","TFRC",1,2042.5,0.051270229352598,2377,-0.683674380478672,2820,-0.178310245805602,2527,0.904273219311611,446
"NK","T_cell","PTDSS1","JMJD6",1,2342,0.0511499448507215,2378,-0.0426007371446131,2335,-0.0973834413182969,2412,0.749899983937216,2243
"T_cell","B_cell","ADAM17","RHBDF2",1,1919.5,0.0509985602687114,2379,0.196774593229447,1389,0.253151337226855,1627,0.743409501290911,2283
"NK","T_cell","ICAM1","IL2RG",1,1728.25,0.0509867522505762,2380,0.109803934274501,1687,0.257189655998009,1624,0.842002108994285,1222
"B_cell","NK","TNF","ICOS",1,2625,0.0509053103652715,2381,-0.172134241310684,2646,-0.452797352980688,2765,0.665640001640748,2708
"T_cell","NK","CCL3","CCR5",1,2399.75,0.0508698814774434,2382,-0.0151698868260739,2225,-0.0357228889072094,2298,0.669269504780952,2694
"Myeloid","Myeloid","HSPA8","LDLR",1,2473,0.0508537888774309,2383,-0.4844849468717,2807,-0.411694741379641,2741,0.778384224804146,1961
"T_cell","B_cell","PSEN1","CD44",1,2086.25,0.0508415929783166,2384,-0.117601246589097,2566,-0.15578039178169,2494,0.867335790052261,901
"NK","Myeloid","HLA-DQB1","CD4",1,1675.25,0.0508003288041994,2385,0.31998524132181,1157,0.12410226406828,1945,0.84355645329568,1214
"B_cell","NK","TNF","TRADD",1,2476,0.0506005944801085,2386,-0.0532111489839005,2370,-0.15297208638377,2490,0.678531173666104,2658
"Myeloid","B_cell","CD48","CD244",1,2282.25,0.0505977479339721,2387,-0.0066072174388817,2193,-0.0667548083203754,2354,0.755692922816163,2195
"Myeloid","Myeloid","HSPA8","ADRB2",1,2344.5,0.0505976882836066,2388,-0.425052668539378,2795,-0.408457229760182,2736,0.822701375850593,1459
"B_cell","Myeloid","MIF","CD74_CXCR4",1,1972.25,0.050584970032846,2389,-0.156095919439418,2630,-0.186038738318453,2537,0.913001896269106,333
"NK","Myeloid","HLA-DQA1","CD4",1,1665.5,0.0505424743546585,2390,0.347125755615248,1107,0.165325906593972,1820,0.832148844075466,1345
"B_cell","B_cell","MIF","TNFRSF14",1,2127.75,0.0504274292032666,2391,-0.114670338482333,2554,-0.219837513831016,2578,0.86206967363333,988
"B_cell","NK","LRPAP1","LDLR",1,2454,0.0504124948522893,2392,-0.0364606486379562,2307,-0.0768279383145735,2369,0.654660922410891,2748
"NK","NK","ADAM17","ITGA5",1,2221.75,0.0503142977163227,2393,0.0678010860671392,1877,0.160246250515644,1840,0.640745776269035,2777
"T_cell","B_cell","TXLNA","STX4",1,2219.5,0.0503133576006168,2394,0.00718772422965787,2119,0.105929795883745,1986,0.728963148891522,2379
"T_cell","NK","LGALS1","ITGB1",1,1825.75,0.0501573437998188,2395,0.120238254268036,1650,0.197879549688452,1761,0.820619617091727,1497
"Myeloid","T_cell","MAML2","NOTCH2",1,2304.25,0.0501150915280634,2396,0.0265725536799497,2037,-0.213788401390423,2569,0.753802429108394,2215
"Myeloid","B_cell","TXLNA","STX4",1,2317.5,0.0500922139120167,2397,0.00587493160408939,2128,-0.0729185836728827,2361,0.728527767114717,2384
"NK","T_cell","ENTPD1","ADORA2A",1,2354,0.0500787206100691,2398,-0.00740766327241223,2196,0.034601345001951,2143,0.673046167478046,2679
"B_cell","NK","MIF","CD74_CXCR4",1,1986.25,0.0500442132228252,2399,-0.174029460286397,2650,-0.200181042396291,2556,0.912574109261694,340
"Myeloid","Myeloid","TGFB1","CXCR4",1,2395.75,0.0499941272201439,2400,-0.396230636536703,2789,-0.375517977401913,2720,0.80658355087528,1674
"T_cell","B_cell","MAML2","NOTCH1",1,2414,0.0499818599858253,2401,-0.0421999854415251,2333,0.0153875364812581,2190,0.659143215718717,2732
"T_cell","T_cell","TXLNA","STX4",1,2253.75,0.0499774562372323,2402,0.0059604676283523,2127,0.0484735212995982,2100,0.728300903540815,2386
"B_cell","NK","ARPC5","ADRB2",1,2202.75,0.0499491513767714,2403,-0.00877841584038755,2200,0.0320023260917705,2148,0.768514172339179,2060
"NK","T_cell","MIF","CD44_CD74",1,1971.25,0.0499011976419691,2404,-0.112093724123826,2546,-0.216952281711539,2575,0.911218616458705,360
"T_cell","B_cell","ARPC5","ADRB2",1,2078.5,0.0498769539326297,2405,0.0398216895830722,1996,0.156660185014532,1851,0.76838548423942,2062
"NK","NK","ICAM1","ITGAM_ITGB2",1,1551.5,0.0497758919294432,2406,0.352737632712532,1097,0.484837978312949,1083,0.811045297533079,1620
"NK","T_cell","MIF","CD74_CXCR4",1,2000.75,0.0497634317537305,2407,-0.138640815314557,2602,-0.294463420748172,2652,0.91234940150409,342
"Myeloid","T_cell","TXLNA","STX4",1,2350.75,0.0497577889451608,2408,0.00464767500278382,2135,-0.130374858257029,2468,0.727864855098532,2392
"B_cell","B_cell","MFNG","NOTCH2",1,1987.5,0.0497388599983052,2409,0.0725364072759764,1844,0.0662674156094558,2069,0.810586616981854,1628
"T_cell","NK","GNAI2","S1PR1",1,2236.25,0.049729509624631,2410,-0.00887173038828503,2201,-0.0831884292399819,2381,0.779225181312249,1953
"NK","Myeloid","HLA-DMA","CD4",1,1722,0.0497056770243401,2411,0.316154136603425,1165,0.0819410851082993,2030,0.837107819634864,1282
"NK","B_cell","MFNG","NOTCH1",1,2390.25,0.049542362191777,2412,-0.0550704777598487,2381,-0.0898983674611715,2395,0.72981036474079,2373
"NK","Myeloid","LRPAP1","LDLR",1,2467,0.0495310288746881,2413,-0.0364589262665151,2306,-0.0903666575876846,2398,0.652664215586142,2751
"B_cell","NK","MIF","CD44_CD74",1,1992,0.0495119295451388,2414,-0.164318308779601,2640,-0.195235350591393,2548,0.910901330321251,366
"T_cell","Myeloid","MAML2","NOTCH1",1,2456.5,0.0494854959072815,2415,-0.0439303260894735,2340,-0.0513512279439636,2335,0.658021147550599,2736
"Myeloid","NK","SELPLG","SELL",1,2063.25,0.0494763659297949,2416,-0.0555778004526551,2384,-0.2295189218307,2591,0.869792473926718,862
"B_cell","T_cell","ADAM10","TSPAN14",1,2058.75,0.0494676915400239,2417,-0.0361314597151,2304,0.136665332427349,1905,0.812157099994031,1609
"NK","T_cell","HLA-DRB5","LAG3",1,2397.5,0.0494525766990206,2418,-0.115899284604516,2561,-0.100478711486829,2415,0.755301738857565,2196
"B_cell","T_cell","ICAM1","ITGAL_ITGB2",1,1660.25,0.0494385099663801,2419,0.129115361255611,1610,0.400604521757111,1269,0.832347843483076,1343
"NK","T_cell","LGALS1","CD69",1,1921.25,0.0493675744473335,2420,0.0162363384979969,2079,0.0379348996621637,2131,0.855181600436119,1055
"B_cell","T_cell","MFNG","NOTCH1",1,2439.25,0.049350414089886,2421,-0.0701506994806252,2425,-0.185201331304334,2536,0.729427458771858,2375
"Myeloid","Myeloid","IL16","CCR5",1,2513.75,0.0493463316867224,2422,-0.179332533867166,2659,-0.409833033218754,2738,0.751260087661646,2236
"T_cell","NK","TGFB1","CXCR4",1,2267.25,0.049257703852812,2423,-0.10714905126961,2530,-0.107239503333468,2428,0.805423366968176,1688
"B_cell","T_cell","LGALS9","SLC1A5",1,1941.25,0.0491876190614685,2424,0.13782950463709,1584,0.315522963982955,1460,0.741666299439014,2297
"Myeloid","B_cell","HLA-G","LILRB1",1,1860,0.0491539851916353,2425,0.0101673837361353,2103,0.28872069635529,1529,0.828914665163735,1383
"T_cell","Myeloid","HLA-DQA1","CD4",1,1900.75,0.0491533188591749,2426,0.342892709638827,1122,-0.34086255878,2689,0.8301934459202,1366
"NK","NK","HLA-DRA","LAG3",1,2366,0.04911856987154,2427,-0.0682200983860628,2419,-0.231718755439155,2596,0.772070162007176,2022
"NK","Myeloid","MFNG","NOTCH1",1,2423,0.0490503627150633,2428,-0.0568008184077971,2388,-0.156637131886393,2496,0.728825221172032,2380
"T_cell","T_cell","YBX1","NOTCH1",1,2342.5,0.0489366432521971,2429,-0.0137250382614131,2217,-0.0799794669840836,2377,0.73307890359581,2347
"T_cell","Myeloid","LGALS9","HAVCR2",1,2119.75,0.0488815914398888,2430,0.132996955803482,1596,-0.0679253662914368,2356,0.766346222867368,2097
"T_cell","NK","IL24","IL10RB",1,2554.5,0.0487785414585786,2431,-0.0597754511177718,2401,-0.257933595852565,2623,0.647376659255401,2763
"NK","B_cell","TNF","NOTCH1",1,2425,0.0487240973704021,2432,-0.0414438622417929,2331,-0.0539271549624608,2337,0.691917451390623,2600
"NK","B_cell","PSEN1","NCSTN",1,2111.25,0.0486258434360903,2433,0.0482902434224286,1960,0.12824308669799,1931,0.763482846135278,2121
"T_cell","Myeloid","ADAM17","ITGB1",1,2226.5,0.0485813084393328,2434,0.0327455667607365,2018,-0.057973284430329,2340,0.764399587426528,2114
"NK","T_cell","PKM","CD44",1,1970.5,0.0485732026785663,2435,-0.121575588352914,2571,-0.124001102983044,2461,0.907208313233765,415
"B_cell","NK","PSEN1","CD44",1,2089.5,0.0485254172271991,2436,-0.104475957525203,2528,-0.117930073243572,2447,0.864630184811388,947
"Myeloid","B_cell","HLA-F","LILRB1",1,1913.5,0.048443081570434,2437,-0.0871988261403284,2474,0.258573256613374,1621,0.849997124520012,1122
"T_cell","B_cell","ACTR2","ADRB2",1,2220.75,0.0483012104901036,2438,0.0286653503014066,2027,0.0810618245216952,2033,0.728367318712738,2385
"NK","Myeloid","TNFSF10","RIPK1",1,2491.25,0.0482834320820073,2439,-0.0222592521825052,2262,-0.121471821128508,2458,0.611114960658706,2806
"NK","B_cell","ICAM1","IL2RA",1,2323.75,0.0482758711520669,2440,0.0429672151229141,1983,0.0472755057537899,2103,0.644715525666166,2769
"NK","Myeloid","TNF","NOTCH1",1,2459.5,0.0482402239871187,2441,-0.0431742028897413,2337,-0.120665919387683,2454,0.690852671138785,2606
"NK","B_cell","ACTR2","ADRB2",1,2226.5,0.0481542219653812,2442,0.0277044803062974,2033,0.0763148552260385,2041,0.728065712261142,2390
"T_cell","T_cell","ENTPD1","ADORA2A",1,2436.5,0.048152911094421,2443,-0.0142097573156343,2219,-0.0864897293358236,2387,0.668716934089945,2697
"B_cell","Myeloid","PSEN1","CD44",1,2091.5,0.0481342680598405,2444,-0.113464637319153,2552,-0.101245465256811,2418,0.864155841989378,952
"T_cell","T_cell","TGFB1","TGFBR3",1,2442.25,0.0480857286014485,2445,-0.00293820199326735,2177,-0.0488394568091675,2331,0.595136734008656,2816
"NK","Myeloid","ICAM1","ITGAL_ITGB2",1,1735.75,0.0480824659187562,2446,0.170733422776609,1472,0.236654660996514,1663,0.830398346665259,1362
"T_cell","NK","ADAM17","RHBDF2",1,1980.25,0.0480634166156016,2447,0.170013775269806,1476,0.233641029846975,1676,0.737715329030582,2322
"T_cell","NK","LGALS9","HAVCR2",1,2074,0.0479840420927528,2448,0.125829084540983,1628,0.0459863336394641,2111,0.764682929240722,2109
"NK","Myeloid","MIF","CD74_CXCR4",1,2010,0.0479043842205415,2449,-0.178679791321501,2658,-0.204284325883852,2562,0.910815078148539,371
"NK","NK","SELPLG","SELL",1,2081,0.047886509759316,2450,-0.0734651899575931,2433,-0.196041281074725,2549,0.867931776729081,892
"T_cell","T_cell","GNAI2","S1PR1",1,2281.75,0.0478863312670137,2451,-0.0206029695573766,2254,-0.114438014040227,2441,0.775959345897148,1981
"NK","Myeloid","LGALS1","ITGB1",1,1936.75,0.047864126611343,2452,0.0744889236263655,1834,0.132130107257576,1919,0.817149288589865,1542
"T_cell","T_cell","LTB","TNFRSF1A",1,2120.75,0.0478446778432452,2453,0.0122751711238948,2094,0.109580889091778,1978,0.778592086512247,1958
"B_cell","NK","GRN","TNFRSF1A",1,1532.25,0.047779062444804,2454,0.335729202596552,1129,0.709620665534439,702,0.789580677088429,1844
"Myeloid","NK","MFNG","NOTCH2",1,2142,0.0477781797307,2455,0.010073980837171,2104,-0.059018029155336,2342,0.807479904526948,1667
"NK","B_cell","MIF","TNFRSF14",1,2171.25,0.0477551917543664,2456,-0.137254210364417,2599,-0.238083101396415,2606,0.858800599505212,1024
"B_cell","Myeloid","ACTR2","LDLR",1,2486,0.047682717824717,2457,-0.0544800631031242,2379,-0.0959430321333806,2408,0.667944704082797,2700
"T_cell","B_cell","HLA-A","APLP2",1,1600,0.0476536917390631,2458,0.121119024901459,1647,0.213716904398957,1724,0.892372054898636,571
"NK","B_cell","ADAM10","NOTCH1",1,2342.75,0.0476478475038393,2459,-0.0361245360732009,2303,-0.0210925870818208,2273,0.734970131276237,2336
"B_cell","B_cell","GNAI2","S1PR1",1,2204,0.0475876818606187,2460,0.0107414511857172,2100,-0.0195224698675532,2269,0.775415070886348,1987
"B_cell","NK","TXLNA","STX4",1,2368,0.0475307663400355,2461,-0.0186289967764226,2243,-0.05400209726679,2338,0.723306305576279,2430
"T_cell","NK","TGFB1","TGFBR1_TGFBR2",1,2391.25,0.047530379096847,2462,0.024101749850567,2048,-0.0101702467234788,2243,0.599899112556888,2812
"NK","T_cell","HLA-DPB1","CD4",1,1716.5,0.0474611744516115,2463,-0.00352907738927041,2183,0.444800344906823,1174,0.856078052152387,1046
"B_cell","Myeloid","ACTR2","ADRB2",1,2348.25,0.0474425868016482,2464,0.00495221522919839,2133,-0.0927055205139219,2401,0.726589351372452,2395
"Myeloid","NK","CLEC2D","KLRB1",1,2483.25,0.0474367868698332,2465,-0.327382594910533,2761,-0.459840308225664,2768,0.780775215708014,1939
"B_cell","B_cell","ADAM17","NOTCH1",1,2392,0.0474215575160587,2466,-0.00221189445210743,2174,-0.00148706893375838,2229,0.668522585861459,2699
"NK","B_cell","HLA-A","APLP2",1,1652.25,0.047394250014423,2467,0.0984704704978328,1730,0.161565971840387,1836,0.892109612311288,576
"NK","NK","MIF","CD74_CXCR4",1,2024.25,0.0473922830572851,2468,-0.19661333216848,2678,-0.21842662996169,2576,0.910377593662465,375
"B_cell","NK","ADAM10","TSPAN14",1,2235,0.0473155785441724,2469,-0.0546171131226752,2380,-0.112448638079822,2437,0.808740621131051,1654
"T_cell","B_cell","PSEN1","NCSTN",1,2160.75,0.0472357515716933,2470,0.0408033276678831,1992,0.0789495253274707,2037,0.760854114705681,2144
"NK","Myeloid","ADAM10","NOTCH1",1,2379.5,0.0471746622336724,2471,-0.0378548767211492,2314,-0.0878313515070426,2390,0.733996943777612,2343
"B_cell","B_cell","PSEN1","CD44",1,2147.5,0.0471505331016212,2472,-0.136071047557117,2596,-0.197419749462006,2552,0.862939277943833,970
"B_cell","Myeloid","ADAM17","NOTCH1",1,2429.75,0.0469506195056236,2473,-0.00394223510005581,2184,-0.0682258333589801,2358,0.667415814574261,2704
"Myeloid","B_cell","CD99","PILRB",1,2138.25,0.0469099961833324,2474,-0.10111455636568,2517,-0.19244045682419,2545,0.859279833160335,1017
"NK","NK","MIF","CD44_CD74",1,2027,0.0468882060202985,2475,-0.186902180661684,2667,-0.213480938156792,2568,0.908666993521278,398
"Myeloid","B_cell","F11R","ITGAL_ITGB2",1,2456,0.0468760662139118,2476,-0.110659907964066,2541,-0.356687384565758,2704,0.765750992405839,2103
"T_cell","T_cell","COPA","CD74",1,2039.25,0.0467663921708537,2477,-0.0864754456021857,2472,-0.308786596329427,2663,0.894940735653517,545
"T_cell","B_cell","ADAM10","NOTCH1",1,2352.5,0.0466295645065,2478,-0.0431482473597974,2336,-0.0118818832238002,2247,0.732860815286853,2349
"NK","B_cell","ARPC5","ADRB2",1,2199,0.0465698437735324,2479,0.0124939282988377,2093,0.0545082967673585,2094,0.762224502758132,2130
"B_cell","NK","GNAI2","IGF1R",1,2353,0.0465579475055726,2480,0.0382382935515198,2000,0.00979876005227209,2202,0.659452577610291,2730
"NK","B_cell","MAML2","NOTCH1",1,2506.5,0.0465163285415335,2481,-0.0582869454142955,2394,-0.0882189687006174,2394,0.651025523918356,2757
"T_cell","B_cell","TNF","NOTCH1",1,2432.75,0.0465163190597802,2482,-0.0522182951775093,2364,-0.0172132554422116,2261,0.686953236176661,2624
"B_cell","NK","PKM","CD44",1,2064.25,0.0464486417826824,2483,-0.221410226647783,2694,-0.279504789909262,2642,0.905308596686841,438
"B_cell","Myeloid","LRPAP1","SORL1",1,2097.25,0.0464134412312326,2484,0.0735474185656946,1839,-0.0471593469284269,2326,0.800787192478222,1740
"B_cell","Myeloid","GNAI2","S1PR4",1,2365.75,0.046382750049553,2485,0.0145480105158694,2088,0.0432658024984044,2120,0.644702689959417,2770
"T_cell","T_cell","TNFSF10","TNFRSF10B",1,2339,0.0462807859559998,2486,0.00500016607751572,2132,0.0698442227165289,2060,0.673141390090156,2678
"NK","B_cell","YBX1","NOTCH1",1,2332.75,0.0462786555377304,2487,-0.00230364796686339,2176,-0.0214601544152698,2275,0.727579697122332,2393
"Myeloid","T_cell","TNF","TNFRSF1A",1,2206.5,0.0462094378997415,2488,0.0703080452191353,1855,0.0852570892830195,2024,0.717149929485973,2459
"T_cell","Myeloid","ADAM10","NOTCH1",1,2390.75,0.0461664916871665,2489,-0.0448785880077458,2343,-0.078620647649022,2375,0.731882707917868,2356
"NK","B_cell","ADAM17","RHBDF2",1,1944.75,0.0461515242134745,2490,0.180118831978935,1439,0.297456831724875,1506,0.733769389787519,2344
"B_cell","Myeloid","PKM","CD44",1,2066,0.0460742328935601,2491,-0.230398906441732,2703,-0.262820181922501,2628,0.904961125415676,442
"NK","Myeloid","MAML2","NOTCH1",1,2536.75,0.0460543802554892,2492,-0.0600172860622439,2402,-0.154957733125839,2493,0.649890927035076,2760
"T_cell","Myeloid","TNF","NOTCH1",1,2471,0.0460543708678981,2493,-0.0539486358254577,2375,-0.0839520198674334,2383,0.685879087918361,2633
"NK","NK","ICAM1","ITGAX_ITGB2",1,1577,0.0460166308680128,2494,0.323488930033013,1150,0.481664305364303,1090,0.814381950067384,1574
"T_cell","NK","MFNG","NOTCH2",1,2094.75,0.0459334544603522,2495,-0.00221439774844373,2175,0.0967339980520019,2008,0.80440079605246,1701
"T_cell","NK","COPA","CD74",1,2015.5,0.0458523910741985,2496,-0.11018354199918,2539,-0.137569362189538,2474,0.894009235700814,553
"T_cell","NK","SEMA4A","PLXND1",1,1979.5,0.0458264398225787,2497,0.14650766635379,1553,0.433125971404284,1206,0.677804904138027,2662
"B_cell","T_cell","TNF","TNFRSF1B",1,2153.75,0.0458216729831843,2498,-0.00317439608707255,2179,0.0701168208082605,2058,0.786585068344948,1880
"NK","Myeloid","YBX1","NOTCH1",1,2368,0.0458190675548353,2499,-0.00403398861481177,2186,-0.0881989188404916,2393,0.726589467263164,2394
"T_cell","NK","SELPLG","SELL",1,1999,0.0457475423891625,2500,-0.0975306011556173,2510,0.0744568397313451,2048,0.865290723913072,938
"NK","NK","HLA-DQB1","LAG3",1,2421.5,0.0454212632685125,2501,-0.0586374693973039,2396,-0.139076284313531,2477,0.738848794456186,2312
"NK","NK","TNFSF10","TNFRSF10B",1,2392.25,0.045321229977344,2502,-0.000250510833935299,2165,0.00473984976643932,2214,0.670832348043526,2688
"NK","NK","LGALS1","PTPRC",1,1672.75,0.0452661492818272,2503,0.128703438617394,1612,0.147622127069745,1874,0.880428263610192,702
"NK","NK","HLA-DQA1","LAG3",1,2410.75,0.0451907121064777,2504,-0.0314969551038654,2289,-0.0978526417878386,2413,0.722319387401389,2437
"T_cell","NK","HLA-A","APLP2",1,1702.25,0.0451559345818988,2505,0.105700923492788,1699,0.0988160469670314,2003,0.889759182854351,602
"B_cell","B_cell","PKM","CD44",1,2094.5,0.045132599512656,2506,-0.253005316679697,2718,-0.358994466127697,2706,0.90406942936568,448
"T_cell","T_cell","ADAM17","ITGB1",1,2247.5,0.0451165113103693,2507,0.0032390106674353,2142,0.0245635042697284,2168,0.757671961308452,2173
"T_cell","T_cell","ADAM17","NOTCH1",1,2461.75,0.0450561628693997,2508,-0.0149354821853803,2223,-0.0913143531611705,2399,0.662829025390478,2717
"NK","NK","NAMPT","ADORA2A",1,2487.25,0.0450265655883816,2509,-0.0859939723456102,2469,-0.214487887074334,2570,0.726116157736112,2401
"NK","NK","HLA-A","APLP2",1,1754.5,0.0449100914348492,2510,0.0830523690891618,1798,0.0466651144084611,2107,0.889491157979211,603
"B_cell","T_cell","ADAM10","CD44",1,2021.25,0.044757632377217,2511,-0.0473452410158177,2349,-0.0671481958364472,2355,0.869343505218286,870
"B_cell","T_cell","BSG","SLC16A1",1,2589.75,0.0445770500653767,2512,-0.137708597724108,2600,-0.262189318194976,2626,0.68772822366512,2621
"NK","T_cell","LGALS1","ITGB1",1,1956,0.0444504785686925,2513,0.0449823675330643,1977,0.214666895957634,1722,0.811556607468814,1612
"B_cell","Myeloid","CD99","PILRB",1,2180.75,0.0443662576005448,2514,-0.115022874428385,2555,-0.236136206030103,2604,0.855875271749726,1050
"NK","T_cell","LRPAP1","SORL1",1,2125.5,0.0441772055101173,2515,-0.0193471396761123,2245,0.113718317013811,1969,0.796819190219991,1773
"B_cell","NK","CD58","CD2",1,2533.25,0.0441570115755436,2516,-0.318104953271449,2753,-0.585491881340567,2796,0.768205910049152,2068
"NK","T_cell","LGALS1","PTPRC",1,1763,0.0441174823124964,2517,0.0543641089007642,1938,0.145241711063912,1877,0.879068682608763,720
"T_cell","T_cell","LGALS1","CD69",1,2061.75,0.0440447146345968,2518,-0.0102306970963196,2204,-0.0778166142153618,2372,0.847972795561827,1153
"NK","NK","TNF","TNFRSF1A",1,2227.25,0.0440213833140977,2519,0.0480725025967087,1961,0.122229846779151,1948,0.71220424241116,2481
"NK","Myeloid","ADAM17","ITGB1",1,2262.75,0.0439640142966097,2520,0.0160898055102244,2081,-0.0136677899323088,2253,0.755288487549167,2197
"T_cell","NK","HLA-DQA1","LAG3",1,2517.5,0.0439486493291981,2521,-0.035730001080287,2302,-0.604041107161811,2800,0.71951577840343,2447
"T_cell","NK","MAML2","NOTCH2",1,2271,0.0439052699991023,2522,-0.00542609251647293,2189,0.064789327809719,2074,0.741322192909356,2299
"B_cell","B_cell","HLA-A","APLP2",1,2008.5,0.0438925243342901,2523,-0.20722062326529,2686,0.00577849792871787,2208,0.888359714371764,617
"B_cell","Myeloid","GNAI2","ADCY7",1,2231.75,0.0438220621731405,2524,0.0461064130887335,1971,0.0268549516765156,2161,0.744988623346495,2271
"B_cell","B_cell","PSEN1","NCSTN",1,2232,0.0438064729602582,2525,0.0223335266998631,2055,0.0373101676471542,2135,0.75392993766775,2213
"T_cell","B_cell","IL24","IL10RB",1,2604,0.0437466666133001,2526,-0.0796816352063601,2457,-0.295306782958064,2653,0.634852263582772,2780
"NK","NK","PKM","CD44",1,2090,0.0436452110394344,2527,-0.247484405031636,2713,-0.288275650013438,2649,0.902606378028584,471
"B_cell","B_cell","MAML2","NOTCH2",1,2158,0.043590428346058,2528,0.0778648568160849,1814,0.105533640781161,1989,0.740631555097523,2301
"T_cell","Myeloid","HMGB1","CXCR4",1,2087.5,0.0435639720893392,2529,-0.460244270148457,2801,-0.408882644574993,2737,0.916915864364062,283
"NK","NK","MFNG","NOTCH2",1,2207,0.0435192045482133,2530,-0.0182965848347966,2240,-0.0404965761327106,2311,0.800118358908038,1747
"NK","NK","ADAM17","RHBDF2",1,2005.5,0.0434953442612802,2531,0.153358014019294,1532,0.277946524344996,1568,0.727939577882551,2391
"NK","T_cell","HLA-G","KLRD1",1,2035,0.0434880448293511,2532,0.0919688421302575,1759,-0.169486778027316,2517,0.833401900815147,1332
"NK","Myeloid","LTB","CD40",1,2358.5,0.0434433346945024,2533,-0.00128787608501571,2170,-0.270226026598523,2636,0.766405445916354,2095
"T_cell","Myeloid","GNAI2","CCR5",1,2536.5,0.043390066594525,2534,-0.0631958897640616,2411,-0.228112874898876,2589,0.689575980994556,2612
"Myeloid","B_cell","PTDSS1","JMJD6",1,2477.75,0.0433431299824956,2535,-0.0697732886396246,2424,-0.240400958006871,2610,0.734050686210371,2342
"NK","Myeloid","PKM","CD44",1,2092.25,0.043293399783957,2536,-0.256473084825585,2721,-0.271591042026677,2637,0.902250061585631,475
"T_cell","T_cell","GSTP1","TRAF2",1,2441.5,0.0432741205362483,2537,-0.0338011442808999,2295,-0.215154272413926,2572,0.731117628580912,2362
"B_cell","T_cell","MAML2","NOTCH1",1,2551.5,0.0432499998855375,2538,-0.0648222499405168,2414,-0.145935106132629,2480,0.642710262495975,2774
"NK","T_cell","ICAM1","ITGAL_ITGB2",1,1830.25,0.0430267285736624,2539,0.0969337258776729,1738,0.272930866240992,1580,0.822430955775746,1464
"NK","Myeloid","HMGB1","CXCR4",1,2092,0.0429768576626253,2540,-0.470919205474632,2804,-0.404218700480826,2734,0.916397560523492,290
"B_cell","Myeloid","ICAM1","SPN",1,2197.25,0.0429647237533297,2541,0.0328364955257195,2017,0.137429763814633,1901,0.735854304934642,2330
"T_cell","Myeloid","GRN","TNFRSF1A",1,1822,0.0429019789411887,2542,0.514492515677556,847,0.118253361518935,1955,0.780496986532407,1944
"B_cell","B_cell","ADAM10","NOTCH2",1,2047,0.0428787334270338,2543,0.0562001578012173,1926,0.0757862387263323,2042,0.80619030302334,1677
"B_cell","B_cell","PTDSS1","JMJD6",1,2466,0.0428519751864562,2544,-0.0728441262494455,2432,-0.188035577695453,2540,0.732936792306962,2348
"T_cell","Myeloid","LGALS1","ITGB1",1,2088.25,0.0427033700041279,2545,0.048021888032049,1962,0.0163785933800507,2187,0.808471304068741,1659
"B_cell","Myeloid","HMGB1","CXCR4",1,2101,0.0426627219287365,2546,-0.476630832527763,2806,-0.441086328758604,2758,0.916116104207884,294
"Myeloid","B_cell","LRPAP1","SORL1",1,2133.75,0.0426621337694146,2547,0.108490825088265,1691,-0.153719482463089,2491,0.793979655092804,1806
"B_cell","NK","NAMPT","ADORA2A",1,2522.75,0.0426109734483443,2548,-0.102884939075342,2523,-0.21874492425683,2577,0.720599142239988,2443
"T_cell","T_cell","HLA-DPB1","CD4",1,2030.75,0.0425777696841918,2549,-0.0454895563323222,2344,0.0487973588136186,2099,0.849258935900709,1131
"B_cell","T_cell","ADAM10","NOTCH1",1,2492.25,0.0425438630950942,2550,-0.0864869489553844,2473,-0.175682508187458,2525,0.723789312287197,2421
"B_cell","NK","GNAI2","CXCR3",1,2517.5,0.0424594023485405,2551,-0.102029173066515,2519,-0.222644005862164,2583,0.724201188590521,2417
"Myeloid","B_cell","HLA-A","APLP2",1,2020.5,0.0424562987563876,2552,-0.332599195976023,2764,0.036312475174441,2138,0.886699283883665,628
"Myeloid","T_cell","MFNG","NOTCH2",1,2311,0.042417842945399,2553,-0.024209497831723,2268,-0.304223662558135,2661,0.798060724607068,1762
"NK","B_cell","PKM","CD44",1,2119.5,0.042408599151387,2554,-0.27907949506355,2729,-0.367765326231872,2712,0.901335702382757,483
"NK","B_cell","PSEN1","NOTCH1",1,2438.5,0.0423587189448442,2555,-0.0518983487791378,2362,-0.0452202444562892,2321,0.706794807613268,2516
"Myeloid","T_cell","ADAM17","RHBDF2",1,2253.25,0.0422718976044381,2556,0.141970874966355,1572,-0.138659784409637,2475,0.725105179647146,2410
"Myeloid","Myeloid","LTB","CD40",1,2372.25,0.0422275388872755,2557,-0.00606834294588585,2190,-0.261994835634276,2625,0.763855002250584,2117
"B_cell","Myeloid","ARPC5","LDLR",1,2564.5,0.0421930881677769,2558,-0.110649539566591,2540,-0.226911736475953,2587,0.697317984500485,2573
"NK","B_cell","TXLNA","STX4",1,2436.25,0.0421906175560293,2559,-0.0410319346601788,2326,-0.0769842190819799,2371,0.711223155889089,2489
"B_cell","NK","GNAI2","CCR5",1,2528.25,0.0421093016277928,2560,-0.0766325724027921,2445,-0.143993080526763,2479,0.686360073986926,2629
"T_cell","NK","TNF","TNFRSF1A",1,2230,0.042026693611678,2561,0.0372980696609923,2002,0.1589437462994,1845,0.707428692513991,2512
"B_cell","Myeloid","ARPC5","ADRB2",1,2433.5,0.0419806030182222,2562,-0.0512172612342684,2360,-0.223674224856495,2584,0.752695693826867,2228
"NK","Myeloid","PSEN1","NOTCH1",1,2472.5,0.0419380593994949,2563,-0.0536286894270862,2372,-0.111959008881511,2434,0.705759579905593,2521
"NK","Myeloid","GNAI2","CXCR3",1,2448.25,0.0419288095242907,2564,-0.0618643378144661,2408,-0.0868003279005362,2389,0.722943572302831,2432
"NK","T_cell","TXLNA","STX4",1,2466.5,0.0419089451208163,2565,-0.0422591912614844,2334,-0.134440493666126,2471,0.71053477717694,2496
"NK","B_cell","HLA-B","CANX",1,1938.25,0.0418959409332662,2566,-0.0152291527809105,2229,-0.134899996245921,2472,0.900736518155051,486
"NK","NK","ADAM10","NOTCH2",1,2147.5,0.0418550172027492,2567,0.000649356851851308,2159,0.0283092042466401,2160,0.804295510413439,1704
"NK","T_cell","TNFSF9","HLA-DPA1",1,2353.5,0.041732559617766,2568,-0.0790955055556818,2454,-0.52096608044149,2778,0.811420213084218,1614
"B_cell","T_cell","VIM","CD44",1,2070.5,0.041695726241356,2569,-0.194792651376989,2677,-0.279259439122978,2641,0.908864191474104,395
"T_cell","B_cell","HLA-B","CANX",1,1985.75,0.0416846330450477,2570,-0.0588164365641844,2397,-0.149115860395073,2484,0.900510242122982,492
"Myeloid","B_cell","NUCB2","ERAP1",1,2579.75,0.0416735537991354,2571,-0.133555247138832,2589,-0.37356044294404,2719,0.721666379100643,2440
"B_cell","NK","HLA-A","APLP2",1,2085.75,0.0415919078909242,2572,-0.222638724673961,2698,-0.109122359503208,2432,0.885661915778608,641
"NK","NK","TNFSF9","HLA-DPA1",1,2285.25,0.0415418409250869,2573,-0.0807179539335867,2463,-0.150548100346695,2486,0.811069515204392,1619
"NK","NK","PSEN1","NCSTN",1,2250.5,0.0415103711250649,2574,0.0100512238134959,2105,0.0647661186764624,2075,0.748901842868353,2248
"T_cell","NK","GPI","AMFR",1,2041.25,0.0414886955326221,2575,-0.0212137247189305,2257,0.259983777309233,1617,0.803043937118607,1716
"NK","B_cell","CD48","CD244",1,2457.25,0.0413971712255472,2576,-0.074405712184925,2439,-0.151303667740333,2488,0.736695192138559,2326
"B_cell","T_cell","GRN","TNFRSF1A",1,1611,0.0413946979503567,2577,0.307649210121558,1183,0.699869728482474,716,0.777417955609585,1968
"NK","B_cell","LGALS1","PTPRC",1,2040.75,0.0413704313279148,2578,-0.12341929947059,2575,-0.0106235752893485,2245,0.875609609675796,765
"T_cell","T_cell","HLA-DPA1","CD4",1,2078,0.0413446049080809,2579,-0.0520544239064845,2363,-0.00692567670803834,2237,0.849246290273548,1133
"NK","Myeloid","PTDSS1","JMJD6",1,2532.25,0.0413346429557213,2580,-0.0930701730280239,2491,-0.330464013062206,2682,0.729393713827997,2376
"Myeloid","Myeloid","HMGB1","CXCR4",1,2117.5,0.041204897824132,2581,-0.503137042093578,2808,-0.456291238754628,2767,0.914770474134212,314
"T_cell","T_cell","GPI","AMFR",1,2229.25,0.0411751643083678,2582,-0.0227805824348262,2264,-0.0624774063742137,2348,0.802443351666196,1723
"NK","T_cell","HLA-DPA1","CD4",1,1863,0.0411556591767473,2583,-0.0536768722843894,2373,0.363492303386756,1359,0.848952842042499,1137
"T_cell","B_cell","PSEN1","NOTCH1",1,2479.5,0.0411477885746822,2584,-0.0593852645336833,2399,-0.0945138058268085,2406,0.70378047584031,2529
"B_cell","T_cell","COPA","CD74",1,2123.25,0.0411014789251471,2585,-0.126489453557278,2578,-0.371066616596506,2717,0.888714050799621,613
"T_cell","NK","ADAM10","NOTCH2",1,2158.25,0.0409605328849115,2586,-0.00637435443474523,2192,0.0375199081046607,2134,0.802589743382498,1721
"B_cell","Myeloid","GPI","AMFR",1,2281.75,0.0409383892949378,2587,-0.0514926981912476,2361,-0.118965220382008,2450,0.801985835050313,1729
"T_cell","Myeloid","CCL3","CCR5",1,2565.25,0.0408875091896504,2588,-0.0538951550470272,2374,-0.178476492582839,2528,0.644662708160441,2771
"NK","T_cell","TNFSF10","TNFRSF10B",1,2492.75,0.0408744940534114,2589,-0.0196881129634723,2248,-0.0937067123507045,2403,0.659331681723438,2731
"NK","NK","MAML2","NOTCH2",1,2373.5,0.0408610636851484,2590,-0.0215130524892433,2259,-0.0388171773721565,2305,0.73437293493925,2340
"NK","T_cell","ADAM17","ITGB1",1,2280.25,0.0408285205150286,2591,-0.0134167505830768,2216,0.0688689987677486,2062,0.748386330560528,2252
"B_cell","NK","GNAI2","ADCY7",1,2266.5,0.0408179379621547,2592,0.0222293546289786,2056,0.0481317475557804,2101,0.738184340892321,2317
"T_cell","T_cell","MFNG","NOTCH2",1,2293.5,0.0407800813723113,2593,-0.0364978764173377,2308,-0.148471635350797,2483,0.794869238834167,1790
"NK","T_cell","ADAM17","NOTCH1",1,2490.75,0.0407739077471391,2594,-0.0315912434358923,2290,-0.0470088586631504,2325,0.651580383827064,2754
"T_cell","Myeloid","PSEN1","NOTCH1",1,2509.5,0.0407391546389747,2595,-0.0611156051816317,2407,-0.16125257025203,2501,0.702739081447465,2535
"B_cell","B_cell","HLA-B","CANX",1,2108.5,0.0405999244598707,2596,-0.282563412234983,2731,-0.235969306444738,2603,0.899322889397901,504
"T_cell","T_cell","HLA-G","KLRD1",1,2205.25,0.0405676393264318,2597,-0.0185935649574251,2242,-0.229762688524678,2594,0.828519950875559,1388
"Myeloid","B_cell","HLA-B","CANX",1,2090,0.0405171188258265,2598,-0.299644046092859,2744,-0.168370285466313,2513,0.899230425680905,505
"T_cell","NK","LGALS1","PTPRC",1,1812.75,0.0403855091129119,2599,0.102236403023077,1714,0.0318706131922197,2149,0.874291457836685,789
"T_cell","NK","PSEN1","NCSTN",1,2299.5,0.0403236929080609,2600,0.00256430805895035,2147,0.0154725573059432,2189,0.746164932720192,2262
"NK","Myeloid","LGALS1","PTPRC",1,2027.25,0.0403082556257393,2601,-0.192161094829275,2674,0.0755584179734233,2043,0.874186199891026,791
"B_cell","NK","COPA","CD74",1,2100.25,0.0402981927388942,2602,-0.150197549954273,2622,-0.199849382456618,2554,0.887734268035003,623
"Myeloid","NK","HLA-A","APLP2",1,2102,0.0402309617422871,2603,-0.348017297384694,2770,-0.0785883822574849,2374,0.883966601693446,661
"B_cell","NK","ADAM10","CD44",1,2203.5,0.0402167492157368,2604,-0.17325405769454,2649,-0.231422742866841,2595,0.863146971941426,966
"B_cell","NK","ITGB2","CD226",1,2619.5,0.0401238173154557,2605,-0.327121249321872,2759,-0.526143538764099,2782,0.735305174110996,2332
"Myeloid","B_cell","HSPA8","ADRB2",1,2448.5,0.0400166501959556,2606,-0.471807944252451,2805,-0.341013968778904,2690,0.80493876952647,1693
"B_cell","NK","LRPAP1","SORL1",1,2247.25,0.0399048934196701,2607,0.000877745048722914,2156,-0.0761798559928615,2365,0.788461493833218,1861
"B_cell","Myeloid","ADAM10","CD44",1,2203.75,0.0398925737862717,2608,-0.182242737488489,2660,-0.21473813488008,2571,0.862668257360076,976
"NK","NK","LGALS1","CD69",1,2191,0.039882580368007,2609,-0.108237181871775,2533,-0.088108303018673,2392,0.841463290489235,1230
"T_cell","T_cell","B2M","KLRD1",1,2004.25,0.039751064512007,2610,0.044999928356877,1976,-0.225970742052136,2586,0.871013384619224,845
"B_cell","B_cell","BSG","SLC16A1",1,2649.25,0.0397411003287526,2611,-0.157415854713672,2632,-0.327257986404747,2680,0.675266643217833,2674
"T_cell","NK","TIMP1","CD63",1,1841.75,0.0396736251494558,2612,0.185623679459883,1422,0.39447319877461,1289,0.770102400802731,2044
"T_cell","T_cell","LGALS1","ITGB1",1,2101,0.0396577848080821,2613,0.0185153319387478,2069,0.0989153820801081,2002,0.802677291756076,1720
"T_cell","T_cell","HLA-DRB1","CD4",1,2100.75,0.0396270036414733,2614,-0.0533452206806917,2371,0.00532732384266854,2211,0.843854347016834,1207
"NK","T_cell","HLA-B","KLRD1",1,2023,0.0396253435003281,2615,0.0485112752986596,1959,-0.222439271558058,2582,0.865359466587173,936
"B_cell","NK","LCK","CD8A_CD8B",1,2519.5,0.0395935362274826,2616,-0.327298013327835,2760,-0.767721435398085,2815,0.785661537831057,1887
"T_cell","B_cell","PTDSS1","JMJD6",1,2518,0.0395850307103946,2617,-0.0932699798646091,2493,-0.197241308926773,2551,0.725104299463856,2411
"T_cell","T_cell","HLA-B","KLRD1",1,2074.25,0.039425487679729,2618,0.00492399151538574,2134,-0.23665513570721,2605,0.865064627695047,940
"NK","T_cell","B2M","KLRD1",1,2128.5,0.0394043935681969,2619,-0.0715423087785509,2427,-0.249332179275125,2615,0.870520535033031,853
"T_cell","T_cell","LGALS1","PTPRC",1,1906.75,0.0393606925315678,2620,0.0278970733064477,2029,0.0294901971863863,2158,0.872872174245046,820
"T_cell","T_cell","GNAI2","ADCY7",1,2358.75,0.0393134352403811,2621,-0.0062963912065595,2191,-0.0274700781866165,2284,0.734539019547283,2339
"B_cell","T_cell","TNFSF9","HLA-DPA1",1,2397.75,0.0393089248352927,2622,-0.0946788799749563,2503,-0.561108862050037,2793,0.806799994753917,1673
"B_cell","NK","TNFSF9","HLA-DPA1",1,2337.5,0.0391292822055602,2623,-0.0963013283528612,2508,-0.190690881955242,2544,0.806442754327225,1675
"B_cell","B_cell","ADAM10","CD44",1,2242.5,0.0390772768888906,2624,-0.204849147726454,2683,-0.310912419085275,2665,0.861440507214161,998
"T_cell","NK","IL24","NOTCH2",1,2533.75,0.0389962442308717,2625,-0.0543280538498513,2376,-0.239214088406841,2608,0.705219890395927,2526
"T_cell","T_cell","MAML2","NOTCH2",1,2462.75,0.0389794432896864,2626,-0.0397095711853669,2321,-0.18041630559308,2530,0.729749509604101,2374
"T_cell","T_cell","HLA-DQB1","LAG3",1,2595.5,0.0389624076715665,2627,-0.10954200900332,2535,-0.590913645746437,2798,0.723782469920579,2422
"T_cell","T_cell","HLA-DRA","LAG3",1,2566.25,0.0389110994709959,2628,-0.131094299795512,2587,-0.735136095812711,2812,0.750926316604905,2238
"B_cell","B_cell","YBX1","NOTCH1",1,2466.75,0.0389066938783383,2629,-0.0555969515732758,2385,-0.0657674113460174,2353,0.710048615172446,2500
"B_cell","T_cell","B2M","KLRD1",1,2219,0.0388976590064348,2630,-0.241893993902451,2711,-0.317933417869699,2672,0.869789337912951,863
"T_cell","B_cell","TGFB1","LPP",1,2476.5,0.0388546257496725,2631,-0.0132005261745707,2215,-0.0767921687892643,2368,0.669410095671616,2692
"B_cell","NK","GNAI2","S1PR1",1,2422.75,0.0387910761322188,2632,-0.0610336812479689,2405,-0.141822238543498,2478,0.757119704907591,2176
"Myeloid","B_cell","TGFB1","ITGB1",1,2597.25,0.0386377112976157,2633,-0.0978570089971037,2511,-0.308624468724341,2662,0.694583015623227,2583
"NK","T_cell","MFNG","NOTCH2",1,2369.75,0.0386366913524054,2634,-0.0525800635036906,2367,-0.28570220953551,2645,0.790432485837399,1833
"B_cell","B_cell","TNF","NOTCH1",1,2591.25,0.0386357172054444,2635,-0.0906773269399448,2486,-0.187590467895164,2538,0.666656319544053,2706
"T_cell","B_cell","LGALS9","CD47",1,2038.75,0.0385848879606064,2636,0.0901444064912948,1767,-0.119227551140655,2452,0.835929965217512,1300
"B_cell","Myeloid","YBX1","NOTCH1",1,2500.5,0.0385203159952106,2637,-0.0573272922212242,2391,-0.132506175771239,2470,0.709020146159754,2504
"B_cell","T_cell","HLA-B","KLRD1",1,2241.25,0.0383995660909562,2638,-0.218822984155413,2693,-0.323508581756875,2674,0.86351836555422,960
"Myeloid","B_cell","GNAS","ADCY7",1,2153,0.0383374230785288,2639,0.012541110313787,2092,-0.11115919693206,2433,0.823308811151219,1448
"Myeloid","T_cell","HLA-B","KLRD1",1,2232.75,0.0383212482009727,2640,-0.235903618013289,2708,-0.25590956077845,2620,0.863398013121929,963
"B_cell","Myeloid","TNF","NOTCH1",1,2614.5,0.0382520303603571,2641,-0.0924076675878932,2489,-0.254329232320385,2619,0.665546434406923,2709
"B_cell","T_cell","ITGB2","CD226",1,2622,0.0382327986298241,2642,-0.336156197246233,2767,-0.364818248707728,2710,0.730580519054651,2369
"B_cell","B_cell","PSEN1","NOTCH1",1,2535.25,0.0381604913141985,2643,-0.0778550655017033,2449,-0.136153163507125,2473,0.69586435288875,2576
"NK","T_cell","TNF","TNFRSF1A",1,2314,0.0381391298280303,2644,0.0199925101217148,2065,0.112478909727187,1973,0.697283704536816,2574
"B_cell","Myeloid","PSEN1","NOTCH1",1,2560.5,0.0377815238825478,2645,-0.0795854061496517,2455,-0.202891927932347,2560,0.694807196880202,2582
"Myeloid","T_cell","B2M","KLRD1",1,2253,0.0377185283853472,2646,-0.638288681458403,2818,-0.299329630562758,2658,0.868036238499755,890
"B_cell","B_cell","ACTR2","ADRB2",1,2448.75,0.0375213466234171,2647,-0.0418030604838749,2332,-0.0252622595326437,2280,0.702677673070459,2536
"B_cell","NK","VIM","CD44",1,2152,0.037465488600559,2648,-0.320701468055711,2756,-0.443533986153372,2759,0.904335718632356,445
"Myeloid","B_cell","GRN","TNFRSF1B",1,1466.75,0.0374195539741578,2649,0.703528601077365,621,0.43096402335809,1215,0.828993492491323,1382
"B_cell","NK","PSEN1","NCSTN",1,2368.5,0.0373962243482814,2650,-0.0159054929090697,2233,-0.0261668003743732,2282,0.738961365480577,2309
"NK","Myeloid","ICAM1","SPN",1,2362.5,0.0373925409247576,2651,0.000654860147781794,2158,0.00975610829851398,2203,0.722135104611203,2438
"B_cell","T_cell","GNAI2","S1PR1",1,2455.75,0.0373533207122423,2652,-0.0727649204170605,2431,-0.173071823343744,2522,0.753630259574436,2218
"B_cell","Myeloid","LRPAP1","LDLR",1,2637.5,0.0372537255355191,2653,-0.0907949564850295,2487,-0.24144358966986,2612,0.619716975525382,2798
"T_cell","T_cell","TGFB1","LPP",1,2527.5,0.0372486832495321,2654,-0.0244103990801481,2269,-0.138745912583436,2476,0.664722909832842,2711
"B_cell","T_cell","HLA-G","KLRD1",1,2357.5,0.0372397534270834,2655,-0.144582601472152,2615,-0.343139210543905,2693,0.822353840400239,1467
"NK","NK","PSEN1","NOTCH2",1,2257.25,0.0372089192482413,2656,-0.0151244558540857,2224,0.00418154687217165,2216,0.781297103953753,1933
"T_cell","T_cell","HLA-DRB5","CD4",1,2171.25,0.0371846209039239,2657,-0.0579181270106077,2393,-0.00965805435616374,2242,0.828283219481218,1393
"B_cell","Myeloid","VIM","CD44",1,2155,0.0371634902766254,2658,-0.32969014784966,2762,-0.426849378166611,2749,0.903985055997887,451
"NK","T_cell","ADAM10","NOTCH2",1,2329.5,0.0371592127659565,2659,-0.0336341218170427,2294,-0.216896429156159,2574,0.794760131668373,1791
"B_cell","T_cell","LCK","CD8A_CD8B",1,2533.75,0.0369629988485116,2660,-0.354836010956672,2775,-0.430680339004357,2751,0.779816178420322,1949
"T_cell","B_cell","LGALS1","PTPRC",1,2154.25,0.0369098312515253,2661,-0.149886335064906,2621,-0.126375089166874,2463,0.869262218820817,872
"B_cell","B_cell","ICAM1","IL2RG",1,2310.25,0.0367681144771344,2662,-0.162511355666911,2638,-0.105570161977548,2423,0.819021696656566,1518
"B_cell","B_cell","MFNG","NOTCH1",1,2608.5,0.0366864358214078,2663,-0.130296916196281,2585,-0.259164656247271,2624,0.699191360242282,2562
"NK","T_cell","HLA-DRB1","CD4",1,1969.25,0.036591125596081,2664,-0.0801732142160856,2459,0.308330465336466,1484,0.838530966875095,1270
"T_cell","T_cell","TNF","TNFRSF1A",1,2309,0.0364109758310418,2665,0.0092180771859984,2107,0.149192809247436,1869,0.692367512818234,2595
"B_cell","B_cell","VIM","CD44",1,2170.75,0.0364039685049614,2666,-0.352296558087625,2772,-0.523023662371807,2780,0.903085182786104,465
"T_cell","B_cell","YBX1","NOTCH1",1,2532,0.0363788441312146,2667,-0.0738712549770684,2437,-0.15394279192702,2492,0.703084753625605,2532
"T_cell","T_cell","ADAM10","NOTCH2",1,2342.25,0.0363650825683428,2668,-0.0406578331036392,2324,-0.207685725298138,2563,0.792992644748892,1814
"B_cell","Myeloid","MFNG","NOTCH1",1,2625.25,0.0363221070646006,2669,-0.132027256844229,2588,-0.325903420672492,2676,0.698140752144871,2568
"NK","T_cell","MAML2","NOTCH2",1,2533.5,0.0362767730321228,2670,-0.0557965311581373,2386,-0.284022810774956,2644,0.72260569017903,2434
"T_cell","NK","PSEN1","NOTCH2",1,2302.5,0.0361452088367609,2671,-0.0226113716086312,2263,-0.0451120144983476,2320,0.778809004831196,1956
"T_cell","Myeloid","YBX1","NOTCH1",1,2559,0.0360175700319554,2672,-0.0756015956250168,2443,-0.220681556352242,2580,0.702041948852396,2541
"T_cell","Myeloid","LGALS1","PTPRC",1,2141.75,0.0359621803649291,2673,-0.218628130423592,2692,-0.0401930959041021,2309,0.867777143479314,893
"NK","T_cell","HLA-DRA","LAG3",1,2556.25,0.0359494099216005,2674,-0.148859948707034,2619,-0.292687898882115,2651,0.743449502178881,2281
"B_cell","NK","CD99","PILRB",1,2324.25,0.0357836907146456,2675,-0.214344297928385,2689,-0.36861472771408,2713,0.842102022999352,1220
"NK","T_cell","PSEN1","NCSTN",1,2429.25,0.0357658057239238,2676,-0.0208204512373159,2255,-0.118411202761111,2449,0.734639084126147,2337
"B_cell","B_cell","TXLNA","STX4",1,2556.75,0.0356838802283892,2677,-0.0796583898590775,2456,-0.166555264527541,2509,0.693722955131064,2585
"T_cell","NK","LGALS1","CD69",1,2290.25,0.0355824018268153,2678,-0.134704217466091,2592,-0.203859816896198,2561,0.833704401442294,1330
"T_cell","T_cell","GZMB","IGF2R",1,2538.25,0.0355270565255379,2679,-0.0151956787089258,2228,-0.180923959803272,2531,0.663006740026968,2715
"B_cell","T_cell","TXLNA","STX4",1,2579.75,0.0354456479856772,2680,-0.0808856464603831,2465,-0.224011539111688,2585,0.693010866226885,2589
"B_cell","NK","TNF","TNFRSF1A",1,2429,0.0349067054805845,2681,-0.00116096210144317,2169,-0.0114334661535515,2246,0.687856107885495,2620
"T_cell","T_cell","PSEN1","NCSTN",1,2457,0.0347433503370928,2682,-0.0283073669918614,2278,-0.167704764131631,2511,0.731802387063257,2357
"Myeloid","T_cell","GZMB","IGF2R",1,2407.25,0.0347323875361512,2683,-0.019651464969398,2247,0.110913478853574,1974,0.66047490110038,2725
"T_cell","T_cell","LGALS9","CD44",1,2107.5,0.0346964010149364,2684,-0.000775199718931169,2168,-0.169652711331618,2518,0.854668114769076,1060
"T_cell","T_cell","IL24","NOTCH2",1,2631.75,0.0346211716848365,2685,-0.0886115325187453,2480,-0.48441972180964,2771,0.692701587800914,2591
"NK","T_cell","HLA-DRB5","CD4",1,2021.5,0.0344987288727621,2686,-0.0802830620254779,2461,0.30811599244485,1485,0.822885735207575,1454
"Myeloid","T_cell","HLA-G","KLRD1",1,2418.25,0.0344762078891197,2687,-0.249206512935222,2714,-0.379531714472005,2723,0.816651446870459,1549
"NK","NK","ENTPD1","ADORA2A",1,2619.5,0.0344151872572351,2688,-0.0735437254916291,2434,-0.215289853442529,2573,0.630519435182122,2783
"B_cell","Myeloid","SEMA4D","CD72",1,2540.75,0.0339697519095477,2689,-0.044368042526623,2341,-0.325309354785496,2675,0.717223930607035,2458
"B_cell","Myeloid","GNAI2","CCR5",1,2654,0.0338460481383192,2690,-0.115357840623745,2559,-0.286746684202392,2648,0.662383392811541,2719
"NK","B_cell","GNAS","ADCY7",1,2310.25,0.0337983217463276,2691,-0.0816349846812954,2467,-0.164590553519474,2504,0.813955553383639,1579
"Myeloid","B_cell","SELPLG","ITGB2",1,2270.25,0.0336976529616127,2692,-0.252613863620774,2717,-0.485643893693679,2772,0.867337075592301,900
"T_cell","Myeloid","TGFB1","CXCR4",1,2566.25,0.0336569225096939,2693,-0.470643309056822,2803,-0.451171036523013,2763,0.773839307530218,2006
"T_cell","NK","LGALS9","PTPRC",1,2038.5,0.0336304488305133,2694,0.0619786562786471,1901,-0.229353935139618,2590,0.862975875247106,969
"B_cell","NK","PSEN1","NOTCH2",1,2357.25,0.0335210949517172,2695,-0.0410811725766512,2328,-0.086751372178664,2388,0.772249076393006,2018
"T_cell","B_cell","ADAM17","NOTCH1",1,2607.5,0.0334941470694952,2696,-0.0750816989010356,2441,-0.165277678104107,2507,0.628936571912099,2786
"T_cell","NK","LGALS9","SLC1A5",1,2446,0.0333007438839186,2697,0.0194956888965876,2067,-0.148036418890628,2482,0.702580449380247,2538
"NK","T_cell","HLA-DQB1","LAG3",1,2591.25,0.0332433867001245,2698,-0.139277319718275,2605,-0.200045427756491,2555,0.707636255609262,2507
"B_cell","T_cell","LRPAP1","SORL1",1,2362.25,0.0332269594714834,2699,-0.0736831698946267,2436,-0.0373586150683641,2301,0.772785644313411,2013
"B_cell","B_cell","ARPC5","ADRB2",1,2519.25,0.0332015782337582,2700,-0.0979725369473416,2512,-0.156230963875216,2495,0.730219459039541,2370
"T_cell","B_cell","GNAS","ADCY7",1,2349.25,0.0331731562374004,2701,-0.0946057562167756,2502,-0.226968789799858,2588,0.812537780460296,1606
"T_cell","Myeloid","ADAM17","NOTCH1",1,2634,0.0331615205635693,2702,-0.076812039548984,2447,-0.232016442529329,2599,0.627771220242363,2788
"T_cell","NK","ENTPD1","ADORA2A",1,2661,0.0330917290239697,2703,-0.0803458195348511,2462,-0.336380927780303,2686,0.625940056174373,2793
"NK","T_cell","HLA-DQA1","LAG3",1,2590.25,0.0330746485171203,2704,-0.112136805424837,2547,-0.158821785230799,2500,0.68996027287183,2610
"NK","T_cell","PSEN1","NOTCH2",1,2426.5,0.0330343705376825,2705,-0.0494079345229797,2355,-0.241024086530627,2611,0.770960268165611,2035
"B_cell","B_cell","GNAS","ADCY7",1,2359.75,0.0329263156197862,2706,-0.099727141211678,2514,-0.239918902052413,2609,0.811968292370884,1610
"T_cell","T_cell","HLA-A","APLP2",1,2015,0.0329167674970292,2707,0.0301512573729535,2023,-0.170022927002288,2519,0.873273088855649,811
"NK","B_cell","GNAI2","ADCY7",1,2417,0.0328993116059028,2708,-0.0111387504519576,2211,-0.0290421154908582,2288,0.71681511487585,2461
"T_cell","T_cell","TNFSF9","HLA-DPA1",1,2483.5,0.0328292715561314,2709,-0.136341453843949,2597,-0.687549724683824,2808,0.792372224810471,1820
"T_cell","T_cell","LGALS9","PTPRC",1,2129,0.0327770476389326,2710,-0.0123606734379824,2212,-0.231734351145452,2597,0.861449081432664,997
"B_cell","B_cell","CD99","CD81",1,2569.75,0.0327676876673357,2711,-0.228429448727102,2702,-0.343456334815652,2694,0.757697669210175,2172
"NK","T_cell","HLA-A","APLP2",1,2056.75,0.0327375582350109,2712,0.00750270296932758,2116,-0.222173859560858,2581,0.872970704330151,818
"T_cell","NK","TNFSF9","HLA-DPA1",1,2451.75,0.0326792410808829,2713,-0.137963902221854,2601,-0.317131744589029,2670,0.791995184388682,1823
"NK","B_cell","SELPLG","ITGB2",1,2283.75,0.0326148244133783,2714,-0.270501253125712,2724,-0.452166252937704,2764,0.865446718160416,933
"T_cell","T_cell","HLA-DMA","CD4",1,2251,0.0324785538362221,2715,-0.0412432939390456,2329,-0.0228089452412912,2277,0.805979547129679,1683
"B_cell","B_cell","ADAM17","ITGB1",1,2576,0.0323745574807619,2716,-0.113375719736811,2551,-0.270193386791974,2633,0.725920136404284,2404
"B_cell","NK","MFNG","NOTCH2",1,2442.5,0.0322262490931799,2717,-0.0935230232712284,2495,-0.20976286491881,2565,0.775010660055211,1993
"B_cell","T_cell","PSEN1","NCSTN",1,2511,0.0322210102824469,2718,-0.0467771679598814,2346,-0.209344121811947,2564,0.724341804848206,2416
"T_cell","T_cell","HLA-DQA1","LAG3",1,2676.75,0.0321655946899107,2719,-0.116369851401258,2563,-0.665010250604771,2802,0.686971536194278,2623
"B_cell","B_cell","MAML2","NOTCH1",1,2671,0.0321514697361343,2720,-0.124968466656172,2577,-0.219898431075565,2579,0.60799151580884,2808
"T_cell","T_cell","PSEN1","NOTCH2",1,2455.25,0.0320900000859851,2721,-0.0568948502775252,2389,-0.290317647901147,2650,0.768389432066552,2061
"NK","B_cell","ICAM1","IL2RG",1,2414.25,0.0319995825693135,2722,-0.194692991044848,2676,-0.233243817493666,2601,0.808497905655245,1658
"B_cell","Myeloid","MAML2","NOTCH1",1,2689.75,0.0318321772037249,2723,-0.12669880730412,2580,-0.286637195500787,2646,0.606801508669875,2810
"NK","B_cell","PTDSS1","JMJD6",1,2640,0.0316628305651959,2724,-0.142801798253801,2610,-0.33892423976712,2687,0.702299073025517,2539
"B_cell","B_cell","ADAM10","NOTCH1",1,2636.25,0.0316265371186177,2725,-0.14663316567104,2617,-0.249645833130394,2616,0.693188172598518,2587
"B_cell","Myeloid","ADAM10","NOTCH1",1,2652.5,0.0313124576314025,2726,-0.148363506318988,2618,-0.316384597555616,2667,0.692125829983802,2599
"T_cell","NK","LGALS9","CD44",1,2286.25,0.0311762795347643,2727,-0.126684016397653,2579,-0.333927258362012,2685,0.847897357864158,1154
"T_cell","B_cell","SELPLG","ITGB2",1,2243.75,0.0311580039945561,2728,-0.294566664323736,2740,-0.181668132131633,2532,0.862763827790428,975
"T_cell","Myeloid","LGALS9","CD44",1,2288.5,0.0309249766819879,2729,-0.135672696191602,2593,-0.317242650375251,2671,0.847374732245613,1161
"T_cell","NK","LGALS9","CD47",1,2316.75,0.0307396956373144,2730,-0.0528805355555316,2369,-0.299115460881212,2657,0.819741708843289,1511
"T_cell","B_cell","LGALS9","PTPRC",1,2290.5,0.0307361283418969,2731,-0.190144081809336,2671,-0.387599637498712,2726,0.857567682950559,1034
"B_cell","T_cell","GNAI2","ADCY7",1,2503.75,0.0306661069240334,2732,-0.0584583420662433,2395,-0.0861038874901327,2386,0.709626574273583,2502
"B_cell","T_cell","HLA-A","APLP2",1,2269.75,0.0303187426963855,2733,-0.298188390793795,2743,-0.377961333472527,2721,0.868653542550804,882
"NK","B_cell","ADAM17","NOTCH1",1,2619.5,0.0303107760560814,2734,-0.0917374601515477,2488,-0.120972183606087,2456,0.617210213810281,2800
"T_cell","B_cell","LGALS9","CD44",1,2321.5,0.03029295334663,2735,-0.158279106429567,2634,-0.413416934580446,2743,0.846034659520797,1174
"B_cell","T_cell","TNF","TNFRSF1A",1,2495,0.0302423793158377,2736,-0.0292409545764371,2284,-0.021184403205516,2274,0.672254156749942,2686
"T_cell","Myeloid","GNAI2","CXCR3",1,2665,0.0302197129657588,2737,-0.153749613831554,2626,-0.329628131140369,2681,0.688983342360244,2616
"NK","B_cell","ICAM3","ITGAL",1,2430.5,0.0300358818953499,2738,-0.272623197595253,2725,-0.546847897739366,2789,0.822144383230184,1470
"NK","Myeloid","ADAM17","NOTCH1",1,2643.75,0.0300097632400059,2739,-0.093467800799496,2494,-0.187710948031308,2539,0.616030518054002,2803
"T_cell","B_cell","ICAM3","ITGAL",1,2431.25,0.0299610183729187,2740,-0.273651979939716,2726,-0.534789993318744,2785,0.821961854219379,1474
"T_cell","Myeloid","LGALS9","PTPRC",1,2292.5,0.0299469857669757,2741,-0.258885877168022,2722,-0.30141764423594,2659,0.855971777511051,1048
"B_cell","T_cell","PSEN1","NOTCH2",1,2501.75,0.0297602911838457,2742,-0.0753646512455452,2442,-0.331957005581463,2684,0.761615073750875,2139
"T_cell","T_cell","LGALS9","CD47",1,2363,0.0296021552284651,2743,-0.0736189246666001,2435,-0.399688481221369,2730,0.816938954682588,1544
"B_cell","T_cell","CD99","PILRB",1,2406.5,0.0295796838518136,2744,-0.286139927512425,2732,-0.478407064493253,2770,0.829027391714251,1380
"T_cell","B_cell","ICAM2","ITGAL_ITGB2",1,2538.25,0.0295421469467961,2745,-0.311994685194694,2749,-0.488618967252646,2773,0.785832744508164,1886
"Myeloid","T_cell","HLA-A","APLP2",1,2286.5,0.0293266704833873,2746,-0.423566963504528,2794,-0.347427356226804,2699,0.866743985653788,907
"T_cell","T_cell","LGALS9","HAVCR2",1,2479.75,0.0291987181042792,2747,-0.0241913955622679,2267,-0.116363902530912,2445,0.717106849977496,2460
"T_cell","Myeloid","GRN","TNFRSF1B",1,2004.5,0.0287927082475751,2748,0.293202881199174,1205,-0.105594047839511,2424,0.809609541825922,1641
"B_cell","T_cell","MFNG","NOTCH2",1,2552.5,0.0286107168682164,2749,-0.127806501940122,2583,-0.454968498321609,2766,0.764466272563804,2112
"Myeloid","B_cell","ICAM2","ITGAL_ITGB2",1,2558,0.0283281513669659,2750,-0.322866723022659,2757,-0.623768892992422,2801,0.782280485763805,1924
"B_cell","NK","MAML2","NOTCH2",1,2581.25,0.0282426256252423,2751,-0.0881945737311199,2478,-0.170496639747104,2521,0.69683069253588,2575
"T_cell","Myeloid","LGALS9","CD47",1,2389.75,0.0281638717519327,2752,-0.0998401315409325,2515,-0.345685576444894,2697,0.813185197902969,1595
"B_cell","Myeloid","ICAM1","IL2RG",1,2446.75,0.0278678123644142,2753,-0.286733889236943,2733,-0.184699878398849,2535,0.79756654962639,1766
"B_cell","NK","ADAM10","NOTCH2",1,2473.25,0.027781512167081,2754,-0.109859272745988,2536,-0.200244041801933,2557,0.770022894312584,2046
"Myeloid","B_cell","ADAM10","TSPAN14",1,2536,0.0277766198970548,2755,-0.104387889635991,2527,-0.417409431729563,2747,0.764142281191556,2115
"NK","NK","GPI","AMFR",1,2520.5,0.0273187849892699,2756,-0.186168384997924,2665,-0.229651641090007,2592,0.767902555150741,2069
"T_cell","T_cell","HLA-DQB1","CD4",1,2373.25,0.0271806572723646,2757,-0.0739257864242815,2438,-0.182318941814758,2534,0.79774068681202,1764
"T_cell","T_cell","HLA-DRA","CD4",1,2364.5,0.0271448640373385,2758,-0.095478077216473,2506,-0.326541391881031,2679,0.819429867622875,1515
"NK","T_cell","GPI","AMFR",1,2575.25,0.027112336172481,2759,-0.18773524271382,2668,-0.552112824773454,2790,0.767225873078869,2084
"Myeloid","T_cell","TNFSF9","HLA-DPA1",1,2552.75,0.0269352402360723,2760,-0.174238622824865,2651,-0.775811405895561,2816,0.775623502888757,1984
"B_cell","B_cell","CD99","PILRB",1,2442.5,0.0269203083023136,2761,-0.316915448252193,2752,-0.543050658667887,2788,0.822247079196601,1469
"Myeloid","NK","TNFSF9","HLA-DPA1",1,2535.5,0.0268121456103922,2762,-0.17586107120277,2655,-0.405393425800766,2735,0.775224675593772,1990
"T_cell","B_cell","TGFB1","ITGB1",1,2722.75,0.0260115843080825,2763,-0.172269681517223,2647,-0.384277527845441,2725,0.651080099210662,2756
"B_cell","B_cell","ICAM3","ITGAL",1,2492.25,0.025477133542739,2764,-0.335269993601005,2765,-0.672717130098694,2804,0.809788770384753,1636
"Myeloid","T_cell","CLEC2D","KLRB1",1,2704,0.0254715116081565,2765,-0.518950560077705,2811,-0.691437184982436,2809,0.722975820159048,2431
"Myeloid","B_cell","ICAM3","ITGAL",1,2492.5,0.0254394104273921,2766,-0.33578838859214,2766,-0.6006590583662,2799,0.809674625544185,1639
"T_cell","T_cell","LGALS9","SLC1A5",1,2600,0.025109772720845,2767,-0.0412563792220754,2330,-0.253432426863175,2618,0.672266670739623,2685
"NK","T_cell","HLA-DRA","CD4",1,2218,0.0250787527931915,2768,-0.113243726127996,2550,0.115906805049564,1964,0.813498701829658,1590
"B_cell","T_cell","MAML2","NOTCH2",1,2681.5,0.0250740246884596,2769,-0.122478052400014,2572,-0.415702273149903,2745,0.684115706740214,2640
"NK","B_cell","ICAM2","ITGAL_ITGB2",1,2593.75,0.0249654842098977,2770,-0.352981366882907,2773,-0.669162119566167,2803,0.771327964654588,2029
"B_cell","T_cell","S100A4","CCR5",1,2695.75,0.0247313292562351,2771,-0.294926670255704,2741,-0.434754395042769,2754,0.706560907028315,2517
"B_cell","T_cell","ADAM10","NOTCH2",1,2575.75,0.0246646445413183,2772,-0.144142751414882,2613,-0.445449675204732,2761,0.759317343680044,2157
"B_cell","T_cell","ADAM17","RHBDF2",1,2627,0.0245409473738458,2773,-0.0372933921578435,2312,-0.378756717304075,2722,0.667752724688763,2701
"NK","Myeloid","ICAM1","IL2RG",1,2519.75,0.0242535788267244,2774,-0.318915524614881,2755,-0.312373533914968,2666,0.786120952578308,1884
"T_cell","B_cell","GNAI2","ADCY7",1,2646,0.0237118049565768,2775,-0.103024026469046,2524,-0.271869918730691,2638,0.682433665379538,2647
"B_cell","Myeloid","GNAI2","CXCR3",1,2727,0.0235726271020363,2776,-0.205911564691238,2684,-0.388261940443885,2727,0.661764303852316,2721
"NK","NK","LTB","TNFRSF1A",1,2670,0.0232995424738953,2777,-0.193693774054312,2675,-0.402194006298112,2731,0.710480207592632,2497
"NK","T_cell","HLA-DQB1","CD4",1,2234.25,0.0231909975401281,2778,-0.103661097139237,2525,0.208549276175188,1735,0.784631265023548,1899
"NK","T_cell","HLA-DQA1","CD4",1,2226,0.0230732836976043,2779,-0.0765205828457982,2444,0.249772918700881,1636,0.770097953116653,2045
"T_cell","B_cell","ADAM17","ITGB1",1,2701.75,0.0228663554376774,2780,-0.186245524185739,2666,-0.433983995962323,2753,0.69001027968592,2608
"NK","T_cell","HLA-DMA","CD4",1,2277.25,0.0226912750514832,2781,-0.107492201857621,2532,0.166388097215208,1819,0.776397556834824,1977
"Myeloid","NK","LTB","TNFRSF1A",1,2674.75,0.022647486496856,2782,-0.198474240915182,2679,-0.393962815333865,2729,0.707552155414512,2509
"NK","B_cell","LGALS1","ITGB1",1,2554.75,0.0225287907421374,2783,-0.14450216732011,2614,-0.243880604274417,2613,0.754056536307255,2209
"B_cell","B_cell","ICAM2","ITGAL_ITGB2",1,2627,0.0224535595065813,2784,-0.375477116331417,2781,-0.684050770950256,2807,0.761841534274367,2136
"T_cell","T_cell","HLA-DQA1","CD4",1,2487,0.0224391165093803,2785,-0.0807536288222198,2464,-0.256415546673092,2621,0.767621548756478,2078
"T_cell","T_cell","TIMP1","CD63",1,2427.5,0.0214007268235653,2786,-0.0108162581990607,2207,-0.000842567254020876,2226,0.711002650580684,2491
"B_cell","B_cell","F11R","ITGAL_ITGB2",1,2739,0.0209724790074101,2787,-0.310983671688641,2748,-0.557949498719709,2791,0.686180830919741,2630
"T_cell","B_cell","LRPAP1","SORL1",1,2634,0.020863806547028,2788,-0.189612063134037,2670,-0.351758611025723,2701,0.729371269291859,2377
"NK","B_cell","ADAM17","ITGB1",1,2714,0.0206930774338613,2789,-0.202901285436251,2682,-0.389678501464302,2728,0.679229608571662,2657
"NK","T_cell","LTB","TNFRSF1A",1,2701,0.0201861960812354,2790,-0.221773766529306,2695,-0.411944943350076,2742,0.695508502023096,2577
"T_cell","B_cell","LGALS1","ITGB1",1,2607,0.0200997146489053,2791,-0.170969202914427,2645,-0.359632118151943,2707,0.743324762927897,2285
"NK","B_cell","ADAM10","TSPAN14",1,2660.5,0.019751790662929,2792,-0.237915405848426,2709,-0.537684005819873,2786,0.732050312691975,2355
"B_cell","NK","GPI","AMFR",1,2648.75,0.0197158213053835,2793,-0.274675950924471,2727,-0.432454381505686,2752,0.737580133292355,2323
"Myeloid","T_cell","LTB","TNFRSF1A",1,2705.25,0.0196212695457378,2794,-0.226554233390176,2701,-0.40371375238583,2733,0.692494568722983,2593
"B_cell","T_cell","GPI","AMFR",1,2665,0.0195668282962831,2795,-0.276242808640367,2728,-0.754915565189133,2813,0.736845341792283,2324
"B_cell","B_cell","ICAM1","ITGAL_ITGB2",1,2605.5,0.0193359831854737,2796,-0.249310115631577,2715,-0.383540997018828,2724,0.756388086946473,2187
"T_cell","B_cell","ADAM10","TSPAN14",1,2666,0.0193296747930055,2797,-0.244939117135023,2712,-0.528473301961853,2783,0.729926297654459,2372
"NK","Myeloid","LGALS1","CD69",1,2566.75,0.0189119542658364,2798,-0.383439004188647,2785,-0.55979302538156,2792,0.785175105452967,1892
"Myeloid","B_cell","TNF","TNFRSF1B",1,2703.5,0.018617145978764,2799,-0.190762026630929,2672,-0.588831983353633,2797,0.701431836799948,2546
"T_cell","B_cell","HLA-E","KLRK1",1,2384.5,0.018548136668033,2800,-0.290781267476916,2736,-0.778726455412513,2817,0.845369788957756,1185
"B_cell","NK","S100A4","CCR5",1,2767.5,0.0185192342691318,2801,-0.361123388549084,2778,-0.841097426933787,2820,0.675706279852181,2671
"NK","B_cell","HLA-E","KLRK1",1,2387.75,0.0185132768970286,2802,-0.297307427524209,2742,-0.789328404072744,2818,0.845246794703688,1189
"B_cell","B_cell","GNAI2","ADCY7",1,2715,0.0184961894506057,2803,-0.15518597732873,2628,-0.330503728034207,2683,0.654928507389717,2746
"B_cell","B_cell","HLA-E","KLRK1",1,2396,0.0183350837503257,2804,-0.330667285067932,2763,-0.832975375535416,2819,0.844613181465982,1198
"T_cell","NK","GRN","TNFRSF1B",1,2441.5,0.0176542052141752,2805,0.00195972236585819,2151,-0.43478107214589,2755,0.769040452960821,2055
"T_cell","T_cell","ADAM17","RHBDF2",1,2729.5,0.0173334268973764,2806,-0.110163196606772,2538,-0.542547326474424,2787,0.628125913918684,2787
"T_cell","Myeloid","LGALS1","CD69",1,2598.25,0.0168728489934207,2807,-0.409906039782963,2792,-0.675544539259085,2806,0.775396741761154,1988
"NK","B_cell","ICAM1","ITGAL_ITGB2",1,2649.5,0.0168282600101022,2808,-0.281491751009514,2730,-0.511214652534946,2776,0.743363423402329,2284
"B_cell","B_cell","GRN","TNFRSF1B",1,2264.5,0.0166773535778704,2809,0.0465791382714943,1968,0.0257806558458216,2165,0.763946602773464,2116
"Myeloid","B_cell","HLA-E","KLRK1",1,2437.75,0.0161107542325614,2810,-0.747087990442441,2821,-0.915626325086929,2821,0.835936137190453,1299
"NK","B_cell","LRPAP1","SORL1",1,2715.75,0.0160294733119138,2811,-0.255723957194266,2720,-0.579960483559029,2795,0.702585769279954,2537
"NK","T_cell","ADAM17","RHBDF2",1,2742.25,0.0156860128392203,2812,-0.126818957857284,2581,-0.498241831976403,2774,0.616389562960689,2802
"NK","B_cell","TNF","TNFRSF1B",1,2742.25,0.0153657300279656,2813,-0.241077561728349,2710,-0.561610162909466,2794,0.680952776129244,2652
"T_cell","T_cell","GRN","TNFRSF1B",1,2549,0.0149591791990601,2814,-0.0685082648875897,2420,-0.429979360202042,2750,0.754002914588683,2212
"B_cell","Myeloid","S100A4","CCR5",1,2795.75,0.0148851410573892,2815,-0.399848656770038,2791,-0.983851030609417,2822,0.65132889171878,2755
"T_cell","B_cell","TNF","TNFRSF1B",1,2745.5,0.0146694805885,2816,-0.251851994664065,2716,-0.524896263389217,2781,0.675894642447827,2669
"B_cell","B_cell","ADAM10","TSPAN14",1,2752.75,0.0131103664338658,2817,-0.348424035446265,2771,-0.766237251868447,2814,0.690002195230882,2609
"B_cell","B_cell","TNF","TNFRSF1B",1,2776.5,0.0121842380270817,2818,-0.290311026426501,2735,-0.695273475842169,2810,0.655240563429822,2743
"B_cell","B_cell","LRPAP1","SORL1",1,2766,0.0120562324831119,2819,-0.31005998741278,2747,-0.731037415641204,2811,0.671994090031028,2687
"T_cell","B_cell","TIMP1","CD63",1,2673.25,0.0114622532167172,2820,-0.117658265467721,2567,-0.182168916238162,2533,0.642923535231859,2773
"T_cell","NK","GRN","TNFRSF1A",1,2695,0.0113958227305342,2821,-0.0664948309019603,2417,-0.511529647163854,2777,0.646965999548146,2765
"T_cell","T_cell","GRN","TNFRSF1A",1,2721.5,0.00987308280423515,2822,-0.0945748233769542,2501,-0.521280584215818,2779,0.630418363325356,2784
"T_cell","B_cell","GRN","TNFRSF1B",1,2806.75,0.00397772905668472,2823,-0.355644895227018,2776,-1.19536965685247,2823,0.612484912766493,2805
